quarter,node_key,node_name,current_va,real_va,current_go,real_go
2005Q1,oil_gas_extraction,Oil and gas extraction,133045,76410,211748,165171
2005Q1,mining_except_oil_gas,"Mining, except oil and gas",39754,67893,79002,125697
2005Q1,support_mining,Support activities for mining,23619,31137,52000,69665
2005Q1,utilities,Utilities,191829,237718,383281,475260
2005Q1,construction,Construction,627530,945740,1239344,1759995
2005Q1,wood_products,Wood products,34807,32687,112777,128307
2005Q1,nonmetallic_mineral,Nonmetallic mineral products,47846,65839,110038,153706
2005Q1,primary_metals,Primary metals,57766,41443,209180,248464
2005Q1,fabricated_metal,Fabricated metal products,120564,158071,281704,358564
2005Q1,machinery,Machinery,112398,146029,292319,375391
2005Q1,computer_electronic,Computer and electronic products,209382,102290,406155,268529
2005Q1,electrical_equipment,"Electrical equipment, appliances, and components",41949,52015,106018,136582
2005Q1,motor_vehicles,"Motor vehicles, bodies and trailers, and parts",136704,126428,518367,583716
2005Q1,other_transport_equipment,Other transportation equipment,84170,107639,195556,241206
2005Q1,furniture,Furniture and related products,32764,41034,83045,105147
2005Q1,misc_manufacturing,Miscellaneous manufacturing,65773,70025,146367,174606
2005Q1,food_beverage_tobacco,Food and beverage and tobacco products,174419,230849,646043,881415
2005Q1,textiles,Textile mills and textile product mills,21130,24340,78528,99139
2005Q1,apparel_leather,Apparel and leather and allied products,14132,14362,40820,48341
2005Q1,paper,Paper products,51526,67863,161980,218065
2005Q1,printing,Printing and related support activities,43896,42658,99991,113241
2005Q1,petroleum_coal,Petroleum and coal products,134104,177673,401430,499982
2005Q1,chemicals,Chemical products,222783,337869,595118,854931
2005Q1,plastics_rubber,Plastics and rubber products,63907,79563,193054,259017
2005Q1,wholesale,Wholesale trade,740307,995145,1083629,1427442
2005Q1,retail,Retail trade,823936,956408,1214562,1445966
2005Q1,air_transport,Air transportation,58425,73349,132970,175039
2005Q1,rail_transport,Rail transportation,26811,44980,49520,75799
2005Q1,water_transport,Water transportation,8345,5315,36574,39326
2005Q1,truck_transport,Truck transportation,110699,136853,246680,310013
2005Q1,transit_ground,Transit and ground passenger transportation,22799,35514,34981,51095
2005Q1,pipeline,Pipeline transportation,10769,19775,22398,35497
2005Q1,other_transport_support,Other transportation and support activities,83729,137911,147318,214074
2005Q1,warehousing,Warehousing and storage,36177,34612,51467,56067
2005Q1,information,Information,640497,514321,1115460,1046737
2005Q1,credit_intermediation,"Federal Reserve banks, credit intermediation, and related activities",399549,572190,653574,907589
2005Q1,securities,"Securities, commodity contracts, and investments",192852,324317,359866,541342
2005Q1,insurance,Insurance carriers and related activities,339008,379902,588388,672265
2005Q1,funds_trusts,"Funds, trusts, and other financial vehicles",18517,7363,85798,120761
2005Q1,real_estate,Real estate,1470602,1845267,2166468,2758471
2005Q1,rental_leasing,Rental and leasing services and lessors of intangible assets,139900,160118,244690,292776
2005Q1,legal,Legal services,192446,309267,271705,404347
2005Q1,computer_systems,Computer systems design and related services,131274,103391,210772,191722
2005Q1,misc_professional,"Miscellaneous professional, scientific, and technical services",510934,637000,832314,1038408
2005Q1,management_companies,Management of companies and enterprises,209043,274596,345626,435265
2005Q1,admin_support,Administrative and support services,336199,409045,498578,611533
2005Q1,waste_remediation,Waste management and remediation services,33313,45406,62331,85075
2005Q1,education,Educational services,131010,194799,191596,266141
2005Q1,ambulatory_health,Ambulatory health care services,388665,459168,631234,765244
2005Q1,hospitals_nursing,"Hospitals, nursing and residential care facilities",361929,479507,606637,793968
2005Q1,social_assistance,Social assistance,70883,98876,113389,151475
2005Q1,performing_arts_museums,"Performing arts, spectator sports, museums, and related activities",64464,89610,101826,138565
2005Q1,amusement_recreation,"Amusements, gambling, and recreation industries",54259,70918,92659,119804
2005Q1,accommodation,Accommodation,106916,145271,172706,230754
2005Q1,food_services,Food services and drinking places,245549,379701,462497,658038
2005Q1,other_services,"Other services, except government",305606,445159,494247,672690
2005Q2,oil_gas_extraction,Oil and gas extraction,143537,75392,227711,165738
2005Q2,mining_except_oil_gas,"Mining, except oil and gas",42045,67874,83801,128374
2005Q2,support_mining,Support activities for mining,24517,32689,57698,77396
2005Q2,utilities,Utilities,189488,237863,394025,477113
2005Q2,construction,Construction,643637,936615,1269041,1767368
2005Q2,wood_products,Wood products,34514,32962,109681,125914
2005Q2,nonmetallic_mineral,Nonmetallic mineral products,48429,65280,111096,152626
2005Q2,primary_metals,Primary metals,55127,43022,196181,237268
2005Q2,fabricated_metal,Fabricated metal products,121786,155269,287163,362833
2005Q2,machinery,Machinery,112225,142184,293545,373319
2005Q2,computer_electronic,Computer and electronic products,208006,104107,402142,269841
2005Q2,electrical_equipment,"Electrical equipment, appliances, and components",41802,51109,106290,135942
2005Q2,motor_vehicles,"Motor vehicles, bodies and trailers, and parts",135812,126190,525402,592039
2005Q2,other_transport_equipment,Other transportation equipment,89449,112588,203759,249306
2005Q2,furniture,Furniture and related products,33476,40953,84281,105810
2005Q2,misc_manufacturing,Miscellaneous manufacturing,65792,69896,148812,176875
2005Q2,food_beverage_tobacco,Food and beverage and tobacco products,176995,230258,662408,899534
2005Q2,textiles,Textile mills and textile product mills,20553,23724,77663,96981
2005Q2,apparel_leather,Apparel and leather and allied products,13842,14145,40701,48197
2005Q2,paper,Paper products,51255,67497,163421,218237
2005Q2,printing,Printing and related support activities,44095,42303,98151,110161
2005Q2,petroleum_coal,Petroleum and coal products,131937,177724,429347,514487
2005Q2,chemicals,Chemical products,219685,337334,602951,847588
2005Q2,plastics_rubber,Plastics and rubber products,62560,77534,195084,258881
2005Q2,wholesale,Wholesale trade,743343,1001698,1091379,1437291
2005Q2,retail,Retail trade,834247,980438,1233236,1477691
2005Q2,air_transport,Air transportation,61477,75652,141401,180725
2005Q2,rail_transport,Rail transportation,27504,43798,50851,75089
2005Q2,water_transport,Water transportation,8168,5479,37592,40413
2005Q2,truck_transport,Truck transportation,114753,139719,253000,314981
2005Q2,transit_ground,Transit and ground passenger transportation,23657,36272,36155,52191
2005Q2,pipeline,Pipeline transportation,9719,18018,23258,36777
2005Q2,other_transport_support,Other transportation and support activities,86057,140449,149685,215331
2005Q2,warehousing,Warehousing and storage,37245,35691,52187,56832
2005Q2,information,Information,649493,524404,1126709,1058888
2005Q2,credit_intermediation,"Federal Reserve banks, credit intermediation, and related activities",411004,579115,664039,911946
2005Q2,securities,"Securities, commodity contracts, and investments",191866,325724,370452,558785
2005Q2,insurance,Insurance carriers and related activities,344068,384068,600086,683223
2005Q2,funds_trusts,"Funds, trusts, and other financial vehicles",19011,7154,87119,121353
2005Q2,real_estate,Real estate,1495759,1867399,2233245,2827267
2005Q2,rental_leasing,Rental and leasing services and lessors of intangible assets,139621,157866,249172,295172
2005Q2,legal,Legal services,193736,302918,270482,394142
2005Q2,computer_systems,Computer systems design and related services,133566,105666,217975,198388
2005Q2,misc_professional,"Miscellaneous professional, scientific, and technical services",516185,633365,846973,1044095
2005Q2,management_companies,Management of companies and enterprises,211585,269244,349582,430720
2005Q2,admin_support,Administrative and support services,344697,415637,512592,623482
2005Q2,waste_remediation,Waste management and remediation services,33515,45119,64241,86817
2005Q2,education,Educational services,132320,193857,193286,265334
2005Q2,ambulatory_health,Ambulatory health care services,393738,463975,638928,770395
2005Q2,hospitals_nursing,"Hospitals, nursing and residential care facilities",364700,480065,617584,801627
2005Q2,social_assistance,Social assistance,71746,99321,115644,153649
2005Q2,performing_arts_museums,"Performing arts, spectator sports, museums, and related activities",65926,90164,104723,140624
2005Q2,amusement_recreation,"Amusements, gambling, and recreation industries",55163,71553,94812,121787
2005Q2,accommodation,Accommodation,108200,144230,175466,230798
2005Q2,food_services,Food services and drinking places,248169,380384,474932,670402
2005Q2,other_services,"Other services, except government",308546,444754,494077,667029
2005Q3,oil_gas_extraction,Oil and gas extraction,160452,67059,255474,155844
2005Q3,mining_except_oil_gas,"Mining, except oil and gas",44083,68805,85653,126868
2005Q3,support_mining,Support activities for mining,27993,35368,63570,82711
2005Q3,utilities,Utilities,199887,242273,431807,488472
2005Q3,construction,Construction,664230,930552,1302401,1767055
2005Q3,wood_products,Wood products,34538,33395,112254,129311
2005Q3,nonmetallic_mineral,Nonmetallic mineral products,49090,65170,112179,151287
2005Q3,primary_metals,Primary metals,54488,46902,192965,238948
2005Q3,fabricated_metal,Fabricated metal products,122695,153132,283653,357119
2005Q3,machinery,Machinery,115424,143803,300001,379322
2005Q3,computer_electronic,Computer and electronic products,213584,109548,407774,277500
2005Q3,electrical_equipment,"Electrical equipment, appliances, and components",43367,52726,109278,139036
2005Q3,motor_vehicles,"Motor vehicles, bodies and trailers, and parts",136306,127345,522994,589613
2005Q3,other_transport_equipment,Other transportation equipment,90320,113052,202759,247074
2005Q3,furniture,Furniture and related products,34059,41095,83472,104204
2005Q3,misc_manufacturing,Miscellaneous manufacturing,66490,70744,148879,176221
2005Q3,food_beverage_tobacco,Food and beverage and tobacco products,180007,237122,667172,905609
2005Q3,textiles,Textile mills and textile product mills,20429,24266,75634,93848
2005Q3,apparel_leather,Apparel and leather and allied products,13876,14208,39388,46428
2005Q3,paper,Paper products,50880,69798,155602,209236
2005Q3,printing,Printing and related support activities,44929,42720,99429,110425
2005Q3,petroleum_coal,Petroleum and coal products,148691,153008,500240,497469
2005Q3,chemicals,Chemical products,221737,354205,612497,845200
2005Q3,plastics_rubber,Plastics and rubber products,62054,78233,195748,258042
2005Q3,wholesale,Wholesale trade,757732,1011878,1108607,1446257
2005Q3,retail,Retail trade,846097,1002424,1250739,1500844
2005Q3,air_transport,Air transportation,63263,82385,145835,183970
2005Q3,rail_transport,Rail transportation,28344,44429,51477,74334
2005Q3,water_transport,Water transportation,8846,6260,37444,40020
2005Q3,truck_transport,Truck transportation,119500,148637,258553,317810
2005Q3,transit_ground,Transit and ground passenger transportation,23021,35326,37739,53710
2005Q3,pipeline,Pipeline transportation,9569,17699,23365,36515
2005Q3,other_transport_support,Other transportation and support activities,91275,149246,155501,221061
2005Q3,warehousing,Warehousing and storage,38617,37277,53268,58017
2005Q3,information,Information,638889,522840,1139542,1076944
2005Q3,credit_intermediation,"Federal Reserve banks, credit intermediation, and related activities",419327,588122,689677,940303
2005Q3,securities,"Securities, commodity contracts, and investments",195696,332413,404009,606207
2005Q3,insurance,Insurance carriers and related activities,352068,391714,616354,699104
2005Q3,funds_trusts,"Funds, trusts, and other financial vehicles",19809,7441,88824,122705
2005Q3,real_estate,Real estate,1504039,1865166,2280839,2859536
2005Q3,rental_leasing,Rental and leasing services and lessors of intangible assets,143961,161557,252314,295979
2005Q3,legal,Legal services,196096,299007,266827,380844
2005Q3,computer_systems,Computer systems design and related services,137040,109534,221543,202136
2005Q3,misc_professional,"Miscellaneous professional, scientific, and technical services",524661,638550,860369,1051464
2005Q3,management_companies,Management of companies and enterprises,216717,268203,359927,434319
2005Q3,admin_support,Administrative and support services,349160,418716,514532,620527
2005Q3,waste_remediation,Waste management and remediation services,33986,46235,68119,91534
2005Q3,education,Educational services,134169,195779,195931,267310
2005Q3,ambulatory_health,Ambulatory health care services,400449,473993,646627,777375
2005Q3,hospitals_nursing,"Hospitals, nursing and residential care facilities",369809,486910,633221,815516
2005Q3,social_assistance,Social assistance,73003,100103,117622,154912
2005Q3,performing_arts_museums,"Performing arts, spectator sports, museums, and related activities",68224,91707,107775,142438
2005Q3,amusement_recreation,"Amusements, gambling, and recreation industries",55512,71786,95649,121917
2005Q3,accommodation,Accommodation,109815,144803,178548,232054
2005Q3,food_services,Food services and drinking places,251542,384715,479586,671510
2005Q3,other_services,"Other services, except government",312490,447125,496398,664665
2005Q4,oil_gas_extraction,Oil and gas extraction,186124,64772,302038,158164
2005Q4,mining_except_oil_gas,"Mining, except oil and gas",45500,68771,88652,126871
2005Q4,support_mining,Support activities for mining,30995,35394,70559,86912
2005Q4,utilities,Utilities,210450,241304,455800,473863
2005Q4,construction,Construction,670855,923150,1337585,1777066
2005Q4,wood_products,Wood products,34994,33658,123486,139954
2005Q4,nonmetallic_mineral,Nonmetallic mineral products,49902,65994,119596,158212
2005Q4,primary_metals,Primary metals,57519,45988,211819,248849
2005Q4,fabricated_metal,Fabricated metal products,124236,157202,299010,373608
2005Q4,machinery,Machinery,117382,146988,309563,388625
2005Q4,computer_electronic,Computer and electronic products,213601,114507,414748,288619
2005Q4,electrical_equipment,"Electrical equipment, appliances, and components",45729,55267,112885,140906
2005Q4,motor_vehicles,"Motor vehicles, bodies and trailers, and parts",134892,136431,531271,605931
2005Q4,other_transport_equipment,Other transportation equipment,94886,118745,222054,268969
2005Q4,furniture,Furniture and related products,34461,42009,86185,106547
2005Q4,misc_manufacturing,Miscellaneous manufacturing,66874,72037,149898,176426
2005Q4,food_beverage_tobacco,Food and beverage and tobacco products,182967,244796,668265,900598
2005Q4,textiles,Textile mills and textile product mills,20560,24540,76411,93629
2005Q4,apparel_leather,Apparel and leather and allied products,13494,14299,40068,47375
2005Q4,paper,Paper products,53030,75337,159212,213057
2005Q4,printing,Printing and related support activities,44932,42440,98321,108031
2005Q4,petroleum_coal,Petroleum and coal products,149415,147889,517484,493810
2005Q4,chemicals,Chemical products,227681,351491,632531,844610
2005Q4,plastics_rubber,Plastics and rubber products,63169,75667,208809,262702
2005Q4,wholesale,Wholesale trade,770144,1030655,1147423,1492661
2005Q4,retail,Retail trade,857932,977079,1260376,1466020
2005Q4,air_transport,Air transportation,63560,82210,147002,180393
2005Q4,rail_transport,Rail transportation,29359,43312,54266,74828
2005Q4,water_transport,Water transportation,9936,7941,38759,41523
2005Q4,truck_transport,Truck transportation,122480,148693,265528,319006
2005Q4,transit_ground,Transit and ground passenger transportation,24714,36830,39213,54526
2005Q4,pipeline,Pipeline transportation,9338,16403,22294,33486
2005Q4,other_transport_support,Other transportation and support activities,94165,153358,156871,219009
2005Q4,warehousing,Warehousing and storage,40280,38970,55756,60563
2005Q4,information,Information,639022,525120,1147405,1083764
2005Q4,credit_intermediation,"Federal Reserve banks, credit intermediation, and related activities",426328,592539,692325,935067
2005Q4,securities,"Securities, commodity contracts, and investments",202509,339662,393656,584423
2005Q4,insurance,Insurance carriers and related activities,357916,398207,618130,699327
2005Q4,funds_trusts,"Funds, trusts, and other financial vehicles",20301,7819,90920,124263
2005Q4,real_estate,Real estate,1492423,1867546,2297791,2879670
2005Q4,rental_leasing,Rental and leasing services and lessors of intangible assets,149280,167350,256041,298184
2005Q4,legal,Legal services,198159,298440,271609,383174
2005Q4,computer_systems,Computer systems design and related services,137745,110874,221044,201763
2005Q4,misc_professional,"Miscellaneous professional, scientific, and technical services",536651,645040,893111,1078194
2005Q4,management_companies,Management of companies and enterprises,218969,268591,364156,434964
2005Q4,admin_support,Administrative and support services,354627,422578,528319,631196
2005Q4,waste_remediation,Waste management and remediation services,33637,45661,72341,96252
2005Q4,education,Educational services,135203,195360,199517,269089
2005Q4,ambulatory_health,Ambulatory health care services,404722,478511,655021,783458
2005Q4,hospitals_nursing,"Hospitals, nursing and residential care facilities",374448,489004,641113,817855
2005Q4,social_assistance,Social assistance,74085,100512,121015,157568
2005Q4,performing_arts_museums,"Performing arts, spectator sports, museums, and related activities",69627,93542,111325,146420
2005Q4,amusement_recreation,"Amusements, gambling, and recreation industries",55450,70018,99360,124245
2005Q4,accommodation,Accommodation,110588,145007,182651,235342
2005Q4,food_services,Food services and drinking places,254802,388418,485003,673520
2005Q4,other_services,"Other services, except government",315643,447241,504232,667951
2006Q1,oil_gas_extraction,Oil and gas extraction,180866,76992,267763,162767
2006Q1,mining_except_oil_gas,"Mining, except oil and gas",49210,72238,96381,135256
2006Q1,support_mining,Support activities for mining,37773,44444,81190,100859
2006Q1,utilities,Utilities,220366,240955,427166,452518
2006Q1,construction,Construction,698485,939663,1369675,1787349
2006Q1,wood_products,Wood products,34351,32981,125425,141828
2006Q1,nonmetallic_mineral,Nonmetallic mineral products,51538,64499,128186,164604
2006Q1,primary_metals,Primary metals,60335,44586,219987,246789
2006Q1,fabricated_metal,Fabricated metal products,126254,159486,313848,387856
2006Q1,machinery,Machinery,120184,150062,313719,390244
2006Q1,computer_electronic,Computer and electronic products,227873,126616,419399,297183
2006Q1,electrical_equipment,"Electrical equipment, appliances, and components",49610,59150,114169,139799
2006Q1,motor_vehicles,"Motor vehicles, bodies and trailers, and parts",136024,139736,524503,595660
2006Q1,other_transport_equipment,Other transportation equipment,93990,115385,205707,245919
2006Q1,furniture,Furniture and related products,35137,42552,87366,106859
2006Q1,misc_manufacturing,Miscellaneous manufacturing,68870,73945,151258,176863
2006Q1,food_beverage_tobacco,Food and beverage and tobacco products,187445,251578,667023,907235
2006Q1,textiles,Textile mills and textile product mills,20554,23762,75725,91685
2006Q1,apparel_leather,Apparel and leather and allied products,13207,13886,41202,48547
2006Q1,paper,Paper products,56113,76020,164742,214864
2006Q1,printing,Printing and related support activities,45880,43030,98226,106843
2006Q1,petroleum_coal,Petroleum and coal products,143841,161316,512016,495730
2006Q1,chemicals,Chemical products,243875,365199,647493,857597
2006Q1,plastics_rubber,Plastics and rubber products,63995,72705,212105,262077
2006Q1,wholesale,Wholesale trade,791517,1036438,1171492,1498633
2006Q1,retail,Retail trade,866989,988805,1295624,1506722
2006Q1,air_transport,Air transportation,65786,79802,149160,180031
2006Q1,rail_transport,Rail transportation,30820,45681,57075,78719
2006Q1,water_transport,Water transportation,11973,9438,41548,44379
2006Q1,truck_transport,Truck transportation,122773,147681,272185,326582
2006Q1,transit_ground,Transit and ground passenger transportation,25353,37114,40543,55843
2006Q1,pipeline,Pipeline transportation,11125,18199,23929,34848
2006Q1,other_transport_support,Other transportation and support activities,93217,149356,161990,224675
2006Q1,warehousing,Warehousing and storage,40269,38984,58354,63279
2006Q1,information,Information,633460,524250,1164710,1103531
2006Q1,credit_intermediation,"Federal Reserve banks, credit intermediation, and related activities",434776,592530,701824,934288
2006Q1,securities,"Securities, commodity contracts, and investments",224328,374486,427634,631571
2006Q1,insurance,Insurance carriers and related activities,363313,403478,624021,705174
2006Q1,funds_trusts,"Funds, trusts, and other financial vehicles",20958,7944,93235,126504
2006Q1,real_estate,Real estate,1484545,1835962,2312208,2868657
2006Q1,rental_leasing,Rental and leasing services and lessors of intangible assets,164032,182526,260215,301075
2006Q1,legal,Legal services,200561,301115,270192,379947
2006Q1,computer_systems,Computer systems design and related services,145401,116696,225743,205293
2006Q1,misc_professional,"Miscellaneous professional, scientific, and technical services",555478,658426,909402,1085872
2006Q1,management_companies,Management of companies and enterprises,225819,273102,371827,440073
2006Q1,admin_support,Administrative and support services,363021,428964,543030,643807
2006Q1,waste_remediation,Waste management and remediation services,32345,43841,72448,95746
2006Q1,education,Educational services,140182,198355,205436,273108
2006Q1,ambulatory_health,Ambulatory health care services,417409,492779,659698,786640
2006Q1,hospitals_nursing,"Hospitals, nursing and residential care facilities",384306,496174,653999,827741
2006Q1,social_assistance,Social assistance,75210,100725,122481,158209
2006Q1,performing_arts_museums,"Performing arts, spectator sports, museums, and related activities",72633,96625,113651,148377
2006Q1,amusement_recreation,"Amusements, gambling, and recreation industries",56123,70174,103048,127992
2006Q1,accommodation,Accommodation,113912,148200,187153,239554
2006Q1,food_services,Food services and drinking places,262422,394347,495366,682057
2006Q1,other_services,"Other services, except government",320798,449527,509812,669533
2006Q2,oil_gas_extraction,Oil and gas extraction,179352,77890,257682,159054
2006Q2,mining_except_oil_gas,"Mining, except oil and gas",51558,69340,102853,136204
2006Q2,support_mining,Support activities for mining,41733,48605,86730,106311
2006Q2,utilities,Utilities,226605,258915,422199,468918
2006Q2,construction,Construction,698476,922602,1366482,1752836
2006Q2,wood_products,Wood products,32043,31562,114908,130981
2006Q2,nonmetallic_mineral,Nonmetallic mineral products,50607,61497,124145,156630
2006Q2,primary_metals,Primary metals,62681,41932,230116,239874
2006Q2,fabricated_metal,Fabricated metal products,126144,160772,314591,383978
2006Q2,machinery,Machinery,121518,153529,321526,397458
2006Q2,computer_electronic,Computer and electronic products,221880,126478,423038,302554
2006Q2,electrical_equipment,"Electrical equipment, appliances, and components",51959,61568,117240,139263
2006Q2,motor_vehicles,"Motor vehicles, bodies and trailers, and parts",136979,144216,525494,595002
2006Q2,other_transport_equipment,Other transportation equipment,94184,115080,210071,249112
2006Q2,furniture,Furniture and related products,34938,42456,87069,106020
2006Q2,misc_manufacturing,Miscellaneous manufacturing,70916,75829,154797,179325
2006Q2,food_beverage_tobacco,Food and beverage and tobacco products,193659,258587,663704,910623
2006Q2,textiles,Textile mills and textile product mills,20281,23497,72266,87395
2006Q2,apparel_leather,Apparel and leather and allied products,12967,13554,41286,48345
2006Q2,paper,Paper products,58108,75275,166886,212102
2006Q2,printing,Printing and related support activities,46715,43446,101400,109205
2006Q2,petroleum_coal,Petroleum and coal products,145522,136571,558177,493049
2006Q2,chemicals,Chemical products,252284,382658,653424,858308
2006Q2,plastics_rubber,Plastics and rubber products,63872,72547,210600,260415
2006Q2,wholesale,Wholesale trade,805540,1035033,1190437,1498938
2006Q2,retail,Retail trade,868287,996532,1298250,1511560
2006Q2,air_transport,Air transportation,66413,85483,152649,183533
2006Q2,rail_transport,Rail transportation,32355,46711,58088,78344
2006Q2,water_transport,Water transportation,12317,9573,41396,43878
2006Q2,truck_transport,Truck transportation,125850,151457,273538,325829
2006Q2,transit_ground,Transit and ground passenger transportation,26313,38763,41673,57245
2006Q2,pipeline,Pipeline transportation,10270,16578,24231,35169
2006Q2,other_transport_support,Other transportation and support activities,95058,150155,166383,228720
2006Q2,warehousing,Warehousing and storage,40742,39490,60634,65744
2006Q2,information,Information,651963,535716,1179675,1108402
2006Q2,credit_intermediation,"Federal Reserve banks, credit intermediation, and related activities",432187,566384,707474,913786
2006Q2,securities,"Securities, commodity contracts, and investments",225094,368410,434544,630600
2006Q2,insurance,Insurance carriers and related activities,365308,404917,632132,712315
2006Q2,funds_trusts,"Funds, trusts, and other financial vehicles",20320,7956,96075,128701
2006Q2,real_estate,Real estate,1504447,1836271,2321332,2848587
2006Q2,rental_leasing,Rental and leasing services and lessors of intangible assets,169384,186490,262950,301008
2006Q2,legal,Legal services,204079,304324,279217,389775
2006Q2,computer_systems,Computer systems design and related services,146468,117275,227281,205694
2006Q2,misc_professional,"Miscellaneous professional, scientific, and technical services",559221,658254,913050,1081246
2006Q2,management_companies,Management of companies and enterprises,229339,271769,380461,442972
2006Q2,admin_support,Administrative and support services,364461,427930,541452,636782
2006Q2,waste_remediation,Waste management and remediation services,31407,42948,73941,97317
2006Q2,education,Educational services,142311,200130,210918,279014
2006Q2,ambulatory_health,Ambulatory health care services,422296,496374,668709,792346
2006Q2,hospitals_nursing,"Hospitals, nursing and residential care facilities",390716,499689,663190,832174
2006Q2,social_assistance,Social assistance,76643,101290,122983,157211
2006Q2,performing_arts_museums,"Performing arts, spectator sports, museums, and related activities",73852,97509,115103,149125
2006Q2,amusement_recreation,"Amusements, gambling, and recreation industries",56577,70768,104888,129416
2006Q2,accommodation,Accommodation,115113,148082,187716,237893
2006Q2,food_services,Food services and drinking places,264081,392790,497474,679179
2006Q2,other_services,"Other services, except government",324860,449898,518515,673255
2006Q3,oil_gas_extraction,Oil and gas extraction,180541,79971,263214,163691
2006Q3,mining_except_oil_gas,"Mining, except oil and gas",52307,68859,102432,133470
2006Q3,support_mining,Support activities for mining,44159,51844,88324,108005
2006Q3,utilities,Utilities,231702,261644,428155,470998
2006Q3,construction,Construction,691547,906494,1348118,1711172
2006Q3,wood_products,Wood products,30544,32923,109279,128313
2006Q3,nonmetallic_mineral,Nonmetallic mineral products,49746,59618,124004,154573
2006Q3,primary_metals,Primary metals,63994,37179,240916,236183
2006Q3,fabricated_metal,Fabricated metal products,126185,162079,315307,377908
2006Q3,machinery,Machinery,121382,155512,325647,399040
2006Q3,computer_electronic,Computer and electronic products,220852,128662,427962,308279
2006Q3,electrical_equipment,"Electrical equipment, appliances, and components",52060,60851,118098,137095
2006Q3,motor_vehicles,"Motor vehicles, bodies and trailers, and parts",128590,143515,523731,595366
2006Q3,other_transport_equipment,Other transportation equipment,95559,117594,213547,252126
2006Q3,furniture,Furniture and related products,34177,41568,85525,103716
2006Q3,misc_manufacturing,Miscellaneous manufacturing,70915,76544,160261,184859
2006Q3,food_beverage_tobacco,Food and beverage and tobacco products,195789,264147,660852,892513
2006Q3,textiles,Textile mills and textile product mills,19946,23085,70660,84817
2006Q3,apparel_leather,Apparel and leather and allied products,12669,13397,37486,43819
2006Q3,paper,Paper products,58661,73564,166912,208249
2006Q3,printing,Printing and related support activities,46957,43006,101579,108103
2006Q3,petroleum_coal,Petroleum and coal products,141746,127283,580237,502863
2006Q3,chemicals,Chemical products,259416,395864,671120,870680
2006Q3,plastics_rubber,Plastics and rubber products,64095,73346,210574,257899
2006Q3,wholesale,Wholesale trade,816025,1039065,1209173,1508805
2006Q3,retail,Retail trade,872831,973345,1304267,1483939
2006Q3,air_transport,Air transportation,70224,89021,153434,183140
2006Q3,rail_transport,Rail transportation,32786,44992,58879,77256
2006Q3,water_transport,Water transportation,12793,10289,41845,44692
2006Q3,truck_transport,Truck transportation,126175,152411,272430,321540
2006Q3,transit_ground,Transit and ground passenger transportation,24669,35913,42945,58198
2006Q3,pipeline,Pipeline transportation,10490,17487,24587,36108
2006Q3,other_transport_support,Other transportation and support activities,94418,146452,168530,228856
2006Q3,warehousing,Warehousing and storage,40822,39415,62711,67578
2006Q3,information,Information,664629,555829,1188298,1122833
2006Q3,credit_intermediation,"Federal Reserve banks, credit intermediation, and related activities",428239,572246,712017,930146
2006Q3,securities,"Securities, commodity contracts, and investments",223026,364571,450164,650463
2006Q3,insurance,Insurance carriers and related activities,375633,413354,636670,713465
2006Q3,funds_trusts,"Funds, trusts, and other financial vehicles",18796,7414,99209,132633
2006Q3,real_estate,Real estate,1538496,1854024,2321875,2818701
2006Q3,rental_leasing,Rental and leasing services and lessors of intangible assets,170155,186829,263505,300630
2006Q3,legal,Legal services,205172,305091,282342,392361
2006Q3,computer_systems,Computer systems design and related services,149840,120233,229682,207592
2006Q3,misc_professional,"Miscellaneous professional, scientific, and technical services",563780,658343,923643,1084366
2006Q3,management_companies,Management of companies and enterprises,230077,266849,383164,438776
2006Q3,admin_support,Administrative and support services,367168,428710,549650,642139
2006Q3,waste_remediation,Waste management and remediation services,30980,42302,73416,96047
2006Q3,education,Educational services,143636,200077,215040,282102
2006Q3,ambulatory_health,Ambulatory health care services,423759,494325,676957,795973
2006Q3,hospitals_nursing,"Hospitals, nursing and residential care facilities",394210,499213,669758,832751
2006Q3,social_assistance,Social assistance,77254,101318,125004,158360
2006Q3,performing_arts_museums,"Performing arts, spectator sports, museums, and related activities",73270,95061,116838,149005
2006Q3,amusement_recreation,"Amusements, gambling, and recreation industries",56711,71354,107023,131757
2006Q3,accommodation,Accommodation,116134,148994,185793,234023
2006Q3,food_services,Food services and drinking places,265378,393515,504458,683208
2006Q3,other_services,"Other services, except government",325766,447478,526796,678463
2006Q4,oil_gas_extraction,Oil and gas extraction,174212,87345,241005,164305
2006Q4,mining_except_oil_gas,"Mining, except oil and gas",54122,71064,101634,132750
2006Q4,support_mining,Support activities for mining,46751,52004,91435,108619
2006Q4,utilities,Utilities,227981,255782,410391,453344
2006Q4,construction,Construction,699713,883435,1330156,1658928
2006Q4,wood_products,Wood products,29770,33341,107643,128324
2006Q4,nonmetallic_mineral,Nonmetallic mineral products,50088,59930,126861,157821
2006Q4,primary_metals,Primary metals,63682,37245,241445,236979
2006Q4,fabricated_metal,Fabricated metal products,128512,163335,322834,383875
2006Q4,machinery,Machinery,124407,157411,333677,405415
2006Q4,computer_electronic,Computer and electronic products,225583,133182,433416,313878
2006Q4,electrical_equipment,"Electrical equipment, appliances, and components",52071,60337,119089,137618
2006Q4,motor_vehicles,"Motor vehicles, bodies and trailers, and parts",134567,147694,527010,594693
2006Q4,other_transport_equipment,Other transportation equipment,101277,123438,226714,265592
2006Q4,furniture,Furniture and related products,33872,40615,85499,103148
2006Q4,misc_manufacturing,Miscellaneous manufacturing,71067,76504,159038,182896
2006Q4,food_beverage_tobacco,Food and beverage and tobacco products,198397,270960,678765,903934
2006Q4,textiles,Textile mills and textile product mills,19517,22393,68071,81438
2006Q4,apparel_leather,Apparel and leather and allied products,12593,13256,36740,42780
2006Q4,paper,Paper products,59021,73453,171693,213484
2006Q4,printing,Printing and related support activities,47729,43540,101887,108048
2006Q4,petroleum_coal,Petroleum and coal products,128780,147717,497184,495388
2006Q4,chemicals,Chemical products,259483,394839,669184,873938
2006Q4,plastics_rubber,Plastics and rubber products,64001,71882,205949,251642
2006Q4,wholesale,Wholesale trade,825058,1048314,1216228,1514208
2006Q4,retail,Retail trade,871139,986404,1310285,1505270
2006Q4,air_transport,Air transportation,69637,88399,153129,187592
2006Q4,rail_transport,Rail transportation,32503,45129,58421,77539
2006Q4,water_transport,Water transportation,13760,10950,42926,46012
2006Q4,truck_transport,Truck transportation,127138,149295,272872,322439
2006Q4,transit_ground,Transit and ground passenger transportation,27152,38297,44206,59364
2006Q4,pipeline,Pipeline transportation,10984,16845,24229,34292
2006Q4,other_transport_support,Other transportation and support activities,95666,146340,172119,233183
2006Q4,warehousing,Warehousing and storage,41340,39275,64287,68638
2006Q4,information,Information,657694,553900,1203953,1139745
2006Q4,credit_intermediation,"Federal Reserve banks, credit intermediation, and related activities",422832,551255,696177,893265
2006Q4,securities,"Securities, commodity contracts, and investments",235794,377742,475261,676561
2006Q4,insurance,Insurance carriers and related activities,385883,427114,651340,731056
2006Q4,funds_trusts,"Funds, trusts, and other financial vehicles",16666,7084,103140,137301
2006Q4,real_estate,Real estate,1588233,1913858,2364334,2863540
2006Q4,rental_leasing,Rental and leasing services and lessors of intangible assets,168306,182598,263283,298195
2006Q4,legal,Legal services,208429,306709,292109,402762
2006Q4,computer_systems,Computer systems design and related services,154125,124058,239116,216513
2006Q4,misc_professional,"Miscellaneous professional, scientific, and technical services",575519,663354,935935,1089231
2006Q4,management_companies,Management of companies and enterprises,236500,267245,399130,449485
2006Q4,admin_support,Administrative and support services,374924,434021,563386,654514
2006Q4,waste_remediation,Waste management and remediation services,31932,42321,74019,95650
2006Q4,education,Educational services,145376,200573,222430,289794
2006Q4,ambulatory_health,Ambulatory health care services,428984,496909,682278,798068
2006Q4,hospitals_nursing,"Hospitals, nursing and residential care facilities",400316,502261,674810,833324
2006Q4,social_assistance,Social assistance,78463,102068,127300,160219
2006Q4,performing_arts_museums,"Performing arts, spectator sports, museums, and related activities",74186,95034,120171,151708
2006Q4,amusement_recreation,"Amusements, gambling, and recreation industries",58438,73153,110139,135353
2006Q4,accommodation,Accommodation,118626,149212,188844,234619
2006Q4,food_services,Food services and drinking places,268323,393052,511812,688694
2006Q4,other_services,"Other services, except government",328495,445762,538398,687452
2007Q1,oil_gas_extraction,Oil and gas extraction,180879,89517,244519,164082
2007Q1,mining_except_oil_gas,"Mining, except oil and gas",54220,71938,98425,128382
2007Q1,support_mining,Support activities for mining,47382,51795,93399,109239
2007Q1,utilities,Utilities,228384,254166,439494,477888
2007Q1,construction,Construction,715853,890039,1333763,1642299
2007Q1,wood_products,Wood products,29794,34298,102574,121958
2007Q1,nonmetallic_mineral,Nonmetallic mineral products,47991,57854,130936,162200
2007Q1,primary_metals,Primary metals,63112,39777,244553,243408
2007Q1,fabricated_metal,Fabricated metal products,132349,164347,333583,392671
2007Q1,machinery,Machinery,124966,155492,329184,396029
2007Q1,computer_electronic,Computer and electronic products,223758,136116,441229,325235
2007Q1,electrical_equipment,"Electrical equipment, appliances, and components",49339,57065,123463,142625
2007Q1,motor_vehicles,"Motor vehicles, bodies and trailers, and parts",130595,143295,516312,580554
2007Q1,other_transport_equipment,Other transportation equipment,105463,128091,246686,287348
2007Q1,furniture,Furniture and related products,33496,39758,85614,102613
2007Q1,misc_manufacturing,Miscellaneous manufacturing,71018,75673,156464,178451
2007Q1,food_beverage_tobacco,Food and beverage and tobacco products,190838,259277,689068,892240
2007Q1,textiles,Textile mills and textile product mills,19695,22776,66711,79730
2007Q1,apparel_leather,Apparel and leather and allied products,12331,12997,32837,37969
2007Q1,paper,Paper products,53929,67918,170334,211238
2007Q1,printing,Printing and related support activities,47791,44204,102739,109030
2007Q1,petroleum_coal,Petroleum and coal products,136832,143338,531133,510596
2007Q1,chemicals,Chemical products,262775,403583,693896,904490
2007Q1,plastics_rubber,Plastics and rubber products,64571,73905,206626,255025
2007Q1,wholesale,Wholesale trade,844944,1045472,1233958,1505523
2007Q1,retail,Retail trade,869217,972828,1327887,1510248
2007Q1,air_transport,Air transportation,71260,89391,155175,188456
2007Q1,rail_transport,Rail transportation,31504,45012,59004,78883
2007Q1,water_transport,Water transportation,14026,11901,44996,48706
2007Q1,truck_transport,Truck transportation,122173,145034,276071,324288
2007Q1,transit_ground,Transit and ground passenger transportation,25904,37033,45311,60881
2007Q1,pipeline,Pipeline transportation,12293,18526,23189,32396
2007Q1,other_transport_support,Other transportation and support activities,90083,135246,176833,236048
2007Q1,warehousing,Warehousing and storage,40853,37531,66307,69126
2007Q1,information,Information,674639,571352,1209888,1147338
2007Q1,credit_intermediation,"Federal Reserve banks, credit intermediation, and related activities",407592,539961,694947,897195
2007Q1,securities,"Securities, commodity contracts, and investments",241586,375137,466580,650103
2007Q1,insurance,Insurance carriers and related activities,409843,452679,669825,749548
2007Q1,funds_trusts,"Funds, trusts, and other financial vehicles",13295,6485,108549,143712
2007Q1,real_estate,Real estate,1621693,1952362,2385889,2881045
2007Q1,rental_leasing,Rental and leasing services and lessors of intangible assets,160671,173557,259053,292051
2007Q1,legal,Legal services,212637,306204,299877,406529
2007Q1,computer_systems,Computer systems design and related services,160425,129656,243739,220835
2007Q1,misc_professional,"Miscellaneous professional, scientific, and technical services",578183,659171,971206,1120256
2007Q1,management_companies,Management of companies and enterprises,248430,267996,428724,469038
2007Q1,admin_support,Administrative and support services,381496,440533,568687,657995
2007Q1,waste_remediation,Waste management and remediation services,34051,45038,76237,97776
2007Q1,education,Educational services,147667,200567,229556,295187
2007Q1,ambulatory_health,Ambulatory health care services,431913,488363,696988,801134
2007Q1,hospitals_nursing,"Hospitals, nursing and residential care facilities",403929,503140,690076,845269
2007Q1,social_assistance,Social assistance,79131,102243,129438,161540
2007Q1,performing_arts_museums,"Performing arts, spectator sports, museums, and related activities",74887,94444,124230,154902
2007Q1,amusement_recreation,"Amusements, gambling, and recreation industries",60560,74476,112311,136391
2007Q1,accommodation,Accommodation,121699,151981,190557,234842
2007Q1,food_services,Food services and drinking places,270116,391406,513734,684180
2007Q1,other_services,"Other services, except government",330759,443524,534932,676576
2007Q2,oil_gas_extraction,Oil and gas extraction,206221,91223,272962,167314
2007Q2,mining_except_oil_gas,"Mining, except oil and gas",59603,74040,105711,131608
2007Q2,support_mining,Support activities for mining,49411,54403,95252,111268
2007Q2,utilities,Utilities,233272,264360,450662,484506
2007Q2,construction,Construction,723104,903580,1346994,1652965
2007Q2,wood_products,Wood products,29367,34763,103312,123171
2007Q2,nonmetallic_mineral,Nonmetallic mineral products,49923,60442,131324,161728
2007Q2,primary_metals,Primary metals,63853,35505,255670,239226
2007Q2,fabricated_metal,Fabricated metal products,134881,171569,342635,400811
2007Q2,machinery,Machinery,129882,162880,353081,421892
2007Q2,computer_electronic,Computer and electronic products,227648,142994,447150,335831
2007Q2,electrical_equipment,"Electrical equipment, appliances, and components",50075,57739,125619,142646
2007Q2,motor_vehicles,"Motor vehicles, bodies and trailers, and parts",126853,140984,519556,583454
2007Q2,other_transport_equipment,Other transportation equipment,113545,139061,259317,302076
2007Q2,furniture,Furniture and related products,32925,38700,85489,101886
2007Q2,misc_manufacturing,Miscellaneous manufacturing,72030,76936,156073,177245
2007Q2,food_beverage_tobacco,Food and beverage and tobacco products,195625,267661,714642,907968
2007Q2,textiles,Textile mills and textile product mills,19435,22705,65230,77790
2007Q2,apparel_leather,Apparel and leather and allied products,11857,12521,30512,35247
2007Q2,paper,Paper products,53459,68304,174254,216170
2007Q2,printing,Printing and related support activities,47528,43919,102488,108532
2007Q2,petroleum_coal,Petroleum and coal products,162640,138421,591811,507108
2007Q2,chemicals,Chemical products,270327,413020,731625,935282
2007Q2,plastics_rubber,Plastics and rubber products,64928,76547,207146,255530
2007Q2,wholesale,Wholesale trade,855796,1078053,1264304,1558459
2007Q2,retail,Retail trade,869983,946325,1333438,1486166
2007Q2,air_transport,Air transportation,77592,98979,156498,186972
2007Q2,rail_transport,Rail transportation,31696,44572,60225,79174
2007Q2,water_transport,Water transportation,14228,12743,47997,52270
2007Q2,truck_transport,Truck transportation,123937,153017,279218,326845
2007Q2,transit_ground,Transit and ground passenger transportation,26275,38769,44896,60684
2007Q2,pipeline,Pipeline transportation,13033,19813,25319,35357
2007Q2,other_transport_support,Other transportation and support activities,88156,130189,178068,233606
2007Q2,warehousing,Warehousing and storage,40874,37183,68543,70855
2007Q2,information,Information,696908,591701,1216636,1154916
2007Q2,credit_intermediation,"Federal Reserve banks, credit intermediation, and related activities",404542,526989,714939,909996
2007Q2,securities,"Securities, commodity contracts, and investments",207498,320818,494146,684709
2007Q2,insurance,Insurance carriers and related activities,415687,459974,682081,763422
2007Q2,funds_trusts,"Funds, trusts, and other financial vehicles",10854,5455,112953,148144
2007Q2,real_estate,Real estate,1642942,1978186,2385599,2875539
2007Q2,rental_leasing,Rental and leasing services and lessors of intangible assets,160356,172399,262612,294442
2007Q2,legal,Legal services,211223,300436,285483,383121
2007Q2,computer_systems,Computer systems design and related services,164356,133374,254803,231004
2007Q2,misc_professional,"Miscellaneous professional, scientific, and technical services",589258,665094,994019,1136939
2007Q2,management_companies,Management of companies and enterprises,249336,262890,431618,465164
2007Q2,admin_support,Administrative and support services,390713,450766,590403,681059
2007Q2,waste_remediation,Waste management and remediation services,35210,46386,75911,96457
2007Q2,education,Educational services,149325,201755,234263,299465
2007Q2,ambulatory_health,Ambulatory health care services,437347,490628,702327,802244
2007Q2,hospitals_nursing,"Hospitals, nursing and residential care facilities",408914,504814,692667,842078
2007Q2,social_assistance,Social assistance,80089,102819,132619,164380
2007Q2,performing_arts_museums,"Performing arts, spectator sports, museums, and related activities",74762,93249,126083,155698
2007Q2,amusement_recreation,"Amusements, gambling, and recreation industries",61650,75532,114363,137913
2007Q2,accommodation,Accommodation,123220,151106,191960,233264
2007Q2,food_services,Food services and drinking places,270368,387737,518917,684820
2007Q2,other_services,"Other services, except government",330131,439931,530383,666768
2007Q3,oil_gas_extraction,Oil and gas extraction,206275,86936,271310,161679
2007Q3,mining_except_oil_gas,"Mining, except oil and gas",61527,74523,106276,129420
2007Q3,support_mining,Support activities for mining,51407,57778,95820,112716
2007Q3,utilities,Utilities,235854,259327,449053,481554
2007Q3,construction,Construction,720157,894336,1343662,1638202
2007Q3,wood_products,Wood products,29052,34755,104241,123715
2007Q3,nonmetallic_mineral,Nonmetallic mineral products,53098,65543,127201,156967
2007Q3,primary_metals,Primary metals,64725,38823,255467,243922
2007Q3,fabricated_metal,Fabricated metal products,136398,170512,344744,400472
2007Q3,machinery,Machinery,132660,165537,353797,420907
2007Q3,computer_electronic,Computer and electronic products,231262,153801,443895,344677
2007Q3,electrical_equipment,"Electrical equipment, appliances, and components",50161,55940,126873,141929
2007Q3,motor_vehicles,"Motor vehicles, bodies and trailers, and parts",125024,139057,524080,586496
2007Q3,other_transport_equipment,Other transportation equipment,120576,145830,272321,314816
2007Q3,furniture,Furniture and related products,32321,38079,86350,102581
2007Q3,misc_manufacturing,Miscellaneous manufacturing,72397,77460,160109,181378
2007Q3,food_beverage_tobacco,Food and beverage and tobacco products,197099,273761,734757,920615
2007Q3,textiles,Textile mills and textile product mills,19063,22156,63834,75586
2007Q3,apparel_leather,Apparel and leather and allied products,11650,12371,28556,32961
2007Q3,paper,Paper products,57524,73542,175405,216293
2007Q3,printing,Printing and related support activities,47668,44168,103316,109125
2007Q3,petroleum_coal,Petroleum and coal products,147829,133698,620439,512761
2007Q3,chemicals,Chemical products,270937,410109,738070,932641
2007Q3,plastics_rubber,Plastics and rubber products,63304,74950,205080,250961
2007Q3,wholesale,Wholesale trade,857769,1080531,1276444,1570073
2007Q3,retail,Retail trade,867611,949931,1336626,1492917
2007Q3,air_transport,Air transportation,73866,91897,161604,187909
2007Q3,rail_transport,Rail transportation,32778,44426,60658,77580
2007Q3,water_transport,Water transportation,13820,12535,46373,49887
2007Q3,truck_transport,Truck transportation,124221,154657,278274,325509
2007Q3,transit_ground,Transit and ground passenger transportation,24987,36779,44606,60024
2007Q3,pipeline,Pipeline transportation,12190,17437,26027,35199
2007Q3,other_transport_support,Other transportation and support activities,89182,129577,179661,232995
2007Q3,warehousing,Warehousing and storage,40717,36546,69201,70715
2007Q3,information,Information,721491,611753,1226234,1161530
2007Q3,credit_intermediation,"Federal Reserve banks, credit intermediation, and related activities",407627,527991,727507,919636
2007Q3,securities,"Securities, commodity contracts, and investments",197803,293251,497283,675755
2007Q3,insurance,Insurance carriers and related activities,408813,452734,694230,776228
2007Q3,funds_trusts,"Funds, trusts, and other financial vehicles",9311,4788,116561,150571
2007Q3,real_estate,Real estate,1686110,2014462,2389683,2860908
2007Q3,rental_leasing,Rental and leasing services and lessors of intangible assets,165850,176876,274016,305077
2007Q3,legal,Legal services,218580,306219,284445,376843
2007Q3,computer_systems,Computer systems design and related services,170091,138673,262951,238595
2007Q3,misc_professional,"Miscellaneous professional, scientific, and technical services",608697,682965,1000381,1137261
2007Q3,management_companies,Management of companies and enterprises,251615,262463,435039,465033
2007Q3,admin_support,Administrative and support services,400707,458731,596046,682540
2007Q3,waste_remediation,Waste management and remediation services,36209,47351,76512,96379
2007Q3,education,Educational services,152572,204161,238256,302242
2007Q3,ambulatory_health,Ambulatory health care services,445693,496158,711774,807403
2007Q3,hospitals_nursing,"Hospitals, nursing and residential care facilities",416117,508961,706614,852195
2007Q3,social_assistance,Social assistance,81386,103364,135637,166634
2007Q3,performing_arts_museums,"Performing arts, spectator sports, museums, and related activities",76038,95620,127132,157559
2007Q3,amusement_recreation,"Amusements, gambling, and recreation industries",62319,75880,116043,138999
2007Q3,accommodation,Accommodation,125425,150643,191838,229269
2007Q3,food_services,Food services and drinking places,271758,383097,524405,683525
2007Q3,other_services,"Other services, except government",331251,437124,539115,671968
2007Q4,oil_gas_extraction,Oil and gas extraction,230490,80972,318837,165076
2007Q4,mining_except_oil_gas,"Mining, except oil and gas",56704,68791,107588,129046
2007Q4,support_mining,Support activities for mining,52368,60158,95176,112696
2007Q4,utilities,Utilities,230019,264271,467320,496893
2007Q4,construction,Construction,703859,864853,1331360,1606469
2007Q4,wood_products,Wood products,28115,34768,101248,121344
2007Q4,nonmetallic_mineral,Nonmetallic mineral products,50062,62657,124481,153235
2007Q4,primary_metals,Primary metals,66569,45442,269992,264746
2007Q4,fabricated_metal,Fabricated metal products,135758,166262,350085,403676
2007Q4,machinery,Machinery,130812,161555,351381,415531
2007Q4,computer_electronic,Computer and electronic products,230992,162324,445177,356888
2007Q4,electrical_equipment,"Electrical equipment, appliances, and components",51610,56639,129154,143306
2007Q4,motor_vehicles,"Motor vehicles, bodies and trailers, and parts",117505,131187,498264,555675
2007Q4,other_transport_equipment,Other transportation equipment,117458,140537,276292,317779
2007Q4,furniture,Furniture and related products,31311,36538,85290,100773
2007Q4,misc_manufacturing,Miscellaneous manufacturing,73461,78780,165516,186543
2007Q4,food_beverage_tobacco,Food and beverage and tobacco products,193156,268008,743448,912377
2007Q4,textiles,Textile mills and textile product mills,18975,22179,62001,73023
2007Q4,apparel_leather,Apparel and leather and allied products,11554,12326,27425,31555
2007Q4,paper,Paper products,58061,72150,176931,213717
2007Q4,printing,Printing and related support activities,47845,44737,105487,111057
2007Q4,petroleum_coal,Petroleum and coal products,171558,171675,682354,511348
2007Q4,chemicals,Chemical products,267675,407105,751470,929206
2007Q4,plastics_rubber,Plastics and rubber products,60372,72111,206202,249735
2007Q4,wholesale,Wholesale trade,866104,1095732,1308955,1609048
2007Q4,retail,Retail trade,870680,953901,1338201,1489421
2007Q4,air_transport,Air transportation,70073,91470,169422,195557
2007Q4,rail_transport,Rail transportation,33601,44840,62771,78163
2007Q4,water_transport,Water transportation,14833,14685,48435,51800
2007Q4,truck_transport,Truck transportation,124506,152313,282533,324189
2007Q4,transit_ground,Transit and ground passenger transportation,27970,40638,44797,59341
2007Q4,pipeline,Pipeline transportation,14505,21595,28430,38999
2007Q4,other_transport_support,Other transportation and support activities,92316,133758,179325,230405
2007Q4,warehousing,Warehousing and storage,42663,37678,72086,72625
2007Q4,information,Information,737121,630210,1230164,1170228
2007Q4,credit_intermediation,"Federal Reserve banks, credit intermediation, and related activities",407501,512532,732180,904185
2007Q4,securities,"Securities, commodity contracts, and investments",178149,250210,548281,731043
2007Q4,insurance,Insurance carriers and related activities,389824,434022,721358,807663
2007Q4,funds_trusts,"Funds, trusts, and other financial vehicles",8337,4704,119272,152477
2007Q4,real_estate,Real estate,1736248,2062769,2403360,2856507
2007Q4,rental_leasing,Rental and leasing services and lessors of intangible assets,170128,180506,284972,314712
2007Q4,legal,Legal services,227864,318263,291934,385219
2007Q4,computer_systems,Computer systems design and related services,173566,142169,266316,241785
2007Q4,misc_professional,"Miscellaneous professional, scientific, and technical services",626567,700463,1023192,1157159
2007Q4,management_companies,Management of companies and enterprises,255046,264304,438572,465358
2007Q4,admin_support,Administrative and support services,408297,464875,600487,682687
2007Q4,waste_remediation,Waste management and remediation services,36437,47653,77425,96501
2007Q4,education,Educational services,156491,206986,244369,306847
2007Q4,ambulatory_health,Ambulatory health care services,454866,505009,721060,814105
2007Q4,hospitals_nursing,"Hospitals, nursing and residential care facilities",423820,513307,721325,861846
2007Q4,social_assistance,Social assistance,82695,104160,138485,168835
2007Q4,performing_arts_museums,"Performing arts, spectator sports, museums, and related activities",76729,94787,129169,157625
2007Q4,amusement_recreation,"Amusements, gambling, and recreation industries",62853,75724,116926,138611
2007Q4,accommodation,Accommodation,127653,151703,196903,232485
2007Q4,food_services,Food services and drinking places,274456,383895,528819,682429
2007Q4,other_services,"Other services, except government",330235,433484,540579,668886
2008Q1,oil_gas_extraction,Oil and gas extraction,245547,73969,366730,169203
2008Q1,mining_except_oil_gas,"Mining, except oil and gas",58053,69034,112069,130875
2008Q1,support_mining,Support activities for mining,54592,60363,98507,113310
2008Q1,utilities,Utilities,222999,268657,497659,519816
2008Q1,construction,Construction,668512,823223,1297419,1557364
2008Q1,wood_products,Wood products,26746,34539,93799,113703
2008Q1,nonmetallic_mineral,Nonmetallic mineral products,46022,58783,119703,146904
2008Q1,primary_metals,Primary metals,69837,48184,284884,272028
2008Q1,fabricated_metal,Fabricated metal products,132679,161263,359837,406707
2008Q1,machinery,Machinery,130582,161794,360322,421572
2008Q1,computer_electronic,Computer and electronic products,228301,165367,443142,359854
2008Q1,electrical_equipment,"Electrical equipment, appliances, and components",52981,58151,127886,140090
2008Q1,motor_vehicles,"Motor vehicles, bodies and trailers, and parts",106628,122690,474490,527071
2008Q1,other_transport_equipment,Other transportation equipment,115211,137917,278750,318643
2008Q1,furniture,Furniture and related products,29197,34093,80117,93895
2008Q1,misc_manufacturing,Miscellaneous manufacturing,72420,77758,166820,185950
2008Q1,food_beverage_tobacco,Food and beverage and tobacco products,184727,245852,749454,886512
2008Q1,textiles,Textile mills and textile product mills,18363,21623,59369,69309
2008Q1,apparel_leather,Apparel and leather and allied products,11712,12513,26453,30253
2008Q1,paper,Paper products,50218,62765,177724,211734
2008Q1,printing,Printing and related support activities,46363,43882,103655,108545
2008Q1,petroleum_coal,Petroleum and coal products,168669,161918,741810,503996
2008Q1,chemicals,Chemical products,254617,381517,747227,894127
2008Q1,plastics_rubber,Plastics and rubber products,56099,66391,204390,242164
2008Q1,wholesale,Wholesale trade,870192,1092804,1339105,1632778
2008Q1,retail,Retail trade,846207,940316,1312178,1468642
2008Q1,air_transport,Air transportation,69247,94042,172568,196056
2008Q1,rail_transport,Rail transportation,34939,45041,67118,80632
2008Q1,water_transport,Water transportation,15503,16647,50224,53267
2008Q1,truck_transport,Truck transportation,117595,138748,287590,321504
2008Q1,transit_ground,Transit and ground passenger transportation,26931,38579,44301,57847
2008Q1,pipeline,Pipeline transportation,17502,26008,29863,40656
2008Q1,other_transport_support,Other transportation and support activities,91751,133738,179980,229150
2008Q1,warehousing,Warehousing and storage,43727,37754,74918,74171
2008Q1,information,Information,734445,631235,1253587,1191348
2008Q1,credit_intermediation,"Federal Reserve banks, credit intermediation, and related activities",431163,552022,705643,877752
2008Q1,securities,"Securities, commodity contracts, and investments",190787,262447,461148,617400
2008Q1,insurance,Insurance carriers and related activities,361617,405753,717281,804977
2008Q1,funds_trusts,"Funds, trusts, and other financial vehicles",9527,4648,120998,154104
2008Q1,real_estate,Real estate,1759403,2080249,2416840,2857531
2008Q1,rental_leasing,Rental and leasing services and lessors of intangible assets,166919,175296,291714,318971
2008Q1,legal,Legal services,235596,324438,289280,376987
2008Q1,computer_systems,Computer systems design and related services,175817,143738,278461,251876
2008Q1,misc_professional,"Miscellaneous professional, scientific, and technical services",641833,711514,1030366,1155445
2008Q1,management_companies,Management of companies and enterprises,253450,263697,432741,458697
2008Q1,admin_support,Administrative and support services,402848,457012,610561,689753
2008Q1,waste_remediation,Waste management and remediation services,36523,46670,79836,97177
2008Q1,education,Educational services,160048,209527,248544,308948
2008Q1,ambulatory_health,Ambulatory health care services,464650,513233,731853,820606
2008Q1,hospitals_nursing,"Hospitals, nursing and residential care facilities",437715,527890,737456,875867
2008Q1,social_assistance,Social assistance,84048,105297,141269,171163
2008Q1,performing_arts_museums,"Performing arts, spectator sports, museums, and related activities",77852,95362,130329,157686
2008Q1,amusement_recreation,"Amusements, gambling, and recreation industries",62538,75005,116325,136809
2008Q1,accommodation,Accommodation,126345,148850,198057,231432
2008Q1,food_services,Food services and drinking places,272414,377576,530469,676983
2008Q1,other_services,"Other services, except government",329006,427429,548685,672557
2008Q2,oil_gas_extraction,Oil and gas extraction,307029,69705,476037,176477
2008Q2,mining_except_oil_gas,"Mining, except oil and gas",61234,65136,119817,129041
2008Q2,support_mining,Support activities for mining,59264,64550,107564,121374
2008Q2,utilities,Utilities,240085,292729,555109,543911
2008Q2,construction,Construction,652367,815263,1294735,1544200
2008Q2,wood_products,Wood products,25966,32929,93043,110165
2008Q2,nonmetallic_mineral,Nonmetallic mineral products,45109,59750,118710,144420
2008Q2,primary_metals,Primary metals,73223,40818,303865,258733
2008Q2,fabricated_metal,Fabricated metal products,133495,168198,369442,402506
2008Q2,machinery,Machinery,130708,169035,352567,407072
2008Q2,computer_electronic,Computer and electronic products,230259,171466,433633,355698
2008Q2,electrical_equipment,"Electrical equipment, appliances, and components",55392,62156,129661,140203
2008Q2,motor_vehicles,"Motor vehicles, bodies and trailers, and parts",97641,119742,440394,485755
2008Q2,other_transport_equipment,Other transportation equipment,114471,139250,280556,318056
2008Q2,furniture,Furniture and related products,28283,33774,79604,92152
2008Q2,misc_manufacturing,Miscellaneous manufacturing,74111,81049,173513,191896
2008Q2,food_beverage_tobacco,Food and beverage and tobacco products,192065,253618,783669,906005
2008Q2,textiles,Textile mills and textile product mills,17982,21719,57569,66664
2008Q2,apparel_leather,Apparel and leather and allied products,11878,12773,27761,31619
2008Q2,paper,Paper products,49437,64571,178666,210246
2008Q2,printing,Printing and related support activities,45599,43509,101958,106027
2008Q2,petroleum_coal,Petroleum and coal products,164457,165651,827917,498055
2008Q2,chemicals,Chemical products,271836,404474,763439,873295
2008Q2,plastics_rubber,Plastics and rubber products,54488,66151,205161,239111
2008Q2,wholesale,Wholesale trade,885484,1091386,1375762,1649532
2008Q2,retail,Retail trade,852901,935154,1308970,1446186
2008Q2,air_transport,Air transportation,66827,91679,176999,190387
2008Q2,rail_transport,Rail transportation,37324,47563,69298,80985
2008Q2,water_transport,Water transportation,15821,15714,50750,51058
2008Q2,truck_transport,Truck transportation,119711,140056,288639,314186
2008Q2,transit_ground,Transit and ground passenger transportation,28300,40497,45241,58502
2008Q2,pipeline,Pipeline transportation,15614,22026,30976,40280
2008Q2,other_transport_support,Other transportation and support activities,94065,133956,179701,221119
2008Q2,warehousing,Warehousing and storage,44972,39618,76757,76270
2008Q2,information,Information,754744,654462,1262565,1204017
2008Q2,credit_intermediation,"Federal Reserve banks, credit intermediation, and related activities",435395,574520,701871,887087
2008Q2,securities,"Securities, commodity contracts, and investments",141789,223798,518128,702949
2008Q2,insurance,Insurance carriers and related activities,344528,387496,723274,810610
2008Q2,funds_trusts,"Funds, trusts, and other financial vehicles",7893,3368,120607,153944
2008Q2,real_estate,Real estate,1770274,2087929,2417019,2844414
2008Q2,rental_leasing,Rental and leasing services and lessors of intangible assets,176254,183964,292185,316306
2008Q2,legal,Legal services,244999,336853,299205,388892
2008Q2,computer_systems,Computer systems design and related services,180892,147190,281978,253464
2008Q2,misc_professional,"Miscellaneous professional, scientific, and technical services",653516,726538,1053436,1178418
2008Q2,management_companies,Management of companies and enterprises,255809,266669,432728,458033
2008Q2,admin_support,Administrative and support services,402609,458074,606435,683126
2008Q2,waste_remediation,Waste management and remediation services,36592,47372,80537,97394
2008Q2,education,Educational services,164452,213950,253847,312369
2008Q2,ambulatory_health,Ambulatory health care services,474778,525523,740940,827879
2008Q2,hospitals_nursing,"Hospitals, nursing and residential care facilities",445233,534915,747884,881541
2008Q2,social_assistance,Social assistance,85119,106350,144171,173429
2008Q2,performing_arts_museums,"Performing arts, spectator sports, museums, and related activities",80112,97687,131454,157914
2008Q2,amusement_recreation,"Amusements, gambling, and recreation industries",61699,74246,117176,136948
2008Q2,accommodation,Accommodation,125164,148105,200917,234346
2008Q2,food_services,Food services and drinking places,274618,377917,533422,672743
2008Q2,other_services,"Other services, except government",328680,423283,557255,675802
2008Q3,oil_gas_extraction,Oil and gas extraction,306220,75170,444824,173129
2008Q3,mining_except_oil_gas,"Mining, except oil and gas",63696,65990,122344,128622
2008Q3,support_mining,Support activities for mining,61762,64797,115289,126525
2008Q3,utilities,Utilities,251881,292705,545448,522413
2008Q3,construction,Construction,640807,806296,1277748,1508354
2008Q3,wood_products,Wood products,25387,32189,89610,104855
2008Q3,nonmetallic_mineral,Nonmetallic mineral products,44589,59934,114780,137922
2008Q3,primary_metals,Primary metals,72746,37478,307083,251837
2008Q3,fabricated_metal,Fabricated metal products,133330,166296,363133,382957
2008Q3,machinery,Machinery,132713,171532,355468,401868
2008Q3,computer_electronic,Computer and electronic products,232034,175483,419305,346304
2008Q3,electrical_equipment,"Electrical equipment, appliances, and components",57449,63987,130719,139358
2008Q3,motor_vehicles,"Motor vehicles, bodies and trailers, and parts",85277,106629,410490,447829
2008Q3,other_transport_equipment,Other transportation equipment,114648,138860,271036,303715
2008Q3,furniture,Furniture and related products,27499,32844,77989,88614
2008Q3,misc_manufacturing,Miscellaneous manufacturing,76686,85284,170508,186755
2008Q3,food_beverage_tobacco,Food and beverage and tobacco products,201593,254739,801799,899693
2008Q3,textiles,Textile mills and textile product mills,17852,21539,57795,65636
2008Q3,apparel_leather,Apparel and leather and allied products,11456,12346,27212,30754
2008Q3,paper,Paper products,51394,64512,180728,205371
2008Q3,printing,Printing and related support activities,44717,43443,97382,100898
2008Q3,petroleum_coal,Petroleum and coal products,169468,146474,833145,467233
2008Q3,chemicals,Chemical products,273979,380309,751340,810110
2008Q3,plastics_rubber,Plastics and rubber products,55596,65561,202181,225790
2008Q3,wholesale,Wholesale trade,894215,1080106,1353489,1594818
2008Q3,retail,Retail trade,858615,924531,1289404,1402356
2008Q3,air_transport,Air transportation,67885,90101,173830,181502
2008Q3,rail_transport,Rail transportation,39272,47259,72080,80688
2008Q3,water_transport,Water transportation,16102,14387,51190,48336
2008Q3,truck_transport,Truck transportation,121745,143004,284619,305169
2008Q3,transit_ground,Transit and ground passenger transportation,27178,38235,45888,58137
2008Q3,pipeline,Pipeline transportation,15831,21106,32001,39994
2008Q3,other_transport_support,Other transportation and support activities,94774,130681,177953,213570
2008Q3,warehousing,Warehousing and storage,45384,39471,77434,75954
2008Q3,information,Information,758440,658011,1267463,1205132
2008Q3,credit_intermediation,"Federal Reserve banks, credit intermediation, and related activities",415293,559392,710170,907263
2008Q3,securities,"Securities, commodity contracts, and investments",91314,175315,478617,652678
2008Q3,insurance,Insurance carriers and related activities,342060,386260,724250,811380
2008Q3,funds_trusts,"Funds, trusts, and other financial vehicles",5462,1907,118358,150999
2008Q3,real_estate,Real estate,1763665,2074631,2413678,2830145
2008Q3,rental_leasing,Rental and leasing services and lessors of intangible assets,183469,188449,289828,309340
2008Q3,legal,Legal services,245145,335383,294415,380648
2008Q3,computer_systems,Computer systems design and related services,183805,149414,286401,256507
2008Q3,misc_professional,"Miscellaneous professional, scientific, and technical services",670891,743645,1063681,1182792
2008Q3,management_companies,Management of companies and enterprises,258437,268952,434742,457882
2008Q3,admin_support,Administrative and support services,402914,457799,604983,677621
2008Q3,waste_remediation,Waste management and remediation services,36591,48090,78212,93702
2008Q3,education,Educational services,170701,220162,261390,318395
2008Q3,ambulatory_health,Ambulatory health care services,486777,538310,752078,835973
2008Q3,hospitals_nursing,"Hospitals, nursing and residential care facilities",452862,541376,753980,882156
2008Q3,social_assistance,Social assistance,86236,107735,146691,175467
2008Q3,performing_arts_museums,"Performing arts, spectator sports, museums, and related activities",82459,99233,132205,156799
2008Q3,amusement_recreation,"Amusements, gambling, and recreation industries",61211,73189,116582,134971
2008Q3,accommodation,Accommodation,123521,145224,200259,231399
2008Q3,food_services,Food services and drinking places,278050,376944,536322,666176
2008Q3,other_services,"Other services, except government",330141,421623,553819,665374
2008Q4,oil_gas_extraction,Oil and gas extraction,228235,111160,265889,178703
2008Q4,mining_except_oil_gas,"Mining, except oil and gas",62373,67290,110420,123469
2008Q4,support_mining,Support activities for mining,62056,61020,118779,128076
2008Q4,utilities,Utilities,251705,251215,501397,506731
2008Q4,construction,Construction,635428,761743,1233133,1442038
2008Q4,wood_products,Wood products,24393,30162,78907,94231
2008Q4,nonmetallic_mineral,Nonmetallic mineral products,43339,54042,104508,124006
2008Q4,primary_metals,Primary metals,59650,40180,225561,217761
2008Q4,fabricated_metal,Fabricated metal products,133197,145373,338612,356521
2008Q4,machinery,Machinery,132793,157341,347326,388862
2008Q4,computer_electronic,Computer and electronic products,228295,173387,396526,330456
2008Q4,electrical_equipment,"Electrical equipment, appliances, and components",56230,59047,119391,128185
2008Q4,motor_vehicles,"Motor vehicles, bodies and trailers, and parts",71830,80229,374987,406335
2008Q4,other_transport_equipment,Other transportation equipment,114032,132327,246769,273729
2008Q4,furniture,Furniture and related products,26444,29656,70077,78753
2008Q4,misc_manufacturing,Miscellaneous manufacturing,79084,85413,167985,184031
2008Q4,food_beverage_tobacco,Food and beverage and tobacco products,218713,259337,779627,898955
2008Q4,textiles,Textile mills and textile product mills,17164,19261,51321,58010
2008Q4,apparel_leather,Apparel and leather and allied products,11250,11878,25353,28491
2008Q4,paper,Paper products,54553,59272,172373,190576
2008Q4,printing,Printing and related support activities,44135,42449,93658,97008
2008Q4,petroleum_coal,Petroleum and coal products,116747,157517,531337,487720
2008Q4,chemicals,Chemical products,262196,318953,680998,765065
2008Q4,plastics_rubber,Plastics and rubber products,58047,59965,184022,203875
2008Q4,wholesale,Wholesale trade,881191,1032965,1240203,1437955
2008Q4,retail,Retail trade,847687,897280,1198559,1292494
2008Q4,air_transport,Air transportation,70826,78899,160322,172733
2008Q4,rail_transport,Rail transportation,37545,43438,65073,75372
2008Q4,water_transport,Water transportation,18333,16107,50554,49503
2008Q4,truck_transport,Truck transportation,123008,136973,273829,302460
2008Q4,transit_ground,Transit and ground passenger transportation,30141,39567,44759,55692
2008Q4,pipeline,Pipeline transportation,16214,22906,32140,42054
2008Q4,other_transport_support,Other transportation and support activities,96990,132804,173471,213610
2008Q4,warehousing,Warehousing and storage,46918,40627,78484,77120
2008Q4,information,Information,727652,625464,1236136,1170612
2008Q4,credit_intermediation,"Federal Reserve banks, credit intermediation, and related activities",379913,565012,686189,941609
2008Q4,securities,"Securities, commodity contracts, and investments",-24108,-41433,371436,532326
2008Q4,insurance,Insurance carriers and related activities,349558,390625,698918,779401
2008Q4,funds_trusts,"Funds, trusts, and other financial vehicles",2970,530,113433,151659
2008Q4,real_estate,Real estate,1771503,2061073,2383812,2786729
2008Q4,rental_leasing,Rental and leasing services and lessors of intangible assets,187910,195302,284413,308783
2008Q4,legal,Legal services,237631,322963,285569,367473
2008Q4,computer_systems,Computer systems design and related services,185034,150393,280915,252139
2008Q4,misc_professional,"Miscellaneous professional, scientific, and technical services",676123,745803,1053266,1170298
2008Q4,management_companies,Management of companies and enterprises,257725,264561,430287,452311
2008Q4,admin_support,Administrative and support services,398981,445807,588878,655885
2008Q4,waste_remediation,Waste management and remediation services,37978,47971,79546,96159
2008Q4,education,Educational services,175915,223770,265410,322065
2008Q4,ambulatory_health,Ambulatory health care services,498063,546351,758063,839304
2008Q4,hospitals_nursing,"Hospitals, nursing and residential care facilities",465965,549449,763858,889177
2008Q4,social_assistance,Social assistance,87343,108142,149495,178546
2008Q4,performing_arts_museums,"Performing arts, spectator sports, museums, and related activities",85576,101814,133164,157082
2008Q4,amusement_recreation,"Amusements, gambling, and recreation industries",61502,72589,113161,131590
2008Q4,accommodation,Accommodation,118878,140672,192869,224951
2008Q4,food_services,Food services and drinking places,279559,365923,531436,651697
2008Q4,other_services,"Other services, except government",333494,418031,541854,647903
2009Q1,oil_gas_extraction,Oil and gas extraction,173538,125030,205076,189988
2009Q1,mining_except_oil_gas,"Mining, except oil and gas",63891,66263,108902,121104
2009Q1,support_mining,Support activities for mining,51854,53632,98685,110438
2009Q1,utilities,Utilities,263369,245796,467441,482790
2009Q1,construction,Construction,596847,697774,1164594,1364470
2009Q1,wood_products,Wood products,20915,27007,65677,81944
2009Q1,nonmetallic_mineral,Nonmetallic mineral products,39858,47415,92843,109402
2009Q1,primary_metals,Primary metals,44525,41324,161081,180000
2009Q1,fabricated_metal,Fabricated metal products,121716,121792,297713,316652
2009Q1,machinery,Machinery,123857,137546,297965,332270
2009Q1,computer_electronic,Computer and electronic products,219632,169998,347427,294671
2009Q1,electrical_equipment,"Electrical equipment, appliances, and components",52149,52693,103788,112143
2009Q1,motor_vehicles,"Motor vehicles, bodies and trailers, and parts",50138,50389,324292,353076
2009Q1,other_transport_equipment,Other transportation equipment,117152,130948,256749,283464
2009Q1,furniture,Furniture and related products,23603,24932,62749,70200
2009Q1,misc_manufacturing,Miscellaneous manufacturing,80072,82902,163672,178809
2009Q1,food_beverage_tobacco,Food and beverage and tobacco products,229392,264809,767155,910257
2009Q1,textiles,Textile mills and textile product mills,15054,16161,46131,52574
2009Q1,apparel_leather,Apparel and leather and allied products,9828,10150,25128,28094
2009Q1,paper,Paper products,57267,60288,163736,183106
2009Q1,printing,Printing and related support activities,40702,38921,88290,91748
2009Q1,petroleum_coal,Petroleum and coal products,97257,122109,413278,500281
2009Q1,chemicals,Chemical products,285620,350439,615959,740159
2009Q1,plastics_rubber,Plastics and rubber products,57282,58891,164991,188841
2009Q1,wholesale,Wholesale trade,835314,958967,1124991,1289961
2009Q1,retail,Retail trade,828654,886655,1182780,1289735
2009Q1,air_transport,Air transportation,67821,74142,149313,170326
2009Q1,rail_transport,Rail transportation,34043,41401,55017,67469
2009Q1,water_transport,Water transportation,16552,19142,44368,49281
2009Q1,truck_transport,Truck transportation,112013,125546,242438,275900
2009Q1,transit_ground,Transit and ground passenger transportation,28666,36148,44801,54951
2009Q1,pipeline,Pipeline transportation,17023,22681,29309,37603
2009Q1,other_transport_support,Other transportation and support activities,88778,122819,160320,203103
2009Q1,warehousing,Warehousing and storage,45688,39268,75263,73872
2009Q1,information,Information,719397,615555,1213365,1154010
2009Q1,credit_intermediation,"Federal Reserve banks, credit intermediation, and related activities",415997,693936,701224,1041315
2009Q1,securities,"Securities, commodity contracts, and investments",119229,204090,398410,598669
2009Q1,insurance,Insurance carriers and related activities,349143,385893,674475,749501
2009Q1,funds_trusts,"Funds, trusts, and other financial vehicles",988,127,106373,149086
2009Q1,real_estate,Real estate,1773019,2044976,2346283,2740165
2009Q1,rental_leasing,Rental and leasing services and lessors of intangible assets,178776,183203,268847,290767
2009Q1,legal,Legal services,224051,308705,278647,363141
2009Q1,computer_systems,Computer systems design and related services,185911,151346,272354,245380
2009Q1,misc_professional,"Miscellaneous professional, scientific, and technical services",645186,705847,1014818,1125112
2009Q1,management_companies,Management of companies and enterprises,237445,238485,385398,402896
2009Q1,admin_support,Administrative and support services,380127,421489,566100,629518
2009Q1,waste_remediation,Waste management and remediation services,37614,46694,72883,87941
2009Q1,education,Educational services,185191,233268,269153,325540
2009Q1,ambulatory_health,Ambulatory health care services,500339,540599,762058,836785
2009Q1,hospitals_nursing,"Hospitals, nursing and residential care facilities",474637,553032,776485,899830
2009Q1,social_assistance,Social assistance,87609,107359,151456,180837
2009Q1,performing_arts_museums,"Performing arts, spectator sports, museums, and related activities",84356,99497,129645,152372
2009Q1,amusement_recreation,"Amusements, gambling, and recreation industries",59844,70085,111255,129912
2009Q1,accommodation,Accommodation,109903,131488,184112,217284
2009Q1,food_services,Food services and drinking places,278565,355248,531655,646589
2009Q1,other_services,"Other services, except government",328140,405152,528779,629568
2009Q2,oil_gas_extraction,Oil and gas extraction,164514,116792,208122,188119
2009Q2,mining_except_oil_gas,"Mining, except oil and gas",57901,59346,103515,114309
2009Q2,support_mining,Support activities for mining,39831,46191,69967,83392
2009Q2,utilities,Utilities,252601,250066,421001,454851
2009Q2,construction,Construction,569044,685288,1109228,1322653
2009Q2,wood_products,Wood products,20895,27824,64565,82476
2009Q2,nonmetallic_mineral,Nonmetallic mineral products,38505,45688,88495,104673
2009Q2,primary_metals,Primary metals,38531,41868,142415,167440
2009Q2,fabricated_metal,Fabricated metal products,115711,115992,270430,292951
2009Q2,machinery,Machinery,117149,127674,280705,313478
2009Q2,computer_electronic,Computer and electronic products,215212,170427,342561,294917
2009Q2,electrical_equipment,"Electrical equipment, appliances, and components",50667,50333,101813,109264
2009Q2,motor_vehicles,"Motor vehicles, bodies and trailers, and parts",44258,42478,305190,333325
2009Q2,other_transport_equipment,Other transportation equipment,117846,132760,252049,280647
2009Q2,furniture,Furniture and related products,22878,23433,58851,65743
2009Q2,misc_manufacturing,Miscellaneous manufacturing,80975,82812,160998,175859
2009Q2,food_beverage_tobacco,Food and beverage and tobacco products,244387,265267,773683,903863
2009Q2,textiles,Textile mills and textile product mills,14940,15972,44843,51061
2009Q2,apparel_leather,Apparel and leather and allied products,9779,10030,24352,27195
2009Q2,paper,Paper products,59330,64693,159504,183197
2009Q2,printing,Printing and related support activities,39613,37649,83320,86816
2009Q2,petroleum_coal,Petroleum and coal products,97808,144433,450619,490072
2009Q2,chemicals,Chemical products,281172,358027,600877,725774
2009Q2,plastics_rubber,Plastics and rubber products,59681,62428,163250,188668
2009Q2,wholesale,Wholesale trade,818851,922118,1119956,1267305
2009Q2,retail,Retail trade,826760,882475,1191422,1299117
2009Q2,air_transport,Air transportation,70284,89998,141447,171360
2009Q2,rail_transport,Rail transportation,32334,40350,51613,63916
2009Q2,water_transport,Water transportation,15495,19891,42498,49545
2009Q2,truck_transport,Truck transportation,107495,125775,220170,254256
2009Q2,transit_ground,Transit and ground passenger transportation,29556,37514,44461,54601
2009Q2,pipeline,Pipeline transportation,13457,19632,26612,36097
2009Q2,other_transport_support,Other transportation and support activities,84344,117162,151598,193096
2009Q2,warehousing,Warehousing and storage,44955,38516,76246,74900
2009Q2,information,Information,714034,616633,1216144,1166575
2009Q2,credit_intermediation,"Federal Reserve banks, credit intermediation, and related activities",418476,711567,715284,1076250
2009Q2,securities,"Securities, commodity contracts, and investments",189988,372557,472727,717184
2009Q2,insurance,Insurance carriers and related activities,365239,399634,647655,715587
2009Q2,funds_trusts,"Funds, trusts, and other financial vehicles",502,82,100838,142521
2009Q2,real_estate,Real estate,1766528,2030279,2363953,2761537
2009Q2,rental_leasing,Rental and leasing services and lessors of intangible assets,164210,164301,251793,268045
2009Q2,legal,Legal services,213844,292763,279695,362913
2009Q2,computer_systems,Computer systems design and related services,187210,153693,277268,251340
2009Q2,misc_professional,"Miscellaneous professional, scientific, and technical services",626630,683174,993528,1100115
2009Q2,management_companies,Management of companies and enterprises,243324,240257,397568,412853
2009Q2,admin_support,Administrative and support services,371749,412081,552522,614458
2009Q2,waste_remediation,Waste management and remediation services,37665,46034,72466,86322
2009Q2,education,Educational services,187181,233443,271022,326106
2009Q2,ambulatory_health,Ambulatory health care services,505412,541812,773570,845201
2009Q2,hospitals_nursing,"Hospitals, nursing and residential care facilities",482217,557247,790747,911736
2009Q2,social_assistance,Social assistance,87818,106833,152966,182245
2009Q2,performing_arts_museums,"Performing arts, spectator sports, museums, and related activities",84255,100580,131400,155934
2009Q2,amusement_recreation,"Amusements, gambling, and recreation industries",58984,68294,108644,126176
2009Q2,accommodation,Accommodation,106932,126782,180901,212706
2009Q2,food_services,Food services and drinking places,280076,352427,529439,640465
2009Q2,other_services,"Other services, except government",326508,399525,517410,613282
2009Q3,oil_gas_extraction,Oil and gas extraction,167266,108335,228908,190403
2009Q3,mining_except_oil_gas,"Mining, except oil and gas",61329,61887,104079,112935
2009Q3,support_mining,Support activities for mining,36548,43485,59864,72067
2009Q3,utilities,Utilities,250832,258219,408652,444206
2009Q3,construction,Construction,557752,694939,1083748,1312172
2009Q3,wood_products,Wood products,21300,27410,66834,83738
2009Q3,nonmetallic_mineral,Nonmetallic mineral products,38816,46737,90916,108189
2009Q3,primary_metals,Primary metals,39386,38755,171544,189651
2009Q3,fabricated_metal,Fabricated metal products,115029,120636,273784,299068
2009Q3,machinery,Machinery,114778,126800,273028,304936
2009Q3,computer_electronic,Computer and electronic products,216925,173901,353060,306267
2009Q3,electrical_equipment,"Electrical equipment, appliances, and components",49843,49897,102314,109155
2009Q3,motor_vehicles,"Motor vehicles, bodies and trailers, and parts",44958,43604,347578,378439
2009Q3,other_transport_equipment,Other transportation equipment,114960,130962,235523,262706
2009Q3,furniture,Furniture and related products,22464,23290,59477,66446
2009Q3,misc_manufacturing,Miscellaneous manufacturing,81569,84207,160930,176038
2009Q3,food_beverage_tobacco,Food and beverage and tobacco products,239262,255839,774464,907780
2009Q3,textiles,Textile mills and textile product mills,15016,16081,46003,52299
2009Q3,apparel_leather,Apparel and leather and allied products,9797,10083,24004,26787
2009Q3,paper,Paper products,60134,68397,158548,185100
2009Q3,printing,Printing and related support activities,39230,37237,82968,86584
2009Q3,petroleum_coal,Petroleum and coal products,116651,152921,515870,486088
2009Q3,chemicals,Chemical products,290595,376873,623642,740654
2009Q3,plastics_rubber,Plastics and rubber products,61718,66787,169423,196230
2009Q3,wholesale,Wholesale trade,823860,922213,1158216,1304373
2009Q3,retail,Retail trade,825278,870199,1219156,1317992
2009Q3,air_transport,Air transportation,72444,93529,144779,171008
2009Q3,rail_transport,Rail transportation,32746,40625,55123,67157
2009Q3,water_transport,Water transportation,15066,19883,42006,49347
2009Q3,truck_transport,Truck transportation,109119,128968,230839,264371
2009Q3,transit_ground,Transit and ground passenger transportation,27798,34903,45083,54680
2009Q3,pipeline,Pipeline transportation,13456,18438,26395,34705
2009Q3,other_transport_support,Other transportation and support activities,83404,114350,152357,191428
2009Q3,warehousing,Warehousing and storage,44784,38285,79809,78272
2009Q3,information,Information,714904,621448,1216047,1171761
2009Q3,credit_intermediation,"Federal Reserve banks, credit intermediation, and related activities",403800,697915,691598,1046463
2009Q3,securities,"Securities, commodity contracts, and investments",220209,428842,444489,653117
2009Q3,insurance,Insurance carriers and related activities,373734,406343,637543,701481
2009Q3,funds_trusts,"Funds, trusts, and other financial vehicles",1624,216,97168,132893
2009Q3,real_estate,Real estate,1775578,2041753,2378424,2781112
2009Q3,rental_leasing,Rental and leasing services and lessors of intangible assets,155953,155554,240096,254628
2009Q3,legal,Legal services,208360,283450,283139,365530
2009Q3,computer_systems,Computer systems design and related services,189814,157342,280563,255871
2009Q3,misc_professional,"Miscellaneous professional, scientific, and technical services",623576,681788,996460,1104775
2009Q3,management_companies,Management of companies and enterprises,248317,245995,407667,424551
2009Q3,admin_support,Administrative and support services,368908,409203,553170,614791
2009Q3,waste_remediation,Waste management and remediation services,38572,46417,75173,88200
2009Q3,education,Educational services,189073,234221,274781,329090
2009Q3,ambulatory_health,Ambulatory health care services,510009,543841,779808,848277
2009Q3,hospitals_nursing,"Hospitals, nursing and residential care facilities",484283,555091,806263,923584
2009Q3,social_assistance,Social assistance,87707,105673,155404,183934
2009Q3,performing_arts_museums,"Performing arts, spectator sports, museums, and related activities",85270,100033,137960,161593
2009Q3,amusement_recreation,"Amusements, gambling, and recreation industries",60019,69495,113018,130999
2009Q3,accommodation,Accommodation,105818,125212,182089,213863
2009Q3,food_services,Food services and drinking places,282593,353066,526968,634894
2009Q3,other_services,"Other services, except government",324903,394372,515518,607036
2009Q4,oil_gas_extraction,Oil and gas extraction,184970,98042,268163,189779
2009Q4,mining_except_oil_gas,"Mining, except oil and gas",62908,61952,103265,108974
2009Q4,support_mining,Support activities for mining,37161,44320,61023,73012
2009Q4,utilities,Utilities,264476,273887,449004,475104
2009Q4,construction,Construction,538015,668697,1037419,1250506
2009Q4,wood_products,Wood products,21711,27811,66401,82766
2009Q4,nonmetallic_mineral,Nonmetallic mineral products,38173,46922,87887,104979
2009Q4,primary_metals,Primary metals,41965,38429,193806,202298
2009Q4,fabricated_metal,Fabricated metal products,116699,125982,279515,304731
2009Q4,machinery,Machinery,118331,133370,289670,323494
2009Q4,computer_electronic,Computer and electronic products,222198,180909,357768,313020
2009Q4,electrical_equipment,"Electrical equipment, appliances, and components",49902,50516,103149,109209
2009Q4,motor_vehicles,"Motor vehicles, bodies and trailers, and parts",51738,51014,395684,427013
2009Q4,other_transport_equipment,Other transportation equipment,119512,135865,248267,275430
2009Q4,furniture,Furniture and related products,22300,23468,57481,64216
2009Q4,misc_manufacturing,Miscellaneous manufacturing,82575,85724,159769,174002
2009Q4,food_beverage_tobacco,Food and beverage and tobacco products,237569,260857,774416,898205
2009Q4,textiles,Textile mills and textile product mills,15452,16689,48553,54864
2009Q4,apparel_leather,Apparel and leather and allied products,10077,10441,24064,26754
2009Q4,paper,Paper products,60175,69406,160477,187492
2009Q4,printing,Printing and related support activities,39004,37319,81585,85116
2009Q4,petroleum_coal,Petroleum and coal products,130810,175734,549963,477440
2009Q4,chemicals,Chemical products,294465,384860,644954,756459
2009Q4,plastics_rubber,Plastics and rubber products,62800,68540,173668,200033
2009Q4,wholesale,Wholesale trade,850210,960863,1216539,1376799
2009Q4,retail,Retail trade,848465,900715,1238186,1342072
2009Q4,air_transport,Air transportation,76014,94465,151029,171793
2009Q4,rail_transport,Rail transportation,32473,40534,57084,68914
2009Q4,water_transport,Water transportation,15304,19604,41911,48183
2009Q4,truck_transport,Truck transportation,109221,130578,231950,264361
2009Q4,transit_ground,Transit and ground passenger transportation,31575,38786,45198,53787
2009Q4,pipeline,Pipeline transportation,14487,20293,26903,35561
2009Q4,other_transport_support,Other transportation and support activities,85922,116703,155411,193134
2009Q4,warehousing,Warehousing and storage,45154,38932,83117,81501
2009Q4,information,Information,737314,649874,1232913,1197855
2009Q4,credit_intermediation,"Federal Reserve banks, credit intermediation, and related activities",397567,664552,692137,1021096
2009Q4,securities,"Securities, commodity contracts, and investments",232115,425579,429313,605083
2009Q4,insurance,Insurance carriers and related activities,374780,403263,622092,678935
2009Q4,funds_trusts,"Funds, trusts, and other financial vehicles",4468,1296,95092,126065
2009Q4,real_estate,Real estate,1778001,2055753,2404818,2815038
2009Q4,rental_leasing,Rental and leasing services and lessors of intangible assets,152672,153454,243257,258317
2009Q4,legal,Legal services,201973,272290,278032,356150
2009Q4,computer_systems,Computer systems design and related services,192524,161584,288508,264940
2009Q4,misc_professional,"Miscellaneous professional, scientific, and technical services",624354,678839,995991,1098651
2009Q4,management_companies,Management of companies and enterprises,250793,248478,410339,426183
2009Q4,admin_support,Administrative and support services,374580,417162,564312,627560
2009Q4,waste_remediation,Waste management and remediation services,39793,47915,78788,91875
2009Q4,education,Educational services,191410,236388,279103,332879
2009Q4,ambulatory_health,Ambulatory health care services,513028,543354,778744,842505
2009Q4,hospitals_nursing,"Hospitals, nursing and residential care facilities",494188,565848,817238,933240
2009Q4,social_assistance,Social assistance,87834,105534,154329,181802
2009Q4,performing_arts_museums,"Performing arts, spectator sports, museums, and related activities",85345,100438,134041,157055
2009Q4,amusement_recreation,"Amusements, gambling, and recreation industries",60083,69921,110582,128033
2009Q4,accommodation,Accommodation,106741,128165,180669,213195
2009Q4,food_services,Food services and drinking places,283235,352520,528160,632542
2009Q4,other_services,"Other services, except government",325926,392468,523789,612045
2010Q1,oil_gas_extraction,Oil and gas extraction,201295,88023,316341,192455
2010Q1,mining_except_oil_gas,"Mining, except oil and gas",64349,62005,106128,109556
2010Q1,support_mining,Support activities for mining,41271,47669,71636,83571
2010Q1,utilities,Utilities,274602,291342,486439,502774
2010Q1,construction,Construction,519222,651802,991618,1193434
2010Q1,wood_products,Wood products,22153,28515,70682,85604
2010Q1,nonmetallic_mineral,Nonmetallic mineral products,37886,47375,90403,108147
2010Q1,primary_metals,Primary metals,45181,38626,216680,217405
2010Q1,fabricated_metal,Fabricated metal products,115081,127077,284136,308543
2010Q1,machinery,Machinery,118404,136159,298430,333498
2010Q1,computer_electronic,Computer and electronic products,223354,184943,353199,312001
2010Q1,electrical_equipment,"Electrical equipment, appliances, and components",49920,51366,103496,109203
2010Q1,motor_vehicles,"Motor vehicles, bodies and trailers, and parts",67512,71580,399916,433012
2010Q1,other_transport_equipment,Other transportation equipment,116414,132377,249300,275747
2010Q1,furniture,Furniture and related products,21680,23562,57796,64886
2010Q1,misc_manufacturing,Miscellaneous manufacturing,83226,87118,160007,173690
2010Q1,food_beverage_tobacco,Food and beverage and tobacco products,233069,258465,792150,905417
2010Q1,textiles,Textile mills and textile product mills,15285,16399,49324,55480
2010Q1,apparel_leather,Apparel and leather and allied products,10102,10722,23078,25682
2010Q1,paper,Paper products,57936,67513,164323,189708
2010Q1,printing,Printing and related support activities,38745,37493,82776,86360
2010Q1,petroleum_coal,Petroleum and coal products,123678,153148,582768,470127
2010Q1,chemicals,Chemical products,301601,398460,681157,778364
2010Q1,plastics_rubber,Plastics and rubber products,62182,69184,181561,207152
2010Q1,wholesale,Wholesale trade,860080,955677,1284771,1433300
2010Q1,retail,Retail trade,847938,906307,1271816,1381091
2010Q1,air_transport,Air transportation,79094,95941,152454,169021
2010Q1,rail_transport,Rail transportation,32939,40656,63549,75432
2010Q1,water_transport,Water transportation,14070,16532,42147,46847
2010Q1,truck_transport,Truck transportation,109096,131259,238937,271021
2010Q1,transit_ground,Transit and ground passenger transportation,30251,36830,45128,53190
2010Q1,pipeline,Pipeline transportation,18526,23612,28496,35385
2010Q1,other_transport_support,Other transportation and support activities,85873,114846,157733,192879
2010Q1,warehousing,Warehousing and storage,44374,38590,84963,83358
2010Q1,information,Information,733889,652109,1246022,1212940
2010Q1,credit_intermediation,"Federal Reserve banks, credit intermediation, and related activities",390979,615977,688655,975771
2010Q1,securities,"Securities, commodity contracts, and investments",250190,441184,439888,619407
2010Q1,insurance,Insurance carriers and related activities,370021,398038,641483,698696
2010Q1,funds_trusts,"Funds, trusts, and other financial vehicles",3369,1484,104587,136569
2010Q1,real_estate,Real estate,1800750,2094776,2419913,2834352
2010Q1,rental_leasing,Rental and leasing services and lessors of intangible assets,156441,158370,256256,272269
2010Q1,legal,Legal services,201659,270841,285886,364591
2010Q1,computer_systems,Computer systems design and related services,195634,166566,297032,274801
2010Q1,misc_professional,"Miscellaneous professional, scientific, and technical services",637680,693689,1010804,1112801
2010Q1,management_companies,Management of companies and enterprises,257909,255979,410503,425123
2010Q1,admin_support,Administrative and support services,379352,427973,573398,641574
2010Q1,waste_remediation,Waste management and remediation services,46191,56261,79382,92743
2010Q1,education,Educational services,194881,239224,285882,338678
2010Q1,ambulatory_health,Ambulatory health care services,521035,549236,784280,843611
2010Q1,hospitals_nursing,"Hospitals, nursing and residential care facilities",481194,549394,815137,925844
2010Q1,social_assistance,Social assistance,88897,106611,162031,189887
2010Q1,performing_arts_museums,"Performing arts, spectator sports, museums, and related activities",85802,101280,131168,153629
2010Q1,amusement_recreation,"Amusements, gambling, and recreation industries",62296,73014,111315,128698
2010Q1,accommodation,Accommodation,106859,128230,181145,212586
2010Q1,food_services,Food services and drinking places,286909,360461,535755,640970
2010Q1,other_services,"Other services, except government",322611,387428,529712,616287
2010Q2,oil_gas_extraction,Oil and gas extraction,182235,88950,289109,192705
2010Q2,mining_except_oil_gas,"Mining, except oil and gas",68487,64820,111704,113814
2010Q2,support_mining,Support activities for mining,46047,51525,82525,94164
2010Q2,utilities,Utilities,274334,286690,486295,511713
2010Q2,construction,Construction,527991,663471,1030009,1235054
2010Q2,wood_products,Wood products,23827,27874,74959,86023
2010Q2,nonmetallic_mineral,Nonmetallic mineral products,38807,48496,94320,112688
2010Q2,primary_metals,Primary metals,50261,37570,237096,224995
2010Q2,fabricated_metal,Fabricated metal products,119720,135556,294883,317084
2010Q2,machinery,Machinery,125863,148449,316473,353139
2010Q2,computer_electronic,Computer and electronic products,226674,189747,355896,316899
2010Q2,electrical_equipment,"Electrical equipment, appliances, and components",51416,53217,107418,112645
2010Q2,motor_vehicles,"Motor vehicles, bodies and trailers, and parts",84780,92242,414394,446681
2010Q2,other_transport_equipment,Other transportation equipment,118219,134359,241051,265404
2010Q2,furniture,Furniture and related products,21900,24494,58355,65324
2010Q2,misc_manufacturing,Miscellaneous manufacturing,83197,88409,159927,173280
2010Q2,food_beverage_tobacco,Food and beverage and tobacco products,224977,247098,795656,902668
2010Q2,textiles,Textile mills and textile product mills,15725,16815,49841,55456
2010Q2,apparel_leather,Apparel and leather and allied products,10344,11075,23001,25487
2010Q2,paper,Paper products,56658,62185,167961,186785
2010Q2,printing,Printing and related support activities,39643,38400,84574,88015
2010Q2,petroleum_coal,Petroleum and coal products,118082,132389,592408,481555
2010Q2,chemicals,Chemical products,301169,385370,706944,788016
2010Q2,plastics_rubber,Plastics and rubber products,61859,68805,186931,209162
2010Q2,wholesale,Wholesale trade,879806,992052,1341969,1509989
2010Q2,retail,Retail trade,867440,925223,1300498,1409338
2010Q2,air_transport,Air transportation,84162,99193,159362,172597
2010Q2,rail_transport,Rail transportation,33231,39802,65488,76369
2010Q2,water_transport,Water transportation,14626,15955,46446,49458
2010Q2,truck_transport,Truck transportation,112803,135592,249011,281340
2010Q2,transit_ground,Transit and ground passenger transportation,30689,37022,43635,50970
2010Q2,pipeline,Pipeline transportation,19221,23853,29586,36084
2010Q2,other_transport_support,Other transportation and support activities,89433,117085,163456,196739
2010Q2,warehousing,Warehousing and storage,45097,39415,87292,85978
2010Q2,information,Information,744783,661013,1259699,1220415
2010Q2,credit_intermediation,"Federal Reserve banks, credit intermediation, and related activities",404523,610008,682790,938774
2010Q2,securities,"Securities, commodity contracts, and investments",224325,375146,439098,606177
2010Q2,insurance,Insurance carriers and related activities,370954,398813,655625,713598
2010Q2,funds_trusts,"Funds, trusts, and other financial vehicles",4046,1676,108452,139834
2010Q2,real_estate,Real estate,1834834,2140296,2462581,2885867
2010Q2,rental_leasing,Rental and leasing services and lessors of intangible assets,160479,161398,268971,284439
2010Q2,legal,Legal services,201860,265449,281876,353719
2010Q2,computer_systems,Computer systems design and related services,198512,170709,297127,276306
2010Q2,misc_professional,"Miscellaneous professional, scientific, and technical services",651994,706816,1020284,1118919
2010Q2,management_companies,Management of companies and enterprises,261970,259703,416191,429694
2010Q2,admin_support,Administrative and support services,386849,433329,584505,649888
2010Q2,waste_remediation,Waste management and remediation services,48058,57334,84238,97126
2010Q2,education,Educational services,198111,241819,292527,344954
2010Q2,ambulatory_health,Ambulatory health care services,527537,552740,796790,852961
2010Q2,hospitals_nursing,"Hospitals, nursing and residential care facilities",489432,554560,830068,937934
2010Q2,social_assistance,Social assistance,89773,107651,162039,189395
2010Q2,performing_arts_museums,"Performing arts, spectator sports, museums, and related activities",86827,101502,133205,154582
2010Q2,amusement_recreation,"Amusements, gambling, and recreation industries",64680,75940,113123,130675
2010Q2,accommodation,Accommodation,111479,134325,185663,217912
2010Q2,food_services,Food services and drinking places,290713,363731,545055,649632
2010Q2,other_services,"Other services, except government",326891,390746,533262,618125
2010Q3,oil_gas_extraction,Oil and gas extraction,179993,87938,299460,199410
2010Q3,mining_except_oil_gas,"Mining, except oil and gas",70815,64889,113844,113415
2010Q3,support_mining,Support activities for mining,50177,55180,87856,99031
2010Q3,utilities,Utilities,282294,291057,505765,525531
2010Q3,construction,Construction,528563,658163,1017148,1213499
2010Q3,wood_products,Wood products,23550,30355,69952,83386
2010Q3,nonmetallic_mineral,Nonmetallic mineral products,38855,48676,93828,111815
2010Q3,primary_metals,Primary metals,53101,43303,240724,234372
2010Q3,fabricated_metal,Fabricated metal products,122283,135425,298888,320232
2010Q3,machinery,Machinery,130559,152529,323645,360176
2010Q3,computer_electronic,Computer and electronic products,228867,194477,365064,328561
2010Q3,electrical_equipment,"Electrical equipment, appliances, and components",50770,52435,110341,115622
2010Q3,motor_vehicles,"Motor vehicles, bodies and trailers, and parts",99698,107565,458091,492368
2010Q3,other_transport_equipment,Other transportation equipment,124298,140208,257826,282827
2010Q3,furniture,Furniture and related products,21983,24024,56641,63028
2010Q3,misc_manufacturing,Miscellaneous manufacturing,83560,88204,159203,171492
2010Q3,food_beverage_tobacco,Food and beverage and tobacco products,220234,250236,801671,902979
2010Q3,textiles,Textile mills and textile product mills,15766,16449,49503,54723
2010Q3,apparel_leather,Apparel and leather and allied products,10642,11465,23081,25550
2010Q3,paper,Paper products,55977,58438,172257,186889
2010Q3,printing,Printing and related support activities,39734,38838,83363,86624
2010Q3,petroleum_coal,Petroleum and coal products,119957,117050,592587,479096
2010Q3,chemicals,Chemical products,304263,387965,730346,813107
2010Q3,plastics_rubber,Plastics and rubber products,61578,67464,187641,209327
2010Q3,wholesale,Wholesale trade,905035,1026277,1384200,1561262
2010Q3,retail,Retail trade,866992,926885,1302548,1412411
2010Q3,air_transport,Air transportation,86370,103652,165917,181950
2010Q3,rail_transport,Rail transportation,34279,40645,67401,78197
2010Q3,water_transport,Water transportation,15397,16205,51092,53166
2010Q3,truck_transport,Truck transportation,115512,138584,257221,289686
2010Q3,transit_ground,Transit and ground passenger transportation,31824,38159,45174,52426
2010Q3,pipeline,Pipeline transportation,20721,25749,31573,38422
2010Q3,other_transport_support,Other transportation and support activities,92854,120474,169396,202299
2010Q3,warehousing,Warehousing and storage,45577,41494,90451,90877
2010Q3,information,Information,769303,684535,1280323,1239665
2010Q3,credit_intermediation,"Federal Reserve banks, credit intermediation, and related activities",421453,628410,676586,921723
2010Q3,securities,"Securities, commodity contracts, and investments",168963,285075,458494,636588
2010Q3,insurance,Insurance carriers and related activities,374961,400917,669702,725818
2010Q3,funds_trusts,"Funds, trusts, and other financial vehicles",3963,1649,110581,143261
2010Q3,real_estate,Real estate,1842994,2153470,2456986,2878687
2010Q3,rental_leasing,Rental and leasing services and lessors of intangible assets,162059,163195,275058,290678
2010Q3,legal,Legal services,206223,267214,289429,359000
2010Q3,computer_systems,Computer systems design and related services,206432,178965,309411,288913
2010Q3,misc_professional,"Miscellaneous professional, scientific, and technical services",665137,720323,1032863,1130254
2010Q3,management_companies,Management of companies and enterprises,266863,263556,424125,435997
2010Q3,admin_support,Administrative and support services,394058,439486,592073,655282
2010Q3,waste_remediation,Waste management and remediation services,48588,57840,83732,96223
2010Q3,education,Educational services,200665,242900,294869,345323
2010Q3,ambulatory_health,Ambulatory health care services,535801,557651,816040,868619
2010Q3,hospitals_nursing,"Hospitals, nursing and residential care facilities",495398,559602,837883,943454
2010Q3,social_assistance,Social assistance,90269,107628,165025,192018
2010Q3,performing_arts_museums,"Performing arts, spectator sports, museums, and related activities",88042,102135,133859,154229
2010Q3,amusement_recreation,"Amusements, gambling, and recreation industries",65266,76538,110173,126830
2010Q3,accommodation,Accommodation,114417,140252,187793,222036
2010Q3,food_services,Food services and drinking places,293384,366271,552374,655637
2010Q3,other_services,"Other services, except government",331105,394761,536306,619870
2010Q4,oil_gas_extraction,Oil and gas extraction,192959,89761,313878,202984
2010Q4,mining_except_oil_gas,"Mining, except oil and gas",74964,65758,119098,114100
2010Q4,support_mining,Support activities for mining,52826,57449,88766,98857
2010Q4,utilities,Utilities,285196,293951,499465,519740
2010Q4,construction,Construction,527190,653583,1027805,1217397
2010Q4,wood_products,Wood products,23760,31501,71936,86251
2010Q4,nonmetallic_mineral,Nonmetallic mineral products,38038,47963,90880,108137
2010Q4,primary_metals,Primary metals,55194,43680,248355,233203
2010Q4,fabricated_metal,Fabricated metal products,122958,137599,304548,326364
2010Q4,machinery,Machinery,134559,157507,336064,372794
2010Q4,computer_electronic,Computer and electronic products,235833,203595,361127,327704
2010Q4,electrical_equipment,"Electrical equipment, appliances, and components",51004,53170,113010,117389
2010Q4,motor_vehicles,"Motor vehicles, bodies and trailers, and parts",103228,116096,465955,502637
2010Q4,other_transport_equipment,Other transportation equipment,124143,139644,247823,270743
2010Q4,furniture,Furniture and related products,21834,23867,56269,62546
2010Q4,misc_manufacturing,Miscellaneous manufacturing,82698,86509,159904,170719
2010Q4,food_beverage_tobacco,Food and beverage and tobacco products,215799,244759,811772,890412
2010Q4,textiles,Textile mills and textile product mills,15443,15904,50626,55306
2010Q4,apparel_leather,Apparel and leather and allied products,10470,11326,23925,26466
2010Q4,paper,Paper products,54964,57387,173098,186624
2010Q4,printing,Printing and related support activities,39708,38962,84476,87452
2010Q4,petroleum_coal,Petroleum and coal products,133532,106147,663127,478667
2010Q4,chemicals,Chemical products,306154,389639,744343,806052
2010Q4,plastics_rubber,Plastics and rubber products,61755,67612,190318,211182
2010Q4,wholesale,Wholesale trade,905620,1024345,1425866,1602512
2010Q4,retail,Retail trade,871725,931112,1323835,1433046
2010Q4,air_transport,Air transportation,87414,110845,176164,194448
2010Q4,rail_transport,Rail transportation,34633,41819,69289,80141
2010Q4,water_transport,Water transportation,14536,16191,47737,50010
2010Q4,truck_transport,Truck transportation,116684,138779,260951,289320
2010Q4,transit_ground,Transit and ground passenger transportation,32853,38643,46532,53043
2010Q4,pipeline,Pipeline transportation,22433,27599,35107,42418
2010Q4,other_transport_support,Other transportation and support activities,93883,119948,172101,202413
2010Q4,warehousing,Warehousing and storage,45635,42330,91172,92369
2010Q4,information,Information,771731,685665,1289425,1245588
2010Q4,credit_intermediation,"Federal Reserve banks, credit intermediation, and related activities",461128,690165,719512,979088
2010Q4,securities,"Securities, commodity contracts, and investments",143384,219973,480082,640494
2010Q4,insurance,Insurance carriers and related activities,377688,402875,682555,738421
2010Q4,funds_trusts,"Funds, trusts, and other financial vehicles",2951,7166,112280,145428
2010Q4,real_estate,Real estate,1869074,2182793,2477850,2900329
2010Q4,rental_leasing,Rental and leasing services and lessors of intangible assets,162211,162948,273829,287898
2010Q4,legal,Legal services,209246,267993,286795,352527
2010Q4,computer_systems,Computer systems design and related services,211183,183499,316554,295712
2010Q4,misc_professional,"Miscellaneous professional, scientific, and technical services",675028,728341,1043826,1137381
2010Q4,management_companies,Management of companies and enterprises,274556,270033,437843,448024
2010Q4,admin_support,Administrative and support services,400422,447803,608728,673473
2010Q4,waste_remediation,Waste management and remediation services,48395,57501,82399,94112
2010Q4,education,Educational services,202190,244297,298314,348324
2010Q4,ambulatory_health,Ambulatory health care services,543819,564698,816283,865617
2010Q4,hospitals_nursing,"Hospitals, nursing and residential care facilities",496286,557303,847495,948966
2010Q4,social_assistance,Social assistance,89868,106533,161910,187437
2010Q4,performing_arts_museums,"Performing arts, spectator sports, museums, and related activities",90766,106400,137952,160011
2010Q4,amusement_recreation,"Amusements, gambling, and recreation industries",65983,77049,112841,129141
2010Q4,accommodation,Accommodation,115795,138867,188077,218767
2010Q4,food_services,Food services and drinking places,295701,369063,557413,659334
2010Q4,other_services,"Other services, except government",332166,393594,539964,620267
2011Q1,oil_gas_extraction,Oil and gas extraction,204517,85092,343410,203823
2011Q1,mining_except_oil_gas,"Mining, except oil and gas",75980,64645,125135,116079
2011Q1,support_mining,Support activities for mining,55319,60202,87222,96568
2011Q1,utilities,Utilities,275866,285366,490147,500493
2011Q1,construction,Construction,512309,640087,983495,1157697
2011Q1,wood_products,Wood products,23319,31386,71435,84490
2011Q1,nonmetallic_mineral,Nonmetallic mineral products,37718,48832,92728,110208
2011Q1,primary_metals,Primary metals,58149,41157,268293,236738
2011Q1,fabricated_metal,Fabricated metal products,124827,140900,316825,334727
2011Q1,machinery,Machinery,139916,165462,348455,383360
2011Q1,computer_electronic,Computer and electronic products,227790,197460,361013,327863
2011Q1,electrical_equipment,"Electrical equipment, appliances, and components",49255,51800,115317,118610
2011Q1,motor_vehicles,"Motor vehicles, bodies and trailers, and parts",105696,123134,501013,537682
2011Q1,other_transport_equipment,Other transportation equipment,125314,140683,259047,280847
2011Q1,furniture,Furniture and related products,21842,24303,57316,63457
2011Q1,misc_manufacturing,Miscellaneous manufacturing,81234,85522,164243,174337
2011Q1,food_beverage_tobacco,Food and beverage and tobacco products,209433,244540,831631,884166
2011Q1,textiles,Textile mills and textile product mills,15075,14945,52726,55649
2011Q1,apparel_leather,Apparel and leather and allied products,10298,11183,25417,27958
2011Q1,paper,Paper products,54193,58458,175230,188589
2011Q1,printing,Printing and related support activities,39358,38917,85552,88101
2011Q1,petroleum_coal,Petroleum and coal products,145289,106054,757799,485435
2011Q1,chemicals,Chemical products,300981,374416,763088,788867
2011Q1,plastics_rubber,Plastics and rubber products,61694,66579,194049,210419
2011Q1,wholesale,Wholesale trade,911813,1019947,1482810,1650437
2011Q1,retail,Retail trade,874194,930946,1326722,1430380
2011Q1,air_transport,Air transportation,86208,105023,185768,195327
2011Q1,rail_transport,Rail transportation,34756,40881,72964,81748
2011Q1,water_transport,Water transportation,14541,16249,48959,50265
2011Q1,truck_transport,Truck transportation,118986,139684,269050,291498
2011Q1,transit_ground,Transit and ground passenger transportation,33100,37500,48023,53073
2011Q1,pipeline,Pipeline transportation,21518,25869,33414,39600
2011Q1,other_transport_support,Other transportation and support activities,93400,117622,174480,201380
2011Q1,warehousing,Warehousing and storage,45061,42367,95299,96738
2011Q1,information,Information,761605,680668,1298023,1258992
2011Q1,credit_intermediation,"Federal Reserve banks, credit intermediation, and related activities",447772,697116,692035,964136
2011Q1,securities,"Securities, commodity contracts, and investments",170895,250292,490074,637749
2011Q1,insurance,Insurance carriers and related activities,384461,407127,711342,765416
2011Q1,funds_trusts,"Funds, trusts, and other financial vehicles",1138,11621,113257,146204
2011Q1,real_estate,Real estate,1853050,2156402,2488835,2903526
2011Q1,rental_leasing,Rental and leasing services and lessors of intangible assets,159439,160264,279736,293375
2011Q1,legal,Legal services,211047,267372,296384,361239
2011Q1,computer_systems,Computer systems design and related services,216043,187127,318511,296464
2011Q1,misc_professional,"Miscellaneous professional, scientific, and technical services",677007,728554,1060177,1150068
2011Q1,management_companies,Management of companies and enterprises,277629,273486,452507,463101
2011Q1,admin_support,Administrative and support services,406667,455242,614064,678274
2011Q1,waste_remediation,Waste management and remediation services,42691,50623,83405,94499
2011Q1,education,Educational services,204289,244815,301807,349428
2011Q1,ambulatory_health,Ambulatory health care services,545903,567488,824207,872221
2011Q1,hospitals_nursing,"Hospitals, nursing and residential care facilities",499191,559619,856090,954085
2011Q1,social_assistance,Social assistance,87669,102929,160563,184191
2011Q1,performing_arts_museums,"Performing arts, spectator sports, museums, and related activities",89650,104294,132895,153072
2011Q1,amusement_recreation,"Amusements, gambling, and recreation industries",66264,76801,115529,131092
2011Q1,accommodation,Accommodation,118496,141475,191978,221998
2011Q1,food_services,Food services and drinking places,296130,372503,562628,664593
2011Q1,other_services,"Other services, except government",330432,389242,541850,618308
2011Q2,oil_gas_extraction,Oil and gas extraction,224967,84374,387906,213834
2011Q2,mining_except_oil_gas,"Mining, except oil and gas",78116,66393,131397,120383
2011Q2,support_mining,Support activities for mining,60066,63955,92019,99832
2011Q2,utilities,Utilities,289888,304411,488665,497016
2011Q2,construction,Construction,523557,651197,1017439,1185040
2011Q2,wood_products,Wood products,23356,32877,71054,84821
2011Q2,nonmetallic_mineral,Nonmetallic mineral products,38258,50097,92545,109313
2011Q2,primary_metals,Primary metals,61629,43017,282998,241052
2011Q2,fabricated_metal,Fabricated metal products,126263,143196,320881,333321
2011Q2,machinery,Machinery,142581,170457,357366,389610
2011Q2,computer_electronic,Computer and electronic products,227835,199148,364308,331693
2011Q2,electrical_equipment,"Electrical equipment, appliances, and components",48062,50943,116957,119008
2011Q2,motor_vehicles,"Motor vehicles, bodies and trailers, and parts",100213,119825,483518,513955
2011Q2,other_transport_equipment,Other transportation equipment,125740,141830,254293,274203
2011Q2,furniture,Furniture and related products,21986,24575,56421,61981
2011Q2,misc_manufacturing,Miscellaneous manufacturing,80337,85311,162715,171419
2011Q2,food_beverage_tobacco,Food and beverage and tobacco products,208252,250623,854590,887683
2011Q2,textiles,Textile mills and textile product mills,14997,14541,53364,54278
2011Q2,apparel_leather,Apparel and leather and allied products,10128,10924,25782,28106
2011Q2,paper,Paper products,53801,59186,174866,187152
2011Q2,printing,Printing and related support activities,38955,38671,84353,86173
2011Q2,petroleum_coal,Petroleum and coal products,164868,105650,841303,485456
2011Q2,chemicals,Chemical products,310180,374557,793822,789581
2011Q2,plastics_rubber,Plastics and rubber products,62706,67901,201946,212767
2011Q2,wholesale,Wholesale trade,932656,1008473,1508972,1638267
2011Q2,retail,Retail trade,878014,926809,1331567,1422599
2011Q2,air_transport,Air transportation,85406,106532,195597,201485
2011Q2,rail_transport,Rail transportation,36292,40327,75812,81172
2011Q2,water_transport,Water transportation,14072,15774,48523,48937
2011Q2,truck_transport,Truck transportation,121189,143740,275935,293034
2011Q2,transit_ground,Transit and ground passenger transportation,34055,39286,49470,54776
2011Q2,pipeline,Pipeline transportation,21690,25900,34843,40964
2011Q2,other_transport_support,Other transportation and support activities,94263,116023,178352,200471
2011Q2,warehousing,Warehousing and storage,45215,43090,96097,97732
2011Q2,information,Information,768891,687241,1324542,1282165
2011Q2,credit_intermediation,"Federal Reserve banks, credit intermediation, and related activities",451548,693838,683214,939532
2011Q2,securities,"Securities, commodity contracts, and investments",162272,233926,466807,597430
2011Q2,insurance,Insurance carriers and related activities,383749,405346,721301,773458
2011Q2,funds_trusts,"Funds, trusts, and other financial vehicles",1059,19830,113922,145213
2011Q2,real_estate,Real estate,1889700,2199277,2499624,2908461
2011Q2,rental_leasing,Rental and leasing services and lessors of intangible assets,161999,162411,283948,295766
2011Q2,legal,Legal services,216523,272604,299799,363176
2011Q2,computer_systems,Computer systems design and related services,225346,195256,325660,302582
2011Q2,misc_professional,"Miscellaneous professional, scientific, and technical services",683501,737384,1074790,1163441
2011Q2,management_companies,Management of companies and enterprises,278002,274633,449193,458974
2011Q2,admin_support,Administrative and support services,411024,461329,628918,693612
2011Q2,waste_remediation,Waste management and remediation services,42383,50159,82190,92315
2011Q2,education,Educational services,205790,245588,305570,351328
2011Q2,ambulatory_health,Ambulatory health care services,553222,574125,832102,876582
2011Q2,hospitals_nursing,"Hospitals, nursing and residential care facilities",505086,565087,867424,961630
2011Q2,social_assistance,Social assistance,88281,103503,164700,187711
2011Q2,performing_arts_museums,"Performing arts, spectator sports, museums, and related activities",91981,106993,138919,159759
2011Q2,amusement_recreation,"Amusements, gambling, and recreation industries",66592,77157,118307,133526
2011Q2,accommodation,Accommodation,121351,145752,197141,227758
2011Q2,food_services,Food services and drinking places,299958,376437,575544,674593
2011Q2,other_services,"Other services, except government",332599,389334,546420,618371
2011Q3,oil_gas_extraction,Oil and gas extraction,217722,89413,375795,218399
2011Q3,mining_except_oil_gas,"Mining, except oil and gas",77227,63968,134398,120730
2011Q3,support_mining,Support activities for mining,64278,68225,100259,108182
2011Q3,utilities,Utilities,290288,299604,493115,496650
2011Q3,construction,Construction,530328,652357,1027861,1187301
2011Q3,wood_products,Wood products,23776,33747,73273,87351
2011Q3,nonmetallic_mineral,Nonmetallic mineral products,39012,50750,93097,109274
2011Q3,primary_metals,Primary metals,63451,45923,284187,242651
2011Q3,fabricated_metal,Fabricated metal products,127792,142474,330178,340713
2011Q3,machinery,Machinery,145355,171612,379535,410696
2011Q3,computer_electronic,Computer and electronic products,226323,199680,362078,331549
2011Q3,electrical_equipment,"Electrical equipment, appliances, and components",48034,50515,119190,120555
2011Q3,motor_vehicles,"Motor vehicles, bodies and trailers, and parts",100661,119294,502551,531481
2011Q3,other_transport_equipment,Other transportation equipment,127236,142464,259165,278117
2011Q3,furniture,Furniture and related products,22085,24463,56929,62167
2011Q3,misc_manufacturing,Miscellaneous manufacturing,80018,84919,161967,169892
2011Q3,food_beverage_tobacco,Food and beverage and tobacco products,206333,238675,861054,879585
2011Q3,textiles,Textile mills and textile product mills,15017,14528,52949,53239
2011Q3,apparel_leather,Apparel and leather and allied products,10014,10637,25409,27248
2011Q3,paper,Paper products,53539,58755,176003,187222
2011Q3,printing,Printing and related support activities,38530,38721,84016,85744
2011Q3,petroleum_coal,Petroleum and coal products,170639,108688,839437,497590
2011Q3,chemicals,Chemical products,304625,357935,788626,779111
2011Q3,plastics_rubber,Plastics and rubber products,62912,66408,201335,209351
2011Q3,wholesale,Wholesale trade,933686,1003708,1553573,1678274
2011Q3,retail,Retail trade,884433,917973,1333690,1407605
2011Q3,air_transport,Air transportation,82246,100975,196742,202019
2011Q3,rail_transport,Rail transportation,36940,40401,76214,81060
2011Q3,water_transport,Water transportation,13854,17604,48602,50843
2011Q3,truck_transport,Truck transportation,122598,143907,279311,295880
2011Q3,transit_ground,Transit and ground passenger transportation,34206,39400,48765,53952
2011Q3,pipeline,Pipeline transportation,21425,24207,35554,40314
2011Q3,other_transport_support,Other transportation and support activities,93770,113969,181663,203105
2011Q3,warehousing,Warehousing and storage,45365,43153,99806,101110
2011Q3,information,Information,758898,685123,1336332,1299623
2011Q3,credit_intermediation,"Federal Reserve banks, credit intermediation, and related activities",465275,704437,694173,945071
2011Q3,securities,"Securities, commodity contracts, and investments",181507,271432,433410,560007
2011Q3,insurance,Insurance carriers and related activities,384801,405162,733633,784606
2011Q3,funds_trusts,"Funds, trusts, and other financial vehicles",2072,5565,114169,145301
2011Q3,real_estate,Real estate,1900243,2193998,2520005,2911615
2011Q3,rental_leasing,Rental and leasing services and lessors of intangible assets,163355,160535,287946,296509
2011Q3,legal,Legal services,217365,270495,298758,358751
2011Q3,computer_systems,Computer systems design and related services,227564,197122,333774,309958
2011Q3,misc_professional,"Miscellaneous professional, scientific, and technical services",689632,741060,1093194,1179124
2011Q3,management_companies,Management of companies and enterprises,277137,272037,442543,450290
2011Q3,admin_support,Administrative and support services,414577,463803,634567,697886
2011Q3,waste_remediation,Waste management and remediation services,42766,50553,84394,94532
2011Q3,education,Educational services,207062,243561,307780,350159
2011Q3,ambulatory_health,Ambulatory health care services,559615,579085,838148,880037
2011Q3,hospitals_nursing,"Hospitals, nursing and residential care facilities",507116,564799,873317,963866
2011Q3,social_assistance,Social assistance,88961,104170,163622,185807
2011Q3,performing_arts_museums,"Performing arts, spectator sports, museums, and related activities",96598,112441,138804,159690
2011Q3,amusement_recreation,"Amusements, gambling, and recreation industries",64826,74565,114933,128934
2011Q3,accommodation,Accommodation,122885,148091,201534,232965
2011Q3,food_services,Food services and drinking places,302132,375947,586932,683567
2011Q3,other_services,"Other services, except government",334274,387914,554581,623844
2011Q4,oil_gas_extraction,Oil and gas extraction,228889,96619,384652,230322
2011Q4,mining_except_oil_gas,"Mining, except oil and gas",75553,64182,132602,121149
2011Q4,support_mining,Support activities for mining,68501,71970,112357,120332
2011Q4,utilities,Utilities,297081,318086,467710,487090
2011Q4,construction,Construction,536267,652133,1053026,1208108
2011Q4,wood_products,Wood products,24279,33197,75966,89660
2011Q4,nonmetallic_mineral,Nonmetallic mineral products,40741,52231,97885,114661
2011Q4,primary_metals,Primary metals,67365,51192,290587,256932
2011Q4,fabricated_metal,Fabricated metal products,130896,142253,339541,349699
2011Q4,machinery,Machinery,151585,175105,391004,420780
2011Q4,computer_electronic,Computer and electronic products,227148,201731,359226,331465
2011Q4,electrical_equipment,"Electrical equipment, appliances, and components",47887,49048,119863,121214
2011Q4,motor_vehicles,"Motor vehicles, bodies and trailers, and parts",111492,129483,507987,536329
2011Q4,other_transport_equipment,Other transportation equipment,130496,144678,262300,280184
2011Q4,furniture,Furniture and related products,22026,23814,58362,63332
2011Q4,misc_manufacturing,Miscellaneous manufacturing,80518,84834,159537,167341
2011Q4,food_beverage_tobacco,Food and beverage and tobacco products,215161,236905,876672,891543
2011Q4,textiles,Textile mills and textile product mills,15185,14614,52499,52844
2011Q4,apparel_leather,Apparel and leather and allied products,10084,10693,23012,24668
2011Q4,paper,Paper products,53823,58857,176666,188799
2011Q4,printing,Printing and related support activities,38298,38485,83005,84750
2011Q4,petroleum_coal,Petroleum and coal products,155442,106531,829305,493829
2011Q4,chemicals,Chemical products,308056,355491,785823,780511
2011Q4,plastics_rubber,Plastics and rubber products,64939,66904,206725,214953
2011Q4,wholesale,Wholesale trade,961062,1051226,1577839,1723051
2011Q4,retail,Retail trade,897841,935305,1351799,1431312
2011Q4,air_transport,Air transportation,85408,98422,198762,199063
2011Q4,rail_transport,Rail transportation,38288,42468,78276,83563
2011Q4,water_transport,Water transportation,13983,19434,49588,53254
2011Q4,truck_transport,Truck transportation,125234,143716,289173,303287
2011Q4,transit_ground,Transit and ground passenger transportation,35453,40956,50689,56216
2011Q4,pipeline,Pipeline transportation,21731,26125,36141,42554
2011Q4,other_transport_support,Other transportation and support activities,94715,114029,181686,202149
2011Q4,warehousing,Warehousing and storage,45034,42435,99240,100497
2011Q4,information,Information,762625,686798,1340067,1303113
2011Q4,credit_intermediation,"Federal Reserve banks, credit intermediation, and related activities",481555,717373,702793,946554
2011Q4,securities,"Securities, commodity contracts, and investments",179012,287418,418581,556877
2011Q4,insurance,Insurance carriers and related activities,388762,406697,744357,793275
2011Q4,funds_trusts,"Funds, trusts, and other financial vehicles",4225,2119,113903,142998
2011Q4,real_estate,Real estate,1936636,2223894,2529082,2908323
2011Q4,rental_leasing,Rental and leasing services and lessors of intangible assets,168600,167857,287298,297713
2011Q4,legal,Legal services,219586,270436,296085,352733
2011Q4,computer_systems,Computer systems design and related services,230385,200041,345797,321577
2011Q4,misc_professional,"Miscellaneous professional, scientific, and technical services",694624,744767,1100395,1185061
2011Q4,management_companies,Management of companies and enterprises,278841,272947,441813,449132
2011Q4,admin_support,Administrative and support services,417449,464364,634845,695357
2011Q4,waste_remediation,Waste management and remediation services,42339,49460,82787,92156
2011Q4,education,Educational services,208034,242613,310641,351530
2011Q4,ambulatory_health,Ambulatory health care services,564279,580251,840828,879479
2011Q4,hospitals_nursing,"Hospitals, nursing and residential care facilities",510711,565774,882132,971115
2011Q4,social_assistance,Social assistance,89745,104248,169408,191574
2011Q4,performing_arts_museums,"Performing arts, spectator sports, museums, and related activities",93797,109405,135793,156547
2011Q4,amusement_recreation,"Amusements, gambling, and recreation industries",65108,73807,113467,126433
2011Q4,accommodation,Accommodation,125407,145001,204321,230649
2011Q4,food_services,Food services and drinking places,306615,376200,591399,684723
2011Q4,other_services,"Other services, except government",336867,387202,551866,617665
2012Q1,oil_gas_extraction,Oil and gas extraction,232090,101916,380613,236151
2012Q1,mining_except_oil_gas,"Mining, except oil and gas",70963,59509,133576,120676
2012Q1,support_mining,Support activities for mining,68419,70593,123457,130237
2012Q1,utilities,Utilities,273257,301272,445653,476658
2012Q1,construction,Construction,549156,668457,1067741,1219503
2012Q1,wood_products,Wood products,24774,33459,78216,91695
2012Q1,nonmetallic_mineral,Nonmetallic mineral products,41328,52359,96692,112262
2012Q1,primary_metals,Primary metals,66581,49481,282788,247317
2012Q1,fabricated_metal,Fabricated metal products,136239,149205,344057,353739
2012Q1,machinery,Machinery,153621,177272,400220,428370
2012Q1,computer_electronic,Computer and electronic products,228394,204339,354204,328194
2012Q1,electrical_equipment,"Electrical equipment, appliances, and components",49488,50064,123665,123861
2012Q1,motor_vehicles,"Motor vehicles, bodies and trailers, and parts",111143,128390,510699,535776
2012Q1,other_transport_equipment,Other transportation equipment,128480,142463,286760,304871
2012Q1,furniture,Furniture and related products,22447,23823,63063,67629
2012Q1,misc_manufacturing,Miscellaneous manufacturing,80625,84385,155644,162254
2012Q1,food_beverage_tobacco,Food and beverage and tobacco products,215536,235774,877005,885782
2012Q1,textiles,Textile mills and textile product mills,15669,15552,52458,53237
2012Q1,apparel_leather,Apparel and leather and allied products,10004,10547,20460,21819
2012Q1,paper,Paper products,52914,58184,177062,189374
2012Q1,printing,Printing and related support activities,38006,38166,81476,83337
2012Q1,petroleum_coal,Petroleum and coal products,168554,117602,854962,495115
2012Q1,chemicals,Chemical products,302646,349045,791370,787923
2012Q1,plastics_rubber,Plastics and rubber products,66174,68206,213802,221255
2012Q1,wholesale,Wholesale trade,979971,1039456,1631366,1745374
2012Q1,retail,Retail trade,913394,937661,1384201,1450549
2012Q1,air_transport,Air transportation,86749,99048,198972,195758
2012Q1,rail_transport,Rail transportation,38070,42024,79688,83892
2012Q1,water_transport,Water transportation,13240,18864,50285,53851
2012Q1,truck_transport,Truck transportation,127586,145214,296888,308078
2012Q1,transit_ground,Transit and ground passenger transportation,36008,41663,50378,55720
2012Q1,pipeline,Pipeline transportation,23202,27260,35241,40859
2012Q1,other_transport_support,Other transportation and support activities,94513,112852,182757,201433
2012Q1,warehousing,Warehousing and storage,46757,45496,102743,105692
2012Q1,information,Information,758854,686317,1359021,1318782
2012Q1,credit_intermediation,"Federal Reserve banks, credit intermediation, and related activities",515704,751515,740025,978514
2012Q1,securities,"Securities, commodity contracts, and investments",194757,294209,481177,621720
2012Q1,insurance,Insurance carriers and related activities,411285,429363,787084,836475
2012Q1,funds_trusts,"Funds, trusts, and other financial vehicles",8154,11290,113816,138448
2012Q1,real_estate,Real estate,1921115,2201507,2567578,2941716
2012Q1,rental_leasing,Rental and leasing services and lessors of intangible assets,169788,168136,291543,300343
2012Q1,legal,Legal services,219757,268518,317460,375595
2012Q1,computer_systems,Computer systems design and related services,237556,207098,351653,327364
2012Q1,misc_professional,"Miscellaneous professional, scientific, and technical services",715705,763858,1128619,1210374
2012Q1,management_companies,Management of companies and enterprises,292217,286920,463850,471753
2012Q1,admin_support,Administrative and support services,429024,477264,649052,709673
2012Q1,waste_remediation,Waste management and remediation services,43393,50630,84143,93300
2012Q1,education,Educational services,212884,245845,310368,348370
2012Q1,ambulatory_health,Ambulatory health care services,572453,585812,864589,900757
2012Q1,hospitals_nursing,"Hospitals, nursing and residential care facilities",517403,569430,904971,990587
2012Q1,social_assistance,Social assistance,95684,111073,169780,191185
2012Q1,performing_arts_museums,"Performing arts, spectator sports, museums, and related activities",99725,114855,140877,160489
2012Q1,amusement_recreation,"Amusements, gambling, and recreation industries",68511,76856,115367,127472
2012Q1,accommodation,Accommodation,126377,144651,206725,231482
2012Q1,food_services,Food services and drinking places,318662,386007,607903,697866
2012Q1,other_services,"Other services, except government",343449,392146,566701,630296
2012Q2,oil_gas_extraction,Oil and gas extraction,218281,110365,342675,235235
2012Q2,mining_except_oil_gas,"Mining, except oil and gas",67268,58204,126786,116861
2012Q2,support_mining,Support activities for mining,70062,70352,131389,136605
2012Q2,utilities,Utilities,282761,310006,461004,497142
2012Q2,construction,Construction,552814,666751,1064910,1207667
2012Q2,wood_products,Wood products,25326,33291,79117,91657
2012Q2,nonmetallic_mineral,Nonmetallic mineral products,42441,53295,99137,114489
2012Q2,primary_metals,Primary metals,66866,51196,273819,244463
2012Q2,fabricated_metal,Fabricated metal products,138012,147628,343541,351432
2012Q2,machinery,Machinery,154234,175447,409441,435874
2012Q2,computer_electronic,Computer and electronic products,228421,204673,360419,334750
2012Q2,electrical_equipment,"Electrical equipment, appliances, and components",52425,51920,123392,122966
2012Q2,motor_vehicles,"Motor vehicles, bodies and trailers, and parts",117748,133252,524476,546974
2012Q2,other_transport_equipment,Other transportation equipment,126732,139836,287669,304958
2012Q2,furniture,Furniture and related products,22352,23635,65677,70108
2012Q2,misc_manufacturing,Miscellaneous manufacturing,82517,86357,157008,163537
2012Q2,food_beverage_tobacco,Food and beverage and tobacco products,219652,239726,891833,902108
2012Q2,textiles,Textile mills and textile product mills,15957,16108,51819,52646
2012Q2,apparel_leather,Apparel and leather and allied products,10104,10573,19381,20522
2012Q2,paper,Paper products,53277,58839,178614,191161
2012Q2,printing,Printing and related support activities,38619,38740,83396,85170
2012Q2,petroleum_coal,Petroleum and coal products,159181,105533,813106,488353
2012Q2,chemicals,Chemical products,305386,346128,784729,778550
2012Q2,plastics_rubber,Plastics and rubber products,67547,68436,215534,220330
2012Q2,wholesale,Wholesale trade,992328,1063163,1641560,1764908
2012Q2,retail,Retail trade,917550,918063,1387741,1428536
2012Q2,air_transport,Air transportation,87620,95010,196786,190743
2012Q2,rail_transport,Rail transportation,40427,42439,79179,81457
2012Q2,water_transport,Water transportation,12925,16698,50324,52761
2012Q2,truck_transport,Truck transportation,128758,145272,296211,306298
2012Q2,transit_ground,Transit and ground passenger transportation,36657,41664,50157,54762
2012Q2,pipeline,Pipeline transportation,26288,30887,35926,41658
2012Q2,other_transport_support,Other transportation and support activities,95797,111969,186371,203242
2012Q2,warehousing,Warehousing and storage,46957,46792,107342,111429
2012Q2,information,Information,772026,697264,1375299,1331521
2012Q2,credit_intermediation,"Federal Reserve banks, credit intermediation, and related activities",512109,758165,752110,1004582
2012Q2,securities,"Securities, commodity contracts, and investments",232157,332366,452448,570678
2012Q2,insurance,Insurance carriers and related activities,405650,423447,788837,836702
2012Q2,funds_trusts,"Funds, trusts, and other financial vehicles",9954,23433,115067,138532
2012Q2,real_estate,Real estate,1937445,2212125,2591718,2959482
2012Q2,rental_leasing,Rental and leasing services and lessors of intangible assets,174423,173304,295231,304238
2012Q2,legal,Legal services,217818,263137,306570,359502
2012Q2,computer_systems,Computer systems design and related services,250724,220259,354784,331752
2012Q2,misc_professional,"Miscellaneous professional, scientific, and technical services",724231,769204,1128460,1204828
2012Q2,management_companies,Management of companies and enterprises,293948,288266,463023,470420
2012Q2,admin_support,Administrative and support services,430043,476997,647627,705825
2012Q2,waste_remediation,Waste management and remediation services,42798,49880,83563,92522
2012Q2,education,Educational services,214758,246949,307211,343612
2012Q2,ambulatory_health,Ambulatory health care services,570711,582741,868691,903062
2012Q2,hospitals_nursing,"Hospitals, nursing and residential care facilities",522237,570501,912470,993655
2012Q2,social_assistance,Social assistance,95400,109536,169117,189003
2012Q2,performing_arts_museums,"Performing arts, spectator sports, museums, and related activities",101138,115583,143804,162582
2012Q2,amusement_recreation,"Amusements, gambling, and recreation industries",69598,77055,119625,131062
2012Q2,accommodation,Accommodation,128672,146709,215484,240536
2012Q2,food_services,Food services and drinking places,319887,381298,609477,692988
2012Q2,other_services,"Other services, except government",347224,393642,573858,634747
2012Q3,oil_gas_extraction,Oil and gas extraction,218857,111418,353172,241206
2012Q3,mining_except_oil_gas,"Mining, except oil and gas",64404,56629,118987,110596
2012Q3,support_mining,Support activities for mining,68251,68130,127841,132233
2012Q3,utilities,Utilities,284363,309475,468758,498799
2012Q3,construction,Construction,553776,665186,1072781,1210411
2012Q3,wood_products,Wood products,26100,33285,81186,92810
2012Q3,nonmetallic_mineral,Nonmetallic mineral products,43248,53640,99803,114518
2012Q3,primary_metals,Primary metals,65246,54677,260542,241090
2012Q3,fabricated_metal,Fabricated metal products,138407,146151,341849,350441
2012Q3,machinery,Machinery,153076,171328,404152,428654
2012Q3,computer_electronic,Computer and electronic products,228003,205724,351099,327425
2012Q3,electrical_equipment,"Electrical equipment, appliances, and components",52833,52053,122447,122154
2012Q3,motor_vehicles,"Motor vehicles, bodies and trailers, and parts",115901,128193,510045,529321
2012Q3,other_transport_equipment,Other transportation equipment,126528,138277,290790,306993
2012Q3,furniture,Furniture and related products,22297,23812,66733,71396
2012Q3,misc_manufacturing,Miscellaneous manufacturing,81955,84958,156261,162305
2012Q3,food_beverage_tobacco,Food and beverage and tobacco products,228494,245268,895523,887302
2012Q3,textiles,Textile mills and textile product mills,16015,16157,51585,52656
2012Q3,apparel_leather,Apparel and leather and allied products,9908,10374,18831,19822
2012Q3,paper,Paper products,53067,58746,179739,192578
2012Q3,printing,Printing and related support activities,38430,39050,83377,85243
2012Q3,petroleum_coal,Petroleum and coal products,156342,86666,816522,493056
2012Q3,chemicals,Chemical products,307827,345316,793670,804858
2012Q3,plastics_rubber,Plastics and rubber products,68468,68704,217920,223847
2012Q3,wholesale,Wholesale trade,1003818,1065302,1657255,1767868
2012Q3,retail,Retail trade,926501,941591,1407420,1461130
2012Q3,air_transport,Air transportation,89271,99390,192384,189073
2012Q3,rail_transport,Rail transportation,40387,42992,78761,81532
2012Q3,water_transport,Water transportation,12509,16205,48454,50983
2012Q3,truck_transport,Truck transportation,128525,143575,294934,303204
2012Q3,transit_ground,Transit and ground passenger transportation,37053,41735,52082,56369
2012Q3,pipeline,Pipeline transportation,25399,28577,36499,41024
2012Q3,other_transport_support,Other transportation and support activities,95276,110981,185421,201691
2012Q3,warehousing,Warehousing and storage,47408,47573,109522,113722
2012Q3,information,Information,764293,688996,1384159,1337636
2012Q3,credit_intermediation,"Federal Reserve banks, credit intermediation, and related activities",532265,777509,769371,1016097
2012Q3,securities,"Securities, commodity contracts, and investments",240691,337563,487379,608385
2012Q3,insurance,Insurance carriers and related activities,408661,424869,802774,848298
2012Q3,funds_trusts,"Funds, trusts, and other financial vehicles",11412,31111,117739,139542
2012Q3,real_estate,Real estate,1962285,2235333,2618568,2979900
2012Q3,rental_leasing,Rental and leasing services and lessors of intangible assets,173849,172233,299556,307302
2012Q3,legal,Legal services,213583,256330,296514,345629
2012Q3,computer_systems,Computer systems design and related services,259573,229152,352508,330427
2012Q3,misc_professional,"Miscellaneous professional, scientific, and technical services",721930,764797,1118696,1189815
2012Q3,management_companies,Management of companies and enterprises,302577,294108,477715,481650
2012Q3,admin_support,Administrative and support services,433713,479762,670430,728257
2012Q3,waste_remediation,Waste management and remediation services,42355,49186,82979,91624
2012Q3,education,Educational services,214864,245207,309706,344052
2012Q3,ambulatory_health,Ambulatory health care services,572251,583059,861865,893646
2012Q3,hospitals_nursing,"Hospitals, nursing and residential care facilities",527537,573635,928033,1006314
2012Q3,social_assistance,Social assistance,96120,109928,168294,187274
2012Q3,performing_arts_museums,"Performing arts, spectator sports, museums, and related activities",102263,115721,147018,164809
2012Q3,amusement_recreation,"Amusements, gambling, and recreation industries",70307,77083,121506,132158
2012Q3,accommodation,Accommodation,129304,148047,217173,242668
2012Q3,food_services,Food services and drinking places,322028,379531,616346,695288
2012Q3,other_services,"Other services, except government",350408,395622,576840,635509
2012Q4,oil_gas_extraction,Oil and gas extraction,230443,114645,374005,248634
2012Q4,mining_except_oil_gas,"Mining, except oil and gas",65309,57022,119093,109394
2012Q4,support_mining,Support activities for mining,67744,67790,122074,125762
2012Q4,utilities,Utilities,282221,304162,470901,492327
2012Q4,construction,Construction,564033,680309,1096476,1233781
2012Q4,wood_products,Wood products,27072,33922,83074,93801
2012Q4,nonmetallic_mineral,Nonmetallic mineral products,43837,54147,101541,115753
2012Q4,primary_metals,Primary metals,64355,58495,259728,241078
2012Q4,fabricated_metal,Fabricated metal products,139281,146364,342868,350546
2012Q4,machinery,Machinery,151009,168064,404393,427272
2012Q4,computer_electronic,Computer and electronic products,226824,206241,351285,328619
2012Q4,electrical_equipment,"Electrical equipment, appliances, and components",53863,53765,121666,121144
2012Q4,motor_vehicles,"Motor vehicles, bodies and trailers, and parts",118275,131395,521577,540192
2012Q4,other_transport_equipment,Other transportation equipment,125865,137613,298046,313880
2012Q4,furniture,Furniture and related products,22596,24002,67451,71670
2012Q4,misc_manufacturing,Miscellaneous manufacturing,80675,83600,157458,163042
2012Q4,food_beverage_tobacco,Food and beverage and tobacco products,216540,233799,919135,898256
2012Q4,textiles,Textile mills and textile product mills,16225,16622,51343,52507
2012Q4,apparel_leather,Apparel and leather and allied products,10010,10472,18298,19134
2012Q4,paper,Paper products,53359,58163,181532,191980
2012Q4,printing,Printing and related support activities,38708,39440,84075,85731
2012Q4,petroleum_coal,Petroleum and coal products,152477,82112,848109,500812
2012Q4,chemicals,Chemical products,304024,345047,806344,813367
2012Q4,plastics_rubber,Plastics and rubber products,68656,69804,218684,224392
2012Q4,wholesale,Wholesale trade,1014903,1058241,1689930,1778947
2012Q4,retail,Retail trade,935975,941900,1435484,1477723
2012Q4,air_transport,Air transportation,88576,99081,193515,189542
2012Q4,rail_transport,Rail transportation,40090,42025,78935,80507
2012Q4,water_transport,Water transportation,13987,19346,51024,54167
2012Q4,truck_transport,Truck transportation,128715,144007,303064,308483
2012Q4,transit_ground,Transit and ground passenger transportation,36120,40506,51352,55222
2012Q4,pipeline,Pipeline transportation,26448,30521,38099,43475
2012Q4,other_transport_support,Other transportation and support activities,94180,108442,194382,209311
2012Q4,warehousing,Warehousing and storage,47748,48515,115946,120581
2012Q4,information,Information,755658,685575,1411935,1363315
2012Q4,credit_intermediation,"Federal Reserve banks, credit intermediation, and related activities",518683,748390,784967,1025664
2012Q4,securities,"Securities, commodity contracts, and investments",263665,359320,492880,604299
2012Q4,insurance,Insurance carriers and related activities,402017,416457,815668,858280
2012Q4,funds_trusts,"Funds, trusts, and other financial vehicles",10608,26147,122416,141719
2012Q4,real_estate,Real estate,1963113,2229170,2685156,3043713
2012Q4,rental_leasing,Rental and leasing services and lessors of intangible assets,176992,171433,308136,311002
2012Q4,legal,Legal services,218752,259999,307198,355276
2012Q4,computer_systems,Computer systems design and related services,263118,235032,357943,337988
2012Q4,misc_professional,"Miscellaneous professional, scientific, and technical services",724421,764827,1119672,1186251
2012Q4,management_companies,Management of companies and enterprises,319799,309790,510797,512934
2012Q4,admin_support,Administrative and support services,435737,481635,679141,736169
2012Q4,waste_remediation,Waste management and remediation services,42735,49297,83575,91670
2012Q4,education,Educational services,214257,242662,311158,343438
2012Q4,ambulatory_health,Ambulatory health care services,583048,595389,881871,914511
2012Q4,hospitals_nursing,"Hospitals, nursing and residential care facilities",530563,575504,927964,1002414
2012Q4,social_assistance,Social assistance,96894,110060,171526,189568
2012Q4,performing_arts_museums,"Performing arts, spectator sports, museums, and related activities",103896,117548,147374,164991
2012Q4,amusement_recreation,"Amusements, gambling, and recreation industries",71668,78578,122847,133207
2012Q4,accommodation,Accommodation,131210,150090,220529,245438
2012Q4,food_services,Food services and drinking places,327689,385854,622200,699007
2012Q4,other_services,"Other services, except government",353456,396921,586721,642972
2013Q1,oil_gas_extraction,Oil and gas extraction,238294,112479,389908,248547
2013Q1,mining_except_oil_gas,"Mining, except oil and gas",62683,57731,114351,107961
2013Q1,support_mining,Support activities for mining,70215,70739,123983,127700
2013Q1,utilities,Utilities,288628,311850,471489,492008
2013Q1,construction,Construction,575737,689695,1107033,1235418
2013Q1,wood_products,Wood products,28897,33802,90285,98539
2013Q1,nonmetallic_mineral,Nonmetallic mineral products,45652,55918,102500,115930
2013Q1,primary_metals,Primary metals,62761,56904,264946,247713
2013Q1,fabricated_metal,Fabricated metal products,140585,147429,349825,357047
2013Q1,machinery,Machinery,155296,172084,407121,428592
2013Q1,computer_electronic,Computer and electronic products,230592,211180,349631,328293
2013Q1,electrical_equipment,"Electrical equipment, appliances, and components",57157,57182,124957,124519
2013Q1,motor_vehicles,"Motor vehicles, bodies and trailers, and parts",119031,135053,524514,543538
2013Q1,other_transport_equipment,Other transportation equipment,130035,141867,297964,312631
2013Q1,furniture,Furniture and related products,23198,24985,67144,71247
2013Q1,misc_manufacturing,Miscellaneous manufacturing,80903,84244,165004,170631
2013Q1,food_beverage_tobacco,Food and beverage and tobacco products,222417,245961,915953,901663
2013Q1,textiles,Textile mills and textile product mills,16392,16949,52228,53028
2013Q1,apparel_leather,Apparel and leather and allied products,10279,10724,19448,20150
2013Q1,paper,Paper products,55397,60213,185788,195492
2013Q1,printing,Printing and related support activities,39317,40123,85870,87338
2013Q1,petroleum_coal,Petroleum and coal products,156798,94914,856015,506681
2013Q1,chemicals,Chemical products,316917,358833,824997,817351
2013Q1,plastics_rubber,Plastics and rubber products,69611,71091,223494,227010
2013Q1,wholesale,Wholesale trade,1030019,1073769,1731891,1817105
2013Q1,retail,Retail trade,967195,975041,1471810,1513230
2013Q1,air_transport,Air transportation,89700,101807,198560,194180
2013Q1,rail_transport,Rail transportation,40792,42181,81497,82130
2013Q1,water_transport,Water transportation,15959,22403,51691,54751
2013Q1,truck_transport,Truck transportation,131654,146948,303512,308424
2013Q1,transit_ground,Transit and ground passenger transportation,37541,41457,54229,57658
2013Q1,pipeline,Pipeline transportation,26991,30032,39416,43733
2013Q1,other_transport_support,Other transportation and support activities,97321,111190,189879,202824
2013Q1,warehousing,Warehousing and storage,47396,48941,113356,118283
2013Q1,information,Information,817575,743005,1411498,1364832
2013Q1,credit_intermediation,"Federal Reserve banks, credit intermediation, and related activities",496779,706825,792839,1022802
2013Q1,securities,"Securities, commodity contracts, and investments",235640,310624,500988,600776
2013Q1,insurance,Insurance carriers and related activities,376485,389497,824476,864355
2013Q1,funds_trusts,"Funds, trusts, and other financial vehicles",8506,25810,133152,154816
2013Q1,real_estate,Real estate,1996832,2254542,2713839,3057138
2013Q1,rental_leasing,Rental and leasing services and lessors of intangible assets,183007,178259,309181,312161
2013Q1,legal,Legal services,216505,254231,291777,333767
2013Q1,computer_systems,Computer systems design and related services,258100,231202,365127,344646
2013Q1,misc_professional,"Miscellaneous professional, scientific, and technical services",729734,768087,1125326,1186974
2013Q1,management_companies,Management of companies and enterprises,313574,298837,487387,483233
2013Q1,admin_support,Administrative and support services,437874,481500,653391,703998
2013Q1,waste_remediation,Waste management and remediation services,42894,49362,84401,92148
2013Q1,education,Educational services,214571,240573,314819,344769
2013Q1,ambulatory_health,Ambulatory health care services,589828,601136,864013,892426
2013Q1,hospitals_nursing,"Hospitals, nursing and residential care facilities",534650,578335,932846,1003273
2013Q1,social_assistance,Social assistance,100244,113321,173626,190909
2013Q1,performing_arts_museums,"Performing arts, spectator sports, museums, and related activities",102263,115905,146468,163785
2013Q1,amusement_recreation,"Amusements, gambling, and recreation industries",72235,79302,122467,132639
2013Q1,accommodation,Accommodation,135646,154067,220711,244080
2013Q1,food_services,Food services and drinking places,333673,392847,631844,707509
2013Q1,other_services,"Other services, except government",355714,396418,576896,627628
2013Q2,oil_gas_extraction,Oil and gas extraction,250460,113010,414398,255904
2013Q2,mining_except_oil_gas,"Mining, except oil and gas",59510,56530,114180,110340
2013Q2,support_mining,Support activities for mining,74114,73131,129637,131869
2013Q2,utilities,Utilities,287776,305562,489625,501687
2013Q2,construction,Construction,584864,691936,1140044,1262624
2013Q2,wood_products,Wood products,29749,33565,89794,96334
2013Q2,nonmetallic_mineral,Nonmetallic mineral products,46311,55969,106107,119043
2013Q2,primary_metals,Primary metals,61465,58149,258416,248995
2013Q2,fabricated_metal,Fabricated metal products,140392,145440,350446,357212
2013Q2,machinery,Machinery,155793,170311,394355,413445
2013Q2,computer_electronic,Computer and electronic products,226876,208057,351258,330527
2013Q2,electrical_equipment,"Electrical equipment, appliances, and components",57187,56768,124085,124109
2013Q2,motor_vehicles,"Motor vehicles, bodies and trailers, and parts",121928,138355,556452,576743
2013Q2,other_transport_equipment,Other transportation equipment,131536,142349,305352,319017
2013Q2,furniture,Furniture and related products,23608,25329,67820,71563
2013Q2,misc_manufacturing,Miscellaneous manufacturing,78580,81129,166495,171265
2013Q2,food_beverage_tobacco,Food and beverage and tobacco products,229506,255827,917151,908370
2013Q2,textiles,Textile mills and textile product mills,16387,17017,52863,53449
2013Q2,apparel_leather,Apparel and leather and allied products,10236,10556,19392,19954
2013Q2,paper,Paper products,56121,60326,184500,192868
2013Q2,printing,Printing and related support activities,39212,40102,84933,86346
2013Q2,petroleum_coal,Petroleum and coal products,131929,104300,816410,515077
2013Q2,chemicals,Chemical products,318369,351716,821745,817081
2013Q2,plastics_rubber,Plastics and rubber products,69118,68965,223151,224468
2013Q2,wholesale,Wholesale trade,1027348,1070795,1740223,1823729
2013Q2,retail,Retail trade,970210,971818,1480899,1514717
2013Q2,air_transport,Air transportation,90079,101202,200226,197932
2013Q2,rail_transport,Rail transportation,40705,41252,81815,81910
2013Q2,water_transport,Water transportation,16568,23117,49664,52931
2013Q2,truck_transport,Truck transportation,132519,146507,306783,312851
2013Q2,transit_ground,Transit and ground passenger transportation,37445,40753,55842,58891
2013Q2,pipeline,Pipeline transportation,27259,29635,39161,42633
2013Q2,other_transport_support,Other transportation and support activities,98074,110346,196290,208527
2013Q2,warehousing,Warehousing and storage,46979,49433,112063,117646
2013Q2,information,Information,826936,751465,1424052,1375758
2013Q2,credit_intermediation,"Federal Reserve banks, credit intermediation, and related activities",500190,703778,806857,1030777
2013Q2,securities,"Securities, commodity contracts, and investments",252475,317067,503025,586765
2013Q2,insurance,Insurance carriers and related activities,374593,388234,836950,876811
2013Q2,funds_trusts,"Funds, trusts, and other financial vehicles",7940,31060,139350,162337
2013Q2,real_estate,Real estate,2013362,2266733,2745154,3077823
2013Q2,rental_leasing,Rental and leasing services and lessors of intangible assets,176343,173808,315810,320774
2013Q2,legal,Legal services,217807,253472,310183,352221
2013Q2,computer_systems,Computer systems design and related services,253063,228320,358812,339975
2013Q2,misc_professional,"Miscellaneous professional, scientific, and technical services",729092,764689,1146062,1203864
2013Q2,management_companies,Management of companies and enterprises,319892,306886,496571,493909
2013Q2,admin_support,Administrative and support services,442638,485998,686803,738494
2013Q2,waste_remediation,Waste management and remediation services,42818,49205,86371,94289
2013Q2,education,Educational services,215523,240642,318890,347860
2013Q2,ambulatory_health,Ambulatory health care services,591531,604197,871222,899315
2013Q2,hospitals_nursing,"Hospitals, nursing and residential care facilities",535144,578701,940257,1008350
2013Q2,social_assistance,Social assistance,101028,113246,172537,188680
2013Q2,performing_arts_museums,"Performing arts, spectator sports, museums, and related activities",102563,116334,147417,164811
2013Q2,amusement_recreation,"Amusements, gambling, and recreation industries",72373,79008,123415,133173
2013Q2,accommodation,Accommodation,137149,153681,223743,245109
2013Q2,food_services,Food services and drinking places,335098,389387,633182,703744
2013Q2,other_services,"Other services, except government",357441,395846,585410,633770
2013Q3,oil_gas_extraction,Oil and gas extraction,263894,112176,438013,262022
2013Q3,mining_except_oil_gas,"Mining, except oil and gas",62455,60401,115987,113362
2013Q3,support_mining,Support activities for mining,76694,76124,131589,134105
2013Q3,utilities,Utilities,284430,302281,477427,490662
2013Q3,construction,Construction,602544,704796,1183823,1303284
2013Q3,wood_products,Wood products,30663,34958,89172,95766
2013Q3,nonmetallic_mineral,Nonmetallic mineral products,47667,57106,107956,120341
2013Q3,primary_metals,Primary metals,62949,58429,263202,255128
2013Q3,fabricated_metal,Fabricated metal products,141112,145664,348491,354928
2013Q3,machinery,Machinery,157504,170683,387388,404632
2013Q3,computer_electronic,Computer and electronic products,227905,208878,350436,330072
2013Q3,electrical_equipment,"Electrical equipment, appliances, and components",57882,57326,122879,123083
2013Q3,motor_vehicles,"Motor vehicles, bodies and trailers, and parts",124258,140508,556233,575947
2013Q3,other_transport_equipment,Other transportation equipment,134122,144047,299947,312009
2013Q3,furniture,Furniture and related products,24191,25897,67578,71181
2013Q3,misc_manufacturing,Miscellaneous manufacturing,79979,82225,170722,175381
2013Q3,food_beverage_tobacco,Food and beverage and tobacco products,233526,254071,926309,915122
2013Q3,textiles,Textile mills and textile product mills,16766,17330,53832,54402
2013Q3,apparel_leather,Apparel and leather and allied products,10186,10434,19367,19834
2013Q3,paper,Paper products,57523,60033,185975,191688
2013Q3,printing,Printing and related support activities,38976,39904,83729,85052
2013Q3,petroleum_coal,Petroleum and coal products,138050,117329,830549,515737
2013Q3,chemicals,Chemical products,314591,351070,827265,822951
2013Q3,plastics_rubber,Plastics and rubber products,69284,68397,223827,224328
2013Q3,wholesale,Wholesale trade,1047931,1089322,1756616,1836591
2013Q3,retail,Retail trade,986123,976170,1500371,1521972
2013Q3,air_transport,Air transportation,93376,101606,207033,200381
2013Q3,rail_transport,Rail transportation,41798,43071,82531,82912
2013Q3,water_transport,Water transportation,16900,23601,49456,52529
2013Q3,truck_transport,Truck transportation,135546,149646,309723,314265
2013Q3,transit_ground,Transit and ground passenger transportation,37595,41072,56750,59778
2013Q3,pipeline,Pipeline transportation,27224,28541,38620,40939
2013Q3,other_transport_support,Other transportation and support activities,99795,111846,196872,208108
2013Q3,warehousing,Warehousing and storage,46546,49176,105709,110906
2013Q3,information,Information,837291,766328,1452030,1407485
2013Q3,credit_intermediation,"Federal Reserve banks, credit intermediation, and related activities",508629,689689,810201,1008717
2013Q3,securities,"Securities, commodity contracts, and investments",249867,313411,506291,588746
2013Q3,insurance,Insurance carriers and related activities,385789,397970,842316,879018
2013Q3,funds_trusts,"Funds, trusts, and other financial vehicles",8145,29050,140585,163146
2013Q3,real_estate,Real estate,2055883,2300655,2773916,3089895
2013Q3,rental_leasing,Rental and leasing services and lessors of intangible assets,181452,177461,322373,325485
2013Q3,legal,Legal services,222132,255548,311685,350835
2013Q3,computer_systems,Computer systems design and related services,254064,230592,366161,348122
2013Q3,misc_professional,"Miscellaneous professional, scientific, and technical services",735976,773797,1153977,1213263
2013Q3,management_companies,Management of companies and enterprises,320654,315271,493649,498044
2013Q3,admin_support,Administrative and support services,450723,492530,698201,748190
2013Q3,waste_remediation,Waste management and remediation services,43261,49153,87568,94849
2013Q3,education,Educational services,217226,241376,321419,348939
2013Q3,ambulatory_health,Ambulatory health care services,594125,605794,872700,898896
2013Q3,hospitals_nursing,"Hospitals, nursing and residential care facilities",538448,580152,945499,1010038
2013Q3,social_assistance,Social assistance,102804,115018,177805,194058
2013Q3,performing_arts_museums,"Performing arts, spectator sports, museums, and related activities",103790,115773,150200,165557
2013Q3,amusement_recreation,"Amusements, gambling, and recreation industries",73720,79664,127453,136484
2013Q3,accommodation,Accommodation,139359,154609,227383,247454
2013Q3,food_services,Food services and drinking places,339107,390039,638696,705899
2013Q3,other_services,"Other services, except government",361129,398296,589843,636002
2013Q4,oil_gas_extraction,Oil and gas extraction,254515,117408,408689,257495
2013Q4,mining_except_oil_gas,"Mining, except oil and gas",60952,59263,113027,110680
2013Q4,support_mining,Support activities for mining,78890,78812,127442,130069
2013Q4,utilities,Utilities,289695,296317,498866,499695
2013Q4,construction,Construction,615749,703853,1204303,1310189
2013Q4,wood_products,Wood products,31515,34524,90561,94864
2013Q4,nonmetallic_mineral,Nonmetallic mineral products,47622,56779,106545,118057
2013Q4,primary_metals,Primary metals,63551,57999,266883,256531
2013Q4,fabricated_metal,Fabricated metal products,141762,147348,352979,359336
2013Q4,machinery,Machinery,160343,172775,401275,417391
2013Q4,computer_electronic,Computer and electronic products,226544,208374,358892,338945
2013Q4,electrical_equipment,"Electrical equipment, appliances, and components",57790,56992,122537,122320
2013Q4,motor_vehicles,"Motor vehicles, bodies and trailers, and parts",128140,140249,580883,596944
2013Q4,other_transport_equipment,Other transportation equipment,137176,145555,310896,321628
2013Q4,furniture,Furniture and related products,24577,26407,67362,70657
2013Q4,misc_manufacturing,Miscellaneous manufacturing,79959,82081,168954,173122
2013Q4,food_beverage_tobacco,Food and beverage and tobacco products,234389,251446,927913,917177
2013Q4,textiles,Textile mills and textile product mills,17239,17587,55504,55876
2013Q4,apparel_leather,Apparel and leather and allied products,10229,10488,19403,19842
2013Q4,paper,Paper products,57311,59552,183118,187634
2013Q4,printing,Printing and related support activities,38819,39722,78892,80118
2013Q4,petroleum_coal,Petroleum and coal products,159679,109639,831686,515737
2013Q4,chemicals,Chemical products,324886,366066,846442,845815
2013Q4,plastics_rubber,Plastics and rubber products,67935,67655,227068,227204
2013Q4,wholesale,Wholesale trade,1065358,1103443,1785207,1860707
2013Q4,retail,Retail trade,995089,989552,1513254,1538017
2013Q4,air_transport,Air transportation,101135,108180,209049,200477
2013Q4,rail_transport,Rail transportation,43249,44191,84447,84397
2013Q4,water_transport,Water transportation,17867,24098,51514,54130
2013Q4,truck_transport,Truck transportation,138424,152043,314871,318498
2013Q4,transit_ground,Transit and ground passenger transportation,38267,41633,58695,61627
2013Q4,pipeline,Pipeline transportation,26638,28171,38469,40994
2013Q4,other_transport_support,Other transportation and support activities,101179,111799,201508,211318
2013Q4,warehousing,Warehousing and storage,47004,50970,110548,116795
2013Q4,information,Information,860012,790193,1472919,1429488
2013Q4,credit_intermediation,"Federal Reserve banks, credit intermediation, and related activities",534474,710399,846188,1038040
2013Q4,securities,"Securities, commodity contracts, and investments",248800,294653,533935,602082
2013Q4,insurance,Insurance carriers and related activities,416369,429966,845976,881321
2013Q4,funds_trusts,"Funds, trusts, and other financial vehicles",9438,40142,143951,164912
2013Q4,real_estate,Real estate,2071104,2302506,2802211,3099512
2013Q4,rental_leasing,Rental and leasing services and lessors of intangible assets,182641,178705,330001,332987
2013Q4,legal,Legal services,226070,257281,318976,355994
2013Q4,computer_systems,Computer systems design and related services,259005,236390,371284,354057
2013Q4,misc_professional,"Miscellaneous professional, scientific, and technical services",745388,781417,1161795,1218620
2013Q4,management_companies,Management of companies and enterprises,323602,320771,494085,500600
2013Q4,admin_support,Administrative and support services,456296,496453,724593,773980
2013Q4,waste_remediation,Waste management and remediation services,43814,49302,89460,96293
2013Q4,education,Educational services,220681,244224,322266,348019
2013Q4,ambulatory_health,Ambulatory health care services,600998,611643,882432,906666
2013Q4,hospitals_nursing,"Hospitals, nursing and residential care facilities",539502,580556,958475,1020108
2013Q4,social_assistance,Social assistance,103685,115639,175067,190091
2013Q4,performing_arts_museums,"Performing arts, spectator sports, museums, and related activities",108178,120977,160390,176877
2013Q4,amusement_recreation,"Amusements, gambling, and recreation industries",73683,79703,127121,135774
2013Q4,accommodation,Accommodation,140997,157510,232333,253525
2013Q4,food_services,Food services and drinking places,342415,392336,655213,720770
2013Q4,other_services,"Other services, except government",367651,403072,596687,639891
2014Q1,oil_gas_extraction,Oil and gas extraction,270552,111970,462776,267499
2014Q1,mining_except_oil_gas,"Mining, except oil and gas",58233,57747,116550,114429
2014Q1,support_mining,Support activities for mining,84366,84709,142139,144858
2014Q1,utilities,Utilities,303438,282610,539889,501181
2014Q1,construction,Construction,626707,707196,1226422,1320883
2014Q1,wood_products,Wood products,29929,31572,89619,91657
2014Q1,nonmetallic_mineral,Nonmetallic mineral products,46791,55763,108812,119509
2014Q1,primary_metals,Primary metals,61926,56540,260495,249035
2014Q1,fabricated_metal,Fabricated metal products,139122,145504,353939,358980
2014Q1,machinery,Machinery,154788,166427,407296,421457
2014Q1,computer_electronic,Computer and electronic products,227039,211637,349059,332232
2014Q1,electrical_equipment,"Electrical equipment, appliances, and components",52877,52368,123893,123630
2014Q1,motor_vehicles,"Motor vehicles, bodies and trailers, and parts",126918,138108,579284,591975
2014Q1,other_transport_equipment,Other transportation equipment,134758,142462,317620,327172
2014Q1,furniture,Furniture and related products,24418,26284,67395,70270
2014Q1,misc_manufacturing,Miscellaneous manufacturing,80124,82954,165510,169527
2014Q1,food_beverage_tobacco,Food and beverage and tobacco products,232572,254196,943369,915261
2014Q1,textiles,Textile mills and textile product mills,17283,17564,54732,54541
2014Q1,apparel_leather,Apparel and leather and allied products,10226,10467,18583,18901
2014Q1,paper,Paper products,55958,60445,181332,186357
2014Q1,printing,Printing and related support activities,38594,39641,82663,83703
2014Q1,petroleum_coal,Petroleum and coal products,146951,101632,832838,503030
2014Q1,chemicals,Chemical products,317941,357719,837140,824353
2014Q1,plastics_rubber,Plastics and rubber products,65200,66996,225416,224948
2014Q1,wholesale,Wholesale trade,1052783,1089570,1797229,1864261
2014Q1,retail,Retail trade,988466,992350,1516293,1543814
2014Q1,air_transport,Air transportation,95711,107157,208891,203028
2014Q1,rail_transport,Rail transportation,42529,43249,84762,83906
2014Q1,water_transport,Water transportation,17207,22312,53310,54738
2014Q1,truck_transport,Truck transportation,139681,154527,321020,323149
2014Q1,transit_ground,Transit and ground passenger transportation,38291,41924,61164,64258
2014Q1,pipeline,Pipeline transportation,27563,28323,40344,41978
2014Q1,other_transport_support,Other transportation and support activities,100422,110672,207068,215736
2014Q1,warehousing,Warehousing and storage,46431,51488,108799,114601
2014Q1,information,Information,840303,770852,1497465,1447002
2014Q1,credit_intermediation,"Federal Reserve banks, credit intermediation, and related activities",536340,708860,847429,1031848
2014Q1,securities,"Securities, commodity contracts, and investments",242192,271055,536677,586947
2014Q1,insurance,Insurance carriers and related activities,447817,456380,883954,912573
2014Q1,funds_trusts,"Funds, trusts, and other financial vehicles",10602,67293,142782,163394
2014Q1,real_estate,Real estate,2062654,2292202,2833600,3121749
2014Q1,rental_leasing,Rental and leasing services and lessors of intangible assets,176643,171718,337149,337461
2014Q1,legal,Legal services,219631,246852,307687,339711
2014Q1,computer_systems,Computer systems design and related services,262813,240487,380506,362743
2014Q1,misc_professional,"Miscellaneous professional, scientific, and technical services",750704,787809,1169669,1224671
2014Q1,management_companies,Management of companies and enterprises,332771,332031,517543,524571
2014Q1,admin_support,Administrative and support services,459682,499678,740974,788808
2014Q1,waste_remediation,Waste management and remediation services,44163,49633,90571,96977
2014Q1,education,Educational services,221104,241763,324493,347495
2014Q1,ambulatory_health,Ambulatory health care services,599382,609834,882735,905209
2014Q1,hospitals_nursing,"Hospitals, nursing and residential care facilities",541857,583200,937235,994735
2014Q1,social_assistance,Social assistance,104381,115623,178589,192843
2014Q1,performing_arts_museums,"Performing arts, spectator sports, museums, and related activities",110759,122690,165183,180615
2014Q1,amusement_recreation,"Amusements, gambling, and recreation industries",74395,80496,125723,133815
2014Q1,accommodation,Accommodation,140659,155691,236861,255440
2014Q1,food_services,Food services and drinking places,344193,397110,655675,718407
2014Q1,other_services,"Other services, except government",371377,405201,606641,647514
2014Q2,oil_gas_extraction,Oil and gas extraction,284452,117950,485215,283132
2014Q2,mining_except_oil_gas,"Mining, except oil and gas",58897,57910,119447,117026
2014Q2,support_mining,Support activities for mining,92874,92306,163014,165130
2014Q2,utilities,Utilities,296521,289487,520513,499117
2014Q2,construction,Construction,642066,719885,1256073,1347413
2014Q2,wood_products,Wood products,30961,31332,98236,98743
2014Q2,nonmetallic_mineral,Nonmetallic mineral products,47966,56589,113233,123445
2014Q2,primary_metals,Primary metals,64207,57957,265494,252729
2014Q2,fabricated_metal,Fabricated metal products,141122,146908,357310,361275
2014Q2,machinery,Machinery,159514,170347,409155,421695
2014Q2,computer_electronic,Computer and electronic products,227779,213754,351451,335929
2014Q2,electrical_equipment,"Electrical equipment, appliances, and components",52027,51875,124910,124950
2014Q2,motor_vehicles,"Motor vehicles, bodies and trailers, and parts",130875,144365,592043,606138
2014Q2,other_transport_equipment,Other transportation equipment,135350,142718,317753,326873
2014Q2,furniture,Furniture and related products,24918,26704,68391,70959
2014Q2,misc_manufacturing,Miscellaneous manufacturing,80272,83431,160927,164912
2014Q2,food_beverage_tobacco,Food and beverage and tobacco products,236981,253188,954084,905653
2014Q2,textiles,Textile mills and textile product mills,17841,18196,55992,55632
2014Q2,apparel_leather,Apparel and leather and allied products,9934,10134,19258,19486
2014Q2,paper,Paper products,56520,60487,187060,191483
2014Q2,printing,Printing and related support activities,39096,40304,83126,84058
2014Q2,petroleum_coal,Petroleum and coal products,150548,121347,810455,503788
2014Q2,chemicals,Chemical products,327005,354926,834374,820413
2014Q2,plastics_rubber,Plastics and rubber products,65404,66849,230493,229506
2014Q2,wholesale,Wholesale trade,1078718,1115296,1856570,1922756
2014Q2,retail,Retail trade,1012045,1002119,1566490,1580435
2014Q2,air_transport,Air transportation,101154,105938,217769,205697
2014Q2,rail_transport,Rail transportation,44720,44606,89975,88420
2014Q2,water_transport,Water transportation,17009,21580,55418,56608
2014Q2,truck_transport,Truck transportation,145238,155752,329865,328493
2014Q2,transit_ground,Transit and ground passenger transportation,39475,43131,62472,65625
2014Q2,pipeline,Pipeline transportation,29234,30422,41655,43666
2014Q2,other_transport_support,Other transportation and support activities,102558,111521,207303,214542
2014Q2,warehousing,Warehousing and storage,46903,51262,112719,118424
2014Q2,information,Information,846374,783045,1512748,1468415
2014Q2,credit_intermediation,"Federal Reserve banks, credit intermediation, and related activities",568417,735285,869877,1043746
2014Q2,securities,"Securities, commodity contracts, and investments",225533,245871,545998,589001
2014Q2,insurance,Insurance carriers and related activities,488801,495827,901671,927224
2014Q2,funds_trusts,"Funds, trusts, and other financial vehicles",12412,73102,143243,160482
2014Q2,real_estate,Real estate,2080830,2288884,2856895,3121295
2014Q2,rental_leasing,Rental and leasing services and lessors of intangible assets,183444,177382,338820,337679
2014Q2,legal,Legal services,225056,250679,311176,340984
2014Q2,computer_systems,Computer systems design and related services,263548,243230,385909,369683
2014Q2,misc_professional,"Miscellaneous professional, scientific, and technical services",761008,799577,1204821,1260186
2014Q2,management_companies,Management of companies and enterprises,327124,327171,508815,516541
2014Q2,admin_support,Administrative and support services,470165,507199,752493,796561
2014Q2,waste_remediation,Waste management and remediation services,45577,50992,93882,100207
2014Q2,education,Educational services,224275,243642,328164,349105
2014Q2,ambulatory_health,Ambulatory health care services,604786,613989,901184,921281
2014Q2,hospitals_nursing,"Hospitals, nursing and residential care facilities",547404,587471,954143,1008951
2014Q2,social_assistance,Social assistance,105937,117551,181243,194959
2014Q2,performing_arts_museums,"Performing arts, spectator sports, museums, and related activities",112149,123857,160575,175048
2014Q2,amusement_recreation,"Amusements, gambling, and recreation industries",75543,81030,128736,136080
2014Q2,accommodation,Accommodation,143651,156392,241371,257688
2014Q2,food_services,Food services and drinking places,354882,405775,673278,732403
2014Q2,other_services,"Other services, except government",381323,414298,619582,658856
2014Q3,oil_gas_extraction,Oil and gas extraction,279100,128047,456555,285104
2014Q3,mining_except_oil_gas,"Mining, except oil and gas",57544,56601,118522,116529
2014Q3,support_mining,Support activities for mining,96970,93991,172178,172194
2014Q3,utilities,Utilities,298591,300304,504394,496550
2014Q3,construction,Construction,657862,721911,1274934,1352038
2014Q3,wood_products,Wood products,30328,30257,99741,99506
2014Q3,nonmetallic_mineral,Nonmetallic mineral products,49479,56815,115179,124171
2014Q3,primary_metals,Primary metals,66462,57328,271604,254761
2014Q3,fabricated_metal,Fabricated metal products,143829,150248,366047,369370
2014Q3,machinery,Machinery,161602,171524,425697,437231
2014Q3,computer_electronic,Computer and electronic products,234743,221399,351696,337341
2014Q3,electrical_equipment,"Electrical equipment, appliances, and components",53368,53298,131386,131139
2014Q3,motor_vehicles,"Motor vehicles, bodies and trailers, and parts",136784,149130,614439,627811
2014Q3,other_transport_equipment,Other transportation equipment,141492,147790,322669,330246
2014Q3,furniture,Furniture and related products,25770,27304,70156,72261
2014Q3,misc_manufacturing,Miscellaneous manufacturing,81020,83932,163425,167053
2014Q3,food_beverage_tobacco,Food and beverage and tobacco products,246621,253461,955206,900840
2014Q3,textiles,Textile mills and textile product mills,17823,18220,55563,55249
2014Q3,apparel_leather,Apparel and leather and allied products,9809,9926,18508,18613
2014Q3,paper,Paper products,57469,61336,188704,193219
2014Q3,printing,Printing and related support activities,39548,40402,82832,83695
2014Q3,petroleum_coal,Petroleum and coal products,151972,118778,763257,492593
2014Q3,chemicals,Chemical products,326359,348368,829975,809484
2014Q3,plastics_rubber,Plastics and rubber products,67461,69486,232830,232084
2014Q3,wholesale,Wholesale trade,1113470,1151272,1880903,1946968
2014Q3,retail,Retail trade,1029757,1018288,1593846,1605756
2014Q3,air_transport,Air transportation,104020,106765,219573,206133
2014Q3,rail_transport,Rail transportation,46371,45979,90001,88524
2014Q3,water_transport,Water transportation,16436,21412,54418,56234
2014Q3,truck_transport,Truck transportation,152099,160660,339985,338014
2014Q3,transit_ground,Transit and ground passenger transportation,41121,45170,63427,66948
2014Q3,pipeline,Pipeline transportation,31770,34670,43326,47011
2014Q3,other_transport_support,Other transportation and support activities,105238,113029,213661,220261
2014Q3,warehousing,Warehousing and storage,47412,51181,108991,114035
2014Q3,information,Information,851857,791106,1525515,1484151
2014Q3,credit_intermediation,"Federal Reserve banks, credit intermediation, and related activities",571153,727570,890885,1057393
2014Q3,securities,"Securities, commodity contracts, and investments",219456,232767,543261,577644
2014Q3,insurance,Insurance carriers and related activities,510008,516658,912974,937561
2014Q3,funds_trusts,"Funds, trusts, and other financial vehicles",12310,73509,146436,163063
2014Q3,real_estate,Real estate,2103117,2291426,2892009,3135851
2014Q3,rental_leasing,Rental and leasing services and lessors of intangible assets,190372,184678,343256,342662
2014Q3,legal,Legal services,235225,259762,325177,353845
2014Q3,computer_systems,Computer systems design and related services,270704,251169,399033,383398
2014Q3,misc_professional,"Miscellaneous professional, scientific, and technical services",785551,820826,1221098,1272418
2014Q3,management_companies,Management of companies and enterprises,330228,331142,516230,524611
2014Q3,admin_support,Administrative and support services,476872,510678,757720,798214
2014Q3,waste_remediation,Waste management and remediation services,46854,51230,95087,100387
2014Q3,education,Educational services,226699,245345,331686,351537
2014Q3,ambulatory_health,Ambulatory health care services,617090,623920,917327,934900
2014Q3,hospitals_nursing,"Hospitals, nursing and residential care facilities",556440,594677,971406,1023437
2014Q3,social_assistance,Social assistance,107834,119619,187994,201474
2014Q3,performing_arts_museums,"Performing arts, spectator sports, museums, and related activities",112605,123702,161061,174724
2014Q3,amusement_recreation,"Amusements, gambling, and recreation industries",77445,82660,132244,139119
2014Q3,accommodation,Accommodation,147757,160164,246836,262497
2014Q3,food_services,Food services and drinking places,364454,412950,687643,743028
2014Q3,other_services,"Other services, except government",391186,422640,634240,671537
2014Q4,oil_gas_extraction,Oil and gas extraction,241282,146874,378442,280334
2014Q4,mining_except_oil_gas,"Mining, except oil and gas",53407,54523,110018,110957
2014Q4,support_mining,Support activities for mining,94764,88749,185717,182752
2014Q4,utilities,Utilities,298564,298514,518199,511526
2014Q4,construction,Construction,673141,735902,1301216,1377730
2014Q4,wood_products,Wood products,30102,30355,99072,99348
2014Q4,nonmetallic_mineral,Nonmetallic mineral products,50317,56883,116368,124754
2014Q4,primary_metals,Primary metals,65381,55846,265492,251699
2014Q4,fabricated_metal,Fabricated metal products,144386,150252,365282,368251
2014Q4,machinery,Machinery,157278,165397,401895,411335
2014Q4,computer_electronic,Computer and electronic products,236397,224048,339527,326658
2014Q4,electrical_equipment,"Electrical equipment, appliances, and components",55168,54580,129514,129161
2014Q4,motor_vehicles,"Motor vehicles, bodies and trailers, and parts",137436,147320,609779,620488
2014Q4,other_transport_equipment,Other transportation equipment,143218,149119,325859,332881
2014Q4,furniture,Furniture and related products,26470,28002,72718,74758
2014Q4,misc_manufacturing,Miscellaneous manufacturing,79840,82664,163019,166501
2014Q4,food_beverage_tobacco,Food and beverage and tobacco products,250458,258652,959857,908665
2014Q4,textiles,Textile mills and textile product mills,17724,17898,54737,54468
2014Q4,apparel_leather,Apparel and leather and allied products,9744,9813,19650,19645
2014Q4,paper,Paper products,58041,61502,186577,190810
2014Q4,printing,Printing and related support activities,39400,40007,81973,82829
2014Q4,petroleum_coal,Petroleum and coal products,141724,117346,663198,492740
2014Q4,chemicals,Chemical products,322663,342353,812014,797310
2014Q4,plastics_rubber,Plastics and rubber products,69343,71403,237139,236091
2014Q4,wholesale,Wholesale trade,1123612,1154412,1896149,1951466
2014Q4,retail,Retail trade,1042724,1015435,1623913,1616913
2014Q4,air_transport,Air transportation,105695,105866,220787,210072
2014Q4,rail_transport,Rail transportation,47198,46352,91048,90029
2014Q4,water_transport,Water transportation,16720,20612,54967,56981
2014Q4,truck_transport,Truck transportation,157494,163238,354613,354778
2014Q4,transit_ground,Transit and ground passenger transportation,41041,44052,65183,68229
2014Q4,pipeline,Pipeline transportation,32280,35003,43148,46559
2014Q4,other_transport_support,Other transportation and support activities,107131,113364,215394,221706
2014Q4,warehousing,Warehousing and storage,48080,51391,114272,119134
2014Q4,information,Information,856716,802364,1543333,1506249
2014Q4,credit_intermediation,"Federal Reserve banks, credit intermediation, and related activities",574538,724615,891436,1050467
2014Q4,securities,"Securities, commodity contracts, and investments",225257,244445,541517,579249
2014Q4,insurance,Insurance carriers and related activities,526713,532337,944087,966242
2014Q4,funds_trusts,"Funds, trusts, and other financial vehicles",11217,59292,151762,167701
2014Q4,real_estate,Real estate,2107821,2277629,2921908,3145666
2014Q4,rental_leasing,Rental and leasing services and lessors of intangible assets,192009,190429,347145,350704
2014Q4,legal,Legal services,233253,254983,320793,345857
2014Q4,computer_systems,Computer systems design and related services,272742,254550,400467,385686
2014Q4,misc_professional,"Miscellaneous professional, scientific, and technical services",797954,828151,1247134,1292001
2014Q4,management_companies,Management of companies and enterprises,338623,334004,532130,534649
2014Q4,admin_support,Administrative and support services,482764,513916,785124,823221
2014Q4,waste_remediation,Waste management and remediation services,47236,50763,96895,101638
2014Q4,education,Educational services,227193,244685,334234,352409
2014Q4,ambulatory_health,Ambulatory health care services,622161,628273,931989,947008
2014Q4,hospitals_nursing,"Hospitals, nursing and residential care facilities",564315,603593,992449,1042638
2014Q4,social_assistance,Social assistance,109084,120725,190545,203201
2014Q4,performing_arts_museums,"Performing arts, spectator sports, museums, and related activities",110873,122183,162914,176803
2014Q4,amusement_recreation,"Amusements, gambling, and recreation industries",77907,83059,135122,141760
2014Q4,accommodation,Accommodation,151077,161304,251512,264520
2014Q4,food_services,Food services and drinking places,371517,415940,705148,755191
2014Q4,other_services,"Other services, except government",394932,424192,645390,679974
2015Q1,oil_gas_extraction,Oil and gas extraction,165492,174552,257386,273345
2015Q1,mining_except_oil_gas,"Mining, except oil and gas",51115,53804,110166,114195
2015Q1,support_mining,Support activities for mining,76286,72557,169358,168444
2015Q1,utilities,Utilities,301550,284195,525271,514463
2015Q1,construction,Construction,690462,746136,1334231,1408482
2015Q1,wood_products,Wood products,30701,32049,99003,100796
2015Q1,nonmetallic_mineral,Nonmetallic mineral products,51699,56738,116423,123813
2015Q1,primary_metals,Primary metals,63516,58737,248602,244776
2015Q1,fabricated_metal,Fabricated metal products,145380,147144,360003,362160
2015Q1,machinery,Machinery,154940,159943,384256,391786
2015Q1,computer_electronic,Computer and electronic products,241640,229483,343633,331214
2015Q1,electrical_equipment,"Electrical equipment, appliances, and components",59835,58789,129016,128819
2015Q1,motor_vehicles,"Motor vehicles, bodies and trailers, and parts",140009,142556,617375,622322
2015Q1,other_transport_equipment,Other transportation equipment,147369,151416,329817,335243
2015Q1,furniture,Furniture and related products,27388,28540,71454,73281
2015Q1,misc_manufacturing,Miscellaneous manufacturing,78617,79774,166540,169042
2015Q1,food_beverage_tobacco,Food and beverage and tobacco products,262004,262601,955349,929409
2015Q1,textiles,Textile mills and textile product mills,17680,17792,54174,54184
2015Q1,apparel_leather,Apparel and leather and allied products,9672,9607,18437,18334
2015Q1,paper,Paper products,59185,61884,183879,187755
2015Q1,printing,Printing and related support activities,39775,39723,81700,82383
2015Q1,petroleum_coal,Petroleum and coal products,137712,122887,513646,494683
2015Q1,chemicals,Chemical products,322302,343743,788269,807541
2015Q1,plastics_rubber,Plastics and rubber products,74147,72983,235475,235213
2015Q1,wholesale,Wholesale trade,1139827,1171225,1887584,1940809
2015Q1,retail,Retail trade,1055533,1033974,1643974,1640736
2015Q1,air_transport,Air transportation,110347,103201,220018,212276
2015Q1,rail_transport,Rail transportation,46910,45887,86885,87380
2015Q1,water_transport,Water transportation,17129,18170,51948,53293
2015Q1,truck_transport,Truck transportation,158594,159761,333461,338058
2015Q1,transit_ground,Transit and ground passenger transportation,41300,43835,66112,69475
2015Q1,pipeline,Pipeline transportation,34646,37261,43976,47167
2015Q1,other_transport_support,Other transportation and support activities,111422,115682,218802,225596
2015Q1,warehousing,Warehousing and storage,48953,51429,114906,119252
2015Q1,information,Information,882600,834786,1552798,1521466
2015Q1,credit_intermediation,"Federal Reserve banks, credit intermediation, and related activities",585962,731548,887455,1038797
2015Q1,securities,"Securities, commodity contracts, and investments",227144,242166,549622,583338
2015Q1,insurance,Insurance carriers and related activities,554693,557070,948788,965102
2015Q1,funds_trusts,"Funds, trusts, and other financial vehicles",9828,52637,160587,175738
2015Q1,real_estate,Real estate,2117804,2271390,2970912,3178551
2015Q1,rental_leasing,Rental and leasing services and lessors of intangible assets,194376,191698,337841,340261
2015Q1,legal,Legal services,237676,257677,319960,342445
2015Q1,computer_systems,Computer systems design and related services,277918,261510,399926,387072
2015Q1,misc_professional,"Miscellaneous professional, scientific, and technical services",810196,830685,1248277,1282859
2015Q1,management_companies,Management of companies and enterprises,345512,339003,542885,543311
2015Q1,admin_support,Administrative and support services,486175,515565,797125,833998
2015Q1,waste_remediation,Waste management and remediation services,47411,50793,92880,97772
2015Q1,education,Educational services,228503,244066,336076,353046
2015Q1,ambulatory_health,Ambulatory health care services,630862,644249,931532,953186
2015Q1,hospitals_nursing,"Hospitals, nursing and residential care facilities",575700,610066,1004489,1050033
2015Q1,social_assistance,Social assistance,110668,120984,192704,204314
2015Q1,performing_arts_museums,"Performing arts, spectator sports, museums, and related activities",110342,118670,169973,180864
2015Q1,amusement_recreation,"Amusements, gambling, and recreation industries",78572,82307,136356,141750
2015Q1,accommodation,Accommodation,158037,167732,256268,268780
2015Q1,food_services,Food services and drinking places,381609,419005,718127,762293
2015Q1,other_services,"Other services, except government",398654,424678,640527,671723
2015Q2,oil_gas_extraction,Oil and gas extraction,164757,155817,270373,268128
2015Q2,mining_except_oil_gas,"Mining, except oil and gas",48701,51306,105969,110310
2015Q2,support_mining,Support activities for mining,66375,64917,139318,140181
2015Q2,utilities,Utilities,298231,297719,497804,506550
2015Q2,construction,Construction,709156,763338,1395993,1470176
2015Q2,wood_products,Wood products,30732,32921,98453,101994
2015Q2,nonmetallic_mineral,Nonmetallic mineral products,51993,55742,116478,122883
2015Q2,primary_metals,Primary metals,61289,62131,232601,238524
2015Q2,fabricated_metal,Fabricated metal products,145061,142957,354904,357667
2015Q2,machinery,Machinery,149404,150867,385449,392028
2015Q2,computer_electronic,Computer and electronic products,243361,232064,353280,341844
2015Q2,electrical_equipment,"Electrical equipment, appliances, and components",62052,61067,126879,127254
2015Q2,motor_vehicles,"Motor vehicles, bodies and trailers, and parts",146587,144689,631783,635537
2015Q2,other_transport_equipment,Other transportation equipment,147109,150441,333312,338989
2015Q2,furniture,Furniture and related products,28192,28844,74939,76718
2015Q2,misc_manufacturing,Miscellaneous manufacturing,77763,78207,163316,165579
2015Q2,food_beverage_tobacco,Food and beverage and tobacco products,264109,267433,949490,937774
2015Q2,textiles,Textile mills and textile product mills,17452,17441,52419,52537
2015Q2,apparel_leather,Apparel and leather and allied products,9631,9557,18048,17998
2015Q2,paper,Paper products,59644,61946,186257,190889
2015Q2,printing,Printing and related support activities,39993,39891,82859,83422
2015Q2,petroleum_coal,Petroleum and coal products,144253,118740,540641,493759
2015Q2,chemicals,Chemical products,319176,334554,779245,797657
2015Q2,plastics_rubber,Plastics and rubber products,77044,75749,234636,236047
2015Q2,wholesale,Wholesale trade,1156458,1185377,1915128,1964647
2015Q2,retail,Retail trade,1070527,1054366,1676296,1677928
2015Q2,air_transport,Air transportation,114031,109347,219840,213532
2015Q2,rail_transport,Rail transportation,46783,47072,83284,84909
2015Q2,water_transport,Water transportation,16834,18122,52689,54256
2015Q2,truck_transport,Truck transportation,160477,162644,334472,338470
2015Q2,transit_ground,Transit and ground passenger transportation,41085,43488,67960,71005
2015Q2,pipeline,Pipeline transportation,36324,39209,45080,48527
2015Q2,other_transport_support,Other transportation and support activities,113269,117433,221086,227434
2015Q2,warehousing,Warehousing and storage,50342,51807,111136,114481
2015Q2,information,Information,903248,856469,1575931,1544317
2015Q2,credit_intermediation,"Federal Reserve banks, credit intermediation, and related activities",604877,739645,905716,1043517
2015Q2,securities,"Securities, commodity contracts, and investments",230072,238503,555704,579952
2015Q2,insurance,Insurance carriers and related activities,581230,583303,963120,978296
2015Q2,funds_trusts,"Funds, trusts, and other financial vehicles",8923,47576,166851,181335
2015Q2,real_estate,Real estate,2129417,2261473,3014829,3199996
2015Q2,rental_leasing,Rental and leasing services and lessors of intangible assets,195429,193112,334271,336454
2015Q2,legal,Legal services,241036,258182,330666,350512
2015Q2,computer_systems,Computer systems design and related services,284650,269934,398362,387383
2015Q2,misc_professional,"Miscellaneous professional, scientific, and technical services",817554,832923,1262954,1291121
2015Q2,management_companies,Management of companies and enterprises,347329,340113,543742,542778
2015Q2,admin_support,Administrative and support services,488884,513431,803686,835239
2015Q2,waste_remediation,Waste management and remediation services,47893,51603,95845,101141
2015Q2,education,Educational services,229483,242814,339692,355062
2015Q2,ambulatory_health,Ambulatory health care services,638339,651134,946896,967327
2015Q2,hospitals_nursing,"Hospitals, nursing and residential care facilities",583400,612672,1014317,1054709
2015Q2,social_assistance,Social assistance,112573,121418,194067,204264
2015Q2,performing_arts_museums,"Performing arts, spectator sports, museums, and related activities",111509,117575,176322,184775
2015Q2,amusement_recreation,"Amusements, gambling, and recreation industries",78848,81765,136730,141352
2015Q2,accommodation,Accommodation,161732,171044,257801,269960
2015Q2,food_services,Food services and drinking places,391355,423473,737579,777192
2015Q2,other_services,"Other services, except government",403574,425747,653323,680957
2015Q3,oil_gas_extraction,Oil and gas extraction,146652,172276,236065,266821
2015Q3,mining_except_oil_gas,"Mining, except oil and gas",46529,51613,104247,111952
2015Q3,support_mining,Support activities for mining,58407,56300,124281,124308
2015Q3,utilities,Utilities,304241,302885,484916,492081
2015Q3,construction,Construction,724538,770798,1417455,1486839
2015Q3,wood_products,Wood products,31855,34762,100751,105732
2015Q3,nonmetallic_mineral,Nonmetallic mineral products,53817,56965,120377,126524
2015Q3,primary_metals,Primary metals,59889,63387,221521,235424
2015Q3,fabricated_metal,Fabricated metal products,144079,140449,352409,356342
2015Q3,machinery,Machinery,147373,146860,385756,391867
2015Q3,computer_electronic,Computer and electronic products,241851,232139,347666,338595
2015Q3,electrical_equipment,"Electrical equipment, appliances, and components",62466,60948,126591,127321
2015Q3,motor_vehicles,"Motor vehicles, bodies and trailers, and parts",150801,145997,647212,650972
2015Q3,other_transport_equipment,Other transportation equipment,150131,152452,324436,329438
2015Q3,furniture,Furniture and related products,29042,29347,76647,78410
2015Q3,misc_manufacturing,Miscellaneous manufacturing,79115,79054,165132,167292
2015Q3,food_beverage_tobacco,Food and beverage and tobacco products,270151,270112,953739,943436
2015Q3,textiles,Textile mills and textile product mills,17603,17312,53027,53061
2015Q3,apparel_leather,Apparel and leather and allied products,9818,9824,18525,18636
2015Q3,paper,Paper products,60310,62479,184276,189427
2015Q3,printing,Printing and related support activities,40541,40258,82010,82500
2015Q3,petroleum_coal,Petroleum and coal products,136857,108806,505850,494647
2015Q3,chemicals,Chemical products,325925,340624,786498,812364
2015Q3,plastics_rubber,Plastics and rubber products,79475,77793,235030,237188
2015Q3,wholesale,Wholesale trade,1150485,1186770,1913500,1970525
2015Q3,retail,Retail trade,1095447,1072704,1701149,1696582
2015Q3,air_transport,Air transportation,118618,114706,222353,219312
2015Q3,rail_transport,Rail transportation,46529,46833,82048,83992
2015Q3,water_transport,Water transportation,16608,17731,52190,54098
2015Q3,truck_transport,Truck transportation,163525,166691,343200,348894
2015Q3,transit_ground,Transit and ground passenger transportation,41047,42188,66845,68658
2015Q3,pipeline,Pipeline transportation,37957,40100,44211,46773
2015Q3,other_transport_support,Other transportation and support activities,115783,118720,224566,230210
2015Q3,warehousing,Warehousing and storage,52076,53476,112068,115567
2015Q3,information,Information,924390,881602,1590104,1565948
2015Q3,credit_intermediation,"Federal Reserve banks, credit intermediation, and related activities",576890,699093,923260,1057537
2015Q3,securities,"Securities, commodity contracts, and investments",231366,241486,538420,563232
2015Q3,insurance,Insurance carriers and related activities,563958,563572,952818,964590
2015Q3,funds_trusts,"Funds, trusts, and other financial vehicles",7556,24644,167883,179557
2015Q3,real_estate,Real estate,2150506,2263847,3057837,3222613
2015Q3,rental_leasing,Rental and leasing services and lessors of intangible assets,198911,197275,334875,337868
2015Q3,legal,Legal services,246440,261751,340795,359012
2015Q3,computer_systems,Computer systems design and related services,289160,274367,401748,390677
2015Q3,misc_professional,"Miscellaneous professional, scientific, and technical services",825836,839613,1273655,1300374
2015Q3,management_companies,Management of companies and enterprises,346961,341112,540812,541451
2015Q3,admin_support,Administrative and support services,495795,516540,817354,845665
2015Q3,waste_remediation,Waste management and remediation services,47568,51012,97622,102952
2015Q3,education,Educational services,231652,243157,340003,353753
2015Q3,ambulatory_health,Ambulatory health care services,649232,659036,978835,996759
2015Q3,hospitals_nursing,"Hospitals, nursing and residential care facilities",591836,617184,1029032,1065790
2015Q3,social_assistance,Social assistance,113994,121271,196006,204835
2015Q3,performing_arts_museums,"Performing arts, spectator sports, museums, and related activities",111233,117258,173586,181818
2015Q3,amusement_recreation,"Amusements, gambling, and recreation industries",80543,82778,136700,140725
2015Q3,accommodation,Accommodation,164984,172686,259454,270071
2015Q3,food_services,Food services and drinking places,399605,427588,743979,779513
2015Q3,other_services,"Other services, except government",404544,422922,651631,676055
2015Q4,oil_gas_extraction,Oil and gas extraction,129688,183807,202330,259639
2015Q4,mining_except_oil_gas,"Mining, except oil and gas",45054,50951,97375,106458
2015Q4,support_mining,Support activities for mining,49952,49028,108936,110282
2015Q4,utilities,Utilities,297897,302934,461310,478487
2015Q4,construction,Construction,737217,777351,1434175,1501887
2015Q4,wood_products,Wood products,32597,34647,101021,105721
2015Q4,nonmetallic_mineral,Nonmetallic mineral products,54500,56472,122205,127722
2015Q4,primary_metals,Primary metals,57369,66474,210835,235160
2015Q4,fabricated_metal,Fabricated metal products,142791,136453,344578,349727
2015Q4,machinery,Machinery,144105,141148,372289,377611
2015Q4,computer_electronic,Computer and electronic products,242652,235213,345237,338991
2015Q4,electrical_equipment,"Electrical equipment, appliances, and components",61209,59422,126370,127614
2015Q4,motor_vehicles,"Motor vehicles, bodies and trailers, and parts",149381,145245,634346,641109
2015Q4,other_transport_equipment,Other transportation equipment,147457,148724,313762,318122
2015Q4,furniture,Furniture and related products,29172,28948,76081,77565
2015Q4,misc_manufacturing,Miscellaneous manufacturing,81588,81105,171142,173468
2015Q4,food_beverage_tobacco,Food and beverage and tobacco products,270547,264975,947765,951149
2015Q4,textiles,Textile mills and textile product mills,17961,17325,51494,51586
2015Q4,apparel_leather,Apparel and leather and allied products,9736,9733,18808,18962
2015Q4,paper,Paper products,60812,62278,183598,189147
2015Q4,printing,Printing and related support activities,41125,40808,83073,83696
2015Q4,petroleum_coal,Petroleum and coal products,106809,99398,441382,493877
2015Q4,chemicals,Chemical products,325708,341941,765080,802189
2015Q4,plastics_rubber,Plastics and rubber products,79513,77200,231252,235332
2015Q4,wholesale,Wholesale trade,1147717,1172647,1903411,1949661
2015Q4,retail,Retail trade,1103144,1078556,1706531,1701857
2015Q4,air_transport,Air transportation,121029,119326,220452,224107
2015Q4,rail_transport,Rail transportation,44458,44932,77714,80265
2015Q4,water_transport,Water transportation,16108,16892,50058,52310
2015Q4,truck_transport,Truck transportation,163203,164467,337839,344973
2015Q4,transit_ground,Transit and ground passenger transportation,41648,41969,66783,68066
2015Q4,pipeline,Pipeline transportation,38384,40685,43505,46214
2015Q4,other_transport_support,Other transportation and support activities,117178,118340,223549,228415
2015Q4,warehousing,Warehousing and storage,53193,54748,110833,114797
2015Q4,information,Information,942296,909746,1631071,1618690
2015Q4,credit_intermediation,"Federal Reserve banks, credit intermediation, and related activities",574010,687886,908535,1034865
2015Q4,securities,"Securities, commodity contracts, and investments",236572,259775,524601,563211
2015Q4,insurance,Insurance carriers and related activities,562174,561070,988567,999124
2015Q4,funds_trusts,"Funds, trusts, and other financial vehicles",7060,9298,165133,175171
2015Q4,real_estate,Real estate,2164905,2264140,3091780,3244025
2015Q4,rental_leasing,Rental and leasing services and lessors of intangible assets,200832,199506,337253,340785
2015Q4,legal,Legal services,246109,258504,324730,339298
2015Q4,computer_systems,Computer systems design and related services,295059,281368,406172,396268
2015Q4,misc_professional,"Miscellaneous professional, scientific, and technical services",827137,842256,1271531,1299268
2015Q4,management_companies,Management of companies and enterprises,348091,341937,541801,542319
2015Q4,admin_support,Administrative and support services,500255,515348,818794,841711
2015Q4,waste_remediation,Waste management and remediation services,47218,50208,99398,104517
2015Q4,education,Educational services,235758,246231,343012,356089
2015Q4,ambulatory_health,Ambulatory health care services,652811,661379,977422,993598
2015Q4,hospitals_nursing,"Hospitals, nursing and residential care facilities",598545,620038,1033943,1067193
2015Q4,social_assistance,Social assistance,116310,123344,198866,207760
2015Q4,performing_arts_museums,"Performing arts, spectator sports, museums, and related activities",112861,118433,176472,184262
2015Q4,amusement_recreation,"Amusements, gambling, and recreation industries",81514,83081,140347,144015
2015Q4,accommodation,Accommodation,165623,172495,260886,270994
2015Q4,food_services,Food services and drinking places,406914,428614,757465,787968
2015Q4,other_services,"Other services, except government",407027,422382,657236,679564
2016Q1,oil_gas_extraction,Oil and gas extraction,111542,214793,159733,254406
2016Q1,mining_except_oil_gas,"Mining, except oil and gas",42897,49879,92067,102610
2016Q1,support_mining,Support activities for mining,40361,40677,80442,82514
2016Q1,utilities,Utilities,296078,309511,449762,476606
2016Q1,construction,Construction,756181,796478,1476713,1547182
2016Q1,wood_products,Wood products,33122,35340,102536,107448
2016Q1,nonmetallic_mineral,Nonmetallic mineral products,54672,55540,125217,129823
2016Q1,primary_metals,Primary metals,56440,69618,200297,230784
2016Q1,fabricated_metal,Fabricated metal products,142704,135358,343352,350261
2016Q1,machinery,Machinery,141244,137445,361792,366698
2016Q1,computer_electronic,Computer and electronic products,240329,236193,342662,340108
2016Q1,electrical_equipment,"Electrical equipment, appliances, and components",57606,56203,122623,124550
2016Q1,motor_vehicles,"Motor vehicles, bodies and trailers, and parts",154378,150750,630241,638938
2016Q1,other_transport_equipment,Other transportation equipment,147834,149106,307377,311933
2016Q1,furniture,Furniture and related products,29513,29396,76146,77813
2016Q1,misc_manufacturing,Miscellaneous manufacturing,82168,81500,163182,165325
2016Q1,food_beverage_tobacco,Food and beverage and tobacco products,267827,259841,946181,959705
2016Q1,textiles,Textile mills and textile product mills,18216,17516,51879,52005
2016Q1,apparel_leather,Apparel and leather and allied products,9700,9677,18325,18464
2016Q1,paper,Paper products,60496,61977,180768,187618
2016Q1,printing,Printing and related support activities,41625,41062,84980,85540
2016Q1,petroleum_coal,Petroleum and coal products,78370,91402,376055,505872
2016Q1,chemicals,Chemical products,340529,356886,764162,817644
2016Q1,plastics_rubber,Plastics and rubber products,79381,76755,231894,236982
2016Q1,wholesale,Wholesale trade,1142658,1156982,1885470,1919465
2016Q1,retail,Retail trade,1118390,1103176,1733710,1737111
2016Q1,air_transport,Air transportation,120748,111752,221249,222549
2016Q1,rail_transport,Rail transportation,42459,43184,74309,77627
2016Q1,water_transport,Water transportation,15294,16224,45447,48522
2016Q1,truck_transport,Truck transportation,164662,163072,333252,340823
2016Q1,transit_ground,Transit and ground passenger transportation,41023,41231,66125,67524
2016Q1,pipeline,Pipeline transportation,38602,39665,43406,44866
2016Q1,other_transport_support,Other transportation and support activities,116722,118979,222422,229286
2016Q1,warehousing,Warehousing and storage,55402,56544,114933,118994
2016Q1,information,Information,962853,932804,1669115,1654121
2016Q1,credit_intermediation,"Federal Reserve banks, credit intermediation, and related activities",577179,668468,933917,1038927
2016Q1,securities,"Securities, commodity contracts, and investments",245881,273081,515162,553005
2016Q1,insurance,Insurance carriers and related activities,561461,556962,969086,974573
2016Q1,funds_trusts,"Funds, trusts, and other financial vehicles",6934,3665,159798,164259
2016Q1,real_estate,Real estate,2183825,2264551,3126229,3256100
2016Q1,rental_leasing,Rental and leasing services and lessors of intangible assets,206334,206997,339126,344430
2016Q1,legal,Legal services,254568,268771,340433,356635
2016Q1,computer_systems,Computer systems design and related services,301769,289378,418459,409348
2016Q1,misc_professional,"Miscellaneous professional, scientific, and technical services",828765,845060,1286856,1314754
2016Q1,management_companies,Management of companies and enterprises,346594,341192,538737,539326
2016Q1,admin_support,Administrative and support services,503346,513884,836528,854794
2016Q1,waste_remediation,Waste management and remediation services,46908,48829,101727,105855
2016Q1,education,Educational services,239947,249111,345498,357255
2016Q1,ambulatory_health,Ambulatory health care services,666850,675555,995573,1010909
2016Q1,hospitals_nursing,"Hospitals, nursing and residential care facilities",604138,621921,1042510,1071262
2016Q1,social_assistance,Social assistance,118359,124048,201728,209408
2016Q1,performing_arts_museums,"Performing arts, spectator sports, museums, and related activities",115589,119225,177540,182851
2016Q1,amusement_recreation,"Amusements, gambling, and recreation industries",82931,84058,142009,145291
2016Q1,accommodation,Accommodation,164953,170173,265004,273476
2016Q1,food_services,Food services and drinking places,413412,430317,766458,792182
2016Q1,other_services,"Other services, except government",411422,423568,669444,688416
2016Q2,oil_gas_extraction,Oil and gas extraction,128231,178386,195487,251555
2016Q2,mining_except_oil_gas,"Mining, except oil and gas",43567,48791,93188,101068
2016Q2,support_mining,Support activities for mining,33916,33745,67963,69056
2016Q2,utilities,Utilities,299236,312965,466563,492681
2016Q2,construction,Construction,766308,795880,1493037,1548655
2016Q2,wood_products,Wood products,33400,34802,102733,106298
2016Q2,nonmetallic_mineral,Nonmetallic mineral products,54983,55218,124704,128171
2016Q2,primary_metals,Primary metals,57026,67035,201806,225122
2016Q2,fabricated_metal,Fabricated metal products,141493,135486,342798,348608
2016Q2,machinery,Machinery,139263,135768,354874,358954
2016Q2,computer_electronic,Computer and electronic products,239261,235566,346989,344782
2016Q2,electrical_equipment,"Electrical equipment, appliances, and components",56301,55367,122018,124075
2016Q2,motor_vehicles,"Motor vehicles, bodies and trailers, and parts",154945,150614,626938,634283
2016Q2,other_transport_equipment,Other transportation equipment,146439,147133,295878,299249
2016Q2,furniture,Furniture and related products,29297,28948,76241,77558
2016Q2,misc_manufacturing,Miscellaneous manufacturing,84235,83432,161639,163380
2016Q2,food_beverage_tobacco,Food and beverage and tobacco products,270614,256931,948988,960389
2016Q2,textiles,Textile mills and textile product mills,18297,17614,51685,51984
2016Q2,apparel_leather,Apparel and leather and allied products,9677,9710,19102,19336
2016Q2,paper,Paper products,59646,61505,179144,186723
2016Q2,printing,Printing and related support activities,41450,40923,86177,86692
2016Q2,petroleum_coal,Petroleum and coal products,76262,98764,424158,519250
2016Q2,chemicals,Chemical products,346801,355515,774414,817680
2016Q2,plastics_rubber,Plastics and rubber products,79209,76632,229732,234461
2016Q2,wholesale,Wholesale trade,1138819,1163222,1911944,1955601
2016Q2,retail,Retail trade,1125810,1111882,1757575,1761334
2016Q2,air_transport,Air transportation,126623,122561,219045,223118
2016Q2,rail_transport,Rail transportation,41138,42224,72694,75718
2016Q2,water_transport,Water transportation,14636,15153,49825,52441
2016Q2,truck_transport,Truck transportation,163584,163937,334688,342728
2016Q2,transit_ground,Transit and ground passenger transportation,41474,41442,67268,68208
2016Q2,pipeline,Pipeline transportation,40114,41074,45658,47012
2016Q2,other_transport_support,Other transportation and support activities,117977,119930,224926,231005
2016Q2,warehousing,Warehousing and storage,56020,56251,118029,121014
2016Q2,information,Information,966431,938745,1682416,1667917
2016Q2,credit_intermediation,"Federal Reserve banks, credit intermediation, and related activities",608446,672946,963332,1037516
2016Q2,securities,"Securities, commodity contracts, and investments",255900,277291,530910,561329
2016Q2,insurance,Insurance carriers and related activities,581616,576505,972326,976880
2016Q2,funds_trusts,"Funds, trusts, and other financial vehicles",7264,3196,158096,160136
2016Q2,real_estate,Real estate,2206747,2276827,3170246,3279452
2016Q2,rental_leasing,Rental and leasing services and lessors of intangible assets,209561,209352,345294,349063
2016Q2,legal,Legal services,256725,268188,325688,338442
2016Q2,computer_systems,Computer systems design and related services,306410,295689,430654,422982
2016Q2,misc_professional,"Miscellaneous professional, scientific, and technical services",827978,840562,1293866,1317366
2016Q2,management_companies,Management of companies and enterprises,347800,342513,540134,540020
2016Q2,admin_support,Administrative and support services,507097,513429,871122,885510
2016Q2,waste_remediation,Waste management and remediation services,46884,47868,103215,106202
2016Q2,education,Educational services,243177,250697,351449,361479
2016Q2,ambulatory_health,Ambulatory health care services,679453,684894,1012904,1025317
2016Q2,hospitals_nursing,"Hospitals, nursing and residential care facilities",608918,621928,1058131,1081834
2016Q2,social_assistance,Social assistance,120252,124564,206897,213361
2016Q2,performing_arts_museums,"Performing arts, spectator sports, museums, and related activities",117714,120401,177479,181885
2016Q2,amusement_recreation,"Amusements, gambling, and recreation industries",83452,83837,142887,145277
2016Q2,accommodation,Accommodation,165441,168424,268342,274277
2016Q2,food_services,Food services and drinking places,418334,430416,770981,791661
2016Q2,other_services,"Other services, except government",413908,422825,675527,690774
2016Q3,oil_gas_extraction,Oil and gas extraction,136076,164162,212554,246688
2016Q3,mining_except_oil_gas,"Mining, except oil and gas",45138,49677,96359,102740
2016Q3,support_mining,Support activities for mining,34087,34325,70416,71751
2016Q3,utilities,Utilities,309405,317379,489255,505007
2016Q3,construction,Construction,780218,805281,1513335,1560049
2016Q3,wood_products,Wood products,33945,34926,103281,105823
2016Q3,nonmetallic_mineral,Nonmetallic mineral products,54992,55073,124501,127134
2016Q3,primary_metals,Primary metals,57463,64485,205765,222084
2016Q3,fabricated_metal,Fabricated metal products,141235,137724,342907,347892
2016Q3,machinery,Machinery,138466,136551,352255,356059
2016Q3,computer_electronic,Computer and electronic products,240170,238738,350818,350734
2016Q3,electrical_equipment,"Electrical equipment, appliances, and components",55485,55080,123419,125350
2016Q3,motor_vehicles,"Motor vehicles, bodies and trailers, and parts",156493,154941,622548,629269
2016Q3,other_transport_equipment,Other transportation equipment,147427,147916,300287,303110
2016Q3,furniture,Furniture and related products,29136,28933,75395,76482
2016Q3,misc_manufacturing,Miscellaneous manufacturing,84672,84380,155068,156579
2016Q3,food_beverage_tobacco,Food and beverage and tobacco products,273000,259543,958698,968434
2016Q3,textiles,Textile mills and textile product mills,18200,17712,51073,51482
2016Q3,apparel_leather,Apparel and leather and allied products,9562,9576,18461,18609
2016Q3,paper,Paper products,57804,60165,177010,184559
2016Q3,printing,Printing and related support activities,41313,40953,87062,87560
2016Q3,petroleum_coal,Petroleum and coal products,72905,100031,446030,528772
2016Q3,chemicals,Chemical products,344734,355272,767653,811242
2016Q3,plastics_rubber,Plastics and rubber products,78337,76578,231184,235587
2016Q3,wholesale,Wholesale trade,1143019,1180975,1930032,1982503
2016Q3,retail,Retail trade,1138839,1128827,1774703,1777866
2016Q3,air_transport,Air transportation,124997,121183,222427,224796
2016Q3,rail_transport,Rail transportation,42279,43089,76678,78978
2016Q3,water_transport,Water transportation,13867,14648,54105,56490
2016Q3,truck_transport,Truck transportation,164453,165987,338152,346259
2016Q3,transit_ground,Transit and ground passenger transportation,41384,41447,67973,68711
2016Q3,pipeline,Pipeline transportation,38125,38996,45441,46660
2016Q3,other_transport_support,Other transportation and support activities,119501,120922,228932,233644
2016Q3,warehousing,Warehousing and storage,57390,57755,121277,123976
2016Q3,information,Information,982034,955713,1711784,1691147
2016Q3,credit_intermediation,"Federal Reserve banks, credit intermediation, and related activities",640072,687329,993952,1046569
2016Q3,securities,"Securities, commodity contracts, and investments",264394,275047,538970,555423
2016Q3,insurance,Insurance carriers and related activities,598917,593130,983325,985246
2016Q3,funds_trusts,"Funds, trusts, and other financial vehicles",7590,4190,157561,159315
2016Q3,real_estate,Real estate,2218224,2273793,3198473,3283199
2016Q3,rental_leasing,Rental and leasing services and lessors of intangible assets,208235,209898,337409,342093
2016Q3,legal,Legal services,257929,266649,330119,339826
2016Q3,computer_systems,Computer systems design and related services,307625,299460,442097,436315
2016Q3,misc_professional,"Miscellaneous professional, scientific, and technical services",830147,839662,1312545,1330917
2016Q3,management_companies,Management of companies and enterprises,349413,346083,540897,540599
2016Q3,admin_support,Administrative and support services,512220,517965,893778,906297
2016Q3,waste_remediation,Waste management and remediation services,47431,48034,106001,108307
2016Q3,education,Educational services,243491,249191,350335,357818
2016Q3,ambulatory_health,Ambulatory health care services,680607,683937,1012151,1021359
2016Q3,hospitals_nursing,"Hospitals, nursing and residential care facilities",613833,622247,1067092,1084391
2016Q3,social_assistance,Social assistance,122657,125289,213794,218297
2016Q3,performing_arts_museums,"Performing arts, spectator sports, museums, and related activities",122952,123511,184612,185932
2016Q3,amusement_recreation,"Amusements, gambling, and recreation industries",84105,83436,142841,143753
2016Q3,accommodation,Accommodation,167076,169217,271973,275761
2016Q3,food_services,Food services and drinking places,424644,435310,777747,794277
2016Q3,other_services,"Other services, except government",417728,425066,687202,699491
2016Q4,oil_gas_extraction,Oil and gas extraction,148383,156650,231411,244633
2016Q4,mining_except_oil_gas,"Mining, except oil and gas",46581,50758,97752,103562
2016Q4,support_mining,Support activities for mining,36439,37163,73491,75123
2016Q4,utilities,Utilities,308977,314374,476316,486379
2016Q4,construction,Construction,804548,819800,1551374,1583880
2016Q4,wood_products,Wood products,34254,35696,104287,106833
2016Q4,nonmetallic_mineral,Nonmetallic mineral products,55553,55549,124959,126910
2016Q4,primary_metals,Primary metals,58466,64773,209815,225124
2016Q4,fabricated_metal,Fabricated metal products,141926,138278,342677,347263
2016Q4,machinery,Machinery,138468,136021,361941,364543
2016Q4,computer_electronic,Computer and electronic products,242868,242545,349607,350425
2016Q4,electrical_equipment,"Electrical equipment, appliances, and components",54558,54324,123811,125453
2016Q4,motor_vehicles,"Motor vehicles, bodies and trailers, and parts",157659,153743,624592,627743
2016Q4,other_transport_equipment,Other transportation equipment,145507,145682,302870,305097
2016Q4,furniture,Furniture and related products,29202,29116,75513,76477
2016Q4,misc_manufacturing,Miscellaneous manufacturing,84867,84539,151282,152413
2016Q4,food_beverage_tobacco,Food and beverage and tobacco products,271688,258744,956135,969839
2016Q4,textiles,Textile mills and textile product mills,17991,17692,51277,51751
2016Q4,apparel_leather,Apparel and leather and allied products,9619,9654,18154,18282
2016Q4,paper,Paper products,56933,58689,180244,186339
2016Q4,printing,Printing and related support activities,41140,40908,86297,86668
2016Q4,petroleum_coal,Petroleum and coal products,76583,95834,480558,533621
2016Q4,chemicals,Chemical products,335304,341709,764616,792739
2016Q4,plastics_rubber,Plastics and rubber products,78242,77049,232759,236746
2016Q4,wholesale,Wholesale trade,1146953,1175644,1965572,2006266
2016Q4,retail,Retail trade,1149944,1144374,1786376,1790351
2016Q4,air_transport,Air transportation,127661,125898,224515,226814
2016Q4,rail_transport,Rail transportation,43133,43806,79012,80910
2016Q4,water_transport,Water transportation,13475,13554,53880,55099
2016Q4,truck_transport,Truck transportation,166860,168860,344373,351089
2016Q4,transit_ground,Transit and ground passenger transportation,41819,42022,71370,71981
2016Q4,pipeline,Pipeline transportation,39767,39684,46252,46448
2016Q4,other_transport_support,Other transportation and support activities,122045,124414,237001,241871
2016Q4,warehousing,Warehousing and storage,58594,59984,118650,121724
2016Q4,information,Information,988161,964537,1722458,1699593
2016Q4,credit_intermediation,"Federal Reserve banks, credit intermediation, and related activities",663123,701272,1009118,1050038
2016Q4,securities,"Securities, commodity contracts, and investments",267010,273128,538409,548101
2016Q4,insurance,Insurance carriers and related activities,605709,598506,991156,989875
2016Q4,funds_trusts,"Funds, trusts, and other financial vehicles",7930,5631,156936,159213
2016Q4,real_estate,Real estate,2240110,2274124,3233830,3289187
2016Q4,rental_leasing,Rental and leasing services and lessors of intangible assets,206418,208101,344551,348586
2016Q4,legal,Legal services,262676,269542,343856,351527
2016Q4,computer_systems,Computer systems design and related services,314792,307630,444630,439393
2016Q4,misc_professional,"Miscellaneous professional, scientific, and technical services",836736,844934,1336253,1351320
2016Q4,management_companies,Management of companies and enterprises,353176,352429,544748,545781
2016Q4,admin_support,Administrative and support services,524033,527285,903954,912245
2016Q4,waste_remediation,Waste management and remediation services,48804,49611,109770,111848
2016Q4,education,Educational services,246251,249981,352280,357321
2016Q4,ambulatory_health,Ambulatory health care services,694700,695694,1039833,1045660
2016Q4,hospitals_nursing,"Hospitals, nursing and residential care facilities",621238,625965,1076100,1087670
2016Q4,social_assistance,Social assistance,124000,125624,214214,217319
2016Q4,performing_arts_museums,"Performing arts, spectator sports, museums, and related activities",123892,126404,192705,196307
2016Q4,amusement_recreation,"Amusements, gambling, and recreation industries",85159,85929,150227,152189
2016Q4,accommodation,Accommodation,169002,173244,271938,277072
2016Q4,food_services,Food services and drinking places,428645,436879,789780,802617
2016Q4,other_services,"Other services, except government",420485,425604,696543,705242
2017Q1,oil_gas_extraction,Oil and gas extraction,158307,153604,255036,251636
2017Q1,mining_except_oil_gas,"Mining, except oil and gas",49746,51705,102675,105476
2017Q1,support_mining,Support activities for mining,43456,43182,95973,96489
2017Q1,utilities,Utilities,307360,307942,465765,467144
2017Q1,construction,Construction,825202,836145,1555937,1575405
2017Q1,wood_products,Wood products,35225,36600,105687,108106
2017Q1,nonmetallic_mineral,Nonmetallic mineral products,57124,57164,125545,126536
2017Q1,primary_metals,Primary metals,59446,60994,217157,223251
2017Q1,fabricated_metal,Fabricated metal products,142184,140964,341610,343890
2017Q1,machinery,Machinery,142265,141021,368918,370467
2017Q1,computer_electronic,Computer and electronic products,244213,242646,348511,347692
2017Q1,electrical_equipment,"Electrical equipment, appliances, and components",56309,56408,124791,125856
2017Q1,motor_vehicles,"Motor vehicles, bodies and trailers, and parts",157624,155686,596606,599335
2017Q1,other_transport_equipment,Other transportation equipment,146359,146851,319807,321636
2017Q1,furniture,Furniture and related products,28937,29027,74573,75344
2017Q1,misc_manufacturing,Miscellaneous manufacturing,85079,85064,153368,154078
2017Q1,food_beverage_tobacco,Food and beverage and tobacco products,270852,271187,952049,959069
2017Q1,textiles,Textile mills and textile product mills,17789,17646,50609,50831
2017Q1,apparel_leather,Apparel and leather and allied products,9513,9512,16620,16669
2017Q1,paper,Paper products,55686,56712,181815,185391
2017Q1,printing,Printing and related support activities,40835,40505,85114,85159
2017Q1,petroleum_coal,Petroleum and coal products,94803,95285,537863,539495
2017Q1,chemicals,Chemical products,334519,338815,773255,788769
2017Q1,plastics_rubber,Plastics and rubber products,77601,77925,232046,235046
2017Q1,wholesale,Wholesale trade,1156434,1177492,2010647,2038670
2017Q1,retail,Retail trade,1162123,1151714,1811134,1806168
2017Q1,air_transport,Air transportation,127765,125610,229272,228206
2017Q1,rail_transport,Rail transportation,44328,44673,80459,81273
2017Q1,water_transport,Water transportation,13516,13903,55813,56679
2017Q1,truck_transport,Truck transportation,171906,175753,358968,364002
2017Q1,transit_ground,Transit and ground passenger transportation,42285,42467,72062,72396
2017Q1,pipeline,Pipeline transportation,40043,39815,46720,46628
2017Q1,other_transport_support,Other transportation and support activities,122921,124724,235728,238488
2017Q1,warehousing,Warehousing and storage,58795,59962,122522,124722
2017Q1,information,Information,996570,985484,1737862,1730069
2017Q1,credit_intermediation,"Federal Reserve banks, credit intermediation, and related activities",658865,681998,1029685,1054980
2017Q1,securities,"Securities, commodity contracts, and investments",266740,275065,546408,556577
2017Q1,insurance,Insurance carriers and related activities,576349,576575,1018936,1022878
2017Q1,funds_trusts,"Funds, trusts, and other financial vehicles",7998,10108,156925,162103
2017Q1,real_estate,Real estate,2267707,2290772,3257037,3291343
2017Q1,rental_leasing,Rental and leasing services and lessors of intangible assets,206782,207789,345078,347242
2017Q1,legal,Legal services,262878,266875,351842,356387
2017Q1,computer_systems,Computer systems design and related services,317508,313370,459236,456108
2017Q1,misc_professional,"Miscellaneous professional, scientific, and technical services",847881,849028,1356272,1361255
2017Q1,management_companies,Management of companies and enterprises,359186,357727,552111,551984
2017Q1,admin_support,Administrative and support services,534761,537300,925260,930688
2017Q1,waste_remediation,Waste management and remediation services,50852,52049,113052,115080
2017Q1,education,Educational services,245068,246703,353923,356264
2017Q1,ambulatory_health,Ambulatory health care services,700802,701326,1055803,1058803
2017Q1,hospitals_nursing,"Hospitals, nursing and residential care facilities",626285,629479,1081817,1088717
2017Q1,social_assistance,Social assistance,125491,126353,222559,224353
2017Q1,performing_arts_museums,"Performing arts, spectator sports, museums, and related activities",123248,122337,193902,192993
2017Q1,amusement_recreation,"Amusements, gambling, and recreation industries",84852,85686,148666,150007
2017Q1,accommodation,Accommodation,172821,177123,280275,285467
2017Q1,food_services,Food services and drinking places,434525,439220,807613,815462
2017Q1,other_services,"Other services, except government",424266,426746,700676,705290
2017Q2,oil_gas_extraction,Oil and gas extraction,155116,159606,238918,243763
2017Q2,mining_except_oil_gas,"Mining, except oil and gas",52726,53751,100358,101638
2017Q2,support_mining,Support activities for mining,52798,51657,107676,106834
2017Q2,utilities,Utilities,315915,314378,485134,484399
2017Q2,construction,Construction,830433,833162,1571008,1577146
2017Q2,wood_products,Wood products,35325,35842,105914,107099
2017Q2,nonmetallic_mineral,Nonmetallic mineral products,58251,58308,126631,126897
2017Q2,primary_metals,Primary metals,59164,59029,218579,219252
2017Q2,fabricated_metal,Fabricated metal products,143949,143991,342786,343057
2017Q2,machinery,Machinery,145848,145906,378218,378490
2017Q2,computer_electronic,Computer and electronic products,244864,243692,350660,349523
2017Q2,electrical_equipment,"Electrical equipment, appliances, and components",57654,57939,123687,124216
2017Q2,motor_vehicles,"Motor vehicles, bodies and trailers, and parts",159081,158481,599832,599831
2017Q2,other_transport_equipment,Other transportation equipment,148141,148650,319488,320179
2017Q2,furniture,Furniture and related products,28582,28730,75035,75352
2017Q2,misc_manufacturing,Miscellaneous manufacturing,85298,85566,157236,157486
2017Q2,food_beverage_tobacco,Food and beverage and tobacco products,276655,274119,955340,954645
2017Q2,textiles,Textile mills and textile product mills,17336,17239,49745,49677
2017Q2,apparel_leather,Apparel and leather and allied products,9399,9398,15632,15639
2017Q2,paper,Paper products,55212,55819,182443,183736
2017Q2,printing,Printing and related support activities,40102,40057,83394,83393
2017Q2,petroleum_coal,Petroleum and coal products,101451,126878,503480,538975
2017Q2,chemicals,Chemical products,334875,334524,768634,768352
2017Q2,plastics_rubber,Plastics and rubber products,76532,77240,235689,236052
2017Q2,wholesale,Wholesale trade,1168845,1173164,2019665,2024497
2017Q2,retail,Retail trade,1168777,1167210,1827292,1826531
2017Q2,air_transport,Air transportation,129774,126909,232333,231389
2017Q2,rail_transport,Rail transportation,44571,44507,79639,79937
2017Q2,water_transport,Water transportation,13653,13485,54247,54274
2017Q2,truck_transport,Truck transportation,177537,178752,366387,369327
2017Q2,transit_ground,Transit and ground passenger transportation,42758,42939,76438,76784
2017Q2,pipeline,Pipeline transportation,39449,39286,47644,47486
2017Q2,other_transport_support,Other transportation and support activities,124190,124637,238598,239751
2017Q2,warehousing,Warehousing and storage,60310,62979,124499,127440
2017Q2,information,Information,1004185,998470,1751050,1743490
2017Q2,credit_intermediation,"Federal Reserve banks, credit intermediation, and related activities",634462,642193,1056326,1065224
2017Q2,securities,"Securities, commodity contracts, and investments",273620,274139,548542,550261
2017Q2,insurance,Insurance carriers and related activities,564954,564711,1030230,1030476
2017Q2,funds_trusts,"Funds, trusts, and other financial vehicles",7512,9246,157485,159541
2017Q2,real_estate,Real estate,2295316,2305936,3282204,3294868
2017Q2,rental_leasing,Rental and leasing services and lessors of intangible assets,209921,211007,341500,342727
2017Q2,legal,Legal services,265495,267725,359880,362068
2017Q2,computer_systems,Computer systems design and related services,324036,321632,474861,472593
2017Q2,misc_professional,"Miscellaneous professional, scientific, and technical services",858688,861659,1356391,1359473
2017Q2,management_companies,Management of companies and enterprises,364906,364434,559416,558900
2017Q2,admin_support,Administrative and support services,544944,545228,937250,937881
2017Q2,waste_remediation,Waste management and remediation services,52275,52799,114826,115480
2017Q2,education,Educational services,244034,245122,355950,357095
2017Q2,ambulatory_health,Ambulatory health care services,706767,708199,1064705,1065917
2017Q2,hospitals_nursing,"Hospitals, nursing and residential care facilities",630326,632453,1079035,1081003
2017Q2,social_assistance,Social assistance,127227,127621,223401,223669
2017Q2,performing_arts_museums,"Performing arts, spectator sports, museums, and related activities",123907,124092,196568,196741
2017Q2,amusement_recreation,"Amusements, gambling, and recreation industries",86591,86894,153374,153634
2017Q2,accommodation,Accommodation,175444,175595,281576,281613
2017Q2,food_services,Food services and drinking places,439173,442192,813175,815853
2017Q2,other_services,"Other services, except government",428753,430011,705002,706494
2017Q3,oil_gas_extraction,Oil and gas extraction,155565,168903,240033,253317
2017Q3,mining_except_oil_gas,"Mining, except oil and gas",52629,51668,100594,99510
2017Q3,support_mining,Support activities for mining,57734,57405,109066,108655
2017Q3,utilities,Utilities,312815,312835,467870,468360
2017Q3,construction,Construction,844360,837156,1575600,1566772
2017Q3,wood_products,Wood products,35691,35123,108098,107225
2017Q3,nonmetallic_mineral,Nonmetallic mineral products,58773,58738,126552,126334
2017Q3,primary_metals,Primary metals,59252,58053,224062,221381
2017Q3,fabricated_metal,Fabricated metal products,145413,146037,344596,344217
2017Q3,machinery,Machinery,150382,150924,381315,380879
2017Q3,computer_electronic,Computer and electronic products,248966,249809,355908,356570
2017Q3,electrical_equipment,"Electrical equipment, appliances, and components",57659,57613,123218,122869
2017Q3,motor_vehicles,"Motor vehicles, bodies and trailers, and parts",158519,159469,584684,584226
2017Q3,other_transport_equipment,Other transportation equipment,153101,152629,354202,353400
2017Q3,furniture,Furniture and related products,28831,28361,76993,76300
2017Q3,misc_manufacturing,Miscellaneous manufacturing,86563,86536,160054,159936
2017Q3,food_beverage_tobacco,Food and beverage and tobacco products,278066,276996,950114,945822
2017Q3,textiles,Textile mills and textile product mills,17101,17071,49009,48955
2017Q3,apparel_leather,Apparel and leather and allied products,9394,9391,15093,15070
2017Q3,paper,Paper products,55814,54498,185002,182903
2017Q3,printing,Printing and related support activities,40609,40685,83400,83374
2017Q3,petroleum_coal,Petroleum and coal products,112016,109044,513234,526900
2017Q3,chemicals,Chemical products,345483,344997,781281,782590
2017Q3,plastics_rubber,Plastics and rubber products,76799,76021,237798,237282
2017Q3,wholesale,Wholesale trade,1179997,1173072,2060712,2052631
2017Q3,retail,Retail trade,1185689,1194805,1849229,1857369
2017Q3,air_transport,Air transportation,128716,130854,245061,247671
2017Q3,rail_transport,Rail transportation,43853,43862,78026,78170
2017Q3,water_transport,Water transportation,14154,13836,55348,55154
2017Q3,truck_transport,Truck transportation,179628,177319,366208,364632
2017Q3,transit_ground,Transit and ground passenger transportation,44280,44353,82358,82551
2017Q3,pipeline,Pipeline transportation,41116,41334,47509,47694
2017Q3,other_transport_support,Other transportation and support activities,125476,124905,239038,238521
2017Q3,warehousing,Warehousing and storage,61580,60536,124305,123180
2017Q3,information,Information,1015116,1019582,1772498,1776034
2017Q3,credit_intermediation,"Federal Reserve banks, credit intermediation, and related activities",650015,642449,1065697,1058872
2017Q3,securities,"Securities, commodity contracts, and investments",286965,287442,541258,541464
2017Q3,insurance,Insurance carriers and related activities,566694,566707,1047869,1046948
2017Q3,funds_trusts,"Funds, trusts, and other financial vehicles",7140,5303,157288,155643
2017Q3,real_estate,Real estate,2323262,2314804,3310152,3299764
2017Q3,rental_leasing,Rental and leasing services and lessors of intangible assets,213652,213384,349348,349029
2017Q3,legal,Legal services,266550,264560,348327,346253
2017Q3,computer_systems,Computer systems design and related services,328910,330643,478458,480106
2017Q3,misc_professional,"Miscellaneous professional, scientific, and technical services",874852,873859,1378889,1377145
2017Q3,management_companies,Management of companies and enterprises,371368,370602,568977,568264
2017Q3,admin_support,Administrative and support services,554468,552849,942391,940190
2017Q3,waste_remediation,Waste management and remediation services,54237,53764,116574,115918
2017Q3,education,Educational services,245583,245106,359164,358544
2017Q3,ambulatory_health,Ambulatory health care services,712634,711632,1079371,1078171
2017Q3,hospitals_nursing,"Hospitals, nursing and residential care facilities",634688,633951,1089744,1088563
2017Q3,social_assistance,Social assistance,129130,129293,225901,225691
2017Q3,performing_arts_museums,"Performing arts, spectator sports, museums, and related activities",130397,130326,205782,205708
2017Q3,amusement_recreation,"Amusements, gambling, and recreation industries",88020,87591,156628,156104
2017Q3,accommodation,Accommodation,177404,175781,283893,282034
2017Q3,food_services,Food services and drinking places,443546,441599,815373,812790
2017Q3,other_services,"Other services, except government",436632,435774,710576,709306
2017Q4,oil_gas_extraction,Oil and gas extraction,175455,162331,281990,267260
2017Q4,mining_except_oil_gas,"Mining, except oil and gas",53959,51941,103779,100783
2017Q4,support_mining,Support activities for mining,61716,63458,115000,115737
2017Q4,utilities,Utilities,318753,319688,477706,476572
2017Q4,construction,Construction,860888,854419,1609320,1592543
2017Q4,wood_products,Wood products,36509,35187,114120,111390
2017Q4,nonmetallic_mineral,Nonmetallic mineral products,59804,59740,130551,129512
2017Q4,primary_metals,Primary metals,61250,61036,231749,227664
2017Q4,fabricated_metal,Fabricated metal products,147532,148088,356124,353952
2017Q4,machinery,Machinery,152072,152715,384617,383231
2017Q4,computer_electronic,Computer and electronic products,256918,258812,362131,363426
2017Q4,electrical_equipment,"Electrical equipment, appliances, and components",58887,58549,125321,124076
2017Q4,motor_vehicles,"Motor vehicles, bodies and trailers, and parts",161273,162859,607560,605291
2017Q4,other_transport_equipment,Other transportation equipment,156046,155514,348763,347045
2017Q4,furniture,Furniture and related products,29242,29472,78526,78131
2017Q4,misc_manufacturing,Miscellaneous manufacturing,89489,89263,164740,163898
2017Q4,food_beverage_tobacco,Food and beverage and tobacco products,275483,278754,954975,952943
2017Q4,textiles,Textile mills and textile product mills,16916,17187,49452,49352
2017Q4,apparel_leather,Apparel and leather and allied products,9488,9494,15499,15466
2017Q4,paper,Paper products,56878,56561,191935,189166
2017Q4,printing,Printing and related support activities,40882,41183,83805,83787
2017Q4,petroleum_coal,Petroleum and coal products,134353,111417,600597,549803
2017Q4,chemicals,Chemical products,365456,361999,807431,790891
2017Q4,plastics_rubber,Plastics and rubber products,77880,77626,245516,242670
2017Q4,wholesale,Wholesale trade,1199305,1180855,2124484,2099710
2017Q4,retail,Retail trade,1199109,1201963,1900117,1897705
2017Q4,air_transport,Air transportation,128476,131356,238538,237937
2017Q4,rail_transport,Rail transportation,44584,44293,80151,78896
2017Q4,water_transport,Water transportation,14506,14604,54500,53801
2017Q4,truck_transport,Truck transportation,182798,180042,377051,370654
2017Q4,transit_ground,Transit and ground passenger transportation,44309,43873,82346,81472
2017Q4,pipeline,Pipeline transportation,43408,43582,50415,50479
2017Q4,other_transport_support,Other transportation and support activities,127396,125718,241459,238062
2017Q4,warehousing,Warehousing and storage,63776,60986,124011,119994
2017Q4,information,Information,1024203,1036543,1791802,1803619
2017Q4,credit_intermediation,"Federal Reserve banks, credit intermediation, and related activities",652103,628801,1079959,1052592
2017Q4,securities,"Securities, commodity contracts, and investments",306382,297063,561059,548966
2017Q4,insurance,Insurance carriers and related activities,567560,567561,1075523,1072255
2017Q4,funds_trusts,"Funds, trusts, and other financial vehicles",4688,2682,157746,152158
2017Q4,real_estate,Real estate,2364758,2339523,3345269,3308686
2017Q4,rental_leasing,Rental and leasing services and lessors of intangible assets,218683,216857,358971,355898
2017Q4,legal,Legal services,270796,266561,358801,354143
2017Q4,computer_systems,Computer systems design and related services,335038,339848,491568,495316
2017Q4,misc_professional,"Miscellaneous professional, scientific, and technical services",889936,886807,1401640,1395319
2017Q4,management_companies,Management of companies and enterprises,385078,387773,593990,595346
2017Q4,admin_support,Administrative and support services,564656,563453,953418,949560
2017Q4,waste_remediation,Waste management and remediation services,55274,54023,118012,115986
2017Q4,education,Educational services,247665,245420,360840,357974
2017Q4,ambulatory_health,Ambulatory health care services,718429,717473,1089483,1086470
2017Q4,hospitals_nursing,"Hospitals, nursing and residential care facilities",642793,638209,1109636,1101950
2017Q4,social_assistance,Social assistance,130765,129346,225979,224126
2017Q4,performing_arts_museums,"Performing arts, spectator sports, museums, and related activities",129660,130459,199744,200552
2017Q4,amusement_recreation,"Amusements, gambling, and recreation industries",88340,87634,155327,154250
2017Q4,accommodation,Accommodation,179527,176696,285921,282550
2017Q4,food_services,Food services and drinking places,447152,441387,833964,826020
2017Q4,other_services,"Other services, except government",443006,440129,719268,714432
2018Q1,oil_gas_extraction,Oil and gas extraction,180956,149686,315444,278274
2018Q1,mining_except_oil_gas,"Mining, except oil and gas",53582,51278,106834,102419
2018Q1,support_mining,Support activities for mining,66329,71279,123344,126347
2018Q1,utilities,Utilities,322003,312554,509488,494589
2018Q1,construction,Construction,875549,864942,1638445,1605161
2018Q1,wood_products,Wood products,36904,34979,119125,114258
2018Q1,nonmetallic_mineral,Nonmetallic mineral products,58936,57750,127966,124826
2018Q1,primary_metals,Primary metals,64409,63296,242370,232614
2018Q1,fabricated_metal,Fabricated metal products,149896,149603,364202,357284
2018Q1,machinery,Machinery,155017,157039,383124,380891
2018Q1,computer_electronic,Computer and electronic products,256498,258782,361768,362918
2018Q1,electrical_equipment,"Electrical equipment, appliances, and components",59781,58870,126002,123345
2018Q1,motor_vehicles,"Motor vehicles, bodies and trailers, and parts",160593,163142,623144,617739
2018Q1,other_transport_equipment,Other transportation equipment,157470,156565,359458,355860
2018Q1,furniture,Furniture and related products,29728,29847,77758,76659
2018Q1,misc_manufacturing,Miscellaneous manufacturing,91525,91260,166615,164955
2018Q1,food_beverage_tobacco,Food and beverage and tobacco products,274487,279035,952727,949949
2018Q1,textiles,Textile mills and textile product mills,16595,16626,49350,48656
2018Q1,apparel_leather,Apparel and leather and allied products,9441,9366,16507,16376
2018Q1,paper,Paper products,58469,59102,189697,186078
2018Q1,printing,Printing and related support activities,41556,42077,82994,82852
2018Q1,petroleum_coal,Petroleum and coal products,140811,102653,648968,540923
2018Q1,chemicals,Chemical products,388046,382206,814753,784136
2018Q1,plastics_rubber,Plastics and rubber products,79825,78392,246489,241029
2018Q1,wholesale,Wholesale trade,1202308,1184503,2111683,2080892
2018Q1,retail,Retail trade,1212524,1221076,1911195,1909768
2018Q1,air_transport,Air transportation,132012,138371,245619,244639
2018Q1,rail_transport,Rail transportation,45410,44837,84146,81593
2018Q1,water_transport,Water transportation,15146,15070,55440,53734
2018Q1,truck_transport,Truck transportation,187483,181941,389468,376211
2018Q1,transit_ground,Transit and ground passenger transportation,44088,43539,88653,86908
2018Q1,pipeline,Pipeline transportation,44729,43779,52931,51714
2018Q1,other_transport_support,Other transportation and support activities,130836,128352,249115,242880
2018Q1,warehousing,Warehousing and storage,66198,64321,124564,120500
2018Q1,information,Information,1016017,1036677,1835380,1850065
2018Q1,credit_intermediation,"Federal Reserve banks, credit intermediation, and related activities",670658,631670,1098453,1049121
2018Q1,securities,"Securities, commodity contracts, and investments",289695,273242,580298,556550
2018Q1,insurance,Insurance carriers and related activities,589027,570811,1092980,1067710
2018Q1,funds_trusts,"Funds, trusts, and other financial vehicles",2088,1370,153353,146436
2018Q1,real_estate,Real estate,2413055,2376145,3386582,3327321
2018Q1,rental_leasing,Rental and leasing services and lessors of intangible assets,226149,223771,374172,368802
2018Q1,legal,Legal services,272197,265544,349927,342670
2018Q1,computer_systems,Computer systems design and related services,345431,355406,499973,507572
2018Q1,misc_professional,"Miscellaneous professional, scientific, and technical services",911926,904051,1436795,1422317
2018Q1,management_companies,Management of companies and enterprises,382653,385966,591538,591428
2018Q1,admin_support,Administrative and support services,569592,567085,975104,967677
2018Q1,waste_remediation,Waste management and remediation services,56597,54654,119536,116132
2018Q1,education,Educational services,252506,248649,364695,359393
2018Q1,ambulatory_health,Ambulatory health care services,729938,728772,1098027,1092267
2018Q1,hospitals_nursing,"Hospitals, nursing and residential care facilities",651691,645067,1112710,1099536
2018Q1,social_assistance,Social assistance,132835,130385,230272,226768
2018Q1,performing_arts_museums,"Performing arts, spectator sports, museums, and related activities",130743,130070,200822,199482
2018Q1,amusement_recreation,"Amusements, gambling, and recreation industries",90318,88880,162277,160205
2018Q1,accommodation,Accommodation,183561,174485,289311,278584
2018Q1,food_services,Food services and drinking places,452363,441894,845802,830533
2018Q1,other_services,"Other services, except government",449593,444156,723694,714352
2018Q2,oil_gas_extraction,Oil and gas extraction,186962,152038,335012,294175
2018Q2,mining_except_oil_gas,"Mining, except oil and gas",53625,50923,107624,102472
2018Q2,support_mining,Support activities for mining,74051,80150,130389,133840
2018Q2,utilities,Utilities,321725,314416,512976,500635
2018Q2,construction,Construction,882550,859862,1671671,1615659
2018Q2,wood_products,Wood products,37223,32659,121883,112967
2018Q2,nonmetallic_mineral,Nonmetallic mineral products,59237,57921,131986,127918
2018Q2,primary_metals,Primary metals,67372,60247,255609,233007
2018Q2,fabricated_metal,Fabricated metal products,150942,150759,373912,359447
2018Q2,machinery,Machinery,153350,155971,389934,384031
2018Q2,computer_electronic,Computer and electronic products,260167,263522,367265,368875
2018Q2,electrical_equipment,"Electrical equipment, appliances, and components",59509,57973,127335,122954
2018Q2,motor_vehicles,"Motor vehicles, bodies and trailers, and parts",159395,164653,641418,632782
2018Q2,other_transport_equipment,Other transportation equipment,155671,156025,338635,334825
2018Q2,furniture,Furniture and related products,29896,30313,77182,75548
2018Q2,misc_manufacturing,Miscellaneous manufacturing,91587,91610,167540,165157
2018Q2,food_beverage_tobacco,Food and beverage and tobacco products,271846,271010,955550,948077
2018Q2,textiles,Textile mills and textile product mills,16540,16316,50287,49099
2018Q2,apparel_leather,Apparel and leather and allied products,9380,9409,16269,16226
2018Q2,paper,Paper products,60073,59380,188559,181667
2018Q2,printing,Printing and related support activities,41434,42015,84360,83872
2018Q2,petroleum_coal,Petroleum and coal products,149220,111311,662825,547870
2018Q2,chemicals,Chemical products,399653,390878,832735,796561
2018Q2,plastics_rubber,Plastics and rubber products,80094,78829,253290,245766
2018Q2,wholesale,Wholesale trade,1211357,1174448,2163818,2107820
2018Q2,retail,Retail trade,1223460,1211695,1934015,1910228
2018Q2,air_transport,Air transportation,130329,133489,254278,248066
2018Q2,rail_transport,Rail transportation,46706,45306,86304,82248
2018Q2,water_transport,Water transportation,15844,15049,59238,56358
2018Q2,truck_transport,Truck transportation,190578,178684,399075,378925
2018Q2,transit_ground,Transit and ground passenger transportation,44897,44974,94066,92560
2018Q2,pipeline,Pipeline transportation,43817,43209,54689,53535
2018Q2,other_transport_support,Other transportation and support activities,132855,128851,254351,245741
2018Q2,warehousing,Warehousing and storage,67842,65777,128026,123635
2018Q2,information,Information,1036991,1060334,1870134,1881104
2018Q2,credit_intermediation,"Federal Reserve banks, credit intermediation, and related activities",682204,618392,1109865,1031854
2018Q2,securities,"Securities, commodity contracts, and investments",296490,278947,577612,551295
2018Q2,insurance,Insurance carriers and related activities,592555,573808,1095862,1067985
2018Q2,funds_trusts,"Funds, trusts, and other financial vehicles",655,590,150068,143428
2018Q2,real_estate,Real estate,2446683,2398273,3429824,3350181
2018Q2,rental_leasing,Rental and leasing services and lessors of intangible assets,226498,224497,378731,372527
2018Q2,legal,Legal services,277712,269811,365160,356331
2018Q2,computer_systems,Computer systems design and related services,356203,369673,516124,526689
2018Q2,misc_professional,"Miscellaneous professional, scientific, and technical services",924550,913895,1462144,1442394
2018Q2,management_companies,Management of companies and enterprises,383302,387830,591618,591175
2018Q2,admin_support,Administrative and support services,577037,571249,1009234,997527
2018Q2,waste_remediation,Waste management and remediation services,56758,53932,120729,116109
2018Q2,education,Educational services,255225,250046,368515,361507
2018Q2,ambulatory_health,Ambulatory health care services,734179,730756,1100110,1089864
2018Q2,hospitals_nursing,"Hospitals, nursing and residential care facilities",657563,645151,1132597,1111238
2018Q2,social_assistance,Social assistance,134856,131898,231962,227512
2018Q2,performing_arts_museums,"Performing arts, spectator sports, museums, and related activities",139460,137697,217274,214396
2018Q2,amusement_recreation,"Amusements, gambling, and recreation industries",90799,87933,157760,154061
2018Q2,accommodation,Accommodation,185955,182427,300978,294905
2018Q2,food_services,Food services and drinking places,456785,442494,859324,839088
2018Q2,other_services,"Other services, except government",456112,447395,737562,723808
2018Q3,oil_gas_extraction,Oil and gas extraction,197793,149788,368124,309531
2018Q3,mining_except_oil_gas,"Mining, except oil and gas",51190,50116,106166,102306
2018Q3,support_mining,Support activities for mining,72973,79508,139248,142745
2018Q3,utilities,Utilities,315895,305246,515301,496775
2018Q3,construction,Construction,893530,865261,1679782,1611273
2018Q3,wood_products,Wood products,37146,33275,123174,114933
2018Q3,nonmetallic_mineral,Nonmetallic mineral products,59446,58337,132605,127941
2018Q3,primary_metals,Primary metals,69359,57390,260597,231879
2018Q3,fabricated_metal,Fabricated metal products,152395,151080,376669,357021
2018Q3,machinery,Machinery,155108,156475,391633,381887
2018Q3,computer_electronic,Computer and electronic products,260592,265435,365071,367884
2018Q3,electrical_equipment,"Electrical equipment, appliances, and components",59917,56697,129374,122920
2018Q3,motor_vehicles,"Motor vehicles, bodies and trailers, and parts",163046,166486,648596,637290
2018Q3,other_transport_equipment,Other transportation equipment,159264,158878,357003,351195
2018Q3,furniture,Furniture and related products,30042,30589,76081,74250
2018Q3,misc_manufacturing,Miscellaneous manufacturing,92036,92482,166608,164115
2018Q3,food_beverage_tobacco,Food and beverage and tobacco products,269406,273608,961699,963113
2018Q3,textiles,Textile mills and textile product mills,16596,16285,51006,49249
2018Q3,apparel_leather,Apparel and leather and allied products,9320,9438,17674,17680
2018Q3,paper,Paper products,60879,58962,191060,181016
2018Q3,printing,Printing and related support activities,41367,41858,82387,81370
2018Q3,petroleum_coal,Petroleum and coal products,156773,117255,689900,553542
2018Q3,chemicals,Chemical products,400649,390129,826005,781268
2018Q3,plastics_rubber,Plastics and rubber products,81185,81492,255567,247332
2018Q3,wholesale,Wholesale trade,1225980,1189676,2195511,2133421
2018Q3,retail,Retail trade,1228808,1230420,1941498,1925788
2018Q3,air_transport,Air transportation,129978,134818,254233,248116
2018Q3,rail_transport,Rail transportation,47071,45065,87971,82846
2018Q3,water_transport,Water transportation,15859,14110,62530,58143
2018Q3,truck_transport,Truck transportation,191971,174641,406232,378541
2018Q3,transit_ground,Transit and ground passenger transportation,46823,48196,99823,99001
2018Q3,pipeline,Pipeline transportation,44763,44088,56533,55120
2018Q3,other_transport_support,Other transportation and support activities,133781,129621,256729,247033
2018Q3,warehousing,Warehousing and storage,69376,67673,131581,126826
2018Q3,information,Information,1052871,1076562,1896371,1903298
2018Q3,credit_intermediation,"Federal Reserve banks, credit intermediation, and related activities",701344,629449,1107268,1019768
2018Q3,securities,"Securities, commodity contracts, and investments",299955,277843,581188,547823
2018Q3,insurance,Insurance carriers and related activities,606214,583963,1100076,1066331
2018Q3,funds_trusts,"Funds, trusts, and other financial vehicles",524,449,147928,139687
2018Q3,real_estate,Real estate,2472355,2406028,3479924,3373214
2018Q3,rental_leasing,Rental and leasing services and lessors of intangible assets,228960,225084,382004,372774
2018Q3,legal,Legal services,279390,271404,360887,351576
2018Q3,computer_systems,Computer systems design and related services,365474,382620,526053,538983
2018Q3,misc_professional,"Miscellaneous professional, scientific, and technical services",930555,917464,1463110,1437199
2018Q3,management_companies,Management of companies and enterprises,393611,400960,611097,611451
2018Q3,admin_support,Administrative and support services,585054,580567,1033172,1019996
2018Q3,waste_remediation,Waste management and remediation services,56937,53694,124939,119200
2018Q3,education,Educational services,258465,251304,371409,361815
2018Q3,ambulatory_health,Ambulatory health care services,741394,738491,1114112,1102021
2018Q3,hospitals_nursing,"Hospitals, nursing and residential care facilities",660683,645713,1145365,1118689
2018Q3,social_assistance,Social assistance,137020,132729,237051,231013
2018Q3,performing_arts_museums,"Performing arts, spectator sports, museums, and related activities",138342,135504,218410,213699
2018Q3,amusement_recreation,"Amusements, gambling, and recreation industries",91734,87737,161632,155893
2018Q3,accommodation,Accommodation,184262,175136,297630,285140
2018Q3,food_services,Food services and drinking places,465238,448463,878308,853359
2018Q3,other_services,"Other services, except government",460340,447666,746053,726756
2018Q4,oil_gas_extraction,Oil and gas extraction,191065,154062,367976,314351
2018Q4,mining_except_oil_gas,"Mining, except oil and gas",51651,50579,107000,102514
2018Q4,support_mining,Support activities for mining,73799,78966,135120,136356
2018Q4,utilities,Utilities,321852,304865,524216,493589
2018Q4,construction,Construction,904672,864946,1657940,1573195
2018Q4,wood_products,Wood products,36404,34559,117250,111874
2018Q4,nonmetallic_mineral,Nonmetallic mineral products,59971,59110,133104,127801
2018Q4,primary_metals,Primary metals,70026,59024,259771,231004
2018Q4,fabricated_metal,Fabricated metal products,154210,151503,378140,355403
2018Q4,machinery,Machinery,155937,156022,394025,380082
2018Q4,computer_electronic,Computer and electronic products,262526,270331,372394,377784
2018Q4,electrical_equipment,"Electrical equipment, appliances, and components",59796,56349,129542,122329
2018Q4,motor_vehicles,"Motor vehicles, bodies and trailers, and parts",161405,168568,638968,625938
2018Q4,other_transport_equipment,Other transportation equipment,165015,164389,356389,349025
2018Q4,furniture,Furniture and related products,30124,30440,75734,73372
2018Q4,misc_manufacturing,Miscellaneous manufacturing,91262,92132,168559,165923
2018Q4,food_beverage_tobacco,Food and beverage and tobacco products,266050,272633,955784,950259
2018Q4,textiles,Textile mills and textile product mills,16543,16237,52226,49984
2018Q4,apparel_leather,Apparel and leather and allied products,9133,9311,17292,17235
2018Q4,paper,Paper products,61570,60498,191513,181308
2018Q4,printing,Printing and related support activities,41568,41952,83107,81438
2018Q4,petroleum_coal,Petroleum and coal products,170168,132986,673813,561216
2018Q4,chemicals,Chemical products,396415,386815,828095,784039
2018Q4,plastics_rubber,Plastics and rubber products,82050,81624,255726,245811
2018Q4,wholesale,Wholesale trade,1248835,1194964,2229559,2140025
2018Q4,retail,Retail trade,1229408,1217069,1950486,1912618
2018Q4,air_transport,Air transportation,132244,129072,260967,246830
2018Q4,rail_transport,Rail transportation,47360,44255,87761,81602
2018Q4,water_transport,Water transportation,15787,13898,62012,57364
2018Q4,truck_transport,Truck transportation,195616,175891,410522,378291
2018Q4,transit_ground,Transit and ground passenger transportation,48382,50509,98964,98498
2018Q4,pipeline,Pipeline transportation,42813,42007,58226,56339
2018Q4,other_transport_support,Other transportation and support activities,137420,132538,266332,254743
2018Q4,warehousing,Warehousing and storage,71051,69395,135323,129886
2018Q4,information,Information,1059923,1090618,1909356,1913709
2018Q4,credit_intermediation,"Federal Reserve banks, credit intermediation, and related activities",692175,611991,1131858,1029573
2018Q4,securities,"Securities, commodity contracts, and investments",280636,264439,579906,548101
2018Q4,insurance,Insurance carriers and related activities,594436,572054,1100775,1061805
2018Q4,funds_trusts,"Funds, trusts, and other financial vehicles",614,179,145349,136021
2018Q4,real_estate,Real estate,2491132,2411597,3530285,3396535
2018Q4,rental_leasing,Rental and leasing services and lessors of intangible assets,228873,225806,386192,376292
2018Q4,legal,Legal services,279086,269078,359145,347121
2018Q4,computer_systems,Computer systems design and related services,367053,388585,534835,550761
2018Q4,misc_professional,"Miscellaneous professional, scientific, and technical services",938673,928302,1485745,1457720
2018Q4,management_companies,Management of companies and enterprises,393770,405117,609523,611875
2018Q4,admin_support,Administrative and support services,595126,591530,1048895,1032651
2018Q4,waste_remediation,Waste management and remediation services,57532,53765,128586,121531
2018Q4,education,Educational services,262693,254100,373400,361386
2018Q4,ambulatory_health,Ambulatory health care services,753068,748076,1124472,1108104
2018Q4,hospitals_nursing,"Hospitals, nursing and residential care facilities",666013,644595,1144776,1107788
2018Q4,social_assistance,Social assistance,139695,134939,245872,238014
2018Q4,performing_arts_museums,"Performing arts, spectator sports, museums, and related activities",134642,132958,212051,207986
2018Q4,amusement_recreation,"Amusements, gambling, and recreation industries",92880,88556,166913,159058
2018Q4,accommodation,Accommodation,189181,179327,303965,289654
2018Q4,food_services,Food services and drinking places,472121,454954,869779,840311
2018Q4,other_services,"Other services, except government",464570,449036,757905,732694
2019Q1,oil_gas_extraction,Oil and gas extraction,174374,175134,324045,314841
2019Q1,mining_except_oil_gas,"Mining, except oil and gas",51278,48962,105390,99909
2019Q1,support_mining,Support activities for mining,76835,80416,134080,134012
2019Q1,utilities,Utilities,321810,298365,529415,496628
2019Q1,construction,Construction,930142,877296,1673901,1577801
2019Q1,wood_products,Wood products,36190,34346,112129,107724
2019Q1,nonmetallic_mineral,Nonmetallic mineral products,61050,59912,133538,127946
2019Q1,primary_metals,Primary metals,69068,60933,248756,224193
2019Q1,fabricated_metal,Fabricated metal products,157156,150547,379572,354750
2019Q1,machinery,Machinery,160179,157085,396180,379833
2019Q1,computer_electronic,Computer and electronic products,265179,270672,367412,370305
2019Q1,electrical_equipment,"Electrical equipment, appliances, and components",59583,54899,131215,122738
2019Q1,motor_vehicles,"Motor vehicles, bodies and trailers, and parts",161125,167310,645273,630816
2019Q1,other_transport_equipment,Other transportation equipment,168945,166520,347679,338070
2019Q1,furniture,Furniture and related products,30290,29832,75437,72473
2019Q1,misc_manufacturing,Miscellaneous manufacturing,91003,89083,169556,164172
2019Q1,food_beverage_tobacco,Food and beverage and tobacco products,265165,265665,965216,954023
2019Q1,textiles,Textile mills and textile product mills,16751,16141,50690,48368
2019Q1,apparel_leather,Apparel and leather and allied products,9102,9216,17151,17077
2019Q1,paper,Paper products,61472,60193,191717,181963
2019Q1,printing,Printing and related support activities,41263,40820,80755,78371
2019Q1,petroleum_coal,Petroleum and coal products,139951,130052,605700,557742
2019Q1,chemicals,Chemical products,376759,368014,822663,792340
2019Q1,plastics_rubber,Plastics and rubber products,83193,79693,256485,245766
2019Q1,wholesale,Wholesale trade,1273997,1192863,2254722,2136254
2019Q1,retail,Retail trade,1247823,1233764,1949032,1908220
2019Q1,air_transport,Air transportation,133122,127474,270909,257391
2019Q1,rail_transport,Rail transportation,46948,43225,86840,80680
2019Q1,water_transport,Water transportation,15861,13575,59891,55380
2019Q1,truck_transport,Truck transportation,194499,172489,400979,369431
2019Q1,transit_ground,Transit and ground passenger transportation,55099,56552,103392,102269
2019Q1,pipeline,Pipeline transportation,40161,37021,59333,54761
2019Q1,other_transport_support,Other transportation and support activities,140620,133132,262300,249418
2019Q1,warehousing,Warehousing and storage,70546,69196,132128,127707
2019Q1,information,Information,1094673,1127800,1918373,1925792
2019Q1,credit_intermediation,"Federal Reserve banks, credit intermediation, and related activities",715080,623351,1117018,1008584
2019Q1,securities,"Securities, commodity contracts, and investments",288731,283794,577825,558056
2019Q1,insurance,Insurance carriers and related activities,600296,590531,1116183,1089526
2019Q1,funds_trusts,"Funds, trusts, and other financial vehicles",2189,809,145166,137228
2019Q1,real_estate,Real estate,2514544,2410038,3614148,3449441
2019Q1,rental_leasing,Rental and leasing services and lessors of intangible assets,227332,223703,376272,366074
2019Q1,legal,Legal services,282976,268414,359985,343376
2019Q1,computer_systems,Computer systems design and related services,377662,402330,515690,532954
2019Q1,misc_professional,"Miscellaneous professional, scientific, and technical services",959165,942897,1505537,1469732
2019Q1,management_companies,Management of companies and enterprises,404601,419284,628316,632829
2019Q1,admin_support,Administrative and support services,601296,589753,1050145,1025086
2019Q1,waste_remediation,Waste management and remediation services,57680,53579,127856,120377
2019Q1,education,Educational services,265380,254847,380537,366263
2019Q1,ambulatory_health,Ambulatory health care services,769313,763942,1137037,1119086
2019Q1,hospitals_nursing,"Hospitals, nursing and residential care facilities",669422,643475,1172397,1128817
2019Q1,social_assistance,Social assistance,142290,136274,241253,231976
2019Q1,performing_arts_museums,"Performing arts, spectator sports, museums, and related activities",132131,130714,226517,222250
2019Q1,amusement_recreation,"Amusements, gambling, and recreation industries",92802,87421,166829,158540
2019Q1,accommodation,Accommodation,189349,178120,305072,289310
2019Q1,food_services,Food services and drinking places,479520,454877,871518,834505
2019Q1,other_services,"Other services, except government",465879,443763,770781,737797
2019Q2,oil_gas_extraction,Oil and gas extraction,177343,184083,321559,321422
2019Q2,mining_except_oil_gas,"Mining, except oil and gas",52957,51008,109183,103748
2019Q2,support_mining,Support activities for mining,74985,77534,137610,136153
2019Q2,utilities,Utilities,326945,309631,510261,486769
2019Q2,construction,Construction,946571,881541,1722399,1609811
2019Q2,wood_products,Wood products,36402,34292,110494,106511
2019Q2,nonmetallic_mineral,Nonmetallic mineral products,62673,60593,135621,128868
2019Q2,primary_metals,Primary metals,68022,63690,243817,225007
2019Q2,fabricated_metal,Fabricated metal products,158136,149805,378284,353507
2019Q2,machinery,Machinery,161319,155831,399998,381595
2019Q2,computer_electronic,Computer and electronic products,266939,273847,372886,377087
2019Q2,electrical_equipment,"Electrical equipment, appliances, and components",59819,55016,131608,123020
2019Q2,motor_vehicles,"Motor vehicles, bodies and trailers, and parts",161938,168562,664957,651180
2019Q2,other_transport_equipment,Other transportation equipment,166863,163934,328853,318885
2019Q2,furniture,Furniture and related products,30423,29418,74839,71567
2019Q2,misc_manufacturing,Miscellaneous manufacturing,91512,89485,171210,165708
2019Q2,food_beverage_tobacco,Food and beverage and tobacco products,269744,265892,973136,958842
2019Q2,textiles,Textile mills and textile product mills,16700,16113,50016,47769
2019Q2,apparel_leather,Apparel and leather and allied products,9285,9405,17308,17242
2019Q2,paper,Paper products,62413,61739,192312,183465
2019Q2,printing,Printing and related support activities,41458,40669,80625,77740
2019Q2,petroleum_coal,Petroleum and coal products,148913,140869,624275,554975
2019Q2,chemicals,Chemical products,370850,362791,815055,790055
2019Q2,plastics_rubber,Plastics and rubber products,84727,81805,252705,243032
2019Q2,wholesale,Wholesale trade,1280111,1179171,2244683,2104316
2019Q2,retail,Retail trade,1270084,1243936,1980698,1925795
2019Q2,air_transport,Air transportation,137482,130502,273170,255865
2019Q2,rail_transport,Rail transportation,47299,43043,86581,79576
2019Q2,water_transport,Water transportation,15652,13136,61401,56103
2019Q2,truck_transport,Truck transportation,197198,176294,402558,369707
2019Q2,transit_ground,Transit and ground passenger transportation,53331,54050,107008,104762
2019Q2,pipeline,Pipeline transportation,38707,34965,61034,55525
2019Q2,other_transport_support,Other transportation and support activities,141767,132830,262277,246754
2019Q2,warehousing,Warehousing and storage,73004,71554,133110,128541
2019Q2,information,Information,1138557,1172303,1942423,1948554
2019Q2,credit_intermediation,"Federal Reserve banks, credit intermediation, and related activities",732968,642243,1113120,1005527
2019Q2,securities,"Securities, commodity contracts, and investments",277914,253845,614846,570485
2019Q2,insurance,Insurance carriers and related activities,626924,612631,1125176,1092302
2019Q2,funds_trusts,"Funds, trusts, and other financial vehicles",2447,1003,146450,134346
2019Q2,real_estate,Real estate,2545299,2415677,3647695,3454355
2019Q2,rental_leasing,Rental and leasing services and lessors of intangible assets,236332,232664,397278,385715
2019Q2,legal,Legal services,286062,269354,363654,344661
2019Q2,computer_systems,Computer systems design and related services,379923,405693,528807,546821
2019Q2,misc_professional,"Miscellaneous professional, scientific, and technical services",973954,958522,1561088,1522957
2019Q2,management_companies,Management of companies and enterprises,407187,422016,633244,637519
2019Q2,admin_support,Administrative and support services,607778,592300,1071155,1040115
2019Q2,waste_remediation,Waste management and remediation services,58578,53780,127995,119555
2019Q2,education,Educational services,269411,257560,382831,366966
2019Q2,ambulatory_health,Ambulatory health care services,779876,771794,1160028,1137094
2019Q2,hospitals_nursing,"Hospitals, nursing and residential care facilities",677442,648535,1188149,1139368
2019Q2,social_assistance,Social assistance,144883,138398,246962,236726
2019Q2,performing_arts_museums,"Performing arts, spectator sports, museums, and related activities",134034,130622,220543,213887
2019Q2,amusement_recreation,"Amusements, gambling, and recreation industries",94562,88567,169967,160814
2019Q2,accommodation,Accommodation,192028,177956,306197,287725
2019Q2,food_services,Food services and drinking places,488587,458660,896211,852624
2019Q2,other_services,"Other services, except government",471622,445210,762717,725242
2019Q3,oil_gas_extraction,Oil and gas extraction,167827,204654,304552,335780
2019Q3,mining_except_oil_gas,"Mining, except oil and gas",53602,51792,106646,101484
2019Q3,support_mining,Support activities for mining,64879,67780,143708,143021
2019Q3,utilities,Utilities,336682,310792,525159,494165
2019Q3,construction,Construction,964432,887596,1759217,1633026
2019Q3,wood_products,Wood products,36950,35494,112100,109676
2019Q3,nonmetallic_mineral,Nonmetallic mineral products,64423,61524,136967,129354
2019Q3,primary_metals,Primary metals,67541,70537,232035,223406
2019Q3,fabricated_metal,Fabricated metal products,159967,149393,378606,354553
2019Q3,machinery,Machinery,161873,153746,391013,371328
2019Q3,computer_electronic,Computer and electronic products,262496,269935,367161,371803
2019Q3,electrical_equipment,"Electrical equipment, appliances, and components",60420,55788,131851,123611
2019Q3,motor_vehicles,"Motor vehicles, bodies and trailers, and parts",162545,167992,655252,641206
2019Q3,other_transport_equipment,Other transportation equipment,164833,161245,316653,306134
2019Q3,furniture,Furniture and related products,30430,28838,73173,69672
2019Q3,misc_manufacturing,Miscellaneous manufacturing,91423,88821,166428,160502
2019Q3,food_beverage_tobacco,Food and beverage and tobacco products,278280,271144,988703,971599
2019Q3,textiles,Textile mills and textile product mills,16688,16107,50100,47869
2019Q3,apparel_leather,Apparel and leather and allied products,9733,9881,17417,17349
2019Q3,paper,Paper products,63505,64404,192191,186034
2019Q3,printing,Printing and related support activities,41848,40903,82161,78954
2019Q3,petroleum_coal,Petroleum and coal products,141304,135909,585849,552782
2019Q3,chemicals,Chemical products,375091,371679,804154,795051
2019Q3,plastics_rubber,Plastics and rubber products,85546,82700,249310,240202
2019Q3,wholesale,Wholesale trade,1311443,1205953,2227461,2082958
2019Q3,retail,Retail trade,1297379,1265644,2007197,1943432
2019Q3,air_transport,Air transportation,144076,135633,272586,255436
2019Q3,rail_transport,Rail transportation,46527,41919,85095,78155
2019Q3,water_transport,Water transportation,15448,13544,62027,57437
2019Q3,truck_transport,Truck transportation,199732,178842,414845,380614
2019Q3,transit_ground,Transit and ground passenger transportation,54756,55811,112329,110140
2019Q3,pipeline,Pipeline transportation,38504,34361,62867,56649
2019Q3,other_transport_support,Other transportation and support activities,146041,133673,264974,245864
2019Q3,warehousing,Warehousing and storage,73965,71838,133541,128649
2019Q3,information,Information,1163556,1200345,1976450,1984224
2019Q3,credit_intermediation,"Federal Reserve banks, credit intermediation, and related activities",747399,658652,1123854,1017287
2019Q3,securities,"Securities, commodity contracts, and investments",267920,236136,624607,568814
2019Q3,insurance,Insurance carriers and related activities,638254,620223,1139587,1101505
2019Q3,funds_trusts,"Funds, trusts, and other financial vehicles",1873,931,147894,134825
2019Q3,real_estate,Real estate,2583972,2430500,3666409,3445712
2019Q3,rental_leasing,Rental and leasing services and lessors of intangible assets,250095,246388,417875,405398
2019Q3,legal,Legal services,295718,274462,377983,353872
2019Q3,computer_systems,Computer systems design and related services,378664,406976,536059,556499
2019Q3,misc_professional,"Miscellaneous professional, scientific, and technical services",996845,982642,1599756,1560827
2019Q3,management_companies,Management of companies and enterprises,404660,421567,629650,634968
2019Q3,admin_support,Administrative and support services,616426,596923,1101318,1064499
2019Q3,waste_remediation,Waste management and remediation services,59487,53558,129250,119553
2019Q3,education,Educational services,272547,258797,383593,365727
2019Q3,ambulatory_health,Ambulatory health care services,790039,778293,1171955,1144015
2019Q3,hospitals_nursing,"Hospitals, nursing and residential care facilities",687419,653668,1201657,1145843
2019Q3,social_assistance,Social assistance,148510,140346,251987,239669
2019Q3,performing_arts_museums,"Performing arts, spectator sports, museums, and related activities",142546,139101,224272,217741
2019Q3,amusement_recreation,"Amusements, gambling, and recreation industries",97309,89954,173534,162827
2019Q3,accommodation,Accommodation,197708,182816,307690,288167
2019Q3,food_services,Food services and drinking places,497481,462984,923508,873841
2019Q3,other_services,"Other services, except government",481843,451853,780162,738027
2019Q4,oil_gas_extraction,Oil and gas extraction,171632,203115,313858,340170
2019Q4,mining_except_oil_gas,"Mining, except oil and gas",54482,52763,103165,98408
2019Q4,support_mining,Support activities for mining,55890,57741,127126,125972
2019Q4,utilities,Utilities,340948,331288,507040,493841
2019Q4,construction,Construction,970690,882717,1773140,1634605
2019Q4,wood_products,Wood products,37754,36358,114801,113289
2019Q4,nonmetallic_mineral,Nonmetallic mineral products,63981,60465,134163,126290
2019Q4,primary_metals,Primary metals,65136,72719,219208,218203
2019Q4,fabricated_metal,Fabricated metal products,159856,147346,373548,351085
2019Q4,machinery,Machinery,160509,150286,377336,357548
2019Q4,computer_electronic,Computer and electronic products,270562,278387,361534,366468
2019Q4,electrical_equipment,"Electrical equipment, appliances, and components",60467,55680,131331,123205
2019Q4,motor_vehicles,"Motor vehicles, bodies and trailers, and parts",161412,165150,635395,622232
2019Q4,other_transport_equipment,Other transportation equipment,161738,157932,320854,310755
2019Q4,furniture,Furniture and related products,30394,28169,73299,69462
2019Q4,misc_manufacturing,Miscellaneous manufacturing,91671,88214,160063,153814
2019Q4,food_beverage_tobacco,Food and beverage and tobacco products,277958,266247,984253,957118
2019Q4,textiles,Textile mills and textile product mills,16572,15816,48774,46670
2019Q4,apparel_leather,Apparel and leather and allied products,10357,10533,17450,17391
2019Q4,paper,Paper products,63476,64379,187553,182560
2019Q4,printing,Printing and related support activities,41477,40294,81081,77714
2019Q4,petroleum_coal,Petroleum and coal products,143253,124737,574969,537605
2019Q4,chemicals,Chemical products,376392,371499,781042,768711
2019Q4,plastics_rubber,Plastics and rubber products,85740,82191,242689,234313
2019Q4,wholesale,Wholesale trade,1321619,1214683,2204146,2060148
2019Q4,retail,Retail trade,1295001,1271452,2014773,1960388
2019Q4,air_transport,Air transportation,146161,139078,272402,256091
2019Q4,rail_transport,Rail transportation,43970,39327,80875,74117
2019Q4,water_transport,Water transportation,15116,13082,60212,55758
2019Q4,truck_transport,Truck transportation,198211,176841,419316,384083
2019Q4,transit_ground,Transit and ground passenger transportation,54157,55264,115475,113453
2019Q4,pipeline,Pipeline transportation,38264,33751,63138,56560
2019Q4,other_transport_support,Other transportation and support activities,147625,134215,268501,248239
2019Q4,warehousing,Warehousing and storage,75965,74008,140948,135885
2019Q4,information,Information,1173738,1210446,2007011,2015566
2019Q4,credit_intermediation,"Federal Reserve banks, credit intermediation, and related activities",764909,681329,1125613,1025795
2019Q4,securities,"Securities, commodity contracts, and investments",281557,255780,614696,580961
2019Q4,insurance,Insurance carriers and related activities,660116,634725,1149608,1104441
2019Q4,funds_trusts,"Funds, trusts, and other financial vehicles",511,525,150042,138589
2019Q4,real_estate,Real estate,2611121,2440670,3690792,3453552
2019Q4,rental_leasing,Rental and leasing services and lessors of intangible assets,254804,250211,420880,407284
2019Q4,legal,Legal services,295807,269934,382293,353261
2019Q4,computer_systems,Computer systems design and related services,378336,412928,546774,573705
2019Q4,misc_professional,"Miscellaneous professional, scientific, and technical services",1007378,990263,1625730,1583815
2019Q4,management_companies,Management of companies and enterprises,405878,423659,635658,642589
2019Q4,admin_support,Administrative and support services,619502,596799,1118041,1077326
2019Q4,waste_remediation,Waste management and remediation services,59922,53366,127886,117566
2019Q4,education,Educational services,273776,257517,385679,365372
2019Q4,ambulatory_health,Ambulatory health care services,794567,779672,1180162,1149101
2019Q4,hospitals_nursing,"Hospitals, nursing and residential care facilities",700036,658626,1207574,1144426
2019Q4,social_assistance,Social assistance,151934,141907,251208,237145
2019Q4,performing_arts_museums,"Performing arts, spectator sports, museums, and related activities",153324,146257,226203,216059
2019Q4,amusement_recreation,"Amusements, gambling, and recreation industries",101753,91889,178964,165852
2019Q4,accommodation,Accommodation,200357,184729,306945,286868
2019Q4,food_services,Food services and drinking places,495140,455228,944841,889160
2019Q4,other_services,"Other services, except government",492111,455277,793378,744889
2020Q1,oil_gas_extraction,Oil and gas extraction,133428,219069,259898,338276
2020Q1,mining_except_oil_gas,"Mining, except oil and gas",55552,55275,99953,96829
2020Q1,support_mining,Support activities for mining,53882,55822,125516,124034
2020Q1,utilities,Utilities,327638,326367,480343,480329
2020Q1,construction,Construction,968648,870079,1809609,1656943
2020Q1,wood_products,Wood products,39598,37454,115158,113565
2020Q1,nonmetallic_mineral,Nonmetallic mineral products,62794,58399,131600,123169
2020Q1,primary_metals,Primary metals,63487,77615,207714,210813
2020Q1,fabricated_metal,Fabricated metal products,158924,145121,362313,339627
2020Q1,machinery,Machinery,156150,144586,365341,343745
2020Q1,computer_electronic,Computer and electronic products,270651,276476,363605,366838
2020Q1,electrical_equipment,"Electrical equipment, appliances, and components",60582,55756,131790,123494
2020Q1,motor_vehicles,"Motor vehicles, bodies and trailers, and parts",148312,153328,610622,599231
2020Q1,other_transport_equipment,Other transportation equipment,158083,153188,330057,318091
2020Q1,furniture,Furniture and related products,30366,27932,72006,67875
2020Q1,misc_manufacturing,Miscellaneous manufacturing,87601,83756,151179,144546
2020Q1,food_beverage_tobacco,Food and beverage and tobacco products,278982,269290,987264,962495
2020Q1,textiles,Textile mills and textile product mills,16531,15617,47687,45675
2020Q1,apparel_leather,Apparel and leather and allied products,10206,10374,17269,17117
2020Q1,paper,Paper products,64184,65778,181380,178217
2020Q1,printing,Printing and related support activities,40122,38614,77837,74269
2020Q1,petroleum_coal,Petroleum and coal products,104053,97153,483542,486544
2020Q1,chemicals,Chemical products,381260,375814,767045,757826
2020Q1,plastics_rubber,Plastics and rubber products,83551,79898,237825,229946
2020Q1,wholesale,Wholesale trade,1325318,1226815,2167869,2034573
2020Q1,retail,Retail trade,1289225,1239258,1972813,1893362
2020Q1,air_transport,Air transportation,138402,137634,232264,225482
2020Q1,rail_transport,Rail transportation,43852,38571,81065,73863
2020Q1,water_transport,Water transportation,15230,13986,55252,51934
2020Q1,truck_transport,Truck transportation,197182,175516,430238,395865
2020Q1,transit_ground,Transit and ground passenger transportation,51362,53174,103419,101574
2020Q1,pipeline,Pipeline transportation,38712,33362,62917,55487
2020Q1,other_transport_support,Other transportation and support activities,148704,136104,275901,257116
2020Q1,warehousing,Warehousing and storage,76965,75019,135830,131573
2020Q1,information,Information,1164519,1194339,2021242,2017856
2020Q1,credit_intermediation,"Federal Reserve banks, credit intermediation, and related activities",743484,667822,1111372,1017350
2020Q1,securities,"Securities, commodity contracts, and investments",299391,251137,635160,577632
2020Q1,insurance,Insurance carriers and related activities,629854,585226,1182896,1114370
2020Q1,funds_trusts,"Funds, trusts, and other financial vehicles",401,317,152051,137943
2020Q1,real_estate,Real estate,2634626,2440214,3707084,3446608
2020Q1,rental_leasing,Rental and leasing services and lessors of intangible assets,261612,255758,411265,396713
2020Q1,legal,Legal services,289401,261186,383079,350872
2020Q1,computer_systems,Computer systems design and related services,388197,427888,557777,589772
2020Q1,misc_professional,"Miscellaneous professional, scientific, and technical services",1009179,989709,1631761,1587472
2020Q1,management_companies,Management of companies and enterprises,403231,424536,634685,641883
2020Q1,admin_support,Administrative and support services,613041,591305,1091961,1053534
2020Q1,waste_remediation,Waste management and remediation services,60740,52831,130669,118745
2020Q1,education,Educational services,272492,254088,377887,355665
2020Q1,ambulatory_health,Ambulatory health care services,785964,769601,1144510,1112796
2020Q1,hospitals_nursing,"Hospitals, nursing and residential care facilities",704283,657617,1194237,1126432
2020Q1,social_assistance,Social assistance,154198,141683,259232,242503
2020Q1,performing_arts_museums,"Performing arts, spectator sports, museums, and related activities",142826,134598,225021,212689
2020Q1,amusement_recreation,"Amusements, gambling, and recreation industries",92239,81853,171763,156725
2020Q1,accommodation,Accommodation,182036,174876,266717,254426
2020Q1,food_services,Food services and drinking places,454325,410598,878219,817820
2020Q1,other_services,"Other services, except government",480967,437623,774660,719904
2020Q2,oil_gas_extraction,Oil and gas extraction,53914,218324,144047,282913
2020Q2,mining_except_oil_gas,"Mining, except oil and gas",53711,54652,87868,86847
2020Q2,support_mining,Support activities for mining,39726,43980,60979,62797
2020Q2,utilities,Utilities,340975,330995,474728,471861
2020Q2,construction,Construction,918626,826201,1749931,1606838
2020Q2,wood_products,Wood products,37054,34406,110844,108532
2020Q2,nonmetallic_mineral,Nonmetallic mineral products,61293,56260,128282,119736
2020Q2,primary_metals,Primary metals,51351,66897,166970,174232
2020Q2,fabricated_metal,Fabricated metal products,137381,123629,320984,300650
2020Q2,machinery,Machinery,139797,128617,324233,304716
2020Q2,computer_electronic,Computer and electronic products,264060,269687,359034,361744
2020Q2,electrical_equipment,"Electrical equipment, appliances, and components",55090,50375,120567,112961
2020Q2,motor_vehicles,"Motor vehicles, bodies and trailers, and parts",87229,88874,397056,388557
2020Q2,other_transport_equipment,Other transportation equipment,134116,128823,254066,243246
2020Q2,furniture,Furniture and related products,27403,25073,65132,61301
2020Q2,misc_manufacturing,Miscellaneous manufacturing,86838,82471,147242,140236
2020Q2,food_beverage_tobacco,Food and beverage and tobacco products,285717,241652,984531,948058
2020Q2,textiles,Textile mills and textile product mills,13823,13005,41723,40002
2020Q2,apparel_leather,Apparel and leather and allied products,8613,8871,15252,15343
2020Q2,paper,Paper products,63754,65810,177359,175016
2020Q2,printing,Printing and related support activities,33432,32159,69029,66082
2020Q2,petroleum_coal,Petroleum and coal products,30566,90028,225972,383086
2020Q2,chemicals,Chemical products,384561,385285,738812,747330
2020Q2,plastics_rubber,Plastics and rubber products,74901,69937,220020,212917
2020Q2,wholesale,Wholesale trade,1193906,1114592,1899616,1789986
2020Q2,retail,Retail trade,1227195,1155364,1920912,1817286
2020Q2,air_transport,Air transportation,40903,43437,65777,69565
2020Q2,rail_transport,Rail transportation,38795,34216,63727,58671
2020Q2,water_transport,Water transportation,11485,11695,34031,33827
2020Q2,truck_transport,Truck transportation,179080,162666,365791,345854
2020Q2,transit_ground,Transit and ground passenger transportation,33142,35506,55980,56282
2020Q2,pipeline,Pipeline transportation,36753,31397,56477,49432
2020Q2,other_transport_support,Other transportation and support activities,153209,138410,263909,248186
2020Q2,warehousing,Warehousing and storage,75702,74084,127500,124260
2020Q2,information,Information,1136667,1184678,1923425,1947746
2020Q2,credit_intermediation,"Federal Reserve banks, credit intermediation, and related activities",759900,672678,1146644,1041735
2020Q2,securities,"Securities, commodity contracts, and investments",305651,287727,628619,606498
2020Q2,insurance,Insurance carriers and related activities,627748,582359,1171972,1100016
2020Q2,funds_trusts,"Funds, trusts, and other financial vehicles",132,168,151179,142288
2020Q2,real_estate,Real estate,2623426,2418869,3634341,3365004
2020Q2,rental_leasing,Rental and leasing services and lessors of intangible assets,206905,206331,349635,341783
2020Q2,legal,Legal services,278014,247587,356424,322781
2020Q2,computer_systems,Computer systems design and related services,383183,424438,543999,577028
2020Q2,misc_professional,"Miscellaneous professional, scientific, and technical services",929652,910684,1479636,1436415
2020Q2,management_companies,Management of companies and enterprises,392014,418719,621048,632332
2020Q2,admin_support,Administrative and support services,533111,509989,943740,905079
2020Q2,waste_remediation,Waste management and remediation services,55695,48253,120944,109720
2020Q2,education,Educational services,242919,225184,332134,311072
2020Q2,ambulatory_health,Ambulatory health care services,632447,614428,968137,934425
2020Q2,hospitals_nursing,"Hospitals, nursing and residential care facilities",666660,619195,1131375,1060109
2020Q2,social_assistance,Social assistance,132832,119472,226917,208832
2020Q2,performing_arts_museums,"Performing arts, spectator sports, museums, and related activities",67475,63002,122212,114486
2020Q2,amusement_recreation,"Amusements, gambling, and recreation industries",43034,38327,89327,81989
2020Q2,accommodation,Accommodation,77932,82960,104180,106475
2020Q2,food_services,Food services and drinking places,292727,257141,590077,539868
2020Q2,other_services,"Other services, except government",394195,355187,651709,600969
2020Q3,oil_gas_extraction,Oil and gas extraction,99929,209097,199801,291908
2020Q3,mining_except_oil_gas,"Mining, except oil and gas",58336,55995,97666,91959
2020Q3,support_mining,Support activities for mining,37768,44092,55771,58937
2020Q3,utilities,Utilities,357312,340734,500726,486984
2020Q3,construction,Construction,968318,873393,1801150,1632567
2020Q3,wood_products,Wood products,46463,38856,128826,119072
2020Q3,nonmetallic_mineral,Nonmetallic mineral products,64946,60147,134730,125445
2020Q3,primary_metals,Primary metals,54910,77149,194921,200757
2020Q3,fabricated_metal,Fabricated metal products,147822,133480,345562,323158
2020Q3,machinery,Machinery,149781,137476,353670,331568
2020Q3,computer_electronic,Computer and electronic products,272907,278740,370609,372610
2020Q3,electrical_equipment,"Electrical equipment, appliances, and components",56861,51887,126630,117576
2020Q3,motor_vehicles,"Motor vehicles, bodies and trailers, and parts",172429,177184,650302,633738
2020Q3,other_transport_equipment,Other transportation equipment,145218,139636,270601,258310
2020Q3,furniture,Furniture and related products,29456,27323,70532,66327
2020Q3,misc_manufacturing,Miscellaneous manufacturing,95535,90736,163635,155177
2020Q3,food_beverage_tobacco,Food and beverage and tobacco products,301177,282341,1013407,992452
2020Q3,textiles,Textile mills and textile product mills,15870,15099,45806,43869
2020Q3,apparel_leather,Apparel and leather and allied products,9653,9927,17443,17499
2020Q3,paper,Paper products,65973,68908,178642,176067
2020Q3,printing,Printing and related support activities,35190,34124,74058,70951
2020Q3,petroleum_coal,Petroleum and coal products,53790,85879,340659,426783
2020Q3,chemicals,Chemical products,400881,397476,764064,757835
2020Q3,plastics_rubber,Plastics and rubber products,80832,77997,236064,229137
2020Q3,wholesale,Wholesale trade,1346344,1245112,2176492,2036351
2020Q3,retail,Retail trade,1428817,1278962,2172719,1984668
2020Q3,air_transport,Air transportation,37986,47286,94537,107140
2020Q3,rail_transport,Rail transportation,41391,37683,73289,67765
2020Q3,water_transport,Water transportation,11439,12049,35024,35005
2020Q3,truck_transport,Truck transportation,204317,177945,417593,384604
2020Q3,transit_ground,Transit and ground passenger transportation,37220,40876,59087,60273
2020Q3,pipeline,Pipeline transportation,39406,33387,59590,51850
2020Q3,other_transport_support,Other transportation and support activities,172278,162795,291089,280226
2020Q3,warehousing,Warehousing and storage,83036,81557,140610,136686
2020Q3,information,Information,1200367,1255224,2026908,2048450
2020Q3,credit_intermediation,"Federal Reserve banks, credit intermediation, and related activities",778194,701485,1155924,1059485
2020Q3,securities,"Securities, commodity contracts, and investments",304777,266600,605827,558823
2020Q3,insurance,Insurance carriers and related activities,637494,590460,1204423,1127955
2020Q3,funds_trusts,"Funds, trusts, and other financial vehicles",184,188,158074,141155
2020Q3,real_estate,Real estate,2696694,2465494,3777816,3473732
2020Q3,rental_leasing,Rental and leasing services and lessors of intangible assets,253437,249895,421349,407424
2020Q3,legal,Legal services,286588,248804,368216,326622
2020Q3,computer_systems,Computer systems design and related services,396228,443060,538891,575059
2020Q3,misc_professional,"Miscellaneous professional, scientific, and technical services",1003912,988049,1603577,1558381
2020Q3,management_companies,Management of companies and enterprises,398527,425966,631250,643550
2020Q3,admin_support,Administrative and support services,592371,563197,1005765,958970
2020Q3,waste_remediation,Waste management and remediation services,62533,53548,128446,115404
2020Q3,education,Educational services,257423,237298,353279,328808
2020Q3,ambulatory_health,Ambulatory health care services,800057,773532,1137280,1091749
2020Q3,hospitals_nursing,"Hospitals, nursing and residential care facilities",717553,663629,1176251,1095607
2020Q3,social_assistance,Social assistance,156716,139918,258624,236982
2020Q3,performing_arts_museums,"Performing arts, spectator sports, museums, and related activities",85352,79955,151827,142042
2020Q3,amusement_recreation,"Amusements, gambling, and recreation industries",73775,64810,143214,130493
2020Q3,accommodation,Accommodation,128779,142712,182381,192075
2020Q3,food_services,Food services and drinking places,411837,355657,819912,742980
2020Q3,other_services,"Other services, except government",463134,414361,746197,683030
2020Q4,oil_gas_extraction,Oil and gas extraction,128698,200129,240643,298661
2020Q4,mining_except_oil_gas,"Mining, except oil and gas",61668,56915,101308,92657
2020Q4,support_mining,Support activities for mining,34763,43315,62933,68603
2020Q4,utilities,Utilities,357312,327383,520377,485333
2020Q4,construction,Construction,979051,884086,1856860,1668385
2020Q4,wood_products,Wood products,48885,37796,140067,123072
2020Q4,nonmetallic_mineral,Nonmetallic mineral products,66311,61622,138553,128201
2020Q4,primary_metals,Primary metals,55370,76758,226305,221380
2020Q4,fabricated_metal,Fabricated metal products,148934,138221,356021,330574
2020Q4,machinery,Machinery,154550,144136,365895,341702
2020Q4,computer_electronic,Computer and electronic products,283120,290683,372109,374276
2020Q4,electrical_equipment,"Electrical equipment, appliances, and components",58256,53680,129661,119217
2020Q4,motor_vehicles,"Motor vehicles, bodies and trailers, and parts",162977,174143,647564,632101
2020Q4,other_transport_equipment,Other transportation equipment,142119,137192,276677,263322
2020Q4,furniture,Furniture and related products,30822,29181,72438,67994
2020Q4,misc_manufacturing,Miscellaneous manufacturing,98304,94126,167343,158158
2020Q4,food_beverage_tobacco,Food and beverage and tobacco products,305121,292423,1026054,981701
2020Q4,textiles,Textile mills and textile product mills,16860,16132,48140,45866
2020Q4,apparel_leather,Apparel and leather and allied products,9229,9649,18610,18709
2020Q4,paper,Paper products,66423,70385,183336,180093
2020Q4,printing,Printing and related support activities,37077,35849,75768,72199
2020Q4,petroleum_coal,Petroleum and coal products,57530,80392,366292,424539
2020Q4,chemicals,Chemical products,412201,405918,797857,777676
2020Q4,plastics_rubber,Plastics and rubber products,80836,79595,244438,234610
2020Q4,wholesale,Wholesale trade,1343531,1230180,2259813,2093328
2020Q4,retail,Retail trade,1395722,1251937,2212522,2015075
2020Q4,air_transport,Air transportation,39729,55743,114299,134130
2020Q4,rail_transport,Rail transportation,43031,38895,77698,71457
2020Q4,water_transport,Water transportation,13075,14444,33661,34011
2020Q4,truck_transport,Truck transportation,206435,177763,440759,396304
2020Q4,transit_ground,Transit and ground passenger transportation,41369,44452,74246,74713
2020Q4,pipeline,Pipeline transportation,39282,33029,58356,50258
2020Q4,other_transport_support,Other transportation and support activities,178200,158532,318948,292830
2020Q4,warehousing,Warehousing and storage,90800,87642,146013,138906
2020Q4,information,Information,1225843,1272112,2124532,2119324
2020Q4,credit_intermediation,"Federal Reserve banks, credit intermediation, and related activities",809730,741696,1178841,1092226
2020Q4,securities,"Securities, commodity contracts, and investments",331292,279514,658230,594087
2020Q4,insurance,Insurance carriers and related activities,643342,593276,1185049,1104094
2020Q4,funds_trusts,"Funds, trusts, and other financial vehicles",3683,735,162437,137831
2020Q4,real_estate,Real estate,2724962,2478749,3891340,3553257
2020Q4,rental_leasing,Rental and leasing services and lessors of intangible assets,258307,253333,431960,415273
2020Q4,legal,Legal services,300345,259509,391481,345221
2020Q4,computer_systems,Computer systems design and related services,406220,456300,564259,602718
2020Q4,misc_professional,"Miscellaneous professional, scientific, and technical services",1024472,997964,1664085,1601425
2020Q4,management_companies,Management of companies and enterprises,425488,456758,673315,687096
2020Q4,admin_support,Administrative and support services,613674,585661,1045372,994857
2020Q4,waste_remediation,Waste management and remediation services,64600,54311,133850,118420
2020Q4,education,Educational services,249560,228670,350333,323581
2020Q4,ambulatory_health,Ambulatory health care services,831865,803772,1186740,1135763
2020Q4,hospitals_nursing,"Hospitals, nursing and residential care facilities",723610,668724,1209862,1121359
2020Q4,social_assistance,Social assistance,154222,137774,269960,246077
2020Q4,performing_arts_museums,"Performing arts, spectator sports, museums, and related activities",106135,99982,173573,162491
2020Q4,amusement_recreation,"Amusements, gambling, and recreation industries",74038,65119,145287,131813
2020Q4,accommodation,Accommodation,118059,126127,177630,181831
2020Q4,food_services,Food services and drinking places,424703,361604,808809,724265
2020Q4,other_services,"Other services, except government",464206,412010,756421,687011
2021Q1,oil_gas_extraction,Oil and gas extraction,182474,192399,310805,305807
2021Q1,mining_except_oil_gas,"Mining, except oil and gas",65857,57805,112362,98381
2021Q1,support_mining,Support activities for mining,35301,47165,69276,77005
2021Q1,utilities,Utilities,389978,315479,589067,490681
2021Q1,construction,Construction,995638,894207,1930403,1700357
2021Q1,wood_products,Wood products,55663,38271,151216,122574
2021Q1,nonmetallic_mineral,Nonmetallic mineral products,67187,62223,138962,126561
2021Q1,primary_metals,Primary metals,58684,73535,250432,222103
2021Q1,fabricated_metal,Fabricated metal products,148153,143876,372738,335960
2021Q1,machinery,Machinery,158059,154305,377150,349457
2021Q1,computer_electronic,Computer and electronic products,288533,299797,378932,382286
2021Q1,electrical_equipment,"Electrical equipment, appliances, and components",60111,57662,136535,124214
2021Q1,motor_vehicles,"Motor vehicles, bodies and trailers, and parts",153669,172989,671871,650573
2021Q1,other_transport_equipment,Other transportation equipment,141665,138376,269322,255724
2021Q1,furniture,Furniture and related products,28867,28176,72852,67590
2021Q1,misc_manufacturing,Miscellaneous manufacturing,100785,98355,174440,164348
2021Q1,food_beverage_tobacco,Food and beverage and tobacco products,308623,294916,1036296,972801
2021Q1,textiles,Textile mills and textile product mills,17096,16417,49862,46424
2021Q1,apparel_leather,Apparel and leather and allied products,10061,10369,19085,18893
2021Q1,paper,Paper products,63666,66253,187732,178928
2021Q1,printing,Printing and related support activities,38686,37473,76190,71877
2021Q1,petroleum_coal,Petroleum and coal products,107792,95785,512649,453725
2021Q1,chemicals,Chemical products,419049,401877,839930,779865
2021Q1,plastics_rubber,Plastics and rubber products,79589,81316,255766,240447
2021Q1,wholesale,Wholesale trade,1365941,1220050,2387464,2169773
2021Q1,retail,Retail trade,1482425,1316234,2352971,2121076
2021Q1,air_transport,Air transportation,63742,95455,133220,156867
2021Q1,rail_transport,Rail transportation,43885,39762,79704,71956
2021Q1,water_transport,Water transportation,13875,14789,32860,32222
2021Q1,truck_transport,Truck transportation,215853,182991,451987,395031
2021Q1,transit_ground,Transit and ground passenger transportation,40360,41658,72747,71225
2021Q1,pipeline,Pipeline transportation,44577,37146,67321,57281
2021Q1,other_transport_support,Other transportation and support activities,184907,164417,330425,299167
2021Q1,warehousing,Warehousing and storage,93613,91014,153894,145428
2021Q1,information,Information,1263424,1320890,2178623,2184133
2021Q1,credit_intermediation,"Federal Reserve banks, credit intermediation, and related activities",807148,736941,1203555,1109221
2021Q1,securities,"Securities, commodity contracts, and investments",345842,275449,711241,616653
2021Q1,insurance,Insurance carriers and related activities,634633,605989,1206632,1145877
2021Q1,funds_trusts,"Funds, trusts, and other financial vehicles",15094,1406,172604,135887
2021Q1,real_estate,Real estate,2777058,2528414,3979798,3621126
2021Q1,rental_leasing,Rental and leasing services and lessors of intangible assets,259923,250809,450014,426485
2021Q1,legal,Legal services,319135,276798,416448,368082
2021Q1,computer_systems,Computer systems design and related services,418520,483361,586103,636818
2021Q1,misc_professional,"Miscellaneous professional, scientific, and technical services",1057409,1026768,1698715,1626918
2021Q1,management_companies,Management of companies and enterprises,431672,435286,678615,664704
2021Q1,admin_support,Administrative and support services,644233,611538,1072555,1013324
2021Q1,waste_remediation,Waste management and remediation services,65795,54875,136922,119610
2021Q1,education,Educational services,257454,233832,356544,326525
2021Q1,ambulatory_health,Ambulatory health care services,830479,788174,1188106,1120332
2021Q1,hospitals_nursing,"Hospitals, nursing and residential care facilities",720096,655258,1224292,1120771
2021Q1,social_assistance,Social assistance,152904,134957,267321,240764
2021Q1,performing_arts_museums,"Performing arts, spectator sports, museums, and related activities",109241,106124,171732,165017
2021Q1,amusement_recreation,"Amusements, gambling, and recreation industries",81471,71778,161270,145147
2021Q1,accommodation,Accommodation,129468,132697,189632,187981
2021Q1,food_services,Food services and drinking places,444101,375490,862136,763798
2021Q1,other_services,"Other services, except government",456360,399342,756885,679527
2021Q2,oil_gas_extraction,Oil and gas extraction,205279,171969,389779,338020
2021Q2,mining_except_oil_gas,"Mining, except oil and gas",67883,55044,116386,95828
2021Q2,support_mining,Support activities for mining,42077,59037,77921,87128
2021Q2,utilities,Utilities,379321,320277,573667,490932
2021Q2,construction,Construction,1000897,902495,1974264,1685952
2021Q2,wood_products,Wood products,60915,34324,163623,116855
2021Q2,nonmetallic_mineral,Nonmetallic mineral products,66987,61567,142320,126438
2021Q2,primary_metals,Primary metals,70736,68940,260856,201819
2021Q2,fabricated_metal,Fabricated metal products,141251,136701,377148,323391
2021Q2,machinery,Machinery,158770,160274,385764,350986
2021Q2,computer_electronic,Computer and electronic products,294752,307891,383870,386071
2021Q2,electrical_equipment,"Electrical equipment, appliances, and components",60318,57272,138245,121048
2021Q2,motor_vehicles,"Motor vehicles, bodies and trailers, and parts",143753,177139,670227,639588
2021Q2,other_transport_equipment,Other transportation equipment,156691,155595,287695,272334
2021Q2,furniture,Furniture and related products,29065,28748,73633,65832
2021Q2,misc_manufacturing,Miscellaneous manufacturing,95298,94776,173927,161858
2021Q2,food_beverage_tobacco,Food and beverage and tobacco products,298185,277954,1076299,953223
2021Q2,textiles,Textile mills and textile product mills,17122,16492,51143,46091
2021Q2,apparel_leather,Apparel and leather and allied products,10976,11250,19525,18994
2021Q2,paper,Paper products,62030,64440,193467,178190
2021Q2,printing,Printing and related support activities,39002,38256,77458,71921
2021Q2,petroleum_coal,Petroleum and coal products,140414,126393,572178,465290
2021Q2,chemicals,Chemical products,455667,414073,882730,766383
2021Q2,plastics_rubber,Plastics and rubber products,77648,77116,265550,234791
2021Q2,wholesale,Wholesale trade,1396895,1214852,2503087,2210018
2021Q2,retail,Retail trade,1556314,1260582,2502884,2111878
2021Q2,air_transport,Air transportation,91782,116052,182729,194241
2021Q2,rail_transport,Rail transportation,44979,40808,82922,73278
2021Q2,water_transport,Water transportation,18188,16871,37892,34228
2021Q2,truck_transport,Truck transportation,227315,189561,476330,397934
2021Q2,transit_ground,Transit and ground passenger transportation,45125,45974,85215,81911
2021Q2,pipeline,Pipeline transportation,40227,33655,59585,50228
2021Q2,other_transport_support,Other transportation and support activities,189424,151727,345396,286673
2021Q2,warehousing,Warehousing and storage,98125,94441,155567,143175
2021Q2,information,Information,1302219,1378431,2244671,2247072
2021Q2,credit_intermediation,"Federal Reserve banks, credit intermediation, and related activities",846404,744265,1197746,1065227
2021Q2,securities,"Securities, commodity contracts, and investments",359886,286213,703384,600472
2021Q2,insurance,Insurance carriers and related activities,625958,600101,1221151,1156173
2021Q2,funds_trusts,"Funds, trusts, and other financial vehicles",25262,3080,181437,144547
2021Q2,real_estate,Real estate,2829722,2578433,4079027,3681169
2021Q2,rental_leasing,Rental and leasing services and lessors of intangible assets,279061,261608,520804,478442
2021Q2,legal,Legal services,320227,271242,392283,338815
2021Q2,computer_systems,Computer systems design and related services,431829,505751,604631,658618
2021Q2,misc_professional,"Miscellaneous professional, scientific, and technical services",1097687,1087925,1780266,1711265
2021Q2,management_companies,Management of companies and enterprises,448386,416044,705318,651884
2021Q2,admin_support,Administrative and support services,651339,617145,1101509,1027965
2021Q2,waste_remediation,Waste management and remediation services,67087,56980,139346,120647
2021Q2,education,Educational services,265828,240162,367891,333064
2021Q2,ambulatory_health,Ambulatory health care services,841048,800921,1229355,1152574
2021Q2,hospitals_nursing,"Hospitals, nursing and residential care facilities",718290,655704,1260916,1145889
2021Q2,social_assistance,Social assistance,155280,137797,275993,245097
2021Q2,performing_arts_museums,"Performing arts, spectator sports, museums, and related activities",110245,106031,187714,177664
2021Q2,amusement_recreation,"Amusements, gambling, and recreation industries",96492,84823,183277,162360
2021Q2,accommodation,Accommodation,172330,174331,235344,229574
2021Q2,food_services,Food services and drinking places,519129,443879,1007753,883334
2021Q2,other_services,"Other services, except government",479225,418659,797364,709111
2021Q3,oil_gas_extraction,Oil and gas extraction,232316,163678,436810,335874
2021Q3,mining_except_oil_gas,"Mining, except oil and gas",68369,54206,118684,95485
2021Q3,support_mining,Support activities for mining,44879,64931,77850,87576
2021Q3,utilities,Utilities,393524,327860,594426,491338
2021Q3,construction,Construction,1007695,885615,1996870,1658442
2021Q3,wood_products,Wood products,62863,34187,164590,116061
2021Q3,nonmetallic_mineral,Nonmetallic mineral products,67278,60284,146727,126609
2021Q3,primary_metals,Primary metals,79900,65006,297054,209896
2021Q3,fabricated_metal,Fabricated metal products,143774,136701,394171,319267
2021Q3,machinery,Machinery,151503,155307,397177,352134
2021Q3,computer_electronic,Computer and electronic products,282118,294596,384049,383395
2021Q3,electrical_equipment,"Electrical equipment, appliances, and components",60682,56298,144113,121550
2021Q3,motor_vehicles,"Motor vehicles, bodies and trailers, and parts",133945,176997,635917,597606
2021Q3,other_transport_equipment,Other transportation equipment,158311,158671,286332,269249
2021Q3,furniture,Furniture and related products,30796,29304,76030,65523
2021Q3,misc_manufacturing,Miscellaneous manufacturing,95494,96430,175924,162512
2021Q3,food_beverage_tobacco,Food and beverage and tobacco products,305983,288830,1100764,952718
2021Q3,textiles,Textile mills and textile product mills,16816,16134,51377,44827
2021Q3,apparel_leather,Apparel and leather and allied products,11390,11629,18860,18078
2021Q3,paper,Paper products,65693,65265,199082,176083
2021Q3,printing,Printing and related support activities,38593,37618,77503,70728
2021Q3,petroleum_coal,Petroleum and coal products,161547,122313,639014,465477
2021Q3,chemicals,Chemical products,472429,421190,913158,762361
2021Q3,plastics_rubber,Plastics and rubber products,82964,76299,282523,236176
2021Q3,wholesale,Wholesale trade,1421169,1173157,2576627,2192750
2021Q3,retail,Retail trade,1531428,1194984,2486962,2038825
2021Q3,air_transport,Air transportation,111545,127178,223479,221978
2021Q3,rail_transport,Rail transportation,45131,39842,83691,72857
2021Q3,water_transport,Water transportation,21951,18843,44491,38236
2021Q3,truck_transport,Truck transportation,231708,194434,498449,404507
2021Q3,transit_ground,Transit and ground passenger transportation,50801,53400,93985,91068
2021Q3,pipeline,Pipeline transportation,41048,33567,64407,52770
2021Q3,other_transport_support,Other transportation and support activities,200795,147756,362166,280252
2021Q3,warehousing,Warehousing and storage,102686,97154,161092,144634
2021Q3,information,Information,1320479,1413006,2289500,2294918
2021Q3,credit_intermediation,"Federal Reserve banks, credit intermediation, and related activities",860656,741721,1206237,1053734
2021Q3,securities,"Securities, commodity contracts, and investments",354835,281994,721080,610833
2021Q3,insurance,Insurance carriers and related activities,636143,607874,1248527,1176492
2021Q3,funds_trusts,"Funds, trusts, and other financial vehicles",25840,3571,187683,151683
2021Q3,real_estate,Real estate,2895043,2619204,4213859,3764005
2021Q3,rental_leasing,Rental and leasing services and lessors of intangible assets,289468,268202,546841,496282
2021Q3,legal,Legal services,334857,281484,416828,357113
2021Q3,computer_systems,Computer systems design and related services,443738,527377,621477,680099
2021Q3,misc_professional,"Miscellaneous professional, scientific, and technical services",1143251,1139066,1822020,1748179
2021Q3,management_companies,Management of companies and enterprises,443175,426178,687948,648063
2021Q3,admin_support,Administrative and support services,679793,641551,1156201,1069429
2021Q3,waste_remediation,Waste management and remediation services,68362,58815,143988,123908
2021Q3,education,Educational services,275313,247175,380597,341386
2021Q3,ambulatory_health,Ambulatory health care services,848311,805028,1271568,1184234
2021Q3,hospitals_nursing,"Hospitals, nursing and residential care facilities",734484,667705,1289943,1162567
2021Q3,social_assistance,Social assistance,155937,137117,280855,245734
2021Q3,performing_arts_museums,"Performing arts, spectator sports, museums, and related activities",124705,117416,224335,208408
2021Q3,amusement_recreation,"Amusements, gambling, and recreation industries",100970,87144,191206,166235
2021Q3,accommodation,Accommodation,200636,185138,277434,252321
2021Q3,food_services,Food services and drinking places,551139,460377,1068931,918891
2021Q3,other_services,"Other services, except government",496088,427859,833334,731557
2021Q4,oil_gas_extraction,Oil and gas extraction,283440,151434,543243,348550
2021Q4,mining_except_oil_gas,"Mining, except oil and gas",70876,55446,121335,95751
2021Q4,support_mining,Support activities for mining,49338,70682,81474,90407
2021Q4,utilities,Utilities,409448,332205,619788,490716
2021Q4,construction,Construction,1044430,862543,2044137,1627856
2021Q4,wood_products,Wood products,60608,33912,174184,123177
2021Q4,nonmetallic_mineral,Nonmetallic mineral products,70065,62129,155187,130931
2021Q4,primary_metals,Primary metals,86389,56795,319156,209843
2021Q4,fabricated_metal,Fabricated metal products,160447,144204,421330,325736
2021Q4,machinery,Machinery,164302,163918,403526,347558
2021Q4,computer_electronic,Computer and electronic products,289564,300362,377888,373998
2021Q4,electrical_equipment,"Electrical equipment, appliances, and components",63492,55987,149680,121938
2021Q4,motor_vehicles,"Motor vehicles, bodies and trailers, and parts",141928,197104,688671,640560
2021Q4,other_transport_equipment,Other transportation equipment,156900,157013,274818,256444
2021Q4,furniture,Furniture and related products,31833,29446,77718,65187
2021Q4,misc_manufacturing,Miscellaneous manufacturing,100951,102656,178569,163926
2021Q4,food_beverage_tobacco,Food and beverage and tobacco products,313272,301467,1133714,970687
2021Q4,textiles,Textile mills and textile product mills,16926,15585,52053,43770
2021Q4,apparel_leather,Apparel and leather and allied products,11606,11944,18187,17445
2021Q4,paper,Paper products,67146,62715,206868,175380
2021Q4,printing,Printing and related support activities,39546,37422,80752,71570
2021Q4,petroleum_coal,Petroleum and coal products,183905,124500,717763,469089
2021Q4,chemicals,Chemical products,512554,446419,957359,778242
2021Q4,plastics_rubber,Plastics and rubber products,91668,77619,297942,238743
2021Q4,wholesale,Wholesale trade,1476963,1191676,2685415,2238775
2021Q4,retail,Retail trade,1582497,1200102,2567134,2056464
2021Q4,air_transport,Air transportation,123182,140613,240183,235133
2021Q4,rail_transport,Rail transportation,47708,41367,87396,74785
2021Q4,water_transport,Water transportation,25474,20178,52889,43379
2021Q4,truck_transport,Truck transportation,250536,197935,534570,411224
2021Q4,transit_ground,Transit and ground passenger transportation,52363,57083,98813,96861
2021Q4,pipeline,Pipeline transportation,41925,33057,64685,51078
2021Q4,other_transport_support,Other transportation and support activities,210324,145661,383565,282131
2021Q4,warehousing,Warehousing and storage,106232,95938,165223,142585
2021Q4,information,Information,1365018,1473853,2355967,2368013
2021Q4,credit_intermediation,"Federal Reserve banks, credit intermediation, and related activities",870857,730911,1196923,1023585
2021Q4,securities,"Securities, commodity contracts, and investments",376314,303991,749910,637444
2021Q4,insurance,Insurance carriers and related activities,664724,633587,1252648,1177549
2021Q4,funds_trusts,"Funds, trusts, and other financial vehicles",24618,4065,191854,156200
2021Q4,real_estate,Real estate,2982696,2689430,4335917,3838714
2021Q4,rental_leasing,Rental and leasing services and lessors of intangible assets,298484,273324,582405,520895
2021Q4,legal,Legal services,340564,280819,431457,363469
2021Q4,computer_systems,Computer systems design and related services,450721,542519,630244,693164
2021Q4,misc_professional,"Miscellaneous professional, scientific, and technical services",1190193,1180099,1889007,1799262
2021Q4,management_companies,Management of companies and enterprises,459562,423182,714310,652648
2021Q4,admin_support,Administrative and support services,712453,666848,1215128,1111626
2021Q4,waste_remediation,Waste management and remediation services,71815,61322,148277,125743
2021Q4,education,Educational services,281050,250991,394055,350279
2021Q4,ambulatory_health,Ambulatory health care services,874004,826381,1299582,1202844
2021Q4,hospitals_nursing,"Hospitals, nursing and residential care facilities",746387,672579,1320622,1177235
2021Q4,social_assistance,Social assistance,160412,139367,290479,250560
2021Q4,performing_arts_museums,"Performing arts, spectator sports, museums, and related activities",132877,122676,247166,225376
2021Q4,amusement_recreation,"Amusements, gambling, and recreation industries",107870,91487,193753,165737
2021Q4,accommodation,Accommodation,207299,185428,291635,258295
2021Q4,food_services,Food services and drinking places,561426,457554,1069785,900218
2021Q4,other_services,"Other services, except government",506848,428688,855378,738881
2022Q1,oil_gas_extraction,Oil and gas extraction,288728,133161,579403,340925
2022Q1,mining_except_oil_gas,"Mining, except oil and gas",74406,54247,131321,97989
2022Q1,support_mining,Support activities for mining,55183,72957,88703,93003
2022Q1,utilities,Utilities,388043,329697,627168,508920
2022Q1,construction,Construction,1078640,873506,2139352,1639379
2022Q1,wood_products,Wood products,64455,31483,179907,116824
2022Q1,nonmetallic_mineral,Nonmetallic mineral products,69304,59081,161254,131314
2022Q1,primary_metals,Primary metals,86882,65167,321104,213739
2022Q1,fabricated_metal,Fabricated metal products,166678,136254,441113,327126
2022Q1,machinery,Machinery,165666,156856,429940,358239
2022Q1,computer_electronic,Computer and electronic products,292325,299338,391998,381910
2022Q1,electrical_equipment,"Electrical equipment, appliances, and components",66057,54287,158238,123375
2022Q1,motor_vehicles,"Motor vehicles, bodies and trailers, and parts",150710,212571,693063,633859
2022Q1,other_transport_equipment,Other transportation equipment,157356,156054,295656,272069
2022Q1,furniture,Furniture and related products,32658,29684,81392,66174
2022Q1,misc_manufacturing,Miscellaneous manufacturing,99421,98641,180196,161384
2022Q1,food_beverage_tobacco,Food and beverage and tobacco products,295021,301329,1175039,976906
2022Q1,textiles,Textile mills and textile product mills,16684,15145,51163,42219
2022Q1,apparel_leather,Apparel and leather and allied products,11033,11193,16937,16030
2022Q1,paper,Paper products,69239,62529,215502,177189
2022Q1,printing,Printing and related support activities,39809,34875,84196,71360
2022Q1,petroleum_coal,Petroleum and coal products,209445,104989,839668,470111
2022Q1,chemicals,Chemical products,508228,439641,957056,762977
2022Q1,plastics_rubber,Plastics and rubber products,93924,73310,303092,235402
2022Q1,wholesale,Wholesale trade,1542517,1180124,2868060,2300240
2022Q1,retail,Retail trade,1611213,1187165,2648546,2068003
2022Q1,air_transport,Air transportation,124225,138354,254669,238989
2022Q1,rail_transport,Rail transportation,47550,41639,90307,75874
2022Q1,water_transport,Water transportation,21636,16620,54098,43025
2022Q1,truck_transport,Truck transportation,257380,180459,564492,402520
2022Q1,transit_ground,Transit and ground passenger transportation,54888,59501,107418,103729
2022Q1,pipeline,Pipeline transportation,41614,31897,65635,50226
2022Q1,other_transport_support,Other transportation and support activities,219982,148762,410483,293780
2022Q1,warehousing,Warehousing and storage,113654,95815,169845,138828
2022Q1,information,Information,1346591,1454982,2408039,2397605
2022Q1,credit_intermediation,"Federal Reserve banks, credit intermediation, and related activities",874208,712454,1188959,993667
2022Q1,securities,"Securities, commodity contracts, and investments",352769,300288,716359,621200
2022Q1,insurance,Insurance carriers and related activities,678637,642714,1302178,1217094
2022Q1,funds_trusts,"Funds, trusts, and other financial vehicles",18000,2257,191911,154820
2022Q1,real_estate,Real estate,3060982,2728403,4397504,3833028
2022Q1,rental_leasing,Rental and leasing services and lessors of intangible assets,309478,278232,591141,518290
2022Q1,legal,Legal services,346797,282273,439299,365228
2022Q1,computer_systems,Computer systems design and related services,451638,555001,650412,721144
2022Q1,misc_professional,"Miscellaneous professional, scientific, and technical services",1212063,1180550,1933966,1811922
2022Q1,management_companies,Management of companies and enterprises,466958,431574,729644,663604
2022Q1,admin_support,Administrative and support services,749897,689883,1289107,1156806
2022Q1,waste_remediation,Waste management and remediation services,71829,60952,146758,122481
2022Q1,education,Educational services,286764,255791,401179,354464
2022Q1,ambulatory_health,Ambulatory health care services,894920,842911,1324675,1217988
2022Q1,hospitals_nursing,"Hospitals, nursing and residential care facilities",755417,672678,1336088,1175059
2022Q1,social_assistance,Social assistance,171811,149638,288553,246505
2022Q1,performing_arts_museums,"Performing arts, spectator sports, museums, and related activities",140203,128589,248025,224150
2022Q1,amusement_recreation,"Amusements, gambling, and recreation industries",105993,88993,197094,166190
2022Q1,accommodation,Accommodation,201478,171273,298820,253704
2022Q1,food_services,Food services and drinking places,562109,452993,1082732,895187
2022Q1,other_services,"Other services, except government",528927,437251,883797,747623
2022Q2,oil_gas_extraction,Oil and gas extraction,372882,128504,734730,356194
2022Q2,mining_except_oil_gas,"Mining, except oil and gas",76130,51860,139988,98450
2022Q2,support_mining,Support activities for mining,61039,74551,95007,93969
2022Q2,utilities,Utilities,449358,328272,722651,511919
2022Q2,construction,Construction,1090734,838003,2209566,1626255
2022Q2,wood_products,Wood products,66425,31853,181934,116313
2022Q2,nonmetallic_mineral,Nonmetallic mineral products,69916,60641,166901,133929
2022Q2,primary_metals,Primary metals,85940,67425,326865,215374
2022Q2,fabricated_metal,Fabricated metal products,170041,134320,453434,325076
2022Q2,machinery,Machinery,167970,151196,429555,345706
2022Q2,computer_electronic,Computer and electronic products,292896,296898,399031,384618
2022Q2,electrical_equipment,"Electrical equipment, appliances, and components",68532,52962,166022,124758
2022Q2,motor_vehicles,"Motor vehicles, bodies and trailers, and parts",164533,228280,697238,626153
2022Q2,other_transport_equipment,Other transportation equipment,157000,153685,295413,267660
2022Q2,furniture,Furniture and related products,33337,28973,83418,65786
2022Q2,misc_manufacturing,Miscellaneous manufacturing,100130,97987,176917,155647
2022Q2,food_beverage_tobacco,Food and beverage and tobacco products,290853,294783,1213275,969265
2022Q2,textiles,Textile mills and textile product mills,16636,14782,50663,40652
2022Q2,apparel_leather,Apparel and leather and allied products,11642,11769,17401,16348
2022Q2,paper,Paper products,71360,60138,219162,171480
2022Q2,printing,Printing and related support activities,40223,33236,87157,70498
2022Q2,petroleum_coal,Petroleum and coal products,261769,103995,979843,461584
2022Q2,chemicals,Chemical products,509310,421416,957003,727900
2022Q2,plastics_rubber,Plastics and rubber products,94105,72649,307143,231430
2022Q2,wholesale,Wholesale trade,1579193,1167005,2915272,2273027
2022Q2,retail,Retail trade,1636857,1203036,2714451,2097332
2022Q2,air_transport,Air transportation,145190,145745,303757,257481
2022Q2,rail_transport,Rail transportation,49765,41559,96381,77428
2022Q2,water_transport,Water transportation,21131,15813,68523,52128
2022Q2,truck_transport,Truck transportation,261790,167912,595736,402180
2022Q2,transit_ground,Transit and ground passenger transportation,56732,61466,111605,106706
2022Q2,pipeline,Pipeline transportation,43462,33878,69354,52815
2022Q2,other_transport_support,Other transportation and support activities,214883,148867,405173,291078
2022Q2,warehousing,Warehousing and storage,114455,96248,179038,144602
2022Q2,information,Information,1367993,1481520,2456184,2433907
2022Q2,credit_intermediation,"Federal Reserve banks, credit intermediation, and related activities",897161,690111,1220265,974920
2022Q2,securities,"Securities, commodity contracts, and investments",340067,312680,711673,636051
2022Q2,insurance,Insurance carriers and related activities,687979,649061,1329310,1236548
2022Q2,funds_trusts,"Funds, trusts, and other financial vehicles",16737,1321,183869,146284
2022Q2,real_estate,Real estate,3123527,2755147,4438553,3808354
2022Q2,rental_leasing,Rental and leasing services and lessors of intangible assets,315899,277516,600086,514090
2022Q2,legal,Legal services,348055,282173,435509,359922
2022Q2,computer_systems,Computer systems design and related services,455338,561749,671717,742476
2022Q2,misc_professional,"Miscellaneous professional, scientific, and technical services",1231034,1193512,1978348,1836200
2022Q2,management_companies,Management of companies and enterprises,477734,434771,749763,671470
2022Q2,admin_support,Administrative and support services,753872,688248,1323560,1173184
2022Q2,waste_remediation,Waste management and remediation services,73325,61544,156053,127656
2022Q2,education,Educational services,292009,260243,406502,356547
2022Q2,ambulatory_health,Ambulatory health care services,894424,846817,1334082,1223573
2022Q2,hospitals_nursing,"Hospitals, nursing and residential care facilities",766262,678062,1350117,1174944
2022Q2,social_assistance,Social assistance,176473,152497,298165,251451
2022Q2,performing_arts_museums,"Performing arts, spectator sports, museums, and related activities",147218,137781,264636,242096
2022Q2,amusement_recreation,"Amusements, gambling, and recreation industries",112156,94380,211082,176296
2022Q2,accommodation,Accommodation,216181,178724,336577,278630
2022Q2,food_services,Food services and drinking places,583724,470204,1169734,954232
2022Q2,other_services,"Other services, except government",540641,440989,898133,748406
2022Q3,oil_gas_extraction,Oil and gas extraction,354185,141276,721930,374980
2022Q3,mining_except_oil_gas,"Mining, except oil and gas",75651,51540,143478,100925
2022Q3,support_mining,Support activities for mining,66458,82309,103276,102971
2022Q3,utilities,Utilities,464216,319750,745898,504707
2022Q3,construction,Construction,1116546,807008,2230376,1598852
2022Q3,wood_products,Wood products,65087,34650,179765,121365
2022Q3,nonmetallic_mineral,Nonmetallic mineral products,71405,58170,168595,130468
2022Q3,primary_metals,Primary metals,84454,72348,319280,226603
2022Q3,fabricated_metal,Fabricated metal products,177284,130499,458157,325632
2022Q3,machinery,Machinery,176588,149550,438121,345597
2022Q3,computer_electronic,Computer and electronic products,288721,290250,408480,391178
2022Q3,electrical_equipment,"Electrical equipment, appliances, and components",70610,49986,172165,126744
2022Q3,motor_vehicles,"Motor vehicles, bodies and trailers, and parts",174473,223962,728749,647730
2022Q3,other_transport_equipment,Other transportation equipment,160014,154965,304297,272943
2022Q3,furniture,Furniture and related products,34138,27193,84895,65242
2022Q3,misc_manufacturing,Miscellaneous manufacturing,101772,97701,175038,152485
2022Q3,food_beverage_tobacco,Food and beverage and tobacco products,298246,296036,1228291,968424
2022Q3,textiles,Textile mills and textile product mills,16770,14498,50175,39451
2022Q3,apparel_leather,Apparel and leather and allied products,11766,11814,16817,15651
2022Q3,paper,Paper products,69047,55744,218129,166295
2022Q3,printing,Printing and related support activities,41268,33124,89272,70467
2022Q3,petroleum_coal,Petroleum and coal products,232343,114122,867714,454709
2022Q3,chemicals,Chemical products,501123,414839,953318,730185
2022Q3,plastics_rubber,Plastics and rubber products,95296,67726,299029,219762
2022Q3,wholesale,Wholesale trade,1610317,1187490,2887973,2240210
2022Q3,retail,Retail trade,1654572,1205577,2714379,2077256
2022Q3,air_transport,Air transportation,159087,148820,315341,259489
2022Q3,rail_transport,Rail transportation,51507,40908,98918,77967
2022Q3,water_transport,Water transportation,22002,13477,79792,57043
2022Q3,truck_transport,Truck transportation,260034,168810,584258,398762
2022Q3,transit_ground,Transit and ground passenger transportation,58821,63584,123052,116887
2022Q3,pipeline,Pipeline transportation,43684,32776,72049,53059
2022Q3,other_transport_support,Other transportation and support activities,215684,153255,393664,287861
2022Q3,warehousing,Warehousing and storage,119357,95711,185196,145387
2022Q3,information,Information,1393387,1514122,2462889,2439012
2022Q3,credit_intermediation,"Federal Reserve banks, credit intermediation, and related activities",918949,667310,1284909,983014
2022Q3,securities,"Securities, commodity contracts, and investments",351104,335617,717238,652372
2022Q3,insurance,Insurance carriers and related activities,724949,677173,1354927,1251702
2022Q3,funds_trusts,"Funds, trusts, and other financial vehicles",16749,754,179916,138835
2022Q3,real_estate,Real estate,3181797,2766468,4524551,3824161
2022Q3,rental_leasing,Rental and leasing services and lessors of intangible assets,318632,277205,601394,510383
2022Q3,legal,Legal services,346653,278252,442292,362029
2022Q3,computer_systems,Computer systems design and related services,463389,568758,690372,757715
2022Q3,misc_professional,"Miscellaneous professional, scientific, and technical services",1263664,1221175,2026849,1870575
2022Q3,management_companies,Management of companies and enterprises,487189,447055,762778,683026
2022Q3,admin_support,Administrative and support services,770274,697839,1322271,1163743
2022Q3,waste_remediation,Waste management and remediation services,74956,59928,156954,124594
2022Q3,education,Educational services,301095,265658,415405,360896
2022Q3,ambulatory_health,Ambulatory health care services,911763,861400,1367397,1248319
2022Q3,hospitals_nursing,"Hospitals, nursing and residential care facilities",787398,684997,1387807,1190775
2022Q3,social_assistance,Social assistance,180910,152213,313601,259297
2022Q3,performing_arts_museums,"Performing arts, spectator sports, museums, and related activities",157053,146592,274417,250046
2022Q3,amusement_recreation,"Amusements, gambling, and recreation industries",117319,95445,217738,177977
2022Q3,accommodation,Accommodation,223808,184686,346082,284315
2022Q3,food_services,Food services and drinking places,597230,466541,1193384,953327
2022Q3,other_services,"Other services, except government",556885,439867,956565,780096
2022Q4,oil_gas_extraction,Oil and gas extraction,300120,171329,580628,374902
2022Q4,mining_except_oil_gas,"Mining, except oil and gas",75420,50295,139720,97781
2022Q4,support_mining,Support activities for mining,67185,82392,106524,105850
2022Q4,utilities,Utilities,459170,330556,699097,503630
2022Q4,construction,Construction,1164935,803193,2246718,1580211
2022Q4,wood_products,Wood products,62619,35786,175684,126103
2022Q4,nonmetallic_mineral,Nonmetallic mineral products,75713,58210,171492,129948
2022Q4,primary_metals,Primary metals,83395,81235,301475,226641
2022Q4,fabricated_metal,Fabricated metal products,187300,130021,459229,326078
2022Q4,machinery,Machinery,191059,153068,447075,347977
2022Q4,computer_electronic,Computer and electronic products,285957,285497,414270,395325
2022Q4,electrical_equipment,"Electrical equipment, appliances, and components",73197,49470,180665,131606
2022Q4,motor_vehicles,"Motor vehicles, bodies and trailers, and parts",176570,210844,748776,658489
2022Q4,other_transport_equipment,Other transportation equipment,168620,160802,327741,291608
2022Q4,furniture,Furniture and related products,34610,25658,85580,65135
2022Q4,misc_manufacturing,Miscellaneous manufacturing,101565,95038,176201,152208
2022Q4,food_beverage_tobacco,Food and beverage and tobacco products,315735,311006,1227488,965315
2022Q4,textiles,Textile mills and textile product mills,16853,14351,49172,38749
2022Q4,apparel_leather,Apparel and leather and allied products,12172,12133,18472,17094
2022Q4,paper,Paper products,70885,54127,217115,163678
2022Q4,printing,Printing and related support activities,42019,32721,90713,70561
2022Q4,petroleum_coal,Petroleum and coal products,220137,99126,838278,465362
2022Q4,chemicals,Chemical products,519065,432012,951363,746714
2022Q4,plastics_rubber,Plastics and rubber products,97503,65640,295702,218121
2022Q4,wholesale,Wholesale trade,1646888,1204956,2863672,2215655
2022Q4,retail,Retail trade,1691586,1234193,2698927,2070192
2022Q4,air_transport,Air transportation,161160,152046,312368,261091
2022Q4,rail_transport,Rail transportation,52318,40990,95416,75252
2022Q4,water_transport,Water transportation,20352,11828,72411,51315
2022Q4,truck_transport,Truck transportation,258893,167508,564684,390264
2022Q4,transit_ground,Transit and ground passenger transportation,61615,65581,134916,127379
2022Q4,pipeline,Pipeline transportation,44994,32988,71402,51791
2022Q4,other_transport_support,Other transportation and support activities,216625,160906,377620,286004
2022Q4,warehousing,Warehousing and storage,114486,87407,180278,138060
2022Q4,information,Information,1422522,1544174,2470179,2446152
2022Q4,credit_intermediation,"Federal Reserve banks, credit intermediation, and related activities",941000,654871,1321388,980197
2022Q4,securities,"Securities, commodity contracts, and investments",352462,342134,737046,672447
2022Q4,insurance,Insurance carriers and related activities,740054,681347,1351460,1239993
2022Q4,funds_trusts,"Funds, trusts, and other financial vehicles",16710,534,176580,133304
2022Q4,real_estate,Real estate,3263033,2778575,4591932,3820690
2022Q4,rental_leasing,Rental and leasing services and lessors of intangible assets,316258,271686,594622,501454
2022Q4,legal,Legal services,349415,276843,434548,352071
2022Q4,computer_systems,Computer systems design and related services,471747,585529,694519,767811
2022Q4,misc_professional,"Miscellaneous professional, scientific, and technical services",1288784,1237182,2060826,1894520
2022Q4,management_companies,Management of companies and enterprises,488697,457121,760612,689108
2022Q4,admin_support,Administrative and support services,777111,696033,1313308,1148607
2022Q4,waste_remediation,Waste management and remediation services,77590,59498,158886,123506
2022Q4,education,Educational services,307193,267587,420852,362595
2022Q4,ambulatory_health,Ambulatory health care services,928135,868779,1386861,1258706
2022Q4,hospitals_nursing,"Hospitals, nursing and residential care facilities",797528,680617,1413866,1200799
2022Q4,social_assistance,Social assistance,187848,153976,313567,255765
2022Q4,performing_arts_museums,"Performing arts, spectator sports, museums, and related activities",156211,144441,284981,258231
2022Q4,amusement_recreation,"Amusements, gambling, and recreation industries",120975,96458,226281,182982
2022Q4,accommodation,Accommodation,229616,182404,361219,290019
2022Q4,food_services,Food services and drinking places,609871,455840,1213431,950378
2022Q4,other_services,"Other services, except government",572714,434028,982765,782624
2023Q1,oil_gas_extraction,Oil and gas extraction,264490,198774,497002,379080
2023Q1,mining_except_oil_gas,"Mining, except oil and gas",79321,51255,147217,101334
2023Q1,support_mining,Support activities for mining,71895,83457,116489,111867
2023Q1,utilities,Utilities,474756,343730,664233,494167
2023Q1,construction,Construction,1175944,802700,2290845,1607661
2023Q1,wood_products,Wood products,57622,35008,166705,122940
2023Q1,nonmetallic_mineral,Nonmetallic mineral products,80486,58375,172329,127054
2023Q1,primary_metals,Primary metals,81342,86549,288696,219585
2023Q1,fabricated_metal,Fabricated metal products,190938,130349,452220,319103
2023Q1,machinery,Machinery,202680,156040,449619,343225
2023Q1,computer_electronic,Computer and electronic products,284279,280976,411670,389952
2023Q1,electrical_equipment,"Electrical equipment, appliances, and components",75804,50035,187102,133832
2023Q1,motor_vehicles,"Motor vehicles, bodies and trailers, and parts",177751,205072,763779,666155
2023Q1,other_transport_equipment,Other transportation equipment,164872,155265,324674,286504
2023Q1,furniture,Furniture and related products,34173,24647,83986,63369
2023Q1,misc_manufacturing,Miscellaneous manufacturing,104056,95051,175253,149368
2023Q1,food_beverage_tobacco,Food and beverage and tobacco products,347552,312317,1221018,958350
2023Q1,textiles,Textile mills and textile product mills,17279,14554,48993,38878
2023Q1,apparel_leather,Apparel and leather and allied products,12214,12015,19320,17731
2023Q1,paper,Paper products,72281,54099,217425,164893
2023Q1,printing,Printing and related support activities,42275,31279,90114,69051
2023Q1,petroleum_coal,Petroleum and coal products,197668,85406,763863,452933
2023Q1,chemicals,Chemical products,493047,409974,975583,767503
2023Q1,plastics_rubber,Plastics and rubber products,97135,65046,290234,215540
2023Q1,wholesale,Wholesale trade,1673501,1210308,2827057,2172931
2023Q1,retail,Retail trade,1700593,1263253,2740685,2127642
2023Q1,air_transport,Air transportation,168428,156410,311410,260493
2023Q1,rail_transport,Rail transportation,53286,40767,95573,74952
2023Q1,water_transport,Water transportation,21953,13914,69558,51055
2023Q1,truck_transport,Truck transportation,254975,164889,559723,393069
2023Q1,transit_ground,Transit and ground passenger transportation,61455,66034,139372,132361
2023Q1,pipeline,Pipeline transportation,46440,33745,71803,51838
2023Q1,other_transport_support,Other transportation and support activities,214942,164723,365056,284430
2023Q1,warehousing,Warehousing and storage,114436,78364,180411,129673
2023Q1,information,Information,1452142,1574479,2493076,2473701
2023Q1,credit_intermediation,"Federal Reserve banks, credit intermediation, and related activities",1026399,707467,1358082,998827
2023Q1,securities,"Securities, commodity contracts, and investments",360863,341592,762678,687164
2023Q1,insurance,Insurance carriers and related activities,777944,701679,1376830,1247703
2023Q1,funds_trusts,"Funds, trusts, and other financial vehicles",15610,578,181692,137833
2023Q1,real_estate,Real estate,3336757,2788625,4681471,3846301
2023Q1,rental_leasing,Rental and leasing services and lessors of intangible assets,320008,268861,612157,510271
2023Q1,legal,Legal services,355757,278463,446792,358495
2023Q1,computer_systems,Computer systems design and related services,487346,593050,712417,777238
2023Q1,misc_professional,"Miscellaneous professional, scientific, and technical services",1310460,1241245,2078084,1893970
2023Q1,management_companies,Management of companies and enterprises,493072,459132,764653,690789
2023Q1,admin_support,Administrative and support services,778676,683690,1340455,1159854
2023Q1,waste_remediation,Waste management and remediation services,81727,59377,166243,125587
2023Q1,education,Educational services,310006,266673,427140,364835
2023Q1,ambulatory_health,Ambulatory health care services,963708,902383,1445857,1311074
2023Q1,hospitals_nursing,"Hospitals, nursing and residential care facilities",812170,680848,1437787,1206690
2023Q1,social_assistance,Social assistance,190681,153258,321355,259373
2023Q1,performing_arts_museums,"Performing arts, spectator sports, museums, and related activities",160578,142861,296123,261214
2023Q1,amusement_recreation,"Amusements, gambling, and recreation industries",123415,94031,226974,179207
2023Q1,accommodation,Accommodation,233468,189980,368656,300873
2023Q1,food_services,Food services and drinking places,635305,458666,1263810,974548
2023Q1,other_services,"Other services, except government",571039,419071,1000447,782693
2023Q2,oil_gas_extraction,Oil and gas extraction,248615,244797,427673,387194
2023Q2,mining_except_oil_gas,"Mining, except oil and gas",76381,50467,140948,98899
2023Q2,support_mining,Support activities for mining,72520,86109,118997,115854
2023Q2,utilities,Utilities,483939,388929,602395,496892
2023Q2,construction,Construction,1192511,808643,2349422,1650915
2023Q2,wood_products,Wood products,54242,33634,163729,123185
2023Q2,nonmetallic_mineral,Nonmetallic mineral products,83352,58431,173041,126368
2023Q2,primary_metals,Primary metals,83582,81042,280747,209720
2023Q2,fabricated_metal,Fabricated metal products,188338,126413,445435,311181
2023Q2,machinery,Machinery,209856,159438,454654,343929
2023Q2,computer_electronic,Computer and electronic products,287361,283537,419109,396495
2023Q2,electrical_equipment,"Electrical equipment, appliances, and components",78147,51439,186707,133434
2023Q2,motor_vehicles,"Motor vehicles, bodies and trailers, and parts",189388,219897,798134,694228
2023Q2,other_transport_equipment,Other transportation equipment,176275,164071,377746,330847
2023Q2,furniture,Furniture and related products,33962,24135,83448,62844
2023Q2,misc_manufacturing,Miscellaneous manufacturing,111117,100606,176239,149502
2023Q2,food_beverage_tobacco,Food and beverage and tobacco products,349540,304477,1201861,950334
2023Q2,textiles,Textile mills and textile product mills,17161,14368,48763,38874
2023Q2,apparel_leather,Apparel and leather and allied products,11923,11680,20360,18611
2023Q2,paper,Paper products,71023,53675,209072,161142
2023Q2,printing,Printing and related support activities,42713,31280,87534,66916
2023Q2,petroleum_coal,Petroleum and coal products,178747,103710,685258,458539
2023Q2,chemicals,Chemical products,484039,398510,964844,770053
2023Q2,plastics_rubber,Plastics and rubber products,95960,64533,283013,211150
2023Q2,wholesale,Wholesale trade,1686527,1199209,2809055,2138433
2023Q2,retail,Retail trade,1696188,1255042,2741515,2127582
2023Q2,air_transport,Air transportation,175089,156559,322296,269840
2023Q2,rail_transport,Rail transportation,52161,40646,90523,71850
2023Q2,water_transport,Water transportation,24581,16058,73014,54490
2023Q2,truck_transport,Truck transportation,248615,163835,541000,389632
2023Q2,transit_ground,Transit and ground passenger transportation,61058,65983,138528,132309
2023Q2,pipeline,Pipeline transportation,46718,34237,72186,52511
2023Q2,other_transport_support,Other transportation and support activities,213871,169466,351642,282212
2023Q2,warehousing,Warehousing and storage,116043,80390,190243,138987
2023Q2,information,Information,1491841,1613968,2507763,2489571
2023Q2,credit_intermediation,"Federal Reserve banks, credit intermediation, and related activities",1059658,711874,1385997,997492
2023Q2,securities,"Securities, commodity contracts, and investments",366179,332585,812343,714543
2023Q2,insurance,Insurance carriers and related activities,794221,706493,1411740,1269746
2023Q2,funds_trusts,"Funds, trusts, and other financial vehicles",13984,586,185550,140265
2023Q2,real_estate,Real estate,3396888,2790343,4759203,3860587
2023Q2,rental_leasing,Rental and leasing services and lessors of intangible assets,316968,266491,607118,505508
2023Q2,legal,Legal services,361171,279907,449022,357273
2023Q2,computer_systems,Computer systems design and related services,497803,612872,708927,779200
2023Q2,misc_professional,"Miscellaneous professional, scientific, and technical services",1329751,1244421,2080843,1880504
2023Q2,management_companies,Management of companies and enterprises,501099,455276,778982,692467
2023Q2,admin_support,Administrative and support services,781824,672258,1334692,1141326
2023Q2,waste_remediation,Waste management and remediation services,83751,58053,167465,123498
2023Q2,education,Educational services,315761,268529,437054,371028
2023Q2,ambulatory_health,Ambulatory health care services,976965,906294,1464040,1318886
2023Q2,hospitals_nursing,"Hospitals, nursing and residential care facilities",827251,681519,1466967,1218760
2023Q2,social_assistance,Social assistance,193440,152714,325152,259568
2023Q2,performing_arts_museums,"Performing arts, spectator sports, museums, and related activities",155122,136757,289697,255033
2023Q2,amusement_recreation,"Amusements, gambling, and recreation industries",125697,93645,233275,182280
2023Q2,accommodation,Accommodation,232671,180976,372068,295536
2023Q2,food_services,Food services and drinking places,651144,454277,1271796,966460
2023Q2,other_services,"Other services, except government",571216,405857,1005880,772920
2023Q3,oil_gas_extraction,Oil and gas extraction,295526,262235,472643,399212
2023Q3,mining_except_oil_gas,"Mining, except oil and gas",75567,51854,138394,98765
2023Q3,support_mining,Support activities for mining,66391,85435,108651,110711
2023Q3,utilities,Utilities,488008,358412,673510,512374
2023Q3,construction,Construction,1223598,832410,2425002,1699255
2023Q3,wood_products,Wood products,57166,35098,164169,122216
2023Q3,nonmetallic_mineral,Nonmetallic mineral products,85374,59140,175069,126860
2023Q3,primary_metals,Primary metals,85727,87384,280740,216076
2023Q3,fabricated_metal,Fabricated metal products,196388,128666,449880,313768
2023Q3,machinery,Machinery,219712,163883,451356,339163
2023Q3,computer_electronic,Computer and electronic products,288337,281877,422676,397094
2023Q3,electrical_equipment,"Electrical equipment, appliances, and components",79124,50907,189040,134446
2023Q3,motor_vehicles,"Motor vehicles, bodies and trailers, and parts",189897,218091,816770,708013
2023Q3,other_transport_equipment,Other transportation equipment,174250,160697,361628,313988
2023Q3,furniture,Furniture and related products,34090,24334,82011,61748
2023Q3,misc_manufacturing,Miscellaneous manufacturing,114727,102652,177043,149416
2023Q3,food_beverage_tobacco,Food and beverage and tobacco products,366080,316059,1206220,946034
2023Q3,textiles,Textile mills and textile product mills,17848,14721,48617,38779
2023Q3,apparel_leather,Apparel and leather and allied products,11768,11238,20601,18533
2023Q3,paper,Paper products,69974,54855,205082,160414
2023Q3,printing,Printing and related support activities,42071,30748,85094,64966
2023Q3,petroleum_coal,Petroleum and coal products,213392,112253,755505,472525
2023Q3,chemicals,Chemical products,490382,418420,965725,796405
2023Q3,plastics_rubber,Plastics and rubber products,101674,67403,285065,214267
2023Q3,wholesale,Wholesale trade,1716511,1198167,2847327,2138009
2023Q3,retail,Retail trade,1725410,1294421,2775245,2166121
2023Q3,air_transport,Air transportation,160964,150356,326368,274474
2023Q3,rail_transport,Rail transportation,51755,40659,89595,71160
2023Q3,water_transport,Water transportation,26701,15597,76039,53957
2023Q3,truck_transport,Truck transportation,241638,166034,540618,396774
2023Q3,transit_ground,Transit and ground passenger transportation,64757,67261,147587,138009
2023Q3,pipeline,Pipeline transportation,46167,32639,70423,49926
2023Q3,other_transport_support,Other transportation and support activities,212691,173343,348572,284542
2023Q3,warehousing,Warehousing and storage,119072,83353,185179,135918
2023Q3,information,Information,1542480,1682273,2544418,2538299
2023Q3,credit_intermediation,"Federal Reserve banks, credit intermediation, and related activities",1093716,734999,1374878,987584
2023Q3,securities,"Securities, commodity contracts, and investments",384754,342364,838140,725257
2023Q3,insurance,Insurance carriers and related activities,815964,718000,1423177,1271611
2023Q3,funds_trusts,"Funds, trusts, and other financial vehicles",11839,570,191089,144079
2023Q3,real_estate,Real estate,3458196,2802687,4832437,3872784
2023Q3,rental_leasing,Rental and leasing services and lessors of intangible assets,318622,269840,611059,508140
2023Q3,legal,Legal services,361055,274855,448047,350975
2023Q3,computer_systems,Computer systems design and related services,495921,617489,688630,762054
2023Q3,misc_professional,"Miscellaneous professional, scientific, and technical services",1353707,1256004,2101886,1885725
2023Q3,management_companies,Management of companies and enterprises,510949,451207,798208,695325
2023Q3,admin_support,Administrative and support services,776254,659682,1325719,1124221
2023Q3,waste_remediation,Waste management and remediation services,85220,57895,168123,122257
2023Q3,education,Educational services,319019,269934,448767,379018
2023Q3,ambulatory_health,Ambulatory health care services,993237,918269,1489227,1335670
2023Q3,hospitals_nursing,"Hospitals, nursing and residential care facilities",842224,685937,1474989,1213430
2023Q3,social_assistance,Social assistance,199440,155719,333504,263407
2023Q3,performing_arts_museums,"Performing arts, spectator sports, museums, and related activities",152576,133366,278887,243363
2023Q3,amusement_recreation,"Amusements, gambling, and recreation industries",126133,93886,240137,186732
2023Q3,accommodation,Accommodation,237110,182615,382105,301193
2023Q3,food_services,Food services and drinking places,665995,461354,1302995,981501
2023Q3,other_services,"Other services, except government",572882,396368,1001461,756074
2023Q4,oil_gas_extraction,Oil and gas extraction,304371,272448,473433,399407
2023Q4,mining_except_oil_gas,"Mining, except oil and gas",76935,51002,139819,97687
2023Q4,support_mining,Support activities for mining,68286,76450,118238,110651
2023Q4,utilities,Utilities,468325,371863,627379,505365
2023Q4,construction,Construction,1261670,844491,2507947,1742546
2023Q4,wood_products,Wood products,58078,37409,162484,124241
2023Q4,nonmetallic_mineral,Nonmetallic mineral products,86274,58660,174942,125553
2023Q4,primary_metals,Primary metals,85716,93315,271670,214144
2023Q4,fabricated_metal,Fabricated metal products,203028,131097,454045,315462
2023Q4,machinery,Machinery,223207,164436,450944,336776
2023Q4,computer_electronic,Computer and electronic products,290196,282379,423365,396141
2023Q4,electrical_equipment,"Electrical equipment, appliances, and components",80924,51802,188185,133567
2023Q4,motor_vehicles,"Motor vehicles, bodies and trailers, and parts",187503,211462,794333,686629
2023Q4,other_transport_equipment,Other transportation equipment,179037,162139,369571,317586
2023Q4,furniture,Furniture and related products,34338,24373,82531,62275
2023Q4,misc_manufacturing,Miscellaneous manufacturing,116275,103130,178354,149679
2023Q4,food_beverage_tobacco,Food and beverage and tobacco products,383025,319881,1203753,939220
2023Q4,textiles,Textile mills and textile product mills,17825,14801,48492,38641
2023Q4,apparel_leather,Apparel and leather and allied products,11971,11374,21811,19537
2023Q4,paper,Paper products,69677,54577,204974,161067
2023Q4,printing,Printing and related support activities,41603,29940,84543,64338
2023Q4,petroleum_coal,Petroleum and coal products,193331,125044,707138,463573
2023Q4,chemicals,Chemical products,510067,437039,980371,808934
2023Q4,plastics_rubber,Plastics and rubber products,100009,66506,287714,216546
2023Q4,wholesale,Wholesale trade,1733945,1192448,2874194,2135970
2023Q4,retail,Retail trade,1740231,1326811,2779828,2192248
2023Q4,air_transport,Air transportation,165581,159358,328704,280278
2023Q4,rail_transport,Rail transportation,53279,40667,93378,72804
2023Q4,water_transport,Water transportation,25248,17290,71890,53790
2023Q4,truck_transport,Truck transportation,243329,164212,546629,396453
2023Q4,transit_ground,Transit and ground passenger transportation,68254,71566,156750,147208
2023Q4,pipeline,Pipeline transportation,47177,33507,73646,52274
2023Q4,other_transport_support,Other transportation and support activities,214852,168720,349664,277912
2023Q4,warehousing,Warehousing and storage,121831,84749,188433,137506
2023Q4,information,Information,1575576,1716125,2570985,2565601
2023Q4,credit_intermediation,"Federal Reserve banks, credit intermediation, and related activities",1122335,741577,1376434,974821
2023Q4,securities,"Securities, commodity contracts, and investments",387321,344553,851171,736033
2023Q4,insurance,Insurance carriers and related activities,817238,705667,1402399,1239159
2023Q4,funds_trusts,"Funds, trusts, and other financial vehicles",10684,327,190807,141154
2023Q4,real_estate,Real estate,3525342,2820391,4891581,3879667
2023Q4,rental_leasing,Rental and leasing services and lessors of intangible assets,315627,266031,602414,498986
2023Q4,legal,Legal services,371267,277822,465845,359786
2023Q4,computer_systems,Computer systems design and related services,505979,632211,711118,788701
2023Q4,misc_professional,"Miscellaneous professional, scientific, and technical services",1371908,1260881,2125776,1895376
2023Q4,management_companies,Management of companies and enterprises,515356,449914,804982,695742
2023Q4,admin_support,Administrative and support services,778969,658166,1319685,1114622
2023Q4,waste_remediation,Waste management and remediation services,87050,58035,170522,122536
2023Q4,education,Educational services,325789,273804,456463,383347
2023Q4,ambulatory_health,Ambulatory health care services,1013716,933254,1526491,1364567
2023Q4,hospitals_nursing,"Hospitals, nursing and residential care facilities",859277,689280,1521855,1240611
2023Q4,social_assistance,Social assistance,205436,158379,340815,266388
2023Q4,performing_arts_museums,"Performing arts, spectator sports, museums, and related activities",155766,129269,281432,236820
2023Q4,amusement_recreation,"Amusements, gambling, and recreation industries",128754,93299,244254,187152
2023Q4,accommodation,Accommodation,240194,188585,381131,304393
2023Q4,food_services,Food services and drinking places,675012,457371,1329102,989605
2023Q4,other_services,"Other services, except government",584004,399488,1032279,773938
2024Q1,oil_gas_extraction,Oil and gas extraction,276061,256994,455111,394850
2024Q1,mining_except_oil_gas,"Mining, except oil and gas",76786,50380,139203,96255
2024Q1,support_mining,Support activities for mining,66300,77535,111762,106833
2024Q1,utilities,Utilities,474535,368556,628894,499920
2024Q1,construction,Construction,1289191,858293,2539758,1758196
2024Q1,wood_products,Wood products,54983,34804,164981,124817
2024Q1,nonmetallic_mineral,Nonmetallic mineral products,84076,55562,172729,122013
2024Q1,primary_metals,Primary metals,82000,85600,272255,210829
2024Q1,fabricated_metal,Fabricated metal products,195648,125651,448382,309194
2024Q1,machinery,Machinery,219640,159454,443028,327353
2024Q1,computer_electronic,Computer and electronic products,289727,279129,421717,391189
2024Q1,electrical_equipment,"Electrical equipment, appliances, and components",81320,52038,190366,134467
2024Q1,motor_vehicles,"Motor vehicles, bodies and trailers, and parts",188515,216417,802541,691625
2024Q1,other_transport_equipment,Other transportation equipment,170893,154497,345026,294459
2024Q1,furniture,Furniture and related products,34697,24434,83470,62565
2024Q1,misc_manufacturing,Miscellaneous manufacturing,116437,101613,178367,147831
2024Q1,food_beverage_tobacco,Food and beverage and tobacco products,388095,320828,1215684,949036
2024Q1,textiles,Textile mills and textile product mills,17578,14494,48423,38560
2024Q1,apparel_leather,Apparel and leather and allied products,12067,11232,21950,19407
2024Q1,paper,Paper products,67348,53015,207373,163550
2024Q1,printing,Printing and related support activities,41938,29467,85158,64218
2024Q1,petroleum_coal,Petroleum and coal products,186969,120761,690782,463329
2024Q1,chemicals,Chemical products,522273,451535,993530,828189
2024Q1,plastics_rubber,Plastics and rubber products,99486,65716,287638,215782
2024Q1,wholesale,Wholesale trade,1734470,1179687,2891903,2126827
2024Q1,retail,Retail trade,1753339,1398144,2778745,2246133
2024Q1,air_transport,Air transportation,171242,162028,331271,281377
2024Q1,rail_transport,Rail transportation,53134,40406,93262,72551
2024Q1,water_transport,Water transportation,24896,16425,72114,53324
2024Q1,truck_transport,Truck transportation,243125,169087,535914,391237
2024Q1,transit_ground,Transit and ground passenger transportation,74687,82772,167031,160005
2024Q1,pipeline,Pipeline transportation,48362,34658,74276,52803
2024Q1,other_transport_support,Other transportation and support activities,214008,159536,350220,267996
2024Q1,warehousing,Warehousing and storage,124355,83508,191763,136230
2024Q1,information,Information,1605371,1729802,2632493,2593555
2024Q1,credit_intermediation,"Federal Reserve banks, credit intermediation, and related activities",1114090,728261,1395007,977722
2024Q1,securities,"Securities, commodity contracts, and investments",409717,345206,877169,732849
2024Q1,insurance,Insurance carriers and related activities,825143,698410,1457201,1265660
2024Q1,funds_trusts,"Funds, trusts, and other financial vehicles",9937,303,205160,148718
2024Q1,real_estate,Real estate,3589395,2831858,4980524,3900051
2024Q1,rental_leasing,Rental and leasing services and lessors of intangible assets,321375,270047,617088,508536
2024Q1,legal,Legal services,375262,274637,467377,354007
2024Q1,computer_systems,Computer systems design and related services,514243,648997,718699,801564
2024Q1,misc_professional,"Miscellaneous professional, scientific, and technical services",1390770,1263318,2171409,1917507
2024Q1,management_companies,Management of companies and enterprises,520068,450550,813718,697616
2024Q1,admin_support,Administrative and support services,786676,653583,1325466,1106376
2024Q1,waste_remediation,Waste management and remediation services,89063,59638,172420,123998
2024Q1,education,Educational services,331465,276014,465696,388164
2024Q1,ambulatory_health,Ambulatory health care services,1031727,941100,1571275,1392874
2024Q1,hospitals_nursing,"Hospitals, nursing and residential care facilities",877138,695090,1561166,1259693
2024Q1,social_assistance,Social assistance,217156,164937,346489,267572
2024Q1,performing_arts_museums,"Performing arts, spectator sports, museums, and related activities",158918,126923,292219,239387
2024Q1,amusement_recreation,"Amusements, gambling, and recreation industries",132622,95157,250282,190122
2024Q1,accommodation,Accommodation,244408,193885,384607,308135
2024Q1,food_services,Food services and drinking places,680402,454422,1335915,984823
2024Q1,other_services,"Other services, except government",597516,400504,1050062,776302
2024Q2,oil_gas_extraction,Oil and gas extraction,280846,256541,467152,401316
2024Q2,mining_except_oil_gas,"Mining, except oil and gas",76128,49110,135573,92090
2024Q2,support_mining,Support activities for mining,67406,77072,111447,104484
2024Q2,utilities,Utilities,481277,375999,645575,519642
2024Q2,construction,Construction,1305463,865029,2551707,1757659
2024Q2,wood_products,Wood products,53879,33498,164853,123736
2024Q2,nonmetallic_mineral,Nonmetallic mineral products,84243,55316,174984,122800
2024Q2,primary_metals,Primary metals,79223,90691,278433,218937
2024Q2,fabricated_metal,Fabricated metal products,194108,123932,453244,313393
2024Q2,machinery,Machinery,222457,158836,443792,325285
2024Q2,computer_electronic,Computer and electronic products,291338,279670,418702,386374
2024Q2,electrical_equipment,"Electrical equipment, appliances, and components",81553,52047,191445,134167
2024Q2,motor_vehicles,"Motor vehicles, bodies and trailers, and parts",192530,222873,802555,690092
2024Q2,other_transport_equipment,Other transportation equipment,178848,161080,360311,306051
2024Q2,furniture,Furniture and related products,35042,24428,83528,62105
2024Q2,misc_manufacturing,Miscellaneous manufacturing,115005,99414,179718,147644
2024Q2,food_beverage_tobacco,Food and beverage and tobacco products,386647,324054,1224128,950315
2024Q2,textiles,Textile mills and textile product mills,17600,14625,48036,38152
2024Q2,apparel_leather,Apparel and leather and allied products,12336,11435,22197,19463
2024Q2,paper,Paper products,69590,54026,208922,163303
2024Q2,printing,Printing and related support activities,42074,29463,85937,64547
2024Q2,petroleum_coal,Petroleum and coal products,182236,140723,659608,455465
2024Q2,chemicals,Chemical products,545352,470155,1004480,833854
2024Q2,plastics_rubber,Plastics and rubber products,97423,63656,289735,216047
2024Q2,wholesale,Wholesale trade,1741601,1183254,2921589,2135622
2024Q2,retail,Retail trade,1761004,1405121,2811671,2264731
2024Q2,air_transport,Air transportation,172448,164179,337117,287091
2024Q2,rail_transport,Rail transportation,52284,39683,91820,71120
2024Q2,water_transport,Water transportation,26466,17002,76646,55941
2024Q2,truck_transport,Truck transportation,246602,170633,549045,396014
2024Q2,transit_ground,Transit and ground passenger transportation,81845,88829,177305,167832
2024Q2,pipeline,Pipeline transportation,48014,34246,72523,51323
2024Q2,other_transport_support,Other transportation and support activities,217071,154827,358054,264878
2024Q2,warehousing,Warehousing and storage,127333,82209,189604,130638
2024Q2,information,Information,1638179,1752236,2659344,2603261
2024Q2,credit_intermediation,"Federal Reserve banks, credit intermediation, and related activities",1138174,737773,1402691,974033
2024Q2,securities,"Securities, commodity contracts, and investments",430284,352343,906111,741130
2024Q2,insurance,Insurance carriers and related activities,844382,705452,1523214,1309734
2024Q2,funds_trusts,"Funds, trusts, and other financial vehicles",9684,360,214019,153194
2024Q2,real_estate,Real estate,3644758,2854626,5043446,3913472
2024Q2,rental_leasing,Rental and leasing services and lessors of intangible assets,330633,277284,621123,507923
2024Q2,legal,Legal services,395182,282302,496077,367697
2024Q2,computer_systems,Computer systems design and related services,522718,653576,727543,803642
2024Q2,misc_professional,"Miscellaneous professional, scientific, and technical services",1403247,1265371,2205152,1931583
2024Q2,management_companies,Management of companies and enterprises,530319,444344,833006,697666
2024Q2,admin_support,Administrative and support services,795258,661651,1336927,1112978
2024Q2,waste_remediation,Waste management and remediation services,91550,58944,176662,123718
2024Q2,education,Educational services,335324,277866,475539,393868
2024Q2,ambulatory_health,Ambulatory health care services,1049191,956461,1606516,1418836
2024Q2,hospitals_nursing,"Hospitals, nursing and residential care facilities",893807,703837,1595673,1276496
2024Q2,social_assistance,Social assistance,224250,169248,351860,269158
2024Q2,performing_arts_museums,"Performing arts, spectator sports, museums, and related activities",166313,134701,316904,261187
2024Q2,amusement_recreation,"Amusements, gambling, and recreation industries",134726,95941,250228,188459
2024Q2,accommodation,Accommodation,245600,184770,381505,294739
2024Q2,food_services,Food services and drinking places,687681,456630,1344924,983074
2024Q2,other_services,"Other services, except government",611877,400668,1063704,773230
2024Q3,oil_gas_extraction,Oil and gas extraction,262432,255411,455853,404587
2024Q3,mining_except_oil_gas,"Mining, except oil and gas",76912,50585,138573,94654
2024Q3,support_mining,Support activities for mining,66585,80648,109990,106166
2024Q3,utilities,Utilities,472471,371197,644493,518558
2024Q3,construction,Construction,1319316,867490,2576375,1762875
2024Q3,wood_products,Wood products,54956,35947,163335,124573
2024Q3,nonmetallic_mineral,Nonmetallic mineral products,84981,55497,175974,122738
2024Q3,primary_metals,Primary metals,76503,94953,272752,220678
2024Q3,fabricated_metal,Fabricated metal products,196630,122800,453998,312076
2024Q3,machinery,Machinery,221798,157144,442857,323435
2024Q3,computer_electronic,Computer and electronic products,294298,281574,420688,386146
2024Q3,electrical_equipment,"Electrical equipment, appliances, and components",82725,52426,193160,134999
2024Q3,motor_vehicles,"Motor vehicles, bodies and trailers, and parts",189357,216411,761290,652599
2024Q3,other_transport_equipment,Other transportation equipment,188839,168552,407029,343414
2024Q3,furniture,Furniture and related products,35048,24062,83617,61773
2024Q3,misc_manufacturing,Miscellaneous manufacturing,117344,100849,181036,147904
2024Q3,food_beverage_tobacco,Food and beverage and tobacco products,391390,332640,1236907,948416
2024Q3,textiles,Textile mills and textile product mills,17492,14506,47724,37905
2024Q3,apparel_leather,Apparel and leather and allied products,12450,11502,23064,20113
2024Q3,paper,Paper products,68824,52454,212180,163666
2024Q3,printing,Printing and related support activities,42426,29485,87878,65502
2024Q3,petroleum_coal,Petroleum and coal products,163231,136941,623486,449769
2024Q3,chemicals,Chemical products,560198,482652,1015310,840318
2024Q3,plastics_rubber,Plastics and rubber products,93057,61350,289227,215472
2024Q3,wholesale,Wholesale trade,1764914,1204038,2948883,2148997
2024Q3,retail,Retail trade,1779110,1438331,2848520,2305390
2024Q3,air_transport,Air transportation,174347,165184,337159,286705
2024Q3,rail_transport,Rail transportation,51821,39107,91876,70700
2024Q3,water_transport,Water transportation,27530,16833,83446,59625
2024Q3,truck_transport,Truck transportation,245171,170313,543979,391203
2024Q3,transit_ground,Transit and ground passenger transportation,83844,91662,183310,173090
2024Q3,pipeline,Pipeline transportation,48885,35045,73437,51926
2024Q3,other_transport_support,Other transportation and support activities,221729,156606,362064,265278
2024Q3,warehousing,Warehousing and storage,130870,85840,194831,135402
2024Q3,information,Information,1670290,1782912,2744011,2669912
2024Q3,credit_intermediation,"Federal Reserve banks, credit intermediation, and related activities",1136152,722969,1422349,970483
2024Q3,securities,"Securities, commodity contracts, and investments",436530,344855,937654,746726
2024Q3,insurance,Insurance carriers and related activities,865505,711531,1567090,1330832
2024Q3,funds_trusts,"Funds, trusts, and other financial vehicles",10050,520,226555,160412
2024Q3,real_estate,Real estate,3697577,2881327,5087705,3915835
2024Q3,rental_leasing,Rental and leasing services and lessors of intangible assets,334006,280759,631575,513892
2024Q3,legal,Legal services,396915,278750,491927,358937
2024Q3,computer_systems,Computer systems design and related services,535422,663432,737629,807123
2024Q3,misc_professional,"Miscellaneous professional, scientific, and technical services",1424737,1287983,2233936,1953898
2024Q3,management_companies,Management of companies and enterprises,548000,435146,866911,698979
2024Q3,admin_support,Administrative and support services,801684,661596,1329224,1097063
2024Q3,waste_remediation,Waste management and remediation services,94165,60494,182276,126909
2024Q3,education,Educational services,342201,281944,483537,397675
2024Q3,ambulatory_health,Ambulatory health care services,1067434,969458,1639177,1439208
2024Q3,hospitals_nursing,"Hospitals, nursing and residential care facilities",907346,710489,1628064,1292189
2024Q3,social_assistance,Social assistance,230348,172824,349368,264958
2024Q3,performing_arts_museums,"Performing arts, spectator sports, museums, and related activities",170743,138497,323878,266092
2024Q3,amusement_recreation,"Amusements, gambling, and recreation industries",135212,95714,247375,184864
2024Q3,accommodation,Accommodation,246603,186258,378713,291453
2024Q3,food_services,Food services and drinking places,690329,457600,1364817,989883
2024Q3,other_services,"Other services, except government",623135,405419,1098136,793177
2024Q4,oil_gas_extraction,Oil and gas extraction,252010,257552,451894,408611
2024Q4,mining_except_oil_gas,"Mining, except oil and gas",77195,50567,137612,93209
2024Q4,support_mining,Support activities for mining,67886,81663,107236,102378
2024Q4,utilities,Utilities,481086,382352,642697,518018
2024Q4,construction,Construction,1327874,869289,2600124,1770280
2024Q4,wood_products,Wood products,57978,37702,165196,125310
2024Q4,nonmetallic_mineral,Nonmetallic mineral products,86063,55711,175119,121297
2024Q4,primary_metals,Primary metals,76727,96764,278087,224999
2024Q4,fabricated_metal,Fabricated metal products,199885,124181,455069,311817
2024Q4,machinery,Machinery,212044,149456,448296,326344
2024Q4,computer_electronic,Computer and electronic products,294499,278636,426423,387074
2024Q4,electrical_equipment,"Electrical equipment, appliances, and components",83671,53443,197566,137940
2024Q4,motor_vehicles,"Motor vehicles, bodies and trailers, and parts",193158,216371,780908,668279
2024Q4,other_transport_equipment,Other transportation equipment,181668,160382,381247,319051
2024Q4,furniture,Furniture and related products,34989,23745,83543,61277
2024Q4,misc_manufacturing,Miscellaneous manufacturing,118927,102187,181570,147906
2024Q4,food_beverage_tobacco,Food and beverage and tobacco products,394546,336372,1240720,942066
2024Q4,textiles,Textile mills and textile product mills,17812,14859,48425,38523
2024Q4,apparel_leather,Apparel and leather and allied products,12410,11445,23416,20310
2024Q4,paper,Paper products,70149,52335,212657,162142
2024Q4,printing,Printing and related support activities,42442,29440,87283,64871
2024Q4,petroleum_coal,Petroleum and coal products,166623,126772,627254,457260
2024Q4,chemicals,Chemical products,567858,491667,1024811,852787
2024Q4,plastics_rubber,Plastics and rubber products,91976,61104,286784,213545
2024Q4,wholesale,Wholesale trade,1788981,1224065,2964053,2151931
2024Q4,retail,Retail trade,1770587,1422885,2897624,2328230
2024Q4,air_transport,Air transportation,176132,159583,351736,293212
2024Q4,rail_transport,Rail transportation,51684,39128,92528,71213
2024Q4,water_transport,Water transportation,24702,17558,79122,59225
2024Q4,truck_transport,Truck transportation,247001,184643,552803,408341
2024Q4,transit_ground,Transit and ground passenger transportation,83801,91045,189358,177340
2024Q4,pipeline,Pipeline transportation,49190,34851,74864,52319
2024Q4,other_transport_support,Other transportation and support activities,223778,156582,362304,263050
2024Q4,warehousing,Warehousing and storage,133970,86845,200267,137793
2024Q4,information,Information,1694327,1806106,2765447,2680854
2024Q4,credit_intermediation,"Federal Reserve banks, credit intermediation, and related activities",1160481,726913,1445033,971188
2024Q4,securities,"Securities, commodity contracts, and investments",443106,343222,952633,746666
2024Q4,insurance,Insurance carriers and related activities,891204,723772,1548698,1303864
2024Q4,funds_trusts,"Funds, trusts, and other financial vehicles",10862,807,240454,168482
2024Q4,real_estate,Real estate,3756345,2916132,5161895,3945831
2024Q4,rental_leasing,Rental and leasing services and lessors of intangible assets,337902,285672,639203,517900
2024Q4,legal,Legal services,400338,274931,498338,356398
2024Q4,computer_systems,Computer systems design and related services,544819,676828,749039,818832
2024Q4,misc_professional,"Miscellaneous professional, scientific, and technical services",1443451,1302986,2280878,1987424
2024Q4,management_companies,Management of companies and enterprises,567426,420809,908507,699503
2024Q4,admin_support,Administrative and support services,812268,663906,1343635,1098663
2024Q4,waste_remediation,Waste management and remediation services,96105,60034,189110,129114
2024Q4,education,Educational services,349942,286554,490445,400255
2024Q4,ambulatory_health,Ambulatory health care services,1082678,976798,1669616,1453641
2024Q4,hospitals_nursing,"Hospitals, nursing and residential care facilities",922248,717213,1645598,1294916
2024Q4,social_assistance,Social assistance,236538,175253,359275,269482
2024Q4,performing_arts_museums,"Performing arts, spectator sports, museums, and related activities",174615,139352,331692,268031
2024Q4,amusement_recreation,"Amusements, gambling, and recreation industries",136151,95679,260276,192884
2024Q4,accommodation,Accommodation,252885,191441,387601,297284
2024Q4,food_services,Food services and drinking places,690643,456020,1393693,1001774
2024Q4,other_services,"Other services, except government",630867,403757,1104616,788994
2025Q1,oil_gas_extraction,Oil and gas extraction,278427,246288,491415,404661
2025Q1,mining_except_oil_gas,"Mining, except oil and gas",78516,49940,144192,95323
2025Q1,support_mining,Support activities for mining,70387,89422,109871,108147
2025Q1,utilities,Utilities,492916,381698,675586,527067
2025Q1,construction,Construction,1333639,857300,2610663,1759047
2025Q1,wood_products,Wood products,55568,36353,164023,124185
2025Q1,nonmetallic_mineral,Nonmetallic mineral products,84479,54524,173827,119642
2025Q1,primary_metals,Primary metals,75815,96479,277034,222148
2025Q1,fabricated_metal,Fabricated metal products,195379,120297,457385,310961
2025Q1,machinery,Machinery,217740,149994,444800,319632
2025Q1,computer_electronic,Computer and electronic products,299826,282172,437211,395400
2025Q1,electrical_equipment,"Electrical equipment, appliances, and components",84729,53890,199499,138245
2025Q1,motor_vehicles,"Motor vehicles, bodies and trailers, and parts",192217,211232,768518,654844
2025Q1,other_transport_equipment,Other transportation equipment,192168,169342,415162,346329
2025Q1,furniture,Furniture and related products,35185,23573,84376,61468
2025Q1,misc_manufacturing,Miscellaneous manufacturing,116674,98798,182411,146983
2025Q1,food_beverage_tobacco,Food and beverage and tobacco products,378475,339271,1245935,942883
2025Q1,textiles,Textile mills and textile product mills,17689,14560,48405,38318
2025Q1,apparel_leather,Apparel and leather and allied products,12542,11563,25027,21731
2025Q1,paper,Paper products,68763,51337,212413,161416
2025Q1,printing,Printing and related support activities,42726,29226,87205,64232
2025Q1,petroleum_coal,Petroleum and coal products,148771,123349,611910,445759
2025Q1,chemicals,Chemical products,543628,468834,1027665,848878
2025Q1,plastics_rubber,Plastics and rubber products,90514,60761,287932,214211
2025Q1,wholesale,Wholesale trade,1813360,1232726,3024381,2185268
2025Q1,retail,Retail trade,1778597,1408499,2905138,2311448
2025Q1,air_transport,Air transportation,182293,169253,347878,291914
2025Q1,rail_transport,Rail transportation,51088,37850,92361,70173
2025Q1,water_transport,Water transportation,25083,15920,76806,55422
2025Q1,truck_transport,Truck transportation,247488,174571,551761,396032
2025Q1,transit_ground,Transit and ground passenger transportation,83235,91621,194199,182994
2025Q1,pipeline,Pipeline transportation,50056,35477,76753,53412
2025Q1,other_transport_support,Other transportation and support activities,227936,156854,362302,259890
2025Q1,warehousing,Warehousing and storage,135086,81827,205804,135011
2025Q1,information,Information,1707406,1841304,2800724,2739217
2025Q1,credit_intermediation,"Federal Reserve banks, credit intermediation, and related activities",1185258,737353,1437050,959474
2025Q1,securities,"Securities, commodity contracts, and investments",440430,332190,993511,766468
2025Q1,insurance,Insurance carriers and related activities,915588,734360,1555958,1302047
2025Q1,funds_trusts,"Funds, trusts, and other financial vehicles",12449,920,247697,170558
2025Q1,real_estate,Real estate,3812607,2957050,5233330,3989306
2025Q1,rental_leasing,Rental and leasing services and lessors of intangible assets,341478,288018,642316,518866
2025Q1,legal,Legal services,402865,269499,505493,354079
2025Q1,computer_systems,Computer systems design and related services,549048,700751,755275,841295
2025Q1,misc_professional,"Miscellaneous professional, scientific, and technical services",1449875,1301299,2286134,1984763
2025Q1,management_companies,Management of companies and enterprises,563461,423855,898839,697888
2025Q1,admin_support,Administrative and support services,815782,661488,1347291,1095370
2025Q1,waste_remediation,Waste management and remediation services,96337,59016,188032,126724
2025Q1,education,Educational services,349254,283749,494938,401476
2025Q1,ambulatory_health,Ambulatory health care services,1095031,985075,1686950,1465682
2025Q1,hospitals_nursing,"Hospitals, nursing and residential care facilities",931525,715652,1675884,1306984
2025Q1,social_assistance,Social assistance,241063,176956,362008,269526
2025Q1,performing_arts_museums,"Performing arts, spectator sports, museums, and related activities",179032,137532,331361,260687
2025Q1,amusement_recreation,"Amusements, gambling, and recreation industries",137847,93938,260778,189957
2025Q1,accommodation,Accommodation,253921,187612,387758,292651
2025Q1,food_services,Food services and drinking places,695784,452077,1403961,999938
2025Q1,other_services,"Other services, except government",625535,391460,1094937,772844
2025Q2,oil_gas_extraction,Oil and gas extraction,249792,278524,434586,412817
2025Q2,mining_except_oil_gas,"Mining, except oil and gas",81281,51613,146408,95502
2025Q2,support_mining,Support activities for mining,64728,84662,108260,107465
2025Q2,utilities,Utilities,496126,373645,677199,521416
2025Q2,construction,Construction,1339552,867000,2606065,1747760
2025Q2,wood_products,Wood products,54868,36946,162475,123650
2025Q2,nonmetallic_mineral,Nonmetallic mineral products,84874,55071,174712,120089
2025Q2,primary_metals,Primary metals,74369,85664,279868,211880
2025Q2,fabricated_metal,Fabricated metal products,193085,120749,454995,303206
2025Q2,machinery,Machinery,217908,152904,451153,320160
2025Q2,computer_electronic,Computer and electronic products,315247,297994,445238,400398
2025Q2,electrical_equipment,"Electrical equipment, appliances, and components",86836,54827,201849,136585
2025Q2,motor_vehicles,"Motor vehicles, bodies and trailers, and parts",185079,230053,794915,674676
2025Q2,other_transport_equipment,Other transportation equipment,198836,180457,444748,368824
2025Q2,furniture,Furniture and related products,35314,23934,84747,61152
2025Q2,misc_manufacturing,Miscellaneous manufacturing,118061,100088,181754,145456
2025Q2,food_beverage_tobacco,Food and beverage and tobacco products,382943,325646,1250895,939909
2025Q2,textiles,Textile mills and textile product mills,17643,14462,48482,38253
2025Q2,apparel_leather,Apparel and leather and allied products,12265,11455,24625,21496
2025Q2,paper,Paper products,69759,51421,211988,158805
2025Q2,printing,Printing and related support activities,42635,29100,87244,63821
2025Q2,petroleum_coal,Petroleum and coal products,138741,119455,565476,447729
2025Q2,chemicals,Chemical products,588188,506159,1035885,860023
2025Q2,plastics_rubber,Plastics and rubber products,93356,63097,289124,215033
2025Q2,wholesale,Wholesale trade,1948829,1265905,3046683,2136567
2025Q2,retail,Retail trade,1799155,1366687,2924730,2266359
2025Q2,air_transport,Air transportation,180634,164286,344299,287841
2025Q2,rail_transport,Rail transportation,50818,37598,92325,70161
2025Q2,water_transport,Water transportation,26393,18731,78103,58444
2025Q2,truck_transport,Truck transportation,245498,174107,547535,393932
2025Q2,transit_ground,Transit and ground passenger transportation,86868,96613,202262,190511
2025Q2,pipeline,Pipeline transportation,51398,34866,78696,52930
2025Q2,other_transport_support,Other transportation and support activities,227299,154835,364621,259492
2025Q2,warehousing,Warehousing and storage,132535,83343,203195,136561
2025Q2,information,Information,1735033,1895249,2861054,2822160
2025Q2,credit_intermediation,"Federal Reserve banks, credit intermediation, and related activities",1220570,749437,1450503,956949
2025Q2,securities,"Securities, commodity contracts, and investments",471622,338668,1007231,758915
2025Q2,insurance,Insurance carriers and related activities,934131,743223,1592809,1325981
2025Q2,funds_trusts,"Funds, trusts, and other financial vehicles",14451,941,252232,170232
2025Q2,real_estate,Real estate,3865236,2983224,5296651,4010363
2025Q2,rental_leasing,Rental and leasing services and lessors of intangible assets,355746,299388,655657,527797
2025Q2,legal,Legal services,413168,271661,521932,360667
2025Q2,computer_systems,Computer systems design and related services,566263,751435,781889,893576
2025Q2,misc_professional,"Miscellaneous professional, scientific, and technical services",1461435,1305063,2303606,1988787
2025Q2,management_companies,Management of companies and enterprises,557431,438776,880522,701215
2025Q2,admin_support,Administrative and support services,816862,652983,1364311,1096250
2025Q2,waste_remediation,Waste management and remediation services,96740,59065,188985,126168
2025Q2,education,Educational services,350672,282822,499636,403116
2025Q2,ambulatory_health,Ambulatory health care services,1116817,995216,1726019,1489918
2025Q2,hospitals_nursing,"Hospitals, nursing and residential care facilities",944912,722068,1701366,1318801
2025Q2,social_assistance,Social assistance,247946,180823,373030,275543
2025Q2,performing_arts_museums,"Performing arts, spectator sports, museums, and related activities",176580,135653,333649,262229
2025Q2,amusement_recreation,"Amusements, gambling, and recreation industries",142055,95965,265070,191673
2025Q2,accommodation,Accommodation,255906,194763,389719,298974
2025Q2,food_services,Food services and drinking places,702799,449251,1433929,1011401
2025Q2,other_services,"Other services, except government",622523,388102,1089163,762273
2025Q3,oil_gas_extraction,Oil and gas extraction,246485,282804,436682,421243
2025Q3,mining_except_oil_gas,"Mining, except oil and gas",82150,51826,149608,96751
2025Q3,support_mining,Support activities for mining,63516,79451,110961,106712
2025Q3,utilities,Utilities,516437,387108,679477,521514
2025Q3,construction,Construction,1343298,866218,2579926,1720242
2025Q3,wood_products,Wood products,56223,38272,160109,122436
2025Q3,nonmetallic_mineral,Nonmetallic mineral products,86017,55634,176846,120965
2025Q3,primary_metals,Primary metals,80205,90330,289061,213011
2025Q3,fabricated_metal,Fabricated metal products,200658,125080,461994,304437
2025Q3,machinery,Machinery,220653,153438,461825,323737
2025Q3,computer_electronic,Computer and electronic products,321528,298937,452177,400165
2025Q3,electrical_equipment,"Electrical equipment, appliances, and components",87672,54644,203599,135490
2025Q3,motor_vehicles,"Motor vehicles, bodies and trailers, and parts",187935,240367,809207,682992
2025Q3,other_transport_equipment,Other transportation equipment,205247,185217,455399,375736
2025Q3,furniture,Furniture and related products,35559,23809,84347,60191
2025Q3,misc_manufacturing,Miscellaneous manufacturing,119429,100444,182326,144806
2025Q3,food_beverage_tobacco,Food and beverage and tobacco products,382568,310184,1252365,923256
2025Q3,textiles,Textile mills and textile product mills,17735,14379,48833,37991
2025Q3,apparel_leather,Apparel and leather and allied products,12065,11386,24268,21225
2025Q3,paper,Paper products,73851,54150,211478,157604
2025Q3,printing,Printing and related support activities,42424,28771,87440,63453
2025Q3,petroleum_coal,Petroleum and coal products,149858,114166,586926,449436
2025Q3,chemicals,Chemical products,603569,517610,1035780,859570
2025Q3,plastics_rubber,Plastics and rubber products,95939,64199,291639,216792
2025Q3,wholesale,Wholesale trade,1998532,1284634,3156070,2193585
2025Q3,retail,Retail trade,1823635,1379131,2969999,2290918
2025Q3,air_transport,Air transportation,182324,162694,351156,289657
2025Q3,rail_transport,Rail transportation,51019,37752,93185,70671
2025Q3,water_transport,Water transportation,27611,21131,81419,62384
2025Q3,truck_transport,Truck transportation,250523,169644,566109,396578
2025Q3,transit_ground,Transit and ground passenger transportation,88724,101149,203719,193620
2025Q3,pipeline,Pipeline transportation,53040,37187,80470,55120
2025Q3,other_transport_support,Other transportation and support activities,233628,156955,375830,264465
2025Q3,warehousing,Warehousing and storage,130538,84705,203490,139185
2025Q3,information,Information,1794573,1943519,2900094,2843189
2025Q3,credit_intermediation,"Federal Reserve banks, credit intermediation, and related activities",1263244,760512,1491209,966545
2025Q3,securities,"Securities, commodity contracts, and investments",516520,366874,1058639,788538
2025Q3,insurance,Insurance carriers and related activities,954845,751066,1638052,1353616
2025Q3,funds_trusts,"Funds, trusts, and other financial vehicles",15923,1064,266718,179342
2025Q3,real_estate,Real estate,3909188,2990086,5354287,4018745
2025Q3,rental_leasing,Rental and leasing services and lessors of intangible assets,355214,297705,656099,525710
2025Q3,legal,Legal services,435904,280881,555252,377229
2025Q3,computer_systems,Computer systems design and related services,578854,760093,795574,900632
2025Q3,misc_professional,"Miscellaneous professional, scientific, and technical services",1482776,1321468,2361342,2032504
2025Q3,management_companies,Management of companies and enterprises,556375,447941,869488,702138
2025Q3,admin_support,Administrative and support services,827305,656562,1389420,1109015
2025Q3,waste_remediation,Waste management and remediation services,97275,58277,187938,123551
2025Q3,education,Educational services,354999,283801,502603,402583
2025Q3,ambulatory_health,Ambulatory health care services,1138918,1006249,1769724,1517382
2025Q3,hospitals_nursing,"Hospitals, nursing and residential care facilities",954546,726894,1741071,1342078
2025Q3,social_assistance,Social assistance,252870,183012,383571,280664
2025Q3,performing_arts_museums,"Performing arts, spectator sports, museums, and related activities",178355,141172,332345,266678
2025Q3,amusement_recreation,"Amusements, gambling, and recreation industries",146023,97086,267485,191040
2025Q3,accommodation,Accommodation,256622,191841,393346,298211
2025Q3,food_services,Food services and drinking places,710494,449506,1448125,1013565
2025Q3,other_services,"Other services, except government",631857,386212,1107767,765255
2025Q4,oil_gas_extraction,Oil and gas extraction,232143,287884,418945,419720
2025Q4,mining_except_oil_gas,"Mining, except oil and gas",82881,48516,155050,94035
2025Q4,support_mining,Support activities for mining,64344,81759,113577,109398
2025Q4,utilities,Utilities,525485,382695,704986,526912
2025Q4,construction,Construction,1343580,864246,2559141,1694850
2025Q4,wood_products,Wood products,55379,37616,158705,121276
2025Q4,nonmetallic_mineral,Nonmetallic mineral products,85005,54894,176677,120250
2025Q4,primary_metals,Primary metals,80958,91576,289196,205731
2025Q4,fabricated_metal,Fabricated metal products,207543,130281,468055,304562
2025Q4,machinery,Machinery,224514,157237,470612,326696
2025Q4,computer_electronic,Computer and electronic products,325170,297055,453964,394137
2025Q4,electrical_equipment,"Electrical equipment, appliances, and components",89131,57091,205618,135818
2025Q4,motor_vehicles,"Motor vehicles, bodies and trailers, and parts",175073,228906,791084,663681
2025Q4,other_transport_equipment,Other transportation equipment,209887,187527,468632,382966
2025Q4,furniture,Furniture and related products,35505,23996,86112,60995
2025Q4,misc_manufacturing,Miscellaneous manufacturing,121602,100688,183798,143951
2025Q4,food_beverage_tobacco,Food and beverage and tobacco products,392059,310569,1257857,929877
2025Q4,textiles,Textile mills and textile product mills,17923,14518,48120,37164
2025Q4,apparel_leather,Apparel and leather and allied products,11930,11105,25192,21739
2025Q4,paper,Paper products,71293,52308,211329,156865
2025Q4,printing,Printing and related support activities,42337,28432,86784,62399
2025Q4,petroleum_coal,Petroleum and coal products,154521,101823,587980,447418
2025Q4,chemicals,Chemical products,582040,499673,1044615,869689
2025Q4,plastics_rubber,Plastics and rubber products,96489,64788,289294,214612
2025Q4,wholesale,Wholesale trade,2048959,1312439,3194069,2209800
2025Q4,retail,Retail trade,1840059,1394896,2980831,2297816
2025Q4,air_transport,Air transportation,185167,161570,356694,289266
2025Q4,rail_transport,Rail transportation,49416,36498,91484,69284
2025Q4,water_transport,Water transportation,25873,18615,76033,57070
2025Q4,truck_transport,Truck transportation,251520,169140,562369,390878
2025Q4,transit_ground,Transit and ground passenger transportation,87931,98124,200532,188485
2025Q4,pipeline,Pipeline transportation,53498,37321,80774,54976
2025Q4,other_transport_support,Other transportation and support activities,230726,152153,375673,260658
2025Q4,warehousing,Warehousing and storage,130476,83564,205875,139336
2025Q4,information,Information,1828636,1970867,2969637,2899853
2025Q4,credit_intermediation,"Federal Reserve banks, credit intermediation, and related activities",1282434,766299,1515147,974883
2025Q4,securities,"Securities, commodity contracts, and investments",538916,368048,1083825,787247
2025Q4,insurance,Insurance carriers and related activities,967257,753839,1650402,1355743
2025Q4,funds_trusts,"Funds, trusts, and other financial vehicles",16899,1239,278559,186373
2025Q4,real_estate,Real estate,3939151,2990635,5402956,4027662
2025Q4,rental_leasing,Rental and leasing services and lessors of intangible assets,357929,297753,667915,531484
2025Q4,legal,Legal services,443665,279377,568642,378932
2025Q4,computer_systems,Computer systems design and related services,582468,761816,797839,898495
2025Q4,misc_professional,"Miscellaneous professional, scientific, and technical services",1494278,1321500,2369382,2024849
2025Q4,management_companies,Management of companies and enterprises,556970,452686,864135,700918
2025Q4,admin_support,Administrative and support services,834315,656423,1374793,1089530
2025Q4,waste_remediation,Waste management and remediation services,95161,57472,183182,120425
2025Q4,education,Educational services,357961,284283,505543,402528
2025Q4,ambulatory_health,Ambulatory health care services,1158708,1021064,1782750,1524313
2025Q4,hospitals_nursing,"Hospitals, nursing and residential care facilities",971185,732194,1768525,1351908
2025Q4,social_assistance,Social assistance,255264,182109,380112,275494
2025Q4,performing_arts_museums,"Performing arts, spectator sports, museums, and related activities",177587,141200,337916,271860
2025Q4,amusement_recreation,"Amusements, gambling, and recreation industries",147545,97097,269540,190677
2025Q4,accommodation,Accommodation,259281,186419,401697,296809
2025Q4,food_services,Food services and drinking places,726579,454938,1455705,1011309
2025Q4,other_services,"Other services, except government",638940,385595,1117902,764876
