quarter,node_key,node_name,history_profitability_raw,history_productivity_raw,history_growth_raw
2006Q1,oil_gas_extraction,Oil and gas extraction,0.03144430638460177,-0.03597736615824462,-0.007813537336451959
2006Q1,mining_except_oil_gas,"Mining, except oil and gas",0.020810060220814164,0.02057663130469357,0.02610840527603009
2006Q1,support_mining,Support activities for mining,0.005957541976593428,0.0752387919753531,0.15652996168881184
2006Q1,utilities,Utilities,0.006309631648902414,0.034058756498542286,-0.011463394716426545
2006Q1,construction,Construction,0.009588412886460035,-0.01067756667642946,0.033195806425895036
2006Q1,wood_products,Wood products,0.004622074816717253,0.009213525301723499,0.06434618013565374
2006Q1,nonmetallic_mineral,Nonmetallic mineral products,0.010923061447597804,0.02761063473298572,0.007408015431655368
2006Q1,primary_metals,Primary metals,0.007077909309588751,0.11006473277828185,0.059784346872572725
2006Q1,fabricated_metal,Fabricated metal products,-0.00020583299902479646,0.017123503956874783,0.029172912145685626
2006Q1,machinery,Machinery,-0.00555442380634906,0.09261892424441392,0.121116874830141
2006Q1,computer_electronic,Computer and electronic products,-0.0022226173783194136,0.21456086560675847,0.16477105376441536
2006Q1,electrical_equipment,"Electrical equipment, appliances, and components",-0.0026694457325690812,0.019848845731411373,0.010417935908370923
2006Q1,motor_vehicles,"Motor vehicles, bodies and trailers, and parts",-0.0059267154971590075,-0.023583239673779063,0.021537287084307577
2006Q1,other_transport_equipment,Other transportation equipment,-0.00029398540206178325,-0.01042696463914998,0.033678756476683835
2006Q1,furniture,Furniture and related products,-0.0021956649850226884,0.06934716375522695,0.06286573638335313
2006Q1,misc_manufacturing,Miscellaneous manufacturing,0.011734452736948203,0.1181748770275436,0.033140413610056374
2006Q1,food_beverage_tobacco,Food and beverage and tobacco products,-0.002397804854528604,0.03307018168923692,0.0012415087864503516
2006Q1,textiles,Textile mills and textile product mills,0.0016859707788847295,0.06978858509343673,0.029926490227729197
2006Q1,apparel_leather,Apparel and leather and allied products,0.0019254569723652637,0.13223241654455253,0.04854321310617715
2006Q1,paper,Paper products,0.0014534812305426054,0.13056183430098606,0.05164903546981958
2006Q1,printing,Printing and related support activities,0.010849892601200423,0.07027672589879527,-0.008303512490011489
2006Q1,petroleum_coal,Petroleum and coal products,-0.009571247973927097,-0.03182964874665196,0.12639301833115857
2006Q1,chemicals,Chemical products,-0.0030025143638038043,0.025315368072809895,0.029721479212863056
2006Q1,plastics_rubber,Plastics and rubber products,0.0017911411572514996,0.11281278048343102,0.06782447633219224
2006Q1,wholesale,Wholesale trade,0.010585578985140565,0.03517709606505439,0.08725583159491768
2006Q1,retail,Retail trade,-0.0005987036353636288,0.052383543402918585,0.06278322338256648
2006Q1,air_transport,Air transportation,-0.025253193494022746,0.13806215864963792,0.08823026503277287
2006Q1,rail_transport,Rail transportation,-0.020555214664568472,0.0037494303784434335,0.0566134538350731
2006Q1,water_transport,Water transportation,-0.021590687368353303,-0.12486350960608247,0.0271836007130124
2006Q1,truck_transport,Truck transportation,-0.01857256091284143,0.010462839778999493,0.061751605899863504
2006Q1,transit_ground,Transit and ground passenger transportation,-0.01676991915591078,-0.006908838098548779,-0.0032682060390764045
2006Q1,pipeline,Pipeline transportation,-0.008974540036375642,0.07529067000004161,-0.02873589432488899
2006Q1,other_transport_support,Other transportation and support activities,-0.01657614958631065,0.01974122902329456,0.029019346230820364
2006Q1,warehousing,Warehousing and storage,-0.03243776733123638,-0.08505659884530284,0.018085021710869675
2006Q1,information,Information,0.019401941117095756,0.14192207636610402,0.07201678419919233
2006Q1,credit_intermediation,"Federal Reserve banks, credit intermediation, and related activities",-0.02037864675601947,-0.016469606427392827,0.016022814686954767
2006Q1,securities,"Securities, commodity contracts, and investments",-0.013776366407451501,0.08539493149265678,0.10835045768727825
2006Q1,insurance,Insurance carriers and related activities,-0.019273557707492228,-0.011402712759976272,0.036621431913897995
2006Q1,funds_trusts,"Funds, trusts, and other financial vehicles",-0.0003955084261975661,0.0820840796348966,0.04364684120660223
2006Q1,real_estate,Real estate,0.0072681038784814245,0.03636215841230816,0.04535332541567705
2006Q1,rental_leasing,Rental and leasing services and lessors of intangible assets,-0.001523851648435659,0.011184813396353693,0.014627255157799723
2006Q1,legal,Legal services,0.007761025900006602,-0.017881674868704383,-0.01241499216705455
2006Q1,computer_systems,Computer systems design and related services,0.014139235687066515,0.0473158570743724,0.029609399154900684
2006Q1,misc_professional,"Miscellaneous professional, scientific, and technical services",0.0031831793454692447,0.07305802248354758,0.08767041765851546
2006Q1,management_companies,Management of companies and enterprises,0.01697599857914525,0.0369085298450719,0.05631387337151095
2006Q1,admin_support,Administrative and support services,0.007072966515296708,0.025527122205653095,0.03150498861559803
2006Q1,waste_remediation,Waste management and remediation services,0.0033789918601451197,-0.011920640567881845,0.010316068949443258
2006Q1,education,Educational services,0.002237214893799508,-0.01742461320986441,0.0007814361271263337
2006Q1,ambulatory_health,Ambulatory health care services,0.0005097356982247669,0.013927057101455066,0.04835929872224809
2006Q1,hospitals_nursing,"Hospitals, nursing and residential care facilities",0.0010410123023671253,0.002212194826648654,0.01928580428013471
2006Q1,social_assistance,Social assistance,0.0006997015904312981,0.025676501585667536,0.03988653756571514
2006Q1,performing_arts_museums,"Performing arts, spectator sports, museums, and related activities",-0.0034681802628213076,-0.021999745916091346,-0.011217978359382208
2006Q1,amusement_recreation,"Amusements, gambling, and recreation industries",-4.8583476959157545e-05,0.028665968505973208,0.042362672282139524
2006Q1,accommodation,Accommodation,-0.001583866545503354,0.007515920604705125,0.04516453658045694
2006Q1,food_services,Food services and drinking places,-0.001083235879433056,0.011296511492079124,0.056060806594943946
2006Q1,other_services,"Other services, except government",-4.8872295732999005e-05,0.01057051103602439,0.016883449103681558
2006Q2,oil_gas_extraction,Oil and gas extraction,0.03144430638460177,-0.03597736615824462,-0.007813537336451959
2006Q2,mining_except_oil_gas,"Mining, except oil and gas",0.020810060220814164,0.02057663130469357,0.02610840527603009
2006Q2,support_mining,Support activities for mining,0.005957541976593428,0.0752387919753531,0.15652996168881184
2006Q2,utilities,Utilities,0.006309631648902414,0.015419829635191888,-0.011463394716426545
2006Q2,construction,Construction,0.009588412886460035,-0.01529180857496717,0.033195806425895036
2006Q2,wood_products,Wood products,0.004622074816717253,0.009213525301723499,0.06434618013565374
2006Q2,nonmetallic_mineral,Nonmetallic mineral products,0.010923061447597804,0.02761063473298572,0.007408015431655368
2006Q2,primary_metals,Primary metals,0.007077909309588751,0.11006473277828185,0.059784346872572725
2006Q2,fabricated_metal,Fabricated metal products,-0.00020583299902479646,0.017123503956874783,0.029172912145685626
2006Q2,machinery,Machinery,-0.00555442380634906,0.09261892424441392,0.121116874830141
2006Q2,computer_electronic,Computer and electronic products,-0.0022226173783194136,0.21456086560675847,0.16477105376441536
2006Q2,electrical_equipment,"Electrical equipment, appliances, and components",-0.0026694457325690812,0.019848845731411373,0.010417935908370923
2006Q2,motor_vehicles,"Motor vehicles, bodies and trailers, and parts",-0.0059267154971590075,-0.023583239673779063,0.021537287084307577
2006Q2,other_transport_equipment,Other transportation equipment,-0.00029398540206178325,-0.01042696463914998,0.033678756476683835
2006Q2,furniture,Furniture and related products,-0.0021956649850226884,0.06934716375522695,0.06286573638335313
2006Q2,misc_manufacturing,Miscellaneous manufacturing,0.011734452736948203,0.1181748770275436,0.033140413610056374
2006Q2,food_beverage_tobacco,Food and beverage and tobacco products,-0.002397804854528604,0.03307018168923692,0.0012415087864503516
2006Q2,textiles,Textile mills and textile product mills,0.0016859707788847295,0.06978858509343673,0.029926490227729197
2006Q2,apparel_leather,Apparel and leather and allied products,0.0019254569723652637,0.13223241654455253,0.04854321310617715
2006Q2,paper,Paper products,0.0014534812305426054,0.13056183430098606,0.05164903546981958
2006Q2,printing,Printing and related support activities,0.010849892601200423,0.07027672589879527,-0.008303512490011489
2006Q2,petroleum_coal,Petroleum and coal products,-0.009571247973927097,-0.03182964874665196,0.12639301833115857
2006Q2,chemicals,Chemical products,-0.0030025143638038043,0.025315368072809895,0.029721479212863056
2006Q2,plastics_rubber,Plastics and rubber products,0.0017911411572514996,0.11281278048343102,0.06782447633219224
2006Q2,wholesale,Wholesale trade,0.010585578985140565,-0.0030939785985602064,0.08725583159491768
2006Q2,retail,Retail trade,-0.0005987036353636288,0.015934421623322693,0.06278322338256648
2006Q2,air_transport,Air transportation,-0.025253193494022746,0.13806215864963792,0.08823026503277287
2006Q2,rail_transport,Rail transportation,-0.020555214664568472,0.0037494303784434335,0.0566134538350731
2006Q2,water_transport,Water transportation,-0.021590687368353303,-0.12486350960608247,0.0271836007130124
2006Q2,truck_transport,Truck transportation,-0.01857256091284143,0.010462839778999493,0.061751605899863504
2006Q2,transit_ground,Transit and ground passenger transportation,-0.01676991915591078,-0.006908838098548779,-0.0032682060390764045
2006Q2,pipeline,Pipeline transportation,-0.008974540036375642,0.07529067000004161,-0.02873589432488899
2006Q2,other_transport_support,Other transportation and support activities,-0.01657614958631065,0.01974122902329456,0.029019346230820364
2006Q2,warehousing,Warehousing and storage,-0.03243776733123638,-0.08505659884530284,0.018085021710869675
2006Q2,information,Information,0.019401941117095756,0.0884963746723986,0.07201678419919233
2006Q2,credit_intermediation,"Federal Reserve banks, credit intermediation, and related activities",-0.02037864675601947,-0.016469606427392827,0.016022814686954767
2006Q2,securities,"Securities, commodity contracts, and investments",-0.013776366407451501,0.08539493149265678,0.10835045768727825
2006Q2,insurance,Insurance carriers and related activities,-0.019273557707492228,-0.011402712759976272,0.036621431913897995
2006Q2,funds_trusts,"Funds, trusts, and other financial vehicles",-0.0003955084261975661,0.0820840796348966,0.04364684120660223
2006Q2,real_estate,Real estate,0.0072681038784814245,0.03636215841230816,0.04535332541567705
2006Q2,rental_leasing,Rental and leasing services and lessors of intangible assets,-0.001523851648435659,0.011184813396353693,0.014627255157799723
2006Q2,legal,Legal services,0.007761025900006602,-0.017881674868704383,-0.01241499216705455
2006Q2,computer_systems,Computer systems design and related services,0.014139235687066515,0.0473158570743724,0.029609399154900684
2006Q2,misc_professional,"Miscellaneous professional, scientific, and technical services",0.0031831793454692447,0.07305802248354758,0.08767041765851546
2006Q2,management_companies,Management of companies and enterprises,0.01697599857914525,-0.012676116531148465,0.05631387337151095
2006Q2,admin_support,Administrative and support services,0.007072966515296708,0.025527122205653095,0.03150498861559803
2006Q2,waste_remediation,Waste management and remediation services,0.0033789918601451197,-0.011920640567881845,0.010316068949443258
2006Q2,education,Educational services,0.002237214893799508,-0.011763849302606679,0.0007814361271263337
2006Q2,ambulatory_health,Ambulatory health care services,0.0005097356982247669,0.013927057101455066,0.04835929872224809
2006Q2,hospitals_nursing,"Hospitals, nursing and residential care facilities",0.0010410123023671253,0.002212194826648654,0.01928580428013471
2006Q2,social_assistance,Social assistance,0.0006997015904312981,0.025676501585667536,0.03988653756571514
2006Q2,performing_arts_museums,"Performing arts, spectator sports, museums, and related activities",-0.0034681802628213076,-0.021999745916091346,-0.011217978359382208
2006Q2,amusement_recreation,"Amusements, gambling, and recreation industries",-4.8583476959157545e-05,0.028665968505973208,0.042362672282139524
2006Q2,accommodation,Accommodation,-0.001583866545503354,0.007515920604705125,0.04516453658045694
2006Q2,food_services,Food services and drinking places,-0.001083235879433056,0.011296511492079124,0.056060806594943946
2006Q2,other_services,"Other services, except government",-4.8872295732999005e-05,0.028186906669174266,0.016883449103681558
2006Q3,oil_gas_extraction,Oil and gas extraction,0.03144430638460177,-0.03597736615824462,-0.007813537336451959
2006Q3,mining_except_oil_gas,"Mining, except oil and gas",0.020810060220814164,0.02057663130469357,0.02610840527603009
2006Q3,support_mining,Support activities for mining,0.005957541976593428,0.0752387919753531,0.15652996168881184
2006Q3,utilities,Utilities,0.006309631648902414,0.015419829635191888,-0.011463394716426545
2006Q3,construction,Construction,0.009588412886460035,-0.01529180857496717,0.033195806425895036
2006Q3,wood_products,Wood products,0.004622074816717253,0.009213525301723499,0.06434618013565374
2006Q3,nonmetallic_mineral,Nonmetallic mineral products,0.010923061447597804,0.02761063473298572,0.007408015431655368
2006Q3,primary_metals,Primary metals,0.007077909309588751,0.11006473277828185,0.059784346872572725
2006Q3,fabricated_metal,Fabricated metal products,-0.00020583299902479646,0.017123503956874783,0.029172912145685626
2006Q3,machinery,Machinery,-0.00555442380634906,0.09261892424441392,0.121116874830141
2006Q3,computer_electronic,Computer and electronic products,-0.0022226173783194136,0.21456086560675847,0.16477105376441536
2006Q3,electrical_equipment,"Electrical equipment, appliances, and components",-0.0026694457325690812,0.019848845731411373,0.010417935908370923
2006Q3,motor_vehicles,"Motor vehicles, bodies and trailers, and parts",-0.0059267154971590075,-0.023583239673779063,0.021537287084307577
2006Q3,other_transport_equipment,Other transportation equipment,-0.00029398540206178325,-0.01042696463914998,0.033678756476683835
2006Q3,furniture,Furniture and related products,-0.0021956649850226884,0.06934716375522695,0.06286573638335313
2006Q3,misc_manufacturing,Miscellaneous manufacturing,0.011734452736948203,0.1181748770275436,0.033140413610056374
2006Q3,food_beverage_tobacco,Food and beverage and tobacco products,-0.002397804854528604,0.03307018168923692,0.0012415087864503516
2006Q3,textiles,Textile mills and textile product mills,0.0016859707788847295,0.06978858509343673,0.029926490227729197
2006Q3,apparel_leather,Apparel and leather and allied products,0.0019254569723652637,0.13223241654455253,0.04854321310617715
2006Q3,paper,Paper products,0.0014534812305426054,0.13056183430098606,0.05164903546981958
2006Q3,printing,Printing and related support activities,0.010849892601200423,0.07027672589879527,-0.008303512490011489
2006Q3,petroleum_coal,Petroleum and coal products,-0.009571247973927097,-0.03182964874665196,0.12639301833115857
2006Q3,chemicals,Chemical products,-0.0030025143638038043,0.025315368072809895,0.029721479212863056
2006Q3,plastics_rubber,Plastics and rubber products,0.0017911411572514996,0.11281278048343102,0.06782447633219224
2006Q3,wholesale,Wholesale trade,0.010585578985140565,-0.0030939785985602064,0.08725583159491768
2006Q3,retail,Retail trade,-0.0005987036353636288,0.015934421623322693,0.06278322338256648
2006Q3,air_transport,Air transportation,-0.025253193494022746,0.13806215864963792,0.08823026503277287
2006Q3,rail_transport,Rail transportation,-0.020555214664568472,0.0037494303784434335,0.0566134538350731
2006Q3,water_transport,Water transportation,-0.021590687368353303,-0.12486350960608247,0.0271836007130124
2006Q3,truck_transport,Truck transportation,-0.01857256091284143,0.010462839778999493,0.061751605899863504
2006Q3,transit_ground,Transit and ground passenger transportation,-0.01676991915591078,-0.006908838098548779,-0.0032682060390764045
2006Q3,pipeline,Pipeline transportation,-0.008974540036375642,0.07529067000004161,-0.02873589432488899
2006Q3,other_transport_support,Other transportation and support activities,-0.01657614958631065,0.01974122902329456,0.029019346230820364
2006Q3,warehousing,Warehousing and storage,-0.03243776733123638,-0.08505659884530284,0.018085021710869675
2006Q3,information,Information,0.019401941117095756,0.0884963746723986,0.07201678419919233
2006Q3,credit_intermediation,"Federal Reserve banks, credit intermediation, and related activities",-0.02037864675601947,-0.016469606427392827,0.016022814686954767
2006Q3,securities,"Securities, commodity contracts, and investments",-0.013776366407451501,0.08539493149265678,0.10835045768727825
2006Q3,insurance,Insurance carriers and related activities,-0.019273557707492228,-0.011402712759976272,0.036621431913897995
2006Q3,funds_trusts,"Funds, trusts, and other financial vehicles",-0.0003955084261975661,0.0820840796348966,0.04364684120660223
2006Q3,real_estate,Real estate,0.0072681038784814245,0.03636215841230816,0.04535332541567705
2006Q3,rental_leasing,Rental and leasing services and lessors of intangible assets,-0.001523851648435659,0.011184813396353693,0.014627255157799723
2006Q3,legal,Legal services,0.007761025900006602,-0.017881674868704383,-0.01241499216705455
2006Q3,computer_systems,Computer systems design and related services,0.014139235687066515,0.0473158570743724,0.029609399154900684
2006Q3,misc_professional,"Miscellaneous professional, scientific, and technical services",0.0031831793454692447,0.07305802248354758,0.08767041765851546
2006Q3,management_companies,Management of companies and enterprises,0.01697599857914525,-0.012676116531148465,0.05631387337151095
2006Q3,admin_support,Administrative and support services,0.007072966515296708,0.025527122205653095,0.03150498861559803
2006Q3,waste_remediation,Waste management and remediation services,0.0033789918601451197,-0.011920640567881845,0.010316068949443258
2006Q3,education,Educational services,0.002237214893799508,-0.011763849302606679,0.0007814361271263337
2006Q3,ambulatory_health,Ambulatory health care services,0.0005097356982247669,0.013927057101455066,0.04835929872224809
2006Q3,hospitals_nursing,"Hospitals, nursing and residential care facilities",0.0010410123023671253,0.002212194826648654,0.01928580428013471
2006Q3,social_assistance,Social assistance,0.0006997015904312981,0.025676501585667536,0.03988653756571514
2006Q3,performing_arts_museums,"Performing arts, spectator sports, museums, and related activities",-0.0034681802628213076,-0.021999745916091346,-0.011217978359382208
2006Q3,amusement_recreation,"Amusements, gambling, and recreation industries",-4.8583476959157545e-05,0.028665968505973208,0.042362672282139524
2006Q3,accommodation,Accommodation,-0.001583866545503354,0.007515920604705125,0.04516453658045694
2006Q3,food_services,Food services and drinking places,-0.001083235879433056,0.011296511492079124,0.056060806594943946
2006Q3,other_services,"Other services, except government",-4.8872295732999005e-05,0.028186906669174266,0.016883449103681558
2006Q4,oil_gas_extraction,Oil and gas extraction,0.05194132127055595,-0.06812397248626112,-0.0474851126084358
2006Q4,mining_except_oil_gas,"Mining, except oil and gas",0.003616451101123852,-0.0684506969928365,0.033555892766818474
2006Q4,support_mining,Support activities for mining,0.06827663756441527,-0.07089674832461355,0.09673948879904226
2006Q4,utilities,Utilities,-0.010555239422064322,0.022639007099618736,-0.014042392513445412
2006Q4,construction,Construction,0.01380364684453872,-0.003696798582768392,0.037045523984112316
2006Q4,wood_products,Wood products,0.0037622440916724176,0.02176794545146631,0.017936382864015332
2006Q4,nonmetallic_mineral,Nonmetallic mineral products,0.0016156127280111399,0.0004199802682857875,0.032100825133920985
2006Q4,primary_metals,Primary metals,0.006280635826211023,-0.012416358139135402,-0.0029103852596313873
2006Q4,fabricated_metal,Fabricated metal products,0.010429860758587761,0.032765369554961774,0.013047076026706295
2006Q4,machinery,Machinery,-0.0005606853772179288,0.02399838034285323,0.06503899396697133
2006Q4,computer_electronic,Computer and electronic products,0.003135459541824273,0.18260326224039375,0.10089142281160424
2006Q4,electrical_equipment,"Electrical equipment, appliances, and components",-9.778780791544484e-05,0.03863021301944593,0.033216588493001575
2006Q4,motor_vehicles,"Motor vehicles, bodies and trailers, and parts",-0.006671959121856447,-0.03291307203464256,-0.015883840536470295
2006Q4,other_transport_equipment,Other transportation equipment,-0.0033847798051004074,0.006398059317153798,0.10789299594806923
2006Q4,furniture,Furniture and related products,-0.006489211450821486,-0.004984799129026807,0.0543638610900683
2006Q4,misc_manufacturing,Miscellaneous manufacturing,0.004526628575341446,0.0825075412528453,0.06360726514813164
2006Q4,food_beverage_tobacco,Food and beverage and tobacco products,0.009822951578522435,0.05550442922223398,0.011465962300396315
2006Q4,textiles,Textile mills and textile product mills,0.010697615851654615,0.07693210034712968,-0.06993264513370001
2006Q4,apparel_leather,Apparel and leather and allied products,-0.0008071003122264164,0.09803659962180528,0.019361341980638658
2006Q4,paper,Paper products,0.004840062719018365,0.04391019307837165,-0.015891032917139447
2006Q4,printing,Printing and related support activities,0.014088070157821736,0.035319189925332464,-0.050739108479089245
2006Q4,petroleum_coal,Petroleum and coal products,-0.0030704121085289166,-0.24644825648817417,-0.03842211094902015
2006Q4,chemicals,Chemical products,0.00601755901031914,-0.008101626229465525,-0.049279678297404206
2006Q4,plastics_rubber,Plastics and rubber products,-0.003939913869171252,-0.008089351671493694,0.006261392541940136
2006Q4,wholesale,Wholesale trade,0.008620481791478701,-0.0005816604074006347,0.023465522749053003
2006Q4,retail,Retail trade,0.00369577103217103,0.035975404928468804,0.03742748104666882
2006Q4,air_transport,Air transportation,-0.015428869555379449,0.08725618628729585,0.02743899858657839
2006Q4,rail_transport,Rail transportation,-0.008806844338428654,-0.045622550286988285,0.031064993416872966
2006Q4,water_transport,Water transportation,-0.0035733770700503154,0.040296348393181136,0.022445018754462254
2006Q4,truck_transport,Truck transportation,-0.00709334020360744,0.013804712991443977,0.05752998433771661
2006Q4,transit_ground,Transit and ground passenger transportation,-0.0006611077447589153,-0.0023411397606673385,-0.006094177131934386
2006Q4,pipeline,Pipeline transportation,-0.018098693141695862,0.1971385916092438,0.13845569379808143
2006Q4,other_transport_support,Other transportation and support activities,-0.00037624858472343203,-0.019520975046973647,0.010279980712211811
2006Q4,warehousing,Warehousing and storage,-0.0036391966571013845,0.04578428807203626,0.08836970430271318
2006Q4,information,Information,0.0033740995097014392,0.10298430503072557,0.07369949736507997
2006Q4,credit_intermediation,"Federal Reserve banks, credit intermediation, and related activities",-0.007021262891208746,0.014484586423766444,0.02697210419360796
2006Q4,securities,"Securities, commodity contracts, and investments",-0.027638421034640925,0.042951922922449856,0.170517220583559
2006Q4,insurance,Insurance carriers and related activities,-0.014690120813828256,-0.025686411111475318,0.014712861888941609
2006Q4,funds_trusts,"Funds, trusts, and other financial vehicles",-0.01463622195226802,0.05649788386246813,0.10448464198025764
2006Q4,real_estate,Real estate,-0.008479617377351145,0.010214991300854449,0.046288678542664385
2006Q4,rental_leasing,Rental and leasing services and lessors of intangible assets,-0.025787221549970152,-0.04618191303991319,0.042862584515760416
2006Q4,legal,Legal services,0.006950276393568211,0.0007040072131230855,-0.0033883870733938393
2006Q4,computer_systems,Computer systems design and related services,0.0016138975870331473,0.02548294910403097,0.07493488677257099
2006Q4,misc_professional,"Miscellaneous professional, scientific, and technical services",0.005701842243375027,0.03560041783269496,0.05717059844813255
2006Q4,management_companies,Management of companies and enterprises,-0.019342709861765367,-0.0014155705407525366,0.041760387453698034
2006Q4,admin_support,Administrative and support services,-0.0027381457362899153,0.02102756923042129,0.030821721428980986
2006Q4,waste_remediation,Waste management and remediation services,-0.010948946354057063,0.05785062029374374,0.0627356702511821
2006Q4,education,Educational services,0.005227718703564789,-0.0017589901628858975,0.012750405067020187
2006Q4,ambulatory_health,Ambulatory health care services,0.004911546105638626,0.02574034140022947,0.04457127989983256
2006Q4,hospitals_nursing,"Hospitals, nursing and residential care facilities",-5.3908132544577825e-06,-0.008267521654577526,0.03535406968542798
2006Q4,social_assistance,Social assistance,0.0050052110796687255,0.02189964746962985,0.03142981440895709
2006Q4,performing_arts_museums,"Performing arts, spectator sports, museums, and related activities",0.004268460082825859,-0.02165435724415872,-0.025191644849603678
2006Q4,amusement_recreation,"Amusements, gambling, and recreation industries",0.0005906081912461225,-0.024942318737618492,-0.00301347846732658
2006Q4,accommodation,Accommodation,-0.003201751532333208,-0.004776753662862848,0.03392812981528337
2006Q4,food_services,Food services and drinking places,-0.0008461843747815667,-0.0016700892813847248,0.032443636828504374
2006Q4,other_services,"Other services, except government",-0.001258301134391307,-0.002722705272026873,-0.0017976793593724727
2007Q1,oil_gas_extraction,Oil and gas extraction,0.05194132127055595,-0.06640338177498459,-0.0474851126084358
2007Q1,mining_except_oil_gas,"Mining, except oil and gas",0.003616451101123852,-0.07185860038433112,0.033555892766818474
2007Q1,support_mining,Support activities for mining,0.06827663756441527,-0.07555789873472568,0.09673948879904226
2007Q1,utilities,Utilities,-0.010555239422064322,0.029010204841785875,-0.014042392513445412
2007Q1,construction,Construction,0.01380364684453872,-0.011862953718194178,0.037045523984112316
2007Q1,wood_products,Wood products,0.0037622440916724176,0.014109137329024477,0.017936382864015332
2007Q1,nonmetallic_mineral,Nonmetallic mineral products,0.0016156127280111399,-0.00371150156844364,0.032100825133920985
2007Q1,primary_metals,Primary metals,0.006280635826211023,-0.006710851603465652,-0.0029103852596313873
2007Q1,fabricated_metal,Fabricated metal products,0.010429860758587761,0.03075992289745931,0.013047076026706295
2007Q1,machinery,Machinery,-0.0005606853772179288,0.022650931872034194,0.06503899396697133
2007Q1,computer_electronic,Computer and electronic products,0.003135459541824273,0.18566166576011084,0.10089142281160424
2007Q1,electrical_equipment,"Electrical equipment, appliances, and components",-9.778780791544484e-05,0.0433839157951163,0.033216588493001575
2007Q1,motor_vehicles,"Motor vehicles, bodies and trailers, and parts",-0.006671959121856447,-0.03229709138033108,-0.015883840536470295
2007Q1,other_transport_equipment,Other transportation equipment,-0.0033847798051004074,0.006398059317153798,0.10789299594806923
2007Q1,furniture,Furniture and related products,-0.006489211450821486,-0.008794562454134392,0.0543638610900683
2007Q1,misc_manufacturing,Miscellaneous manufacturing,0.004526628575341446,0.08519518386021811,0.06360726514813164
2007Q1,food_beverage_tobacco,Food and beverage and tobacco products,0.009822951578522435,0.05550442922223398,0.011465962300396315
2007Q1,textiles,Textile mills and textile product mills,0.010697615851654615,0.08429341855959936,-0.06993264513370001
2007Q1,apparel_leather,Apparel and leather and allied products,-0.0008071003122264164,0.09803659962180528,0.019361341980638658
2007Q1,paper,Paper products,0.004840062719018365,0.044202582127187515,-0.015891032917139447
2007Q1,printing,Printing and related support activities,0.014088070157821736,0.038035091493040823,-0.050739108479089245
2007Q1,petroleum_coal,Petroleum and coal products,-0.0030704121085289166,-0.2414817467641888,-0.03842211094902015
2007Q1,chemicals,Chemical products,0.00601755901031914,-7.8901212143209e-05,-0.049279678297404206
2007Q1,plastics_rubber,Plastics and rubber products,-0.003939913869171252,-0.011851394902312618,0.006261392541940136
2007Q1,wholesale,Wholesale trade,0.008620481791478701,-0.003184314257811296,0.023465522749053003
2007Q1,retail,Retail trade,0.00369577103217103,0.034355331302117056,0.03742748104666882
2007Q1,air_transport,Air transportation,-0.015428869555379449,0.08830201109584004,0.02743899858657839
2007Q1,rail_transport,Rail transportation,-0.008806844338428654,-0.043248468430752154,0.031064993416872966
2007Q1,water_transport,Water transportation,-0.0035733770700503154,0.04112131599176247,0.022445018754462254
2007Q1,truck_transport,Truck transportation,-0.00709334020360744,0.01051409156453014,0.05752998433771661
2007Q1,transit_ground,Transit and ground passenger transportation,-0.0006611077447589153,-0.004205587354610646,-0.006094177131934386
2007Q1,pipeline,Pipeline transportation,-0.018098693141695862,0.19056957406520336,0.13845569379808143
2007Q1,other_transport_support,Other transportation and support activities,-0.00037624858472343203,-0.020381808013103804,0.010279980712211811
2007Q1,warehousing,Warehousing and storage,-0.0036391966571013845,0.029573942769255887,0.08836970430271318
2007Q1,information,Information,0.0033740995097014392,0.10450364257282284,0.07369949736507997
2007Q1,credit_intermediation,"Federal Reserve banks, credit intermediation, and related activities",-0.007021262891208746,0.013379567160328813,0.02697210419360796
2007Q1,securities,"Securities, commodity contracts, and investments",-0.027638421034640925,0.042951922922449856,0.170517220583559
2007Q1,insurance,Insurance carriers and related activities,-0.014690120813828256,-0.027410089654165606,0.014712861888941609
2007Q1,funds_trusts,"Funds, trusts, and other financial vehicles",-0.01463622195226802,0.052825873194844206,0.10448464198025764
2007Q1,real_estate,Real estate,-0.008479617377351145,0.009431084660042985,0.046288678542664385
2007Q1,rental_leasing,Rental and leasing services and lessors of intangible assets,-0.025787221549970152,-0.04500636676310462,0.042862584515760416
2007Q1,legal,Legal services,0.006950276393568211,0.0007040072131230855,-0.0033883870733938393
2007Q1,computer_systems,Computer systems design and related services,0.0016138975870331473,0.02548294910403097,0.07493488677257099
2007Q1,misc_professional,"Miscellaneous professional, scientific, and technical services",0.005701842243375027,0.03560041783269496,0.05717059844813255
2007Q1,management_companies,Management of companies and enterprises,-0.019342709861765367,-0.0056030198051506665,0.041760387453698034
2007Q1,admin_support,Administrative and support services,-0.0027381457362899153,0.018323582316642453,0.030821721428980986
2007Q1,waste_remediation,Waste management and remediation services,-0.010948946354057063,0.047736301140470824,0.0627356702511821
2007Q1,education,Educational services,0.005227718703564789,-0.007748087953408988,0.012750405067020187
2007Q1,ambulatory_health,Ambulatory health care services,0.004911546105638626,0.02505249818972518,0.04457127989983256
2007Q1,hospitals_nursing,"Hospitals, nursing and residential care facilities",-5.3908132544577825e-06,-0.007899560265845311,0.03535406968542798
2007Q1,social_assistance,Social assistance,0.0050052110796687255,0.01624821259258876,0.03142981440895709
2007Q1,performing_arts_museums,"Performing arts, spectator sports, museums, and related activities",0.004268460082825859,-0.036261371624161626,-0.025191644849603678
2007Q1,amusement_recreation,"Amusements, gambling, and recreation industries",0.0005906081912461225,-0.020967193077517272,-0.00301347846732658
2007Q1,accommodation,Accommodation,-0.003201751532333208,-0.008421644176036651,0.03392812981528337
2007Q1,food_services,Food services and drinking places,-0.0008461843747815667,-0.0022230863537700575,0.032443636828504374
2007Q1,other_services,"Other services, except government",-0.001258301134391307,-0.004299548816019329,-0.0017976793593724727
2007Q2,oil_gas_extraction,Oil and gas extraction,0.05194132127055595,-0.06640338177498459,-0.0474851126084358
2007Q2,mining_except_oil_gas,"Mining, except oil and gas",0.003616451101123852,-0.07185860038433112,0.033555892766818474
2007Q2,support_mining,Support activities for mining,0.06827663756441527,-0.07555789873472568,0.09673948879904226
2007Q2,utilities,Utilities,-0.010555239422064322,0.022419666028245598,-0.014042392513445412
2007Q2,construction,Construction,0.01380364684453872,-0.03432323261820715,0.037045523984112316
2007Q2,wood_products,Wood products,0.0037622440916724176,0.014109137329024477,0.017936382864015332
2007Q2,nonmetallic_mineral,Nonmetallic mineral products,0.0016156127280111399,-0.00371150156844364,0.032100825133920985
2007Q2,primary_metals,Primary metals,0.006280635826211023,-0.006710851603465652,-0.0029103852596313873
2007Q2,fabricated_metal,Fabricated metal products,0.010429860758587761,0.03075992289745931,0.013047076026706295
2007Q2,machinery,Machinery,-0.0005606853772179288,0.022650931872034194,0.06503899396697133
2007Q2,computer_electronic,Computer and electronic products,0.003135459541824273,0.18566166576011084,0.10089142281160424
2007Q2,electrical_equipment,"Electrical equipment, appliances, and components",-9.778780791544484e-05,0.0433839157951163,0.033216588493001575
2007Q2,motor_vehicles,"Motor vehicles, bodies and trailers, and parts",-0.006671959121856447,-0.03229709138033108,-0.015883840536470295
2007Q2,other_transport_equipment,Other transportation equipment,-0.0033847798051004074,0.006398059317153798,0.10789299594806923
2007Q2,furniture,Furniture and related products,-0.006489211450821486,-0.008794562454134392,0.0543638610900683
2007Q2,misc_manufacturing,Miscellaneous manufacturing,0.004526628575341446,0.08519518386021811,0.06360726514813164
2007Q2,food_beverage_tobacco,Food and beverage and tobacco products,0.009822951578522435,0.05550442922223398,0.011465962300396315
2007Q2,textiles,Textile mills and textile product mills,0.010697615851654615,0.08429341855959936,-0.06993264513370001
2007Q2,apparel_leather,Apparel and leather and allied products,-0.0008071003122264164,0.09803659962180528,0.019361341980638658
2007Q2,paper,Paper products,0.004840062719018365,0.044202582127187515,-0.015891032917139447
2007Q2,printing,Printing and related support activities,0.014088070157821736,0.038035091493040823,-0.050739108479089245
2007Q2,petroleum_coal,Petroleum and coal products,-0.0030704121085289166,-0.2414817467641888,-0.03842211094902015
2007Q2,chemicals,Chemical products,0.00601755901031914,-7.8901212143209e-05,-0.049279678297404206
2007Q2,plastics_rubber,Plastics and rubber products,-0.003939913869171252,-0.011851394902312618,0.006261392541940136
2007Q2,wholesale,Wholesale trade,0.008620481791478701,-0.006114300004889319,0.023465522749053003
2007Q2,retail,Retail trade,0.00369577103217103,0.038161601921180864,0.03742748104666882
2007Q2,air_transport,Air transportation,-0.015428869555379449,0.08830201109584004,0.02743899858657839
2007Q2,rail_transport,Rail transportation,-0.008806844338428654,-0.043248468430752154,0.031064993416872966
2007Q2,water_transport,Water transportation,-0.0035733770700503154,0.04112131599176247,0.022445018754462254
2007Q2,truck_transport,Truck transportation,-0.00709334020360744,0.01051409156453014,0.05752998433771661
2007Q2,transit_ground,Transit and ground passenger transportation,-0.0006611077447589153,-0.004205587354610646,-0.006094177131934386
2007Q2,pipeline,Pipeline transportation,-0.018098693141695862,0.19056957406520336,0.13845569379808143
2007Q2,other_transport_support,Other transportation and support activities,-0.00037624858472343203,-0.020381808013103804,0.010279980712211811
2007Q2,warehousing,Warehousing and storage,-0.0036391966571013845,0.029573942769255887,0.08836970430271318
2007Q2,information,Information,0.0033740995097014392,0.07175579435490691,0.07369949736507997
2007Q2,credit_intermediation,"Federal Reserve banks, credit intermediation, and related activities",-0.007021262891208746,0.013379567160328813,0.02697210419360796
2007Q2,securities,"Securities, commodity contracts, and investments",-0.027638421034640925,0.042951922922449856,0.170517220583559
2007Q2,insurance,Insurance carriers and related activities,-0.014690120813828256,-0.027410089654165606,0.014712861888941609
2007Q2,funds_trusts,"Funds, trusts, and other financial vehicles",-0.01463622195226802,0.052825873194844206,0.10448464198025764
2007Q2,real_estate,Real estate,-0.008479617377351145,0.009431084660042985,0.046288678542664385
2007Q2,rental_leasing,Rental and leasing services and lessors of intangible assets,-0.025787221549970152,-0.04500636676310462,0.042862584515760416
2007Q2,legal,Legal services,0.006950276393568211,0.0007040072131230855,-0.0033883870733938393
2007Q2,computer_systems,Computer systems design and related services,0.0016138975870331473,0.02548294910403097,0.07493488677257099
2007Q2,misc_professional,"Miscellaneous professional, scientific, and technical services",0.005701842243375027,0.03560041783269496,0.05717059844813255
2007Q2,management_companies,Management of companies and enterprises,-0.019342709861765367,-0.020740565559528433,0.041760387453698034
2007Q2,admin_support,Administrative and support services,-0.0027381457362899153,0.018323582316642453,0.030821721428980986
2007Q2,waste_remediation,Waste management and remediation services,-0.010948946354057063,0.047736301140470824,0.0627356702511821
2007Q2,education,Educational services,0.005227718703564789,-0.008362970928237451,0.012750405067020187
2007Q2,ambulatory_health,Ambulatory health care services,0.004911546105638626,0.02505249818972518,0.04457127989983256
2007Q2,hospitals_nursing,"Hospitals, nursing and residential care facilities",-5.3908132544577825e-06,-0.007899560265845311,0.03535406968542798
2007Q2,social_assistance,Social assistance,0.0050052110796687255,0.01624821259258876,0.03142981440895709
2007Q2,performing_arts_museums,"Performing arts, spectator sports, museums, and related activities",0.004268460082825859,-0.036261371624161626,-0.025191644849603678
2007Q2,amusement_recreation,"Amusements, gambling, and recreation industries",0.0005906081912461225,-0.020967193077517272,-0.00301347846732658
2007Q2,accommodation,Accommodation,-0.003201751532333208,-0.008421644176036651,0.03392812981528337
2007Q2,food_services,Food services and drinking places,-0.0008461843747815667,-0.0022230863537700575,0.032443636828504374
2007Q2,other_services,"Other services, except government",-0.001258301134391307,0.0018141595760437098,-0.0017976793593724727
2007Q3,oil_gas_extraction,Oil and gas extraction,0.05194132127055595,-0.06640338177498459,-0.0474851126084358
2007Q3,mining_except_oil_gas,"Mining, except oil and gas",0.003616451101123852,-0.07185860038433112,0.033555892766818474
2007Q3,support_mining,Support activities for mining,0.06827663756441527,-0.07555789873472568,0.09673948879904226
2007Q3,utilities,Utilities,-0.010555239422064322,0.022419666028245598,-0.014042392513445412
2007Q3,construction,Construction,0.01380364684453872,-0.03432323261820715,0.037045523984112316
2007Q3,wood_products,Wood products,0.0037622440916724176,0.014109137329024477,0.017936382864015332
2007Q3,nonmetallic_mineral,Nonmetallic mineral products,0.0016156127280111399,-0.00371150156844364,0.032100825133920985
2007Q3,primary_metals,Primary metals,0.006280635826211023,-0.006710851603465652,-0.0029103852596313873
2007Q3,fabricated_metal,Fabricated metal products,0.010429860758587761,0.03075992289745931,0.013047076026706295
2007Q3,machinery,Machinery,-0.0005606853772179288,0.022650931872034194,0.06503899396697133
2007Q3,computer_electronic,Computer and electronic products,0.003135459541824273,0.18566166576011084,0.10089142281160424
2007Q3,electrical_equipment,"Electrical equipment, appliances, and components",-9.778780791544484e-05,0.0433839157951163,0.033216588493001575
2007Q3,motor_vehicles,"Motor vehicles, bodies and trailers, and parts",-0.006671959121856447,-0.03229709138033108,-0.015883840536470295
2007Q3,other_transport_equipment,Other transportation equipment,-0.0033847798051004074,0.006398059317153798,0.10789299594806923
2007Q3,furniture,Furniture and related products,-0.006489211450821486,-0.008794562454134392,0.0543638610900683
2007Q3,misc_manufacturing,Miscellaneous manufacturing,0.004526628575341446,0.08519518386021811,0.06360726514813164
2007Q3,food_beverage_tobacco,Food and beverage and tobacco products,0.009822951578522435,0.05550442922223398,0.011465962300396315
2007Q3,textiles,Textile mills and textile product mills,0.010697615851654615,0.08429341855959936,-0.06993264513370001
2007Q3,apparel_leather,Apparel and leather and allied products,-0.0008071003122264164,0.09803659962180528,0.019361341980638658
2007Q3,paper,Paper products,0.004840062719018365,0.044202582127187515,-0.015891032917139447
2007Q3,printing,Printing and related support activities,0.014088070157821736,0.038035091493040823,-0.050739108479089245
2007Q3,petroleum_coal,Petroleum and coal products,-0.0030704121085289166,-0.2414817467641888,-0.03842211094902015
2007Q3,chemicals,Chemical products,0.00601755901031914,-7.8901212143209e-05,-0.049279678297404206
2007Q3,plastics_rubber,Plastics and rubber products,-0.003939913869171252,-0.011851394902312618,0.006261392541940136
2007Q3,wholesale,Wholesale trade,0.008620481791478701,-0.006114300004889319,0.023465522749053003
2007Q3,retail,Retail trade,0.00369577103217103,0.038161601921180864,0.03742748104666882
2007Q3,air_transport,Air transportation,-0.015428869555379449,0.08830201109584004,0.02743899858657839
2007Q3,rail_transport,Rail transportation,-0.008806844338428654,-0.043248468430752154,0.031064993416872966
2007Q3,water_transport,Water transportation,-0.0035733770700503154,0.04112131599176247,0.022445018754462254
2007Q3,truck_transport,Truck transportation,-0.00709334020360744,0.01051409156453014,0.05752998433771661
2007Q3,transit_ground,Transit and ground passenger transportation,-0.0006611077447589153,-0.004205587354610646,-0.006094177131934386
2007Q3,pipeline,Pipeline transportation,-0.018098693141695862,0.19056957406520336,0.13845569379808143
2007Q3,other_transport_support,Other transportation and support activities,-0.00037624858472343203,-0.020381808013103804,0.010279980712211811
2007Q3,warehousing,Warehousing and storage,-0.0036391966571013845,0.029573942769255887,0.08836970430271318
2007Q3,information,Information,0.0033740995097014392,0.07175579435490691,0.07369949736507997
2007Q3,credit_intermediation,"Federal Reserve banks, credit intermediation, and related activities",-0.007021262891208746,0.013379567160328813,0.02697210419360796
2007Q3,securities,"Securities, commodity contracts, and investments",-0.027638421034640925,0.042951922922449856,0.170517220583559
2007Q3,insurance,Insurance carriers and related activities,-0.014690120813828256,-0.027410089654165606,0.014712861888941609
2007Q3,funds_trusts,"Funds, trusts, and other financial vehicles",-0.01463622195226802,0.052825873194844206,0.10448464198025764
2007Q3,real_estate,Real estate,-0.008479617377351145,0.009431084660042985,0.046288678542664385
2007Q3,rental_leasing,Rental and leasing services and lessors of intangible assets,-0.025787221549970152,-0.04500636676310462,0.042862584515760416
2007Q3,legal,Legal services,0.006950276393568211,0.0007040072131230855,-0.0033883870733938393
2007Q3,computer_systems,Computer systems design and related services,0.0016138975870331473,0.02548294910403097,0.07493488677257099
2007Q3,misc_professional,"Miscellaneous professional, scientific, and technical services",0.005701842243375027,0.03560041783269496,0.05717059844813255
2007Q3,management_companies,Management of companies and enterprises,-0.019342709861765367,-0.020740565559528433,0.041760387453698034
2007Q3,admin_support,Administrative and support services,-0.0027381457362899153,0.018323582316642453,0.030821721428980986
2007Q3,waste_remediation,Waste management and remediation services,-0.010948946354057063,0.047736301140470824,0.0627356702511821
2007Q3,education,Educational services,0.005227718703564789,-0.008362970928237451,0.012750405067020187
2007Q3,ambulatory_health,Ambulatory health care services,0.004911546105638626,0.02505249818972518,0.04457127989983256
2007Q3,hospitals_nursing,"Hospitals, nursing and residential care facilities",-5.3908132544577825e-06,-0.007899560265845311,0.03535406968542798
2007Q3,social_assistance,Social assistance,0.0050052110796687255,0.01624821259258876,0.03142981440895709
2007Q3,performing_arts_museums,"Performing arts, spectator sports, museums, and related activities",0.004268460082825859,-0.036261371624161626,-0.025191644849603678
2007Q3,amusement_recreation,"Amusements, gambling, and recreation industries",0.0005906081912461225,-0.020967193077517272,-0.00301347846732658
2007Q3,accommodation,Accommodation,-0.003201751532333208,-0.008421644176036651,0.03392812981528337
2007Q3,food_services,Food services and drinking places,-0.0008461843747815667,-0.0022230863537700575,0.032443636828504374
2007Q3,other_services,"Other services, except government",-0.001258301134391307,0.0018141595760437098,-0.0017976793593724727
2007Q4,oil_gas_extraction,Oil and gas extraction,0.05194132127055595,-0.06640338177498459,-0.0474851126084358
2007Q4,mining_except_oil_gas,"Mining, except oil and gas",0.003616451101123852,-0.07185860038433112,0.033555892766818474
2007Q4,support_mining,Support activities for mining,0.06827663756441527,-0.07555789873472568,0.09673948879904226
2007Q4,utilities,Utilities,-0.010555239422064322,0.022419666028245598,-0.014042392513445412
2007Q4,construction,Construction,0.01380364684453872,-0.03432323261820715,0.037045523984112316
2007Q4,wood_products,Wood products,0.0037622440916724176,0.014109137329024477,0.017936382864015332
2007Q4,nonmetallic_mineral,Nonmetallic mineral products,0.0016156127280111399,-0.00371150156844364,0.032100825133920985
2007Q4,primary_metals,Primary metals,0.006280635826211023,-0.006710851603465652,-0.0029103852596313873
2007Q4,fabricated_metal,Fabricated metal products,0.010429860758587761,0.03075992289745931,0.013047076026706295
2007Q4,machinery,Machinery,-0.0005606853772179288,0.022650931872034194,0.06503899396697133
2007Q4,computer_electronic,Computer and electronic products,0.003135459541824273,0.18566166576011084,0.10089142281160424
2007Q4,electrical_equipment,"Electrical equipment, appliances, and components",-9.778780791544484e-05,0.0433839157951163,0.033216588493001575
2007Q4,motor_vehicles,"Motor vehicles, bodies and trailers, and parts",-0.006671959121856447,-0.03229709138033108,-0.015883840536470295
2007Q4,other_transport_equipment,Other transportation equipment,-0.0033847798051004074,0.006398059317153798,0.10789299594806923
2007Q4,furniture,Furniture and related products,-0.006489211450821486,-0.008794562454134392,0.0543638610900683
2007Q4,misc_manufacturing,Miscellaneous manufacturing,0.004526628575341446,0.08519518386021811,0.06360726514813164
2007Q4,food_beverage_tobacco,Food and beverage and tobacco products,0.009822951578522435,0.05550442922223398,0.011465962300396315
2007Q4,textiles,Textile mills and textile product mills,0.010697615851654615,0.08429341855959936,-0.06993264513370001
2007Q4,apparel_leather,Apparel and leather and allied products,-0.0008071003122264164,0.09803659962180528,0.019361341980638658
2007Q4,paper,Paper products,0.004840062719018365,0.044202582127187515,-0.015891032917139447
2007Q4,printing,Printing and related support activities,0.014088070157821736,0.038035091493040823,-0.050739108479089245
2007Q4,petroleum_coal,Petroleum and coal products,-0.0030704121085289166,-0.2414817467641888,-0.03842211094902015
2007Q4,chemicals,Chemical products,0.00601755901031914,-7.8901212143209e-05,-0.049279678297404206
2007Q4,plastics_rubber,Plastics and rubber products,-0.003939913869171252,-0.011851394902312618,0.006261392541940136
2007Q4,wholesale,Wholesale trade,0.008620481791478701,-0.006114300004889319,0.023465522749053003
2007Q4,retail,Retail trade,0.00369577103217103,0.038161601921180864,0.03742748104666882
2007Q4,air_transport,Air transportation,-0.015428869555379449,0.08830201109584004,0.02743899858657839
2007Q4,rail_transport,Rail transportation,-0.008806844338428654,-0.043248468430752154,0.031064993416872966
2007Q4,water_transport,Water transportation,-0.0035733770700503154,0.04112131599176247,0.022445018754462254
2007Q4,truck_transport,Truck transportation,-0.00709334020360744,0.01051409156453014,0.05752998433771661
2007Q4,transit_ground,Transit and ground passenger transportation,-0.0006611077447589153,-0.004205587354610646,-0.006094177131934386
2007Q4,pipeline,Pipeline transportation,-0.018098693141695862,0.19056957406520336,0.13845569379808143
2007Q4,other_transport_support,Other transportation and support activities,-0.00037624858472343203,-0.020381808013103804,0.010279980712211811
2007Q4,warehousing,Warehousing and storage,-0.0036391966571013845,0.029573942769255887,0.08836970430271318
2007Q4,information,Information,0.0033740995097014392,0.07175579435490691,0.07369949736507997
2007Q4,credit_intermediation,"Federal Reserve banks, credit intermediation, and related activities",-0.007021262891208746,0.013379567160328813,0.02697210419360796
2007Q4,securities,"Securities, commodity contracts, and investments",-0.027638421034640925,0.042951922922449856,0.170517220583559
2007Q4,insurance,Insurance carriers and related activities,-0.014690120813828256,-0.027410089654165606,0.014712861888941609
2007Q4,funds_trusts,"Funds, trusts, and other financial vehicles",-0.01463622195226802,0.052825873194844206,0.10448464198025764
2007Q4,real_estate,Real estate,-0.008479617377351145,0.009431084660042985,0.046288678542664385
2007Q4,rental_leasing,Rental and leasing services and lessors of intangible assets,-0.025787221549970152,-0.04500636676310462,0.042862584515760416
2007Q4,legal,Legal services,0.006950276393568211,0.0007040072131230855,-0.0033883870733938393
2007Q4,computer_systems,Computer systems design and related services,0.0016138975870331473,0.02548294910403097,0.07493488677257099
2007Q4,misc_professional,"Miscellaneous professional, scientific, and technical services",0.005701842243375027,0.03560041783269496,0.05717059844813255
2007Q4,management_companies,Management of companies and enterprises,-0.019342709861765367,-0.020740565559528433,0.041760387453698034
2007Q4,admin_support,Administrative and support services,-0.0027381457362899153,0.018323582316642453,0.030821721428980986
2007Q4,waste_remediation,Waste management and remediation services,-0.010948946354057063,0.047736301140470824,0.0627356702511821
2007Q4,education,Educational services,0.005227718703564789,-0.008362970928237451,0.012750405067020187
2007Q4,ambulatory_health,Ambulatory health care services,0.004911546105638626,0.02505249818972518,0.04457127989983256
2007Q4,hospitals_nursing,"Hospitals, nursing and residential care facilities",-5.3908132544577825e-06,-0.007899560265845311,0.03535406968542798
2007Q4,social_assistance,Social assistance,0.0050052110796687255,0.01624821259258876,0.03142981440895709
2007Q4,performing_arts_museums,"Performing arts, spectator sports, museums, and related activities",0.004268460082825859,-0.036261371624161626,-0.025191644849603678
2007Q4,amusement_recreation,"Amusements, gambling, and recreation industries",0.0005906081912461225,-0.020967193077517272,-0.00301347846732658
2007Q4,accommodation,Accommodation,-0.003201751532333208,-0.008421644176036651,0.03392812981528337
2007Q4,food_services,Food services and drinking places,-0.0008461843747815667,-0.0022230863537700575,0.032443636828504374
2007Q4,other_services,"Other services, except government",-0.001258301134391307,0.0018141595760437098,-0.0017976793593724727
2008Q1,oil_gas_extraction,Oil and gas extraction,0.017197351214381318,-0.04677506127084711,0.005185312951424104
2008Q1,mining_except_oil_gas,"Mining, except oil and gas",0.028308369570905767,-0.01893930723442702,-0.015848013683406936
2008Q1,support_mining,Support activities for mining,0.0344080131593234,0.027145909479624093,0.2106242034440855
2008Q1,utilities,Utilities,0.023375854737820778,-0.012929915266440368,0.01407993974706323
2008Q1,construction,Construction,-0.022564167463862472,-0.10891727796948159,-0.0017678801173650616
2008Q1,wood_products,Wood products,0.004045698171936854,0.057795133016580014,0.0031286400523684588
2008Q1,nonmetallic_mineral,Nonmetallic mineral products,-0.0009846002487409466,-0.04937694787563327,0.020529293316712938
2008Q1,primary_metals,Primary metals,-0.0017841557872014802,-0.08402544332653172,-0.018703204402168994
2008Q1,fabricated_metal,Fabricated metal products,-0.0019669951216411408,0.034530342579520944,0.05168496175632864
2008Q1,machinery,Machinery,0.001604588052864786,0.03814182818621544,0.044648465307147944
2008Q1,computer_electronic,Computer and electronic products,0.003803855129138403,0.1938593420664109,0.08579093741094157
2008Q1,electrical_equipment,"Electrical equipment, appliances, and components",-0.004621004258430206,-0.04420065877317001,-0.0041398121997731074
2008Q1,motor_vehicles,"Motor vehicles, bodies and trailers, and parts",-0.00022700955896871877,0.10724096811529936,-0.0006017582624230355
2008Q1,other_transport_equipment,Other transportation equipment,0.010847006950416932,0.036543699753303495,0.007382398856433436
2008Q1,furniture,Furniture and related products,0.0010177252355084987,0.00928390324289501,-0.002520423274196548
2008Q1,misc_manufacturing,Miscellaneous manufacturing,-0.0027428843309716955,0.024768136847254638,0.028711030018070405
2008Q1,food_beverage_tobacco,Food and beverage and tobacco products,-0.0009619677948295019,0.024379258095756962,0.010524372230428236
2008Q1,textiles,Textile mills and textile product mills,0.0006789246087548773,-0.04576788308909048,-0.0987248525537916
2008Q1,apparel_leather,Apparel and leather and allied products,0.007511607302197826,0.06882749697863774,-0.04073947278329326
2008Q1,paper,Paper products,-0.003970896014049763,-0.026166389714056163,-0.0008812777439289876
2008Q1,printing,Printing and related support activities,0.0011885578234371308,0.025202281655238773,0.0057185955669627475
2008Q1,petroleum_coal,Petroleum and coal products,-0.0014462451656240896,-0.08270223073594912,-0.014104321477526938
2008Q1,chemicals,Chemical products,0.0007709070082698444,0.016780805878555852,0.021023074328328395
2008Q1,plastics_rubber,Plastics and rubber products,0.003316762926020095,-0.03053353130153726,-0.0006052597068525456
2008Q1,wholesale,Wholesale trade,-0.008919375538818691,-0.005877386367802888,0.056811609443188305
2008Q1,retail,Retail trade,0.0005569343467691223,0.04599952198789919,0.04774414620217016
2008Q1,air_transport,Air transportation,0.007351130159865202,0.057111217239386926,0.0009179951641327122
2008Q1,rail_transport,Rail transportation,0.007720554361482418,0.252812004499583,0.19611596870685677
2008Q1,water_transport,Water transportation,0.00824442258817537,0.006806117008282463,-0.01862259797209953
2008Q1,truck_transport,Truck transportation,0.0057727517671420925,-0.00740645828016545,0.022006247830614445
2008Q1,transit_ground,Transit and ground passenger transportation,0.005516311077411712,0.00035766226159692134,0.018955763138985393
2008Q1,pipeline,Pipeline transportation,0.02280698429256793,-0.021779895745522727,-0.04822895675089134
2008Q1,other_transport_support,Other transportation and support activities,0.01122088113935768,0.013109530666729227,0.03493236580859471
2008Q1,warehousing,Warehousing and storage,0.0023528474136053634,-0.021439953171575783,0.08283880847947134
2008Q1,information,Information,-0.0020920155384771266,0.07112900473747549,0.06948231029863683
2008Q1,credit_intermediation,"Federal Reserve banks, credit intermediation, and related activities",0.028867382909706307,0.05411452584348296,0.025068077625728158
2008Q1,securities,"Securities, commodity contracts, and investments",-0.00490237451931988,0.17341401673937046,0.27518088177638367
2008Q1,insurance,Insurance carriers and related activities,0.007675807435419402,0.02477371694299557,0.037846532311476944
2008Q1,funds_trusts,"Funds, trusts, and other financial vehicles",-0.020197411111620295,0.1552479149199477,0.15826825592546934
2008Q1,real_estate,Real estate,-0.00817382058583982,0.004820635616164141,0.04914359156031933
2008Q1,rental_leasing,Rental and leasing services and lessors of intangible assets,-0.02200055870733758,-0.018227877643565937,0.05050771822776734
2008Q1,legal,Legal services,-0.0033439393803526563,-0.0066182626675870306,0.020361990950226172
2008Q1,computer_systems,Computer systems design and related services,0.0024236626441030973,0.01675938540930194,0.06910385822207088
2008Q1,misc_professional,"Miscellaneous professional, scientific, and technical services",0.002898874826482545,0.019670825093253103,0.05099459715567378
2008Q1,management_companies,Management of companies and enterprises,-0.014727388190058366,-0.05329303497224629,0.019865399374225268
2008Q1,admin_support,Administrative and support services,0.0013556348729777956,0.0016694725785322043,0.03448183138232075
2008Q1,waste_remediation,Waste management and remediation services,-0.0023223074294387996,-0.03530880606357066,0.030109149247032674
2008Q1,education,Educational services,-0.0012840796303804289,-0.018230899071317815,0.011004423346639314
2008Q1,ambulatory_health,Ambulatory health care services,0.0014217733327023252,0.02534746826866155,0.04891607740975057
2008Q1,hospitals_nursing,"Hospitals, nursing and residential care facilities",-0.0009196154096824949,-0.006136195068564588,0.030136868751877044
2008Q1,social_assistance,Social assistance,0.0006361241545098789,0.002565232897618632,0.03828924079382223
2008Q1,performing_arts_museums,"Performing arts, spectator sports, museums, and related activities",0.012941424813147334,0.003906247844903164,0.004461151956256737
2008Q1,amusement_recreation,"Amusements, gambling, and recreation industries",0.004092124865629543,0.015282805978254719,0.008762625098002852
2008Q1,accommodation,Accommodation,0.0030964062668425163,0.031647412836348705,0.04235689986688351
2008Q1,food_services,Food services and drinking places,0.0015814394189980624,-0.007537439835020697,0.0461913272337664
2008Q1,other_services,"Other services, except government",-0.00209453150629621,-0.009981841441494825,0.017925844900422483
2008Q2,oil_gas_extraction,Oil and gas extraction,0.017197351214381318,-0.03642252776308839,0.005185312951424104
2008Q2,mining_except_oil_gas,"Mining, except oil and gas",0.028308369570905767,-0.015352022457739062,-0.015848013683406936
2008Q2,support_mining,Support activities for mining,0.0344080131593234,0.014645371720800172,0.2106242034440855
2008Q2,utilities,Utilities,0.023375854737820778,0.04308501987483926,0.01407993974706323
2008Q2,construction,Construction,-0.022564167463862472,-0.11908769707091672,-0.0017678801173650616
2008Q2,wood_products,Wood products,0.004045698171936854,0.06042917244762711,0.0031286400523684588
2008Q2,nonmetallic_mineral,Nonmetallic mineral products,-0.0009846002487409466,-0.052863700282076716,0.020529293316712938
2008Q2,primary_metals,Primary metals,-0.0017841557872014802,-0.08817522298786509,-0.018703204402168994
2008Q2,fabricated_metal,Fabricated metal products,-0.0019669951216411408,0.035050514181212473,0.05168496175632864
2008Q2,machinery,Machinery,0.001604588052864786,0.04700379688355302,0.044648465307147944
2008Q2,computer_electronic,Computer and electronic products,0.003803855129138403,0.20063376313759326,0.08579093741094157
2008Q2,electrical_equipment,"Electrical equipment, appliances, and components",-0.004621004258430206,-0.03758057466664933,-0.0041398121997731074
2008Q2,motor_vehicles,"Motor vehicles, bodies and trailers, and parts",-0.00022700955896871877,0.10559340584265559,-0.0006017582624230355
2008Q2,other_transport_equipment,Other transportation equipment,0.010847006950416932,0.036543699753303495,0.007382398856433436
2008Q2,furniture,Furniture and related products,0.0010177252355084987,0.007462364958202913,-0.002520423274196548
2008Q2,misc_manufacturing,Miscellaneous manufacturing,-0.0027428843309716955,0.029308461039908106,0.028711030018070405
2008Q2,food_beverage_tobacco,Food and beverage and tobacco products,-0.0009619677948295019,0.024379258095756962,0.010524372230428236
2008Q2,textiles,Textile mills and textile product mills,0.0006789246087548773,-0.04264864916095269,-0.0987248525537916
2008Q2,apparel_leather,Apparel and leather and allied products,0.007511607302197826,0.06882749697863774,-0.04073947278329326
2008Q2,paper,Paper products,-0.003970896014049763,-0.02871973533700612,-0.0008812777439289876
2008Q2,printing,Printing and related support activities,0.0011885578234371308,0.027602855974938032,0.0057185955669627475
2008Q2,petroleum_coal,Petroleum and coal products,-0.0014462451656240896,-0.07370530311309824,-0.014104321477526938
2008Q2,chemicals,Chemical products,0.0007709070082698444,0.019951361243071505,0.021023074328328395
2008Q2,plastics_rubber,Plastics and rubber products,0.003316762926020095,-0.01741368714504749,-0.0006052597068525456
2008Q2,wholesale,Wholesale trade,-0.008919375538818691,-0.011511913678216369,0.056811609443188305
2008Q2,retail,Retail trade,0.0005569343467691223,0.03909918316436126,0.04774414620217016
2008Q2,air_transport,Air transportation,0.007351130159865202,0.056187459674105454,0.0009179951641327122
2008Q2,rail_transport,Rail transportation,0.007720554361482418,0.24313439657354524,0.19611596870685677
2008Q2,water_transport,Water transportation,0.00824442258817537,0.0282256809254983,-0.01862259797209953
2008Q2,truck_transport,Truck transportation,0.0057727517671420925,-0.006449273772578551,0.022006247830614445
2008Q2,transit_ground,Transit and ground passenger transportation,0.005516311077411712,-0.01228489525511849,0.018955763138985393
2008Q2,pipeline,Pipeline transportation,0.02280698429256793,-0.014704231998825928,-0.04822895675089134
2008Q2,other_transport_support,Other transportation and support activities,0.01122088113935768,0.012496289723211443,0.03493236580859471
2008Q2,warehousing,Warehousing and storage,0.0023528474136053634,-0.024094332921083584,0.08283880847947134
2008Q2,information,Information,-0.0020920155384771266,0.08886797124858424,0.06948231029863683
2008Q2,credit_intermediation,"Federal Reserve banks, credit intermediation, and related activities",0.028867382909706307,0.058218472882955986,0.025068077625728158
2008Q2,securities,"Securities, commodity contracts, and investments",-0.00490237451931988,0.17341401673937046,0.27518088177638367
2008Q2,insurance,Insurance carriers and related activities,0.007675807435419402,0.030058269179019083,0.037846532311476944
2008Q2,funds_trusts,"Funds, trusts, and other financial vehicles",-0.020197411111620295,0.15276472675765712,0.15826825592546934
2008Q2,real_estate,Real estate,-0.00817382058583982,0.010375043968402104,0.04914359156031933
2008Q2,rental_leasing,Rental and leasing services and lessors of intangible assets,-0.02200055870733758,-0.014116447271312208,0.05050771822776734
2008Q2,legal,Legal services,-0.0033439393803526563,-0.0066182626675870306,0.020361990950226172
2008Q2,computer_systems,Computer systems design and related services,0.0024236626441030973,0.01675938540930194,0.06910385822207088
2008Q2,misc_professional,"Miscellaneous professional, scientific, and technical services",0.002898874826482545,0.019670825093253103,0.05099459715567378
2008Q2,management_companies,Management of companies and enterprises,-0.014727388190058366,-0.010228076790493904,0.019865399374225268
2008Q2,admin_support,Administrative and support services,0.0013556348729777956,0.0020182172778626176,0.03448183138232075
2008Q2,waste_remediation,Waste management and remediation services,-0.0023223074294387996,-0.03789662657447113,0.030109149247032674
2008Q2,education,Educational services,-0.0012840796303804289,0.01654295352216234,0.011004423346639314
2008Q2,ambulatory_health,Ambulatory health care services,0.0014217733327023252,0.02481927142620159,0.04891607740975057
2008Q2,hospitals_nursing,"Hospitals, nursing and residential care facilities",-0.0009196154096824949,-0.004490473701495456,0.030136868751877044
2008Q2,social_assistance,Social assistance,0.0006361241545098789,-0.0037706252684849345,0.03828924079382223
2008Q2,performing_arts_museums,"Performing arts, spectator sports, museums, and related activities",0.012941424813147334,0.004799371360230357,0.004461151956256737
2008Q2,amusement_recreation,"Amusements, gambling, and recreation industries",0.004092124865629543,0.013895250890981073,0.008762625098002852
2008Q2,accommodation,Accommodation,0.0030964062668425163,0.032361078961178166,0.04235689986688351
2008Q2,food_services,Food services and drinking places,0.0015814394189980624,-0.003926834673770242,0.0461913272337664
2008Q2,other_services,"Other services, except government",-0.00209453150629621,0.011491109319709597,0.017925844900422483
2008Q3,oil_gas_extraction,Oil and gas extraction,0.017197351214381318,-0.03642252776308839,0.005185312951424104
2008Q3,mining_except_oil_gas,"Mining, except oil and gas",0.028308369570905767,-0.015352022457739062,-0.015848013683406936
2008Q3,support_mining,Support activities for mining,0.0344080131593234,0.014645371720800172,0.2106242034440855
2008Q3,utilities,Utilities,0.023375854737820778,0.04308501987483926,0.01407993974706323
2008Q3,construction,Construction,-0.022564167463862472,-0.11908769707091672,-0.0017678801173650616
2008Q3,wood_products,Wood products,0.004045698171936854,0.06042917244762711,0.0031286400523684588
2008Q3,nonmetallic_mineral,Nonmetallic mineral products,-0.0009846002487409466,-0.052863700282076716,0.020529293316712938
2008Q3,primary_metals,Primary metals,-0.0017841557872014802,-0.08817522298786509,-0.018703204402168994
2008Q3,fabricated_metal,Fabricated metal products,-0.0019669951216411408,0.035050514181212473,0.05168496175632864
2008Q3,machinery,Machinery,0.001604588052864786,0.04700379688355302,0.044648465307147944
2008Q3,computer_electronic,Computer and electronic products,0.003803855129138403,0.20063376313759326,0.08579093741094157
2008Q3,electrical_equipment,"Electrical equipment, appliances, and components",-0.004621004258430206,-0.03758057466664933,-0.0041398121997731074
2008Q3,motor_vehicles,"Motor vehicles, bodies and trailers, and parts",-0.00022700955896871877,0.10559340584265559,-0.0006017582624230355
2008Q3,other_transport_equipment,Other transportation equipment,0.010847006950416932,0.036543699753303495,0.007382398856433436
2008Q3,furniture,Furniture and related products,0.0010177252355084987,0.007462364958202913,-0.002520423274196548
2008Q3,misc_manufacturing,Miscellaneous manufacturing,-0.0027428843309716955,0.029308461039908106,0.028711030018070405
2008Q3,food_beverage_tobacco,Food and beverage and tobacco products,-0.0009619677948295019,0.024379258095756962,0.010524372230428236
2008Q3,textiles,Textile mills and textile product mills,0.0006789246087548773,-0.04264864916095269,-0.0987248525537916
2008Q3,apparel_leather,Apparel and leather and allied products,0.007511607302197826,0.06882749697863774,-0.04073947278329326
2008Q3,paper,Paper products,-0.003970896014049763,-0.02871973533700612,-0.0008812777439289876
2008Q3,printing,Printing and related support activities,0.0011885578234371308,0.027602855974938032,0.0057185955669627475
2008Q3,petroleum_coal,Petroleum and coal products,-0.0014462451656240896,-0.07370530311309824,-0.014104321477526938
2008Q3,chemicals,Chemical products,0.0007709070082698444,0.019951361243071505,0.021023074328328395
2008Q3,plastics_rubber,Plastics and rubber products,0.003316762926020095,-0.01741368714504749,-0.0006052597068525456
2008Q3,wholesale,Wholesale trade,-0.008919375538818691,-0.011511913678216369,0.056811609443188305
2008Q3,retail,Retail trade,0.0005569343467691223,0.03909918316436126,0.04774414620217016
2008Q3,air_transport,Air transportation,0.007351130159865202,0.056187459674105454,0.0009179951641327122
2008Q3,rail_transport,Rail transportation,0.007720554361482418,0.24313439657354524,0.19611596870685677
2008Q3,water_transport,Water transportation,0.00824442258817537,0.0282256809254983,-0.01862259797209953
2008Q3,truck_transport,Truck transportation,0.0057727517671420925,-0.006449273772578551,0.022006247830614445
2008Q3,transit_ground,Transit and ground passenger transportation,0.005516311077411712,-0.01228489525511849,0.018955763138985393
2008Q3,pipeline,Pipeline transportation,0.02280698429256793,-0.014704231998825928,-0.04822895675089134
2008Q3,other_transport_support,Other transportation and support activities,0.01122088113935768,0.012496289723211443,0.03493236580859471
2008Q3,warehousing,Warehousing and storage,0.0023528474136053634,-0.024094332921083584,0.08283880847947134
2008Q3,information,Information,-0.0020920155384771266,0.08886797124858424,0.06948231029863683
2008Q3,credit_intermediation,"Federal Reserve banks, credit intermediation, and related activities",0.028867382909706307,0.058218472882955986,0.025068077625728158
2008Q3,securities,"Securities, commodity contracts, and investments",-0.00490237451931988,0.17341401673937046,0.27518088177638367
2008Q3,insurance,Insurance carriers and related activities,0.007675807435419402,0.030058269179019083,0.037846532311476944
2008Q3,funds_trusts,"Funds, trusts, and other financial vehicles",-0.020197411111620295,0.15276472675765712,0.15826825592546934
2008Q3,real_estate,Real estate,-0.00817382058583982,0.010375043968402104,0.04914359156031933
2008Q3,rental_leasing,Rental and leasing services and lessors of intangible assets,-0.02200055870733758,-0.014116447271312208,0.05050771822776734
2008Q3,legal,Legal services,-0.0033439393803526563,-0.0066182626675870306,0.020361990950226172
2008Q3,computer_systems,Computer systems design and related services,0.0024236626441030973,0.01675938540930194,0.06910385822207088
2008Q3,misc_professional,"Miscellaneous professional, scientific, and technical services",0.002898874826482545,0.019670825093253103,0.05099459715567378
2008Q3,management_companies,Management of companies and enterprises,-0.014727388190058366,-0.010228076790493904,0.019865399374225268
2008Q3,admin_support,Administrative and support services,0.0013556348729777956,0.0020182172778626176,0.03448183138232075
2008Q3,waste_remediation,Waste management and remediation services,-0.0023223074294387996,-0.03789662657447113,0.030109149247032674
2008Q3,education,Educational services,-0.0012840796303804289,0.01654295352216234,0.011004423346639314
2008Q3,ambulatory_health,Ambulatory health care services,0.0014217733327023252,0.02481927142620159,0.04891607740975057
2008Q3,hospitals_nursing,"Hospitals, nursing and residential care facilities",-0.0009196154096824949,-0.004490473701495456,0.030136868751877044
2008Q3,social_assistance,Social assistance,0.0006361241545098789,-0.0037706252684849345,0.03828924079382223
2008Q3,performing_arts_museums,"Performing arts, spectator sports, museums, and related activities",0.012941424813147334,0.004799371360230357,0.004461151956256737
2008Q3,amusement_recreation,"Amusements, gambling, and recreation industries",0.004092124865629543,0.013895250890981073,0.008762625098002852
2008Q3,accommodation,Accommodation,0.0030964062668425163,0.032361078961178166,0.04235689986688351
2008Q3,food_services,Food services and drinking places,0.0015814394189980624,-0.003926834673770242,0.0461913272337664
2008Q3,other_services,"Other services, except government",-0.00209453150629621,0.011491109319709597,0.017925844900422483
2008Q4,oil_gas_extraction,Oil and gas extraction,-0.03342780254107852,-0.11996907018662936,0.01987132590265528
2008Q4,mining_except_oil_gas,"Mining, except oil and gas",-0.0065353220872770845,-0.05441010899562249,-0.027754914534004582
2008Q4,support_mining,Support activities for mining,-0.00395120797005033,0.034629091793638725,0.08059791760548363
2008Q4,utilities,Utilities,-0.003918370159303131,0.002509286577225226,0.004238507886404008
2008Q4,construction,Construction,-0.042885795796153786,-0.10824947663193984,-0.04211159716517976
2008Q4,wood_products,Wood products,0.005687365454033422,0.13081779770230947,-0.07919566604145456
2008Q4,nonmetallic_mineral,Nonmetallic mineral products,0.0018294392734593545,-0.05323951324493634,-0.07891302102406639
2008Q4,primary_metals,Primary metals,-0.0030512747559063302,-0.009129310349702604,-0.02462978671217908
2008Q4,fabricated_metal,Fabricated metal products,0.0074480560178027955,0.02141916510957577,-0.011830470576278063
2008Q4,machinery,Machinery,0.006294596852173734,0.03023126090419497,-0.014411353188087173
2008Q4,computer_electronic,Computer and electronic products,0.0024315303937960386,0.20835328834426955,0.07124981865660818
2008Q4,electrical_equipment,"Electrical equipment, appliances, and components",0.0018222006685554848,0.01068532195385381,0.01071764791078289
2008Q4,motor_vehicles,"Motor vehicles, bodies and trailers, and parts",0.0034218177572355735,0.07945733036542504,-0.04284330596853514
2008Q4,other_transport_equipment,Other transportation equipment,0.0002720616845980073,0.049387811433356986,0.0851577863095796
2008Q4,furniture,Furniture and related products,0.005667565091542898,-0.014285766714248247,-0.07543583177386004
2008Q4,misc_manufacturing,Miscellaneous manufacturing,0.004316795319750655,0.02854471099900772,-0.004276992670442015
2008Q4,food_beverage_tobacco,Food and beverage and tobacco products,0.00368244338281222,0.08133620000100776,-0.010983313811709139
2008Q4,textiles,Textile mills and textile product mills,-0.00033900796220930063,0.02414026216927449,-0.08624150710315004
2008Q4,apparel_leather,Apparel and leather and allied products,-0.001694729108904891,0.06390965151953844,-0.03245076913229927
2008Q4,paper,Paper products,-0.011152367835913057,-0.09850013381334548,-0.0374378028377117
2008Q4,printing,Printing and related support activities,-0.0009854126140595443,0.03337376057890616,0.018128341049900465
2008Q4,petroleum_coal,Petroleum and coal products,-0.005697286978924632,-0.193196546145724,-0.007855345798114088
2008Q4,chemicals,Chemical products,0.009297935728321577,0.03588795650733101,-0.03663479992108043
2008Q4,plastics_rubber,Plastics and rubber products,0.0031915534189125155,0.07776116368863496,-0.008318761181809964
2008Q4,wholesale,Wholesale trade,-0.00787728193854928,-0.01240165269740222,0.03192762392959292
2008Q4,retail,Retail trade,0.0005368529987547777,0.03560118169981508,0.02123138945746339
2008Q4,air_transport,Air transportation,0.006291326432218525,0.0910206576345895,0.015994518075309605
2008Q4,rail_transport,Rail transportation,-0.0003388775676674838,-0.02980658198614331,0.00241220000817699
2008Q4,water_transport,Water transportation,-0.0005502441389534235,0.08129721659674176,0.004141646329731907
2008Q4,truck_transport,Truck transportation,0.0026696296272853137,0.03004135846575884,0.0008568072857499942
2008Q4,transit_ground,Transit and ground passenger transportation,0.0045555180702668285,0.0067258229805705096,0.0006875770996379593
2008Q4,pipeline,Pipeline transportation,0.003341062804840686,-0.025815737381912996,-0.023769549335042717
2008Q4,other_transport_support,Other transportation and support activities,-0.0012644522762688126,-0.053094298461759414,-0.016735296706736125
2008Q4,warehousing,Warehousing and storage,0.004953814307251891,0.006371401064286416,0.024720258439065557
2008Q4,information,Information,-0.005454771075736886,0.08064595975215075,0.09312874461624854
2008Q4,credit_intermediation,"Federal Reserve banks, credit intermediation, and related activities",-0.0209470454781972,-0.03484863933283763,-0.0012169780861156498
2008Q4,securities,"Securities, commodity contracts, and investments",0.0005552972879429574,0.03944543888695917,0.048471612721566526
2008Q4,insurance,Insurance carriers and related activities,-0.005417343181489037,0.0366250520091055,0.03919655810695888
2008Q4,funds_trusts,"Funds, trusts, and other financial vehicles",-0.01608559322527814,0.029522362982906388,0.07727439439719164
2008Q4,real_estate,Real estate,0.014223211826489224,0.03775682110562181,0.017191603190396254
2008Q4,rental_leasing,Rental and leasing services and lessors of intangible assets,-0.001280090921278676,0.034091865787965754,0.04566710381004979
2008Q4,legal,Legal services,0.0019196608864647524,-0.018299319874281766,0.0031224220059786756
2008Q4,computer_systems,Computer systems design and related services,0.0016443010393992763,0.027778834613227704,0.10656973754173094
2008Q4,misc_professional,"Miscellaneous professional, scientific, and technical services",0.004645240645108406,0.05813331761702869,0.06711636967029788
2008Q4,management_companies,Management of companies and enterprises,-0.0015800876187190838,-0.04125978556405859,0.04084527152443962
2008Q4,admin_support,Administrative and support services,0.002216646903552666,0.015214286514898537,0.033022624830423286
2008Q4,waste_remediation,Waste management and remediation services,0.0026125552292980275,-0.01030511175749594,0.004963268231499729
2008Q4,education,Educational services,-0.0008859215803816017,0.015206082381380054,0.026700079325016057
2008Q4,ambulatory_health,Ambulatory health care services,-0.002636476068876542,-0.011396782243219097,0.034516839690970524
2008Q4,hospitals_nursing,"Hospitals, nursing and residential care facilities",-0.00338927242724775,-0.014703961309078094,0.027333468313423648
2008Q4,social_assistance,Social assistance,-0.0009722607464754118,0.002803185793286786,0.03474445095652423
2008Q4,performing_arts_museums,"Performing arts, spectator sports, museums, and related activities",-0.007469894395213256,-0.035996722171440135,0.038288728267239724
2008Q4,amusement_recreation,"Amusements, gambling, and recreation industries",0.005330581836732989,0.013692813301972955,-0.0023373901829611965
2008Q4,accommodation,Accommodation,0.0020361494368089372,-0.005767777923741349,0.028340752378458678
2008Q4,food_services,Food services and drinking places,0.003494237743133899,-0.009916234879111281,0.01497763248451478
2008Q4,other_services,"Other services, except government",0.0012283814884681832,-0.006294466881772215,0.012870338569440198
2009Q1,oil_gas_extraction,Oil and gas extraction,-0.03342780254107852,-0.12139012623086673,0.01987132590265528
2009Q1,mining_except_oil_gas,"Mining, except oil and gas",-0.0065353220872770845,-0.04968693061092911,-0.027754914534004582
2009Q1,support_mining,Support activities for mining,-0.00395120797005033,0.025670382253602745,0.08059791760548363
2009Q1,utilities,Utilities,-0.003918370159303131,0.0025394047432362394,0.004238507886404008
2009Q1,construction,Construction,-0.042885795796153786,-0.11028788355686417,-0.04211159716517976
2009Q1,wood_products,Wood products,0.005687365454033422,0.13910527151770277,-0.07919566604145456
2009Q1,nonmetallic_mineral,Nonmetallic mineral products,0.0018294392734593545,-0.047449150716904746,-0.07891302102406639
2009Q1,primary_metals,Primary metals,-0.0030512747559063302,-0.008562681870183022,-0.02462978671217908
2009Q1,fabricated_metal,Fabricated metal products,0.0074480560178027955,0.021717696736554135,-0.011830470576278063
2009Q1,machinery,Machinery,0.006294596852173734,0.031108127657971694,-0.014411353188087173
2009Q1,computer_electronic,Computer and electronic products,0.0024315303937960386,0.20786733742255975,0.07124981865660818
2009Q1,electrical_equipment,"Electrical equipment, appliances, and components",0.0018222006685554848,0.005743378942445898,0.01071764791078289
2009Q1,motor_vehicles,"Motor vehicles, bodies and trailers, and parts",0.0034218177572355735,0.07888851828246485,-0.04284330596853514
2009Q1,other_transport_equipment,Other transportation equipment,0.0002720616845980073,0.049387811433356986,0.0851577863095796
2009Q1,furniture,Furniture and related products,0.005667565091542898,-0.007967424167399671,-0.07543583177386004
2009Q1,misc_manufacturing,Miscellaneous manufacturing,0.004316795319750655,0.02744043589860154,-0.004276992670442015
2009Q1,food_beverage_tobacco,Food and beverage and tobacco products,0.00368244338281222,0.08133620000100776,-0.010983313811709139
2009Q1,textiles,Textile mills and textile product mills,-0.00033900796220930063,0.026733020184631293,-0.08624150710315004
2009Q1,apparel_leather,Apparel and leather and allied products,-0.001694729108904891,0.06390965151953844,-0.03245076913229927
2009Q1,paper,Paper products,-0.011152367835913057,-0.09328830767928271,-0.0374378028377117
2009Q1,printing,Printing and related support activities,-0.0009854126140595443,0.03680970559049626,0.018128341049900465
2009Q1,petroleum_coal,Petroleum and coal products,-0.005697286978924632,-0.20275397118891028,-0.007855345798114088
2009Q1,chemicals,Chemical products,0.009297935728321577,0.03822699118661741,-0.03663479992108043
2009Q1,plastics_rubber,Plastics and rubber products,0.0031915534189125155,0.07364231143939037,-0.008318761181809964
2009Q1,wholesale,Wholesale trade,-0.00787728193854928,-0.010215197580252026,0.03192762392959292
2009Q1,retail,Retail trade,0.0005368529987547777,0.03370992916424716,0.02123138945746339
2009Q1,air_transport,Air transportation,0.006291326432218525,0.09271027897282115,0.015994518075309605
2009Q1,rail_transport,Rail transportation,-0.0003388775676674838,-0.026887354992591622,0.00241220000817699
2009Q1,water_transport,Water transportation,-0.0005502441389534235,0.0620561669257476,0.004141646329731907
2009Q1,truck_transport,Truck transportation,0.0026696296272853137,0.0314297186481013,0.0008568072857499942
2009Q1,transit_ground,Transit and ground passenger transportation,0.0045555180702668285,0.0014950107542047583,0.0006875770996379593
2009Q1,pipeline,Pipeline transportation,0.003341062804840686,-0.022067052430347858,-0.023769549335042717
2009Q1,other_transport_support,Other transportation and support activities,-0.0012644522762688126,-0.05389634162040395,-0.016735296706736125
2009Q1,warehousing,Warehousing and storage,0.004953814307251891,-0.0033729576672564578,0.024720258439065557
2009Q1,information,Information,-0.005454771075736886,0.07973994023608662,0.09312874461624854
2009Q1,credit_intermediation,"Federal Reserve banks, credit intermediation, and related activities",-0.0209470454781972,-0.029732564028077144,-0.0012169780861156498
2009Q1,securities,"Securities, commodity contracts, and investments",0.0005552972879429574,0.03944543888695917,0.048471612721566526
2009Q1,insurance,Insurance carriers and related activities,-0.005417343181489037,0.037181028160267166,0.03919655810695888
2009Q1,funds_trusts,"Funds, trusts, and other financial vehicles",-0.01608559322527814,0.028726740557762878,0.07727439439719164
2009Q1,real_estate,Real estate,0.014223211826489224,0.032038233866238816,0.017191603190396254
2009Q1,rental_leasing,Rental and leasing services and lessors of intangible assets,-0.001280090921278676,0.03574739236703094,0.04566710381004979
2009Q1,legal,Legal services,0.0019196608864647524,-0.018299319874281766,0.0031224220059786756
2009Q1,computer_systems,Computer systems design and related services,0.0016443010393992763,0.027778834613227704,0.10656973754173094
2009Q1,misc_professional,"Miscellaneous professional, scientific, and technical services",0.004645240645108406,0.05813331761702869,0.06711636967029788
2009Q1,management_companies,Management of companies and enterprises,-0.0015800876187190838,-0.052266416565250884,0.04084527152443962
2009Q1,admin_support,Administrative and support services,0.002216646903552666,0.019593632084554835,0.033022624830423286
2009Q1,waste_remediation,Waste management and remediation services,0.0026125552292980275,-0.00492090677712334,0.004963268231499729
2009Q1,education,Educational services,-0.0008859215803816017,0.01782596498484341,0.026700079325016057
2009Q1,ambulatory_health,Ambulatory health care services,-0.002636476068876542,-0.010739298138219042,0.034516839690970524
2009Q1,hospitals_nursing,"Hospitals, nursing and residential care facilities",-0.00338927242724775,-0.01523708037146091,0.027333468313423648
2009Q1,social_assistance,Social assistance,-0.0009722607464754118,0.0018712876193936296,0.03474445095652423
2009Q1,performing_arts_museums,"Performing arts, spectator sports, museums, and related activities",-0.007469894395213256,-0.022454394064255326,0.038288728267239724
2009Q1,amusement_recreation,"Amusements, gambling, and recreation industries",0.005330581836732989,0.01438994671568029,-0.0023373901829611965
2009Q1,accommodation,Accommodation,0.0020361494368089372,-0.011434725670974666,0.028340752378458678
2009Q1,food_services,Food services and drinking places,0.003494237743133899,-0.004771650249552448,0.01497763248451478
2009Q1,other_services,"Other services, except government",0.0012283814884681832,-0.006840643791532965,0.012870338569440198
2009Q2,oil_gas_extraction,Oil and gas extraction,-0.03342780254107852,-0.12139012623086673,0.01987132590265528
2009Q2,mining_except_oil_gas,"Mining, except oil and gas",-0.0065353220872770845,-0.04968693061092911,-0.027754914534004582
2009Q2,support_mining,Support activities for mining,-0.00395120797005033,0.025670382253602745,0.08059791760548363
2009Q2,utilities,Utilities,-0.003918370159303131,0.007896090722961532,0.004238507886404008
2009Q2,construction,Construction,-0.042885795796153786,-0.001517086353793054,-0.04211159716517976
2009Q2,wood_products,Wood products,0.005687365454033422,0.13910527151770277,-0.07919566604145456
2009Q2,nonmetallic_mineral,Nonmetallic mineral products,0.0018294392734593545,-0.047449150716904746,-0.07891302102406639
2009Q2,primary_metals,Primary metals,-0.0030512747559063302,-0.008562681870183022,-0.02462978671217908
2009Q2,fabricated_metal,Fabricated metal products,0.0074480560178027955,0.021717696736554135,-0.011830470576278063
2009Q2,machinery,Machinery,0.006294596852173734,0.031108127657971694,-0.014411353188087173
2009Q2,computer_electronic,Computer and electronic products,0.0024315303937960386,0.20786733742255975,0.07124981865660818
2009Q2,electrical_equipment,"Electrical equipment, appliances, and components",0.0018222006685554848,0.005743378942445898,0.01071764791078289
2009Q2,motor_vehicles,"Motor vehicles, bodies and trailers, and parts",0.0034218177572355735,0.07888851828246485,-0.04284330596853514
2009Q2,other_transport_equipment,Other transportation equipment,0.0002720616845980073,0.049387811433356986,0.0851577863095796
2009Q2,furniture,Furniture and related products,0.005667565091542898,-0.007967424167399671,-0.07543583177386004
2009Q2,misc_manufacturing,Miscellaneous manufacturing,0.004316795319750655,0.02744043589860154,-0.004276992670442015
2009Q2,food_beverage_tobacco,Food and beverage and tobacco products,0.00368244338281222,0.08133620000100776,-0.010983313811709139
2009Q2,textiles,Textile mills and textile product mills,-0.00033900796220930063,0.026733020184631293,-0.08624150710315004
2009Q2,apparel_leather,Apparel and leather and allied products,-0.001694729108904891,0.06390965151953844,-0.03245076913229927
2009Q2,paper,Paper products,-0.011152367835913057,-0.09328830767928271,-0.0374378028377117
2009Q2,printing,Printing and related support activities,-0.0009854126140595443,0.03680970559049626,0.018128341049900465
2009Q2,petroleum_coal,Petroleum and coal products,-0.005697286978924632,-0.20275397118891028,-0.007855345798114088
2009Q2,chemicals,Chemical products,0.009297935728321577,0.03822699118661741,-0.03663479992108043
2009Q2,plastics_rubber,Plastics and rubber products,0.0031915534189125155,0.07364231143939037,-0.008318761181809964
2009Q2,wholesale,Wholesale trade,-0.00787728193854928,-0.006130792616002228,0.03192762392959292
2009Q2,retail,Retail trade,0.0005368529987547777,0.005742215957536281,0.02123138945746339
2009Q2,air_transport,Air transportation,0.006291326432218525,0.09271027897282115,0.015994518075309605
2009Q2,rail_transport,Rail transportation,-0.0003388775676674838,-0.026887354992591622,0.00241220000817699
2009Q2,water_transport,Water transportation,-0.0005502441389534235,0.0620561669257476,0.004141646329731907
2009Q2,truck_transport,Truck transportation,0.0026696296272853137,0.0314297186481013,0.0008568072857499942
2009Q2,transit_ground,Transit and ground passenger transportation,0.0045555180702668285,0.0014950107542047583,0.0006875770996379593
2009Q2,pipeline,Pipeline transportation,0.003341062804840686,-0.022067052430347858,-0.023769549335042717
2009Q2,other_transport_support,Other transportation and support activities,-0.0012644522762688126,-0.05389634162040395,-0.016735296706736125
2009Q2,warehousing,Warehousing and storage,0.004953814307251891,-0.0033729576672564578,0.024720258439065557
2009Q2,information,Information,-0.005454771075736886,0.06225253523025817,0.09312874461624854
2009Q2,credit_intermediation,"Federal Reserve banks, credit intermediation, and related activities",-0.0209470454781972,-0.029732564028077144,-0.0012169780861156498
2009Q2,securities,"Securities, commodity contracts, and investments",0.0005552972879429574,0.03944543888695917,0.048471612721566526
2009Q2,insurance,Insurance carriers and related activities,-0.005417343181489037,0.037181028160267166,0.03919655810695888
2009Q2,funds_trusts,"Funds, trusts, and other financial vehicles",-0.01608559322527814,0.028726740557762878,0.07727439439719164
2009Q2,real_estate,Real estate,0.014223211826489224,0.032038233866238816,0.017191603190396254
2009Q2,rental_leasing,Rental and leasing services and lessors of intangible assets,-0.001280090921278676,0.03574739236703094,0.04566710381004979
2009Q2,legal,Legal services,0.0019196608864647524,-0.018299319874281766,0.0031224220059786756
2009Q2,computer_systems,Computer systems design and related services,0.0016443010393992763,0.027778834613227704,0.10656973754173094
2009Q2,misc_professional,"Miscellaneous professional, scientific, and technical services",0.004645240645108406,0.05813331761702869,0.06711636967029788
2009Q2,management_companies,Management of companies and enterprises,-0.0015800876187190838,-0.012767440292867091,0.04084527152443962
2009Q2,admin_support,Administrative and support services,0.002216646903552666,0.019593632084554835,0.033022624830423286
2009Q2,waste_remediation,Waste management and remediation services,0.0026125552292980275,-0.00492090677712334,0.004963268231499729
2009Q2,education,Educational services,-0.0008859215803816017,0.002077271547639641,0.026700079325016057
2009Q2,ambulatory_health,Ambulatory health care services,-0.002636476068876542,-0.010739298138219042,0.034516839690970524
2009Q2,hospitals_nursing,"Hospitals, nursing and residential care facilities",-0.00338927242724775,-0.01523708037146091,0.027333468313423648
2009Q2,social_assistance,Social assistance,-0.0009722607464754118,0.0018712876193936296,0.03474445095652423
2009Q2,performing_arts_museums,"Performing arts, spectator sports, museums, and related activities",-0.007469894395213256,-0.022454394064255326,0.038288728267239724
2009Q2,amusement_recreation,"Amusements, gambling, and recreation industries",0.005330581836732989,0.01438994671568029,-0.0023373901829611965
2009Q2,accommodation,Accommodation,0.0020361494368089372,-0.011434725670974666,0.028340752378458678
2009Q2,food_services,Food services and drinking places,0.003494237743133899,-0.004771650249552448,0.01497763248451478
2009Q2,other_services,"Other services, except government",0.0012283814884681832,-0.0036086236699518015,0.012870338569440198
2009Q3,oil_gas_extraction,Oil and gas extraction,-0.03342780254107852,-0.12139012623086673,0.01987132590265528
2009Q3,mining_except_oil_gas,"Mining, except oil and gas",-0.0065353220872770845,-0.04968693061092911,-0.027754914534004582
2009Q3,support_mining,Support activities for mining,-0.00395120797005033,0.025670382253602745,0.08059791760548363
2009Q3,utilities,Utilities,-0.003918370159303131,0.007896090722961532,0.004238507886404008
2009Q3,construction,Construction,-0.042885795796153786,-0.001517086353793054,-0.04211159716517976
2009Q3,wood_products,Wood products,0.005687365454033422,0.13910527151770277,-0.07919566604145456
2009Q3,nonmetallic_mineral,Nonmetallic mineral products,0.0018294392734593545,-0.047449150716904746,-0.07891302102406639
2009Q3,primary_metals,Primary metals,-0.0030512747559063302,-0.008562681870183022,-0.02462978671217908
2009Q3,fabricated_metal,Fabricated metal products,0.0074480560178027955,0.021717696736554135,-0.011830470576278063
2009Q3,machinery,Machinery,0.006294596852173734,0.031108127657971694,-0.014411353188087173
2009Q3,computer_electronic,Computer and electronic products,0.0024315303937960386,0.20786733742255975,0.07124981865660818
2009Q3,electrical_equipment,"Electrical equipment, appliances, and components",0.0018222006685554848,0.005743378942445898,0.01071764791078289
2009Q3,motor_vehicles,"Motor vehicles, bodies and trailers, and parts",0.0034218177572355735,0.07888851828246485,-0.04284330596853514
2009Q3,other_transport_equipment,Other transportation equipment,0.0002720616845980073,0.049387811433356986,0.0851577863095796
2009Q3,furniture,Furniture and related products,0.005667565091542898,-0.007967424167399671,-0.07543583177386004
2009Q3,misc_manufacturing,Miscellaneous manufacturing,0.004316795319750655,0.02744043589860154,-0.004276992670442015
2009Q3,food_beverage_tobacco,Food and beverage and tobacco products,0.00368244338281222,0.08133620000100776,-0.010983313811709139
2009Q3,textiles,Textile mills and textile product mills,-0.00033900796220930063,0.026733020184631293,-0.08624150710315004
2009Q3,apparel_leather,Apparel and leather and allied products,-0.001694729108904891,0.06390965151953844,-0.03245076913229927
2009Q3,paper,Paper products,-0.011152367835913057,-0.09328830767928271,-0.0374378028377117
2009Q3,printing,Printing and related support activities,-0.0009854126140595443,0.03680970559049626,0.018128341049900465
2009Q3,petroleum_coal,Petroleum and coal products,-0.005697286978924632,-0.20275397118891028,-0.007855345798114088
2009Q3,chemicals,Chemical products,0.009297935728321577,0.03822699118661741,-0.03663479992108043
2009Q3,plastics_rubber,Plastics and rubber products,0.0031915534189125155,0.07364231143939037,-0.008318761181809964
2009Q3,wholesale,Wholesale trade,-0.00787728193854928,-0.006130792616002228,0.03192762392959292
2009Q3,retail,Retail trade,0.0005368529987547777,0.005742215957536281,0.02123138945746339
2009Q3,air_transport,Air transportation,0.006291326432218525,0.09271027897282115,0.015994518075309605
2009Q3,rail_transport,Rail transportation,-0.0003388775676674838,-0.026887354992591622,0.00241220000817699
2009Q3,water_transport,Water transportation,-0.0005502441389534235,0.0620561669257476,0.004141646329731907
2009Q3,truck_transport,Truck transportation,0.0026696296272853137,0.0314297186481013,0.0008568072857499942
2009Q3,transit_ground,Transit and ground passenger transportation,0.0045555180702668285,0.0014950107542047583,0.0006875770996379593
2009Q3,pipeline,Pipeline transportation,0.003341062804840686,-0.022067052430347858,-0.023769549335042717
2009Q3,other_transport_support,Other transportation and support activities,-0.0012644522762688126,-0.05389634162040395,-0.016735296706736125
2009Q3,warehousing,Warehousing and storage,0.004953814307251891,-0.0033729576672564578,0.024720258439065557
2009Q3,information,Information,-0.005454771075736886,0.06225253523025817,0.09312874461624854
2009Q3,credit_intermediation,"Federal Reserve banks, credit intermediation, and related activities",-0.0209470454781972,-0.029732564028077144,-0.0012169780861156498
2009Q3,securities,"Securities, commodity contracts, and investments",0.0005552972879429574,0.03944543888695917,0.048471612721566526
2009Q3,insurance,Insurance carriers and related activities,-0.005417343181489037,0.037181028160267166,0.03919655810695888
2009Q3,funds_trusts,"Funds, trusts, and other financial vehicles",-0.01608559322527814,0.028726740557762878,0.07727439439719164
2009Q3,real_estate,Real estate,0.014223211826489224,0.032038233866238816,0.017191603190396254
2009Q3,rental_leasing,Rental and leasing services and lessors of intangible assets,-0.001280090921278676,0.03574739236703094,0.04566710381004979
2009Q3,legal,Legal services,0.0019196608864647524,-0.018299319874281766,0.0031224220059786756
2009Q3,computer_systems,Computer systems design and related services,0.0016443010393992763,0.027778834613227704,0.10656973754173094
2009Q3,misc_professional,"Miscellaneous professional, scientific, and technical services",0.004645240645108406,0.05813331761702869,0.06711636967029788
2009Q3,management_companies,Management of companies and enterprises,-0.0015800876187190838,-0.012767440292867091,0.04084527152443962
2009Q3,admin_support,Administrative and support services,0.002216646903552666,0.019593632084554835,0.033022624830423286
2009Q3,waste_remediation,Waste management and remediation services,0.0026125552292980275,-0.00492090677712334,0.004963268231499729
2009Q3,education,Educational services,-0.0008859215803816017,0.002077271547639641,0.026700079325016057
2009Q3,ambulatory_health,Ambulatory health care services,-0.002636476068876542,-0.010739298138219042,0.034516839690970524
2009Q3,hospitals_nursing,"Hospitals, nursing and residential care facilities",-0.00338927242724775,-0.01523708037146091,0.027333468313423648
2009Q3,social_assistance,Social assistance,-0.0009722607464754118,0.0018712876193936296,0.03474445095652423
2009Q3,performing_arts_museums,"Performing arts, spectator sports, museums, and related activities",-0.007469894395213256,-0.022454394064255326,0.038288728267239724
2009Q3,amusement_recreation,"Amusements, gambling, and recreation industries",0.005330581836732989,0.01438994671568029,-0.0023373901829611965
2009Q3,accommodation,Accommodation,0.0020361494368089372,-0.011434725670974666,0.028340752378458678
2009Q3,food_services,Food services and drinking places,0.003494237743133899,-0.004771650249552448,0.01497763248451478
2009Q3,other_services,"Other services, except government",0.0012283814884681832,-0.0036086236699518015,0.012870338569440198
2009Q4,oil_gas_extraction,Oil and gas extraction,-0.03342780254107852,-0.12139012623086673,0.01987132590265528
2009Q4,mining_except_oil_gas,"Mining, except oil and gas",-0.0065353220872770845,-0.04968693061092911,-0.027754914534004582
2009Q4,support_mining,Support activities for mining,-0.00395120797005033,0.025670382253602745,0.08059791760548363
2009Q4,utilities,Utilities,-0.003918370159303131,0.007896090722961532,0.004238507886404008
2009Q4,construction,Construction,-0.042885795796153786,-0.001517086353793054,-0.04211159716517976
2009Q4,wood_products,Wood products,0.005687365454033422,0.13910527151770277,-0.07919566604145456
2009Q4,nonmetallic_mineral,Nonmetallic mineral products,0.0018294392734593545,-0.047449150716904746,-0.07891302102406639
2009Q4,primary_metals,Primary metals,-0.0030512747559063302,-0.008562681870183022,-0.02462978671217908
2009Q4,fabricated_metal,Fabricated metal products,0.0074480560178027955,0.021717696736554135,-0.011830470576278063
2009Q4,machinery,Machinery,0.006294596852173734,0.031108127657971694,-0.014411353188087173
2009Q4,computer_electronic,Computer and electronic products,0.0024315303937960386,0.20786733742255975,0.07124981865660818
2009Q4,electrical_equipment,"Electrical equipment, appliances, and components",0.0018222006685554848,0.005743378942445898,0.01071764791078289
2009Q4,motor_vehicles,"Motor vehicles, bodies and trailers, and parts",0.0034218177572355735,0.07888851828246485,-0.04284330596853514
2009Q4,other_transport_equipment,Other transportation equipment,0.0002720616845980073,0.049387811433356986,0.0851577863095796
2009Q4,furniture,Furniture and related products,0.005667565091542898,-0.007967424167399671,-0.07543583177386004
2009Q4,misc_manufacturing,Miscellaneous manufacturing,0.004316795319750655,0.02744043589860154,-0.004276992670442015
2009Q4,food_beverage_tobacco,Food and beverage and tobacco products,0.00368244338281222,0.08133620000100776,-0.010983313811709139
2009Q4,textiles,Textile mills and textile product mills,-0.00033900796220930063,0.026733020184631293,-0.08624150710315004
2009Q4,apparel_leather,Apparel and leather and allied products,-0.001694729108904891,0.06390965151953844,-0.03245076913229927
2009Q4,paper,Paper products,-0.011152367835913057,-0.09328830767928271,-0.0374378028377117
2009Q4,printing,Printing and related support activities,-0.0009854126140595443,0.03680970559049626,0.018128341049900465
2009Q4,petroleum_coal,Petroleum and coal products,-0.005697286978924632,-0.20275397118891028,-0.007855345798114088
2009Q4,chemicals,Chemical products,0.009297935728321577,0.03822699118661741,-0.03663479992108043
2009Q4,plastics_rubber,Plastics and rubber products,0.0031915534189125155,0.07364231143939037,-0.008318761181809964
2009Q4,wholesale,Wholesale trade,-0.00787728193854928,-0.006130792616002228,0.03192762392959292
2009Q4,retail,Retail trade,0.0005368529987547777,0.005742215957536281,0.02123138945746339
2009Q4,air_transport,Air transportation,0.006291326432218525,0.09271027897282115,0.015994518075309605
2009Q4,rail_transport,Rail transportation,-0.0003388775676674838,-0.026887354992591622,0.00241220000817699
2009Q4,water_transport,Water transportation,-0.0005502441389534235,0.0620561669257476,0.004141646329731907
2009Q4,truck_transport,Truck transportation,0.0026696296272853137,0.0314297186481013,0.0008568072857499942
2009Q4,transit_ground,Transit and ground passenger transportation,0.0045555180702668285,0.0014950107542047583,0.0006875770996379593
2009Q4,pipeline,Pipeline transportation,0.003341062804840686,-0.022067052430347858,-0.023769549335042717
2009Q4,other_transport_support,Other transportation and support activities,-0.0012644522762688126,-0.05389634162040395,-0.016735296706736125
2009Q4,warehousing,Warehousing and storage,0.004953814307251891,-0.0033729576672564578,0.024720258439065557
2009Q4,information,Information,-0.005454771075736886,0.06225253523025817,0.09312874461624854
2009Q4,credit_intermediation,"Federal Reserve banks, credit intermediation, and related activities",-0.0209470454781972,-0.029732564028077144,-0.0012169780861156498
2009Q4,securities,"Securities, commodity contracts, and investments",0.0005552972879429574,0.03944543888695917,0.048471612721566526
2009Q4,insurance,Insurance carriers and related activities,-0.005417343181489037,0.037181028160267166,0.03919655810695888
2009Q4,funds_trusts,"Funds, trusts, and other financial vehicles",-0.01608559322527814,0.028726740557762878,0.07727439439719164
2009Q4,real_estate,Real estate,0.014223211826489224,0.032038233866238816,0.017191603190396254
2009Q4,rental_leasing,Rental and leasing services and lessors of intangible assets,-0.001280090921278676,0.03574739236703094,0.04566710381004979
2009Q4,legal,Legal services,0.0019196608864647524,-0.018299319874281766,0.0031224220059786756
2009Q4,computer_systems,Computer systems design and related services,0.0016443010393992763,0.027778834613227704,0.10656973754173094
2009Q4,misc_professional,"Miscellaneous professional, scientific, and technical services",0.004645240645108406,0.05813331761702869,0.06711636967029788
2009Q4,management_companies,Management of companies and enterprises,-0.0015800876187190838,-0.012767440292867091,0.04084527152443962
2009Q4,admin_support,Administrative and support services,0.002216646903552666,0.019593632084554835,0.033022624830423286
2009Q4,waste_remediation,Waste management and remediation services,0.0026125552292980275,-0.00492090677712334,0.004963268231499729
2009Q4,education,Educational services,-0.0008859215803816017,0.002077271547639641,0.026700079325016057
2009Q4,ambulatory_health,Ambulatory health care services,-0.002636476068876542,-0.010739298138219042,0.034516839690970524
2009Q4,hospitals_nursing,"Hospitals, nursing and residential care facilities",-0.00338927242724775,-0.01523708037146091,0.027333468313423648
2009Q4,social_assistance,Social assistance,-0.0009722607464754118,0.0018712876193936296,0.03474445095652423
2009Q4,performing_arts_museums,"Performing arts, spectator sports, museums, and related activities",-0.007469894395213256,-0.022454394064255326,0.038288728267239724
2009Q4,amusement_recreation,"Amusements, gambling, and recreation industries",0.005330581836732989,0.01438994671568029,-0.0023373901829611965
2009Q4,accommodation,Accommodation,0.0020361494368089372,-0.011434725670974666,0.028340752378458678
2009Q4,food_services,Food services and drinking places,0.003494237743133899,-0.004771650249552448,0.01497763248451478
2009Q4,other_services,"Other services, except government",0.0012283814884681832,-0.0036086236699518015,0.012870338569440198
2010Q1,oil_gas_extraction,Oil and gas extraction,-0.03342780254107852,-0.12139012623086673,0.01987132590265528
2010Q1,mining_except_oil_gas,"Mining, except oil and gas",-0.0065353220872770845,-0.04968693061092911,-0.027754914534004582
2010Q1,support_mining,Support activities for mining,-0.00395120797005033,0.025670382253602745,0.08059791760548363
2010Q1,utilities,Utilities,-0.003918370159303131,0.008998853423114735,0.004238507886404008
2010Q1,construction,Construction,-0.042885795796153786,0.0058095316142650335,-0.04211159716517976
2010Q1,wood_products,Wood products,0.005687365454033422,0.13910527151770277,-0.07919566604145456
2010Q1,nonmetallic_mineral,Nonmetallic mineral products,0.0018294392734593545,-0.047449150716904746,-0.07891302102406639
2010Q1,primary_metals,Primary metals,-0.0030512747559063302,-0.008562681870183022,-0.02462978671217908
2010Q1,fabricated_metal,Fabricated metal products,0.0074480560178027955,0.021717696736554135,-0.011830470576278063
2010Q1,machinery,Machinery,0.006294596852173734,0.031108127657971694,-0.014411353188087173
2010Q1,computer_electronic,Computer and electronic products,0.0024315303937960386,0.20786733742255975,0.07124981865660818
2010Q1,electrical_equipment,"Electrical equipment, appliances, and components",0.0018222006685554848,0.005743378942445898,0.01071764791078289
2010Q1,motor_vehicles,"Motor vehicles, bodies and trailers, and parts",0.0034218177572355735,0.07888851828246485,-0.04284330596853514
2010Q1,other_transport_equipment,Other transportation equipment,0.0002720616845980073,0.049387811433356986,0.0851577863095796
2010Q1,furniture,Furniture and related products,0.005667565091542898,-0.007967424167399671,-0.07543583177386004
2010Q1,misc_manufacturing,Miscellaneous manufacturing,0.004316795319750655,0.02744043589860154,-0.004276992670442015
2010Q1,food_beverage_tobacco,Food and beverage and tobacco products,0.00368244338281222,0.08133620000100776,-0.010983313811709139
2010Q1,textiles,Textile mills and textile product mills,-0.00033900796220930063,0.026733020184631293,-0.08624150710315004
2010Q1,apparel_leather,Apparel and leather and allied products,-0.001694729108904891,0.06390965151953844,-0.03245076913229927
2010Q1,paper,Paper products,-0.011152367835913057,-0.09328830767928271,-0.0374378028377117
2010Q1,printing,Printing and related support activities,-0.0009854126140595443,0.03680970559049626,0.018128341049900465
2010Q1,petroleum_coal,Petroleum and coal products,-0.005697286978924632,-0.20275397118891028,-0.007855345798114088
2010Q1,chemicals,Chemical products,0.009297935728321577,0.03822699118661741,-0.03663479992108043
2010Q1,plastics_rubber,Plastics and rubber products,0.0031915534189125155,0.07364231143939037,-0.008318761181809964
2010Q1,wholesale,Wholesale trade,-0.00787728193854928,-0.0026032920770113765,0.03192762392959292
2010Q1,retail,Retail trade,0.0005368529987547777,0.010519209552370856,0.02123138945746339
2010Q1,air_transport,Air transportation,0.006291326432218525,0.09271027897282115,0.015994518075309605
2010Q1,rail_transport,Rail transportation,-0.0003388775676674838,-0.026887354992591622,0.00241220000817699
2010Q1,water_transport,Water transportation,-0.0005502441389534235,0.0620561669257476,0.004141646329731907
2010Q1,truck_transport,Truck transportation,0.0026696296272853137,0.0314297186481013,0.0008568072857499942
2010Q1,transit_ground,Transit and ground passenger transportation,0.0045555180702668285,0.0014950107542047583,0.0006875770996379593
2010Q1,pipeline,Pipeline transportation,0.003341062804840686,-0.022067052430347858,-0.023769549335042717
2010Q1,other_transport_support,Other transportation and support activities,-0.0012644522762688126,-0.05389634162040395,-0.016735296706736125
2010Q1,warehousing,Warehousing and storage,0.004953814307251891,-0.0033729576672564578,0.024720258439065557
2010Q1,information,Information,-0.005454771075736886,0.06662363404472774,0.09312874461624854
2010Q1,credit_intermediation,"Federal Reserve banks, credit intermediation, and related activities",-0.0209470454781972,-0.029732564028077144,-0.0012169780861156498
2010Q1,securities,"Securities, commodity contracts, and investments",0.0005552972879429574,0.03944543888695917,0.048471612721566526
2010Q1,insurance,Insurance carriers and related activities,-0.005417343181489037,0.037181028160267166,0.03919655810695888
2010Q1,funds_trusts,"Funds, trusts, and other financial vehicles",-0.01608559322527814,0.028726740557762878,0.07727439439719164
2010Q1,real_estate,Real estate,0.014223211826489224,0.032038233866238816,0.017191603190396254
2010Q1,rental_leasing,Rental and leasing services and lessors of intangible assets,-0.001280090921278676,0.03574739236703094,0.04566710381004979
2010Q1,legal,Legal services,0.0019196608864647524,-0.018299319874281766,0.0031224220059786756
2010Q1,computer_systems,Computer systems design and related services,0.0016443010393992763,0.027778834613227704,0.10656973754173094
2010Q1,misc_professional,"Miscellaneous professional, scientific, and technical services",0.004645240645108406,0.05813331761702869,0.06711636967029788
2010Q1,management_companies,Management of companies and enterprises,-0.0015800876187190838,-0.01793943311690185,0.04084527152443962
2010Q1,admin_support,Administrative and support services,0.002216646903552666,0.019593632084554835,0.033022624830423286
2010Q1,waste_remediation,Waste management and remediation services,0.0026125552292980275,-0.00492090677712334,0.004963268231499729
2010Q1,education,Educational services,-0.0008859215803816017,0.0010432040925069017,0.026700079325016057
2010Q1,ambulatory_health,Ambulatory health care services,-0.002636476068876542,-0.010739298138219042,0.034516839690970524
2010Q1,hospitals_nursing,"Hospitals, nursing and residential care facilities",-0.00338927242724775,-0.01523708037146091,0.027333468313423648
2010Q1,social_assistance,Social assistance,-0.0009722607464754118,0.0018712876193936296,0.03474445095652423
2010Q1,performing_arts_museums,"Performing arts, spectator sports, museums, and related activities",-0.007469894395213256,-0.022454394064255326,0.038288728267239724
2010Q1,amusement_recreation,"Amusements, gambling, and recreation industries",0.005330581836732989,0.01438994671568029,-0.0023373901829611965
2010Q1,accommodation,Accommodation,0.0020361494368089372,-0.011434725670974666,0.028340752378458678
2010Q1,food_services,Food services and drinking places,0.003494237743133899,-0.004771650249552448,0.01497763248451478
2010Q1,other_services,"Other services, except government",0.0012283814884681832,-0.001314667651741335,0.012870338569440198
2010Q2,oil_gas_extraction,Oil and gas extraction,0.02649390486813802,0.362036971477797,0.04339362635032917
2010Q2,mining_except_oil_gas,"Mining, except oil and gas",0.10078007277655165,0.18423637450959146,-0.10363414326020126
2010Q2,support_mining,Support activities for mining,0.10366648715056231,0.15011667969106698,-0.3590309133911789
2010Q2,utilities,Utilities,0.05742271210441463,-0.09795630282794798,-0.0775314263090171
2010Q2,construction,Construction,-0.0018237041298464485,0.0012810880648908957,-0.1257288084915532
2010Q2,wood_products,Wood products,-0.0014430014430014439,0.04431145913324801,-0.05364565504425656
2010Q2,nonmetallic_mineral,Nonmetallic mineral products,0.04740626950218424,0.022498563755697632,-0.19224364888278844
2010Q2,primary_metals,Primary metals,-0.01748509579932761,0.2205294286497651,-0.19139307897071878
2010Q2,fabricated_metal,Fabricated metal products,0.015096575850696986,-0.14168510203288567,-0.13080480685393692
2010Q2,machinery,Machinery,0.022140626716251638,-0.10736742279777711,-0.25365977970532994
2010Q2,computer_electronic,Computer and electronic products,0.05336939072409136,0.12343614723719482,-0.0922504700400556
2010Q2,electrical_equipment,"Electrical equipment, appliances, and components",0.06575374432517292,0.01205071257231071,-0.191305043714863
2010Q2,motor_vehicles,"Motor vehicles, bodies and trailers, and parts",0.03187236363802009,-0.12230863408026191,-0.1451728068746947
2010Q2,other_transport_equipment,Other transportation equipment,-0.015597180591373161,0.01661751962134824,-0.020605751513556148
2010Q2,furniture,Furniture and related products,0.007309649084663222,-0.09826005422596241,-0.2093399854732506
2010Q2,misc_manufacturing,Miscellaneous manufacturing,0.009977412839325128,-0.005715680665973309,-0.05815265815265824
2010Q2,food_beverage_tobacco,Food and beverage and tobacco products,0.023045420155920676,-0.11060956174646432,0.009881959888500935
2010Q2,textiles,Textile mills and textile product mills,-0.02864567316563134,-0.15201655978819426,-0.2053163303927562
2010Q2,apparel_leather,Apparel and leather and allied products,-0.0050541337363426975,-0.02952826569818733,-0.18646616541353378
2010Q2,paper,Paper products,0.03818146825727395,0.002049244510465182,-0.09929092958814911
2010Q2,printing,Printing and related support activities,0.0018449344023323613,-0.033574862663725905,-0.12475910656177935
2010Q2,petroleum_coal,Petroleum and coal products,0.027334908722636303,0.1206318305180126,0.0006156750877337469
2010Q2,chemicals,Chemical products,0.046926741643236486,0.016696754259697282,-0.05950975202573394
2010Q2,plastics_rubber,Plastics and rubber products,0.02231618266409048,-0.025748100473612145,-0.1366931698655236
2010Q2,wholesale,Wholesale trade,0.03208794817421198,0.08274299716893098,-0.11046500861127062
2010Q2,retail,Retail trade,0.01915185817214729,0.03112494485150811,-0.04917195891445947
2010Q2,air_transport,Air transportation,0.03274247420051613,-0.02248674385961358,-0.10981584228544439
2010Q2,rail_transport,Rail transportation,0.016111332199751555,-0.11077792331756868,-0.1557743705162471
2010Q2,water_transport,Water transportation,0.037352771600362406,0.06476255341081422,-0.07797724061237976
2010Q2,truck_transport,Truck transportation,0.009921614029760079,-0.07747293377381491,-0.12921640894159125
2010Q2,transit_ground,Transit and ground passenger transportation,0.005335365853658514,-0.07107524691091263,-0.046534913827979585
2010Q2,pipeline,Pipeline transportation,-0.04042730122177443,-0.3850029274723119,-0.3987874532236103
2010Q2,other_transport_support,Other transportation and support activities,-0.001133722578085139,-0.08129402925298454,-0.1107401059827039
2010Q2,warehousing,Warehousing and storage,-0.0203398195149464,-0.0294877362515769,-0.028734669405821034
2010Q2,information,Information,0.007322589302839244,0.03558848783506417,-0.021861833925201024
2010Q2,credit_intermediation,"Federal Reserve banks, credit intermediation, and related activities",-6.0313592975203e-05,0.059598618504022476,0.05052578049799328
2010Q2,securities,"Securities, commodity contracts, and investments",0.0361096101208506,-0.15523635198030766,0.20633828709688884
2010Q2,insurance,Insurance carriers and related activities,0.12287933169767029,0.17598311732394656,-0.06163791518004935
2010Q2,funds_trusts,"Funds, trusts, and other financial vehicles",0.09889120717509578,0.09120372407783738,-0.047149379080384635
2010Q2,real_estate,Real estate,0.002006520650539967,0.029683606359520633,-0.010529031745874273
2010Q2,rental_leasing,Rental and leasing services and lessors of intangible assets,0.007217934111077184,0.08558165683081588,-0.014729861446386772
2010Q2,legal,Legal services,0.008648433568561376,-0.002241911149122162,-0.05930203109963028
2010Q2,computer_systems,Computer systems design and related services,0.005822272830036793,0.018015135298674535,0.008958280010238129
2010Q2,misc_professional,"Miscellaneous professional, scientific, and technical services",0.014364796388730727,0.028273787206758477,-0.060222821751561906
2010Q2,management_companies,Management of companies and enterprises,-0.008103555697421376,0.004357533211099482,-0.028962566434505677
2010Q2,admin_support,Administrative and support services,0.006820771027861494,-0.009223331942986858,-0.06706999739786623
2010Q2,waste_remediation,Waste management and remediation services,-0.012595648413068039,-0.07162385248065291,-0.05269323037708973
2010Q2,education,Educational services,0.0036912336323171313,-0.03100355633184817,0.02228561240862903
2010Q2,ambulatory_health,Ambulatory health care services,0.009929675537729415,-0.001230896670727404,0.016634248385202666
2010Q2,hospitals_nursing,"Hospitals, nursing and residential care facilities",0.007264876058642296,-0.005954639328249982,0.024006354895024007
2010Q2,social_assistance,Social assistance,0.008046890117836367,-0.01728195880265512,0.011831722548849344
2010Q2,performing_arts_museums,"Performing arts, spectator sports, museums, and related activities",-0.0022516864200061715,-0.03768886281790742,-0.05416945224406111
2010Q2,amusement_recreation,"Amusements, gambling, and recreation industries",-0.022597534200304026,-0.08004007305114967,-0.06304297111930202
2010Q2,accommodation,Accommodation,0.002294003581336246,-0.007403685404118002,-0.10876990516254526
2010Q2,food_services,Food services and drinking places,-0.0006552500586429755,-0.08648491213759163,-0.033079473892364986
2010Q2,other_services,"Other services, except government",0.005471918608647847,-0.04255191698024609,-0.06662103582021439
2010Q3,oil_gas_extraction,Oil and gas extraction,0.02649390486813802,0.362036971477797,0.04339362635032917
2010Q3,mining_except_oil_gas,"Mining, except oil and gas",0.10078007277655165,0.18423637450959146,-0.10363414326020126
2010Q3,support_mining,Support activities for mining,0.10366648715056231,0.15011667969106698,-0.3590309133911789
2010Q3,utilities,Utilities,0.05742271210441463,-0.09795630282794798,-0.0775314263090171
2010Q3,construction,Construction,-0.0018237041298464485,0.0012810880648908957,-0.1257288084915532
2010Q3,wood_products,Wood products,-0.0014430014430014439,0.04431145913324801,-0.05364565504425656
2010Q3,nonmetallic_mineral,Nonmetallic mineral products,0.04740626950218424,0.022498563755697632,-0.19224364888278844
2010Q3,primary_metals,Primary metals,-0.01748509579932761,0.2205294286497651,-0.19139307897071878
2010Q3,fabricated_metal,Fabricated metal products,0.015096575850696986,-0.14168510203288567,-0.13080480685393692
2010Q3,machinery,Machinery,0.022140626716251638,-0.10736742279777711,-0.25365977970532994
2010Q3,computer_electronic,Computer and electronic products,0.05336939072409136,0.12343614723719482,-0.0922504700400556
2010Q3,electrical_equipment,"Electrical equipment, appliances, and components",0.06575374432517292,0.01205071257231071,-0.191305043714863
2010Q3,motor_vehicles,"Motor vehicles, bodies and trailers, and parts",0.03187236363802009,-0.12230863408026191,-0.1451728068746947
2010Q3,other_transport_equipment,Other transportation equipment,-0.015597180591373161,0.01661751962134824,-0.020605751513556148
2010Q3,furniture,Furniture and related products,0.007309649084663222,-0.09826005422596241,-0.2093399854732506
2010Q3,misc_manufacturing,Miscellaneous manufacturing,0.009977412839325128,-0.005715680665973309,-0.05815265815265824
2010Q3,food_beverage_tobacco,Food and beverage and tobacco products,0.023045420155920676,-0.11060956174646432,0.009881959888500935
2010Q3,textiles,Textile mills and textile product mills,-0.02864567316563134,-0.15201655978819426,-0.2053163303927562
2010Q3,apparel_leather,Apparel and leather and allied products,-0.0050541337363426975,-0.02952826569818733,-0.18646616541353378
2010Q3,paper,Paper products,0.03818146825727395,0.002049244510465182,-0.09929092958814911
2010Q3,printing,Printing and related support activities,0.0018449344023323613,-0.033574862663725905,-0.12475910656177935
2010Q3,petroleum_coal,Petroleum and coal products,0.027334908722636303,0.1206318305180126,0.0006156750877337469
2010Q3,chemicals,Chemical products,0.046926741643236486,0.016696754259697282,-0.05950975202573394
2010Q3,plastics_rubber,Plastics and rubber products,0.02231618266409048,-0.025748100473612145,-0.1366931698655236
2010Q3,wholesale,Wholesale trade,0.03208794817421198,0.08274299716893098,-0.11046500861127062
2010Q3,retail,Retail trade,0.01915185817214729,0.03112494485150811,-0.04917195891445947
2010Q3,air_transport,Air transportation,0.03274247420051613,-0.02248674385961358,-0.10981584228544439
2010Q3,rail_transport,Rail transportation,0.016111332199751555,-0.11077792331756868,-0.1557743705162471
2010Q3,water_transport,Water transportation,0.037352771600362406,0.06476255341081422,-0.07797724061237976
2010Q3,truck_transport,Truck transportation,0.009921614029760079,-0.07747293377381491,-0.12921640894159125
2010Q3,transit_ground,Transit and ground passenger transportation,0.005335365853658514,-0.07107524691091263,-0.046534913827979585
2010Q3,pipeline,Pipeline transportation,-0.04042730122177443,-0.3850029274723119,-0.3987874532236103
2010Q3,other_transport_support,Other transportation and support activities,-0.001133722578085139,-0.08129402925298454,-0.1107401059827039
2010Q3,warehousing,Warehousing and storage,-0.0203398195149464,-0.0294877362515769,-0.028734669405821034
2010Q3,information,Information,0.007322589302839244,0.03558848783506417,-0.021861833925201024
2010Q3,credit_intermediation,"Federal Reserve banks, credit intermediation, and related activities",-6.0313592975203e-05,0.059598618504022476,0.05052578049799328
2010Q3,securities,"Securities, commodity contracts, and investments",0.0361096101208506,-0.15523635198030766,0.20633828709688884
2010Q3,insurance,Insurance carriers and related activities,0.12287933169767029,0.17598311732394656,-0.06163791518004935
2010Q3,funds_trusts,"Funds, trusts, and other financial vehicles",0.09889120717509578,0.09120372407783738,-0.047149379080384635
2010Q3,real_estate,Real estate,0.002006520650539967,0.029683606359520633,-0.010529031745874273
2010Q3,rental_leasing,Rental and leasing services and lessors of intangible assets,0.007217934111077184,0.08558165683081588,-0.014729861446386772
2010Q3,legal,Legal services,0.008648433568561376,-0.002241911149122162,-0.05930203109963028
2010Q3,computer_systems,Computer systems design and related services,0.005822272830036793,0.018015135298674535,0.008958280010238129
2010Q3,misc_professional,"Miscellaneous professional, scientific, and technical services",0.014364796388730727,0.028273787206758477,-0.060222821751561906
2010Q3,management_companies,Management of companies and enterprises,-0.008103555697421376,0.004357533211099482,-0.028962566434505677
2010Q3,admin_support,Administrative and support services,0.006820771027861494,-0.009223331942986858,-0.06706999739786623
2010Q3,waste_remediation,Waste management and remediation services,-0.012595648413068039,-0.07162385248065291,-0.05269323037708973
2010Q3,education,Educational services,0.0036912336323171313,-0.03100355633184817,0.02228561240862903
2010Q3,ambulatory_health,Ambulatory health care services,0.009929675537729415,-0.001230896670727404,0.016634248385202666
2010Q3,hospitals_nursing,"Hospitals, nursing and residential care facilities",0.007264876058642296,-0.005954639328249982,0.024006354895024007
2010Q3,social_assistance,Social assistance,0.008046890117836367,-0.01728195880265512,0.011831722548849344
2010Q3,performing_arts_museums,"Performing arts, spectator sports, museums, and related activities",-0.0022516864200061715,-0.03768886281790742,-0.05416945224406111
2010Q3,amusement_recreation,"Amusements, gambling, and recreation industries",-0.022597534200304026,-0.08004007305114967,-0.06304297111930202
2010Q3,accommodation,Accommodation,0.002294003581336246,-0.007403685404118002,-0.10876990516254526
2010Q3,food_services,Food services and drinking places,-0.0006552500586429755,-0.08648491213759163,-0.033079473892364986
2010Q3,other_services,"Other services, except government",0.005471918608647847,-0.04255191698024609,-0.06662103582021439
2010Q4,oil_gas_extraction,Oil and gas extraction,0.004463560168094627,-0.14915816835900075,0.03743397303856577
2010Q4,mining_except_oil_gas,"Mining, except oil and gas",0.005809984458291506,-0.0606829962173041,-0.026771701074489895
2010Q4,support_mining,Support activities for mining,-0.004334068122022333,0.168902146728499,0.1544452534943821
2010Q4,utilities,Utilities,-0.017253841816893878,0.026845964370409814,0.0033712035299697796
2010Q4,construction,Construction,-0.007456159072141366,0.06667568716391296,-0.06302618530162685
2010Q4,wood_products,Wood products,0.0054231305382778025,0.12213033183487176,-0.044036385275865064
2010Q4,nonmetallic_mineral,Nonmetallic mineral products,-0.021301973527268966,0.0019103919420053745,-0.10094744444916504
2010Q4,primary_metals,Primary metals,-0.01171990883504577,-0.05456264891141733,-0.04875045651379972
2010Q4,fabricated_metal,Fabricated metal products,-0.006530452928195041,-0.012108071740926813,-0.06411904018799686
2010Q4,machinery,Machinery,-0.006218419615993481,0.01783193069292419,0.0031647625500006438
2010Q4,computer_electronic,Computer and electronic products,0.001872571414885671,0.11634901552845989,0.0461571806320169
2010Q4,electrical_equipment,"Electrical equipment, appliances, and components",0.032476676641436386,0.08600420051114652,-0.05887382435568589
2010Q4,motor_vehicles,"Motor vehicles, bodies and trailers, and parts",-0.00897690319746778,-0.006040403322313464,-0.17569197496204803
2010Q4,other_transport_equipment,Other transportation equipment,-0.02375065487500684,-0.014019726867786523,0.1257185144391284
2010Q4,furniture,Furniture and related products,-0.013497378648886352,-0.0039832119720392325,-0.10718171926006526
2010Q4,misc_manufacturing,Miscellaneous manufacturing,-0.0068775478863014605,0.026552264339491077,-0.01456716417910442
2010Q4,food_beverage_tobacco,Food and beverage and tobacco products,-0.002869927083967605,-0.07806473705354286,-0.02139134467081316
2010Q4,textiles,Textile mills and textile product mills,-0.05330123239531658,-0.16843323705808413,-0.12881812737073284
2010Q4,apparel_leather,Apparel and leather and allied products,-0.010250344963532443,0.03499848968311396,-0.051101829795870524
2010Q4,paper,Paper products,0.0038713664859714447,-0.016815293040004956,-0.04995526551234142
2010Q4,printing,Printing and related support activities,-0.004002631204334223,0.040703756914678264,-0.06278116966580982
2010Q4,petroleum_coal,Petroleum and coal products,-0.039575281923221795,-0.010598765514615369,-0.016314856590396443
2010Q4,chemicals,Chemical products,-0.027656007608757083,-0.15705693006531443,-0.08036684086484269
2010Q4,plastics_rubber,Plastics and rubber products,-0.019051184459557807,-0.058671411017062004,-0.07263544350013196
2010Q4,wholesale,Wholesale trade,-0.008912053995196206,0.044725590388356176,0.02500939143501113
2010Q4,retail,Retail trade,-0.013700954333014964,0.004794185440025137,-0.04822379078916905
2010Q4,air_transport,Air transportation,-0.021894382100019108,-0.06823435695106111,-0.02492863939105605
2010Q4,rail_transport,Rail transportation,-0.0056895966355262895,-0.0961375501264053,0.018412759048801464
2010Q4,water_transport,Water transportation,-0.027502130768294192,0.08180506084400367,0.041199516324062824
2010Q4,truck_transport,Truck transportation,-0.007144204453127828,0.026205237675905494,-0.02791197504564824
2010Q4,transit_ground,Transit and ground passenger transportation,-0.033017751479289925,-0.04499411462391622,-0.0004952113066645225
2010Q4,pipeline,Pipeline transportation,-0.02190831556503195,-0.03522736611241536,-0.010493899807775264
2010Q4,other_transport_support,Other transportation and support activities,-0.003632951845648158,-0.024936596807622644,-0.017729981107397208
2010Q4,warehousing,Warehousing and storage,-0.015620897873457606,-0.042174201504237736,0.0031422611747222717
2010Q4,information,Information,-0.008975827537972603,0.0769381330636611,0.022253930796037658
2010Q4,credit_intermediation,"Federal Reserve banks, credit intermediation, and related activities",-0.00014270576237046528,0.011595397249052205,0.007986208181902876
2010Q4,securities,"Securities, commodity contracts, and investments",-0.01873705179066856,-0.12647073087119984,-0.29517186499904857
2010Q4,insurance,Insurance carriers and related activities,0.09008107307963836,0.16037410743569422,0.00787364846585148
2010Q4,funds_trusts,"Funds, trusts, and other financial vehicles",0.06782464846980976,-0.06332911168745589,-0.024969171308212412
2010Q4,real_estate,Real estate,0.007143654559042201,0.024591241235099343,0.004188891607536105
2010Q4,rental_leasing,Rental and leasing services and lessors of intangible assets,-0.02224503039951392,-0.020927779392423136,-0.013580588615185851
2010Q4,legal,Legal services,-0.003206131224417874,-0.05794549286856089,-0.045746443522848734
2010Q4,computer_systems,Computer systems design and related services,-0.004647022516537147,-0.0009413297175697275,0.07336664877917909
2010Q4,misc_professional,"Miscellaneous professional, scientific, and technical services",0.0016610012309999367,0.01362495261929995,0.02865464197826717
2010Q4,management_companies,Management of companies and enterprises,0.004481560759183531,-0.0007174419202784489,0.006882239382239419
2010Q4,admin_support,Administrative and support services,-0.010388223601498547,0.05193772729692672,0.02094314626377658
2010Q4,waste_remediation,Waste management and remediation services,-0.013009741634900457,-0.015466698905130808,0.009453423672356909
2010Q4,education,Educational services,-0.0018171685834648815,-0.0267576643199417,0.02587899510578584
2010Q4,ambulatory_health,Ambulatory health care services,0.004225469447070279,0.011504417281280205,0.02129491823687446
2010Q4,hospitals_nursing,"Hospitals, nursing and residential care facilities",-0.005166984974870836,0.0011514053338367155,0.04016600812985005
2010Q4,social_assistance,Social assistance,-0.0021057930620569654,-0.007098239391569104,0.015802146134304085
2010Q4,performing_arts_museums,"Performing arts, spectator sports, museums, and related activities",-0.019810182137371096,-0.009582436340742347,0.02430466955856092
2010Q4,amusement_recreation,"Amusements, gambling, and recreation industries",0.03792534852345977,0.06312350946566392,-0.009027970091387338
2010Q4,accommodation,Accommodation,-0.013616994162337304,-0.030630852821125536,0.008870602446021447
2010Q4,food_services,Food services and drinking places,-0.0037093643843764817,-0.025055175064088702,-0.015887034161490732
2010Q4,other_services,"Other services, except government",0.0012127810700466035,-0.018370176919142688,-0.006437472972441682
2011Q1,oil_gas_extraction,Oil and gas extraction,0.004463560168094627,-0.14915816835900075,0.03743397303856577
2011Q1,mining_except_oil_gas,"Mining, except oil and gas",0.005809984458291506,-0.0606829962173041,-0.026771701074489895
2011Q1,support_mining,Support activities for mining,-0.004334068122022333,0.168902146728499,0.1544452534943821
2011Q1,utilities,Utilities,-0.017253841816893878,0.028644460450986283,0.0033712035299697796
2011Q1,construction,Construction,-0.007456159072141366,0.07008704958452146,-0.06302618530162685
2011Q1,wood_products,Wood products,0.0054231305382778025,0.12213033183487176,-0.044036385275865064
2011Q1,nonmetallic_mineral,Nonmetallic mineral products,-0.021301973527268966,0.0019103919420053745,-0.10094744444916504
2011Q1,primary_metals,Primary metals,-0.01171990883504577,-0.05456264891141733,-0.04875045651379972
2011Q1,fabricated_metal,Fabricated metal products,-0.006530452928195041,-0.012108071740926813,-0.06411904018799686
2011Q1,machinery,Machinery,-0.006218419615993481,0.01783193069292419,0.0031647625500006438
2011Q1,computer_electronic,Computer and electronic products,0.001872571414885671,0.11634901552845989,0.0461571806320169
2011Q1,electrical_equipment,"Electrical equipment, appliances, and components",0.032476676641436386,0.08600420051114652,-0.05887382435568589
2011Q1,motor_vehicles,"Motor vehicles, bodies and trailers, and parts",-0.00897690319746778,-0.006040403322313464,-0.17569197496204803
2011Q1,other_transport_equipment,Other transportation equipment,-0.02375065487500684,-0.014019726867786523,0.1257185144391284
2011Q1,furniture,Furniture and related products,-0.013497378648886352,-0.0039832119720392325,-0.10718171926006526
2011Q1,misc_manufacturing,Miscellaneous manufacturing,-0.0068775478863014605,0.026552264339491077,-0.01456716417910442
2011Q1,food_beverage_tobacco,Food and beverage and tobacco products,-0.002869927083967605,-0.07806473705354286,-0.02139134467081316
2011Q1,textiles,Textile mills and textile product mills,-0.05330123239531658,-0.16843323705808413,-0.12881812737073284
2011Q1,apparel_leather,Apparel and leather and allied products,-0.010250344963532443,0.03499848968311396,-0.051101829795870524
2011Q1,paper,Paper products,0.0038713664859714447,-0.016815293040004956,-0.04995526551234142
2011Q1,printing,Printing and related support activities,-0.004002631204334223,0.040703756914678264,-0.06278116966580982
2011Q1,petroleum_coal,Petroleum and coal products,-0.039575281923221795,-0.010598765514615369,-0.016314856590396443
2011Q1,chemicals,Chemical products,-0.027656007608757083,-0.15705693006531443,-0.08036684086484269
2011Q1,plastics_rubber,Plastics and rubber products,-0.019051184459557807,-0.058671411017062004,-0.07263544350013196
2011Q1,wholesale,Wholesale trade,-0.008912053995196206,0.05162201384399105,0.02500939143501113
2011Q1,retail,Retail trade,-0.013700954333014964,0.005165954663894534,-0.04822379078916905
2011Q1,air_transport,Air transportation,-0.021894382100019108,-0.06823435695106111,-0.02492863939105605
2011Q1,rail_transport,Rail transportation,-0.0056895966355262895,-0.0961375501264053,0.018412759048801464
2011Q1,water_transport,Water transportation,-0.027502130768294192,0.08180506084400367,0.041199516324062824
2011Q1,truck_transport,Truck transportation,-0.007144204453127828,0.026205237675905494,-0.02791197504564824
2011Q1,transit_ground,Transit and ground passenger transportation,-0.033017751479289925,-0.04499411462391622,-0.0004952113066645225
2011Q1,pipeline,Pipeline transportation,-0.02190831556503195,-0.03522736611241536,-0.010493899807775264
2011Q1,other_transport_support,Other transportation and support activities,-0.003632951845648158,-0.024936596807622644,-0.017729981107397208
2011Q1,warehousing,Warehousing and storage,-0.015620897873457606,-0.042174201504237736,0.0031422611747222717
2011Q1,information,Information,-0.008975827537972603,0.07818384342014532,0.022253930796037658
2011Q1,credit_intermediation,"Federal Reserve banks, credit intermediation, and related activities",-0.00014270576237046528,0.011595397249052205,0.007986208181902876
2011Q1,securities,"Securities, commodity contracts, and investments",-0.01873705179066856,-0.12647073087119984,-0.29517186499904857
2011Q1,insurance,Insurance carriers and related activities,0.09008107307963836,0.16037410743569422,0.00787364846585148
2011Q1,funds_trusts,"Funds, trusts, and other financial vehicles",0.06782464846980976,-0.06332911168745589,-0.024969171308212412
2011Q1,real_estate,Real estate,0.007143654559042201,0.024591241235099343,0.004188891607536105
2011Q1,rental_leasing,Rental and leasing services and lessors of intangible assets,-0.02224503039951392,-0.020927779392423136,-0.013580588615185851
2011Q1,legal,Legal services,-0.003206131224417874,-0.05794549286856089,-0.045746443522848734
2011Q1,computer_systems,Computer systems design and related services,-0.004647022516537147,-0.0009413297175697275,0.07336664877917909
2011Q1,misc_professional,"Miscellaneous professional, scientific, and technical services",0.0016610012309999367,0.01362495261929995,0.02865464197826717
2011Q1,management_companies,Management of companies and enterprises,0.004481560759183531,-0.006577443915675752,0.006882239382239419
2011Q1,admin_support,Administrative and support services,-0.010388223601498547,0.05193772729692672,0.02094314626377658
2011Q1,waste_remediation,Waste management and remediation services,-0.013009741634900457,-0.015466698905130808,0.009453423672356909
2011Q1,education,Educational services,-0.0018171685834648815,-0.026919439189838364,0.02587899510578584
2011Q1,ambulatory_health,Ambulatory health care services,0.004225469447070279,0.011504417281280205,0.02129491823687446
2011Q1,hospitals_nursing,"Hospitals, nursing and residential care facilities",-0.005166984974870836,0.0011514053338367155,0.04016600812985005
2011Q1,social_assistance,Social assistance,-0.0021057930620569654,-0.007098239391569104,0.015802146134304085
2011Q1,performing_arts_museums,"Performing arts, spectator sports, museums, and related activities",-0.019810182137371096,-0.009582436340742347,0.02430466955856092
2011Q1,amusement_recreation,"Amusements, gambling, and recreation industries",0.03792534852345977,0.06312350946566392,-0.009027970091387338
2011Q1,accommodation,Accommodation,-0.013616994162337304,-0.030630852821125536,0.008870602446021447
2011Q1,food_services,Food services and drinking places,-0.0037093643843764817,-0.025055175064088702,-0.015887034161490732
2011Q1,other_services,"Other services, except government",0.0012127810700466035,-0.018991404747068605,-0.006437472972441682
2011Q2,oil_gas_extraction,Oil and gas extraction,0.02649390486813802,0.3729080484627663,0.04339362635032917
2011Q2,mining_except_oil_gas,"Mining, except oil and gas",0.10078007277655165,0.2001643747945886,-0.10363414326020126
2011Q2,support_mining,Support activities for mining,0.10366648715056231,0.15540033592890035,-0.3590309133911789
2011Q2,utilities,Utilities,0.05742271210441463,0.027702115891980645,-0.0775314263090171
2011Q2,construction,Construction,-0.0018237041298464485,0.04748692813141212,-0.1257288084915532
2011Q2,wood_products,Wood products,-0.0014430014430014439,0.0498914065843572,-0.05364565504425656
2011Q2,nonmetallic_mineral,Nonmetallic mineral products,0.04740626950218424,0.031020072997511465,-0.19224364888278844
2011Q2,primary_metals,Primary metals,-0.01748509579932761,0.2276845151036465,-0.19139307897071878
2011Q2,fabricated_metal,Fabricated metal products,0.015096575850696986,-0.1371807748335383,-0.13080480685393692
2011Q2,machinery,Machinery,0.022140626716251638,-0.10672138481500203,-0.25365977970532994
2011Q2,computer_electronic,Computer and electronic products,0.05336939072409136,0.12292485250436187,-0.0922504700400556
2011Q2,electrical_equipment,"Electrical equipment, appliances, and components",0.06575374432517292,0.020424718281655322,-0.191305043714863
2011Q2,motor_vehicles,"Motor vehicles, bodies and trailers, and parts",0.03187236363802009,-0.11852736852783308,-0.1451728068746947
2011Q2,other_transport_equipment,Other transportation equipment,-0.015597180591373161,-0.0570274273496005,-0.020605751513556148
2011Q2,furniture,Furniture and related products,0.007309649084663222,-0.09813073228958304,-0.2093399854732506
2011Q2,misc_manufacturing,Miscellaneous manufacturing,0.009977412839325128,-0.0011627316543094243,-0.05815265815265824
2011Q2,food_beverage_tobacco,Food and beverage and tobacco products,0.023045420155920676,0.003086877879130194,0.009881959888500935
2011Q2,textiles,Textile mills and textile product mills,-0.02864567316563134,-0.14376506360138802,-0.2053163303927562
2011Q2,apparel_leather,Apparel and leather and allied products,-0.0050541337363426975,0.010613358276355539,-0.18646616541353378
2011Q2,paper,Paper products,0.03818146825727395,0.0029702513059465803,-0.09929092958814911
2011Q2,printing,Printing and related support activities,0.0018449344023323613,-0.029845702904500344,-0.12475910656177935
2011Q2,petroleum_coal,Petroleum and coal products,0.027334908722636303,0.1206318305180126,0.0006156750877337469
2011Q2,chemicals,Chemical products,0.046926741643236486,0.015016553395396806,-0.05950975202573394
2011Q2,plastics_rubber,Plastics and rubber products,0.02231618266409048,-0.02179590176228748,-0.1366931698655236
2011Q2,wholesale,Wholesale trade,0.03208794817421198,0.06449214500283036,-0.11046500861127062
2011Q2,retail,Retail trade,0.01915185817214729,0.0582176499066999,-0.04917195891445947
2011Q2,air_transport,Air transportation,0.03274247420051613,-0.02920614338901418,-0.10981584228544439
2011Q2,rail_transport,Rail transportation,0.016111332199751555,-0.10527200107316244,-0.1557743705162471
2011Q2,water_transport,Water transportation,0.037352771600362406,0.06908303175845738,-0.07797724061237976
2011Q2,truck_transport,Truck transportation,0.009921614029760079,-0.07929856765957473,-0.12921640894159125
2011Q2,transit_ground,Transit and ground passenger transportation,0.005335365853658514,-0.07655733032072629,-0.046534913827979585
2011Q2,pipeline,Pipeline transportation,-0.04042730122177443,-0.4068423837669772,-0.3987874532236103
2011Q2,other_transport_support,Other transportation and support activities,-0.001133722578085139,-0.08006725227632286,-0.1107401059827039
2011Q2,warehousing,Warehousing and storage,-0.0203398195149464,-0.022385478641177334,-0.028734669405821034
2011Q2,information,Information,0.007322589302839244,0.08178025355454774,-0.021861833925201024
2011Q2,credit_intermediation,"Federal Reserve banks, credit intermediation, and related activities",-6.0313592975203e-05,0.06240055052245251,0.05052578049799328
2011Q2,securities,"Securities, commodity contracts, and investments",0.0361096101208506,0.04227943374033471,0.20633828709688884
2011Q2,insurance,Insurance carriers and related activities,0.12287933169767029,0.1683327133560635,-0.06163791518004935
2011Q2,funds_trusts,"Funds, trusts, and other financial vehicles",0.09889120717509578,0.08922327725163863,-0.047149379080384635
2011Q2,real_estate,Real estate,0.002006520650539967,0.027245970514393876,-0.010529031745874273
2011Q2,rental_leasing,Rental and leasing services and lessors of intangible assets,0.007217934111077184,0.09393847391028068,-0.014729861446386772
2011Q2,legal,Legal services,0.008648433568561376,-0.03485381562054443,-0.05930203109963028
2011Q2,computer_systems,Computer systems design and related services,0.005822272830036793,0.034969140093626186,0.008958280010238129
2011Q2,misc_professional,"Miscellaneous professional, scientific, and technical services",0.014364796388730727,0.017824790702921613,-0.060222821751561906
2011Q2,management_companies,Management of companies and enterprises,-0.008103555697421376,0.01583798280231369,-0.028962566434505677
2011Q2,admin_support,Administrative and support services,0.006820771027861494,-0.007378784299409586,-0.06706999739786623
2011Q2,waste_remediation,Waste management and remediation services,-0.012595648413068039,-0.07465707006689169,-0.05269323037708973
2011Q2,education,Educational services,0.0036912336323171313,-0.01653109542297473,0.02228561240862903
2011Q2,ambulatory_health,Ambulatory health care services,0.009929675537729415,-0.004013792519004269,0.016634248385202666
2011Q2,hospitals_nursing,"Hospitals, nursing and residential care facilities",0.007264876058642296,-0.004829416286115043,0.024006354895024007
2011Q2,social_assistance,Social assistance,0.008046890117836367,-0.015168248696736662,0.011831722548849344
2011Q2,performing_arts_museums,"Performing arts, spectator sports, museums, and related activities",-0.0022516864200061715,-0.03607551288592734,-0.05416945224406111
2011Q2,amusement_recreation,"Amusements, gambling, and recreation industries",-0.022597534200304026,-0.08137046834364281,-0.06304297111930202
2011Q2,accommodation,Accommodation,0.002294003581336246,-0.009272471740295699,-0.10876990516254526
2011Q2,food_services,Food services and drinking places,-0.0006552500586429755,-0.08341679587624874,-0.033079473892364986
2011Q2,other_services,"Other services, except government",0.005471918608647847,0.015628025688993092,-0.06662103582021439
2011Q3,oil_gas_extraction,Oil and gas extraction,0.02649390486813802,0.3729080484627663,0.04339362635032917
2011Q3,mining_except_oil_gas,"Mining, except oil and gas",0.10078007277655165,0.2001643747945886,-0.10363414326020126
2011Q3,support_mining,Support activities for mining,0.10366648715056231,0.15540033592890035,-0.3590309133911789
2011Q3,utilities,Utilities,0.05742271210441463,0.027702115891980645,-0.0775314263090171
2011Q3,construction,Construction,-0.0018237041298464485,0.04748692813141212,-0.1257288084915532
2011Q3,wood_products,Wood products,-0.0014430014430014439,0.0498914065843572,-0.05364565504425656
2011Q3,nonmetallic_mineral,Nonmetallic mineral products,0.04740626950218424,0.031020072997511465,-0.19224364888278844
2011Q3,primary_metals,Primary metals,-0.01748509579932761,0.2276845151036465,-0.19139307897071878
2011Q3,fabricated_metal,Fabricated metal products,0.015096575850696986,-0.1371807748335383,-0.13080480685393692
2011Q3,machinery,Machinery,0.022140626716251638,-0.10672138481500203,-0.25365977970532994
2011Q3,computer_electronic,Computer and electronic products,0.05336939072409136,0.12292485250436187,-0.0922504700400556
2011Q3,electrical_equipment,"Electrical equipment, appliances, and components",0.06575374432517292,0.020424718281655322,-0.191305043714863
2011Q3,motor_vehicles,"Motor vehicles, bodies and trailers, and parts",0.03187236363802009,-0.11852736852783308,-0.1451728068746947
2011Q3,other_transport_equipment,Other transportation equipment,-0.015597180591373161,-0.0570274273496005,-0.020605751513556148
2011Q3,furniture,Furniture and related products,0.007309649084663222,-0.09813073228958304,-0.2093399854732506
2011Q3,misc_manufacturing,Miscellaneous manufacturing,0.009977412839325128,-0.0011627316543094243,-0.05815265815265824
2011Q3,food_beverage_tobacco,Food and beverage and tobacco products,0.023045420155920676,0.003086877879130194,0.009881959888500935
2011Q3,textiles,Textile mills and textile product mills,-0.02864567316563134,-0.14376506360138802,-0.2053163303927562
2011Q3,apparel_leather,Apparel and leather and allied products,-0.0050541337363426975,0.010613358276355539,-0.18646616541353378
2011Q3,paper,Paper products,0.03818146825727395,0.0029702513059465803,-0.09929092958814911
2011Q3,printing,Printing and related support activities,0.0018449344023323613,-0.029845702904500344,-0.12475910656177935
2011Q3,petroleum_coal,Petroleum and coal products,0.027334908722636303,0.1206318305180126,0.0006156750877337469
2011Q3,chemicals,Chemical products,0.046926741643236486,0.015016553395396806,-0.05950975202573394
2011Q3,plastics_rubber,Plastics and rubber products,0.02231618266409048,-0.02179590176228748,-0.1366931698655236
2011Q3,wholesale,Wholesale trade,0.03208794817421198,0.06449214500283036,-0.11046500861127062
2011Q3,retail,Retail trade,0.01915185817214729,0.0582176499066999,-0.04917195891445947
2011Q3,air_transport,Air transportation,0.03274247420051613,-0.02920614338901418,-0.10981584228544439
2011Q3,rail_transport,Rail transportation,0.016111332199751555,-0.10527200107316244,-0.1557743705162471
2011Q3,water_transport,Water transportation,0.037352771600362406,0.06908303175845738,-0.07797724061237976
2011Q3,truck_transport,Truck transportation,0.009921614029760079,-0.07929856765957473,-0.12921640894159125
2011Q3,transit_ground,Transit and ground passenger transportation,0.005335365853658514,-0.07655733032072629,-0.046534913827979585
2011Q3,pipeline,Pipeline transportation,-0.04042730122177443,-0.4068423837669772,-0.3987874532236103
2011Q3,other_transport_support,Other transportation and support activities,-0.001133722578085139,-0.08006725227632286,-0.1107401059827039
2011Q3,warehousing,Warehousing and storage,-0.0203398195149464,-0.022385478641177334,-0.028734669405821034
2011Q3,information,Information,0.007322589302839244,0.08178025355454774,-0.021861833925201024
2011Q3,credit_intermediation,"Federal Reserve banks, credit intermediation, and related activities",-6.0313592975203e-05,0.06240055052245251,0.05052578049799328
2011Q3,securities,"Securities, commodity contracts, and investments",0.0361096101208506,0.04227943374033471,0.20633828709688884
2011Q3,insurance,Insurance carriers and related activities,0.12287933169767029,0.1683327133560635,-0.06163791518004935
2011Q3,funds_trusts,"Funds, trusts, and other financial vehicles",0.09889120717509578,0.08922327725163863,-0.047149379080384635
2011Q3,real_estate,Real estate,0.002006520650539967,0.027245970514393876,-0.010529031745874273
2011Q3,rental_leasing,Rental and leasing services and lessors of intangible assets,0.007217934111077184,0.09393847391028068,-0.014729861446386772
2011Q3,legal,Legal services,0.008648433568561376,-0.03485381562054443,-0.05930203109963028
2011Q3,computer_systems,Computer systems design and related services,0.005822272830036793,0.034969140093626186,0.008958280010238129
2011Q3,misc_professional,"Miscellaneous professional, scientific, and technical services",0.014364796388730727,0.017824790702921613,-0.060222821751561906
2011Q3,management_companies,Management of companies and enterprises,-0.008103555697421376,0.01583798280231369,-0.028962566434505677
2011Q3,admin_support,Administrative and support services,0.006820771027861494,-0.007378784299409586,-0.06706999739786623
2011Q3,waste_remediation,Waste management and remediation services,-0.012595648413068039,-0.07465707006689169,-0.05269323037708973
2011Q3,education,Educational services,0.0036912336323171313,-0.01653109542297473,0.02228561240862903
2011Q3,ambulatory_health,Ambulatory health care services,0.009929675537729415,-0.004013792519004269,0.016634248385202666
2011Q3,hospitals_nursing,"Hospitals, nursing and residential care facilities",0.007264876058642296,-0.004829416286115043,0.024006354895024007
2011Q3,social_assistance,Social assistance,0.008046890117836367,-0.015168248696736662,0.011831722548849344
2011Q3,performing_arts_museums,"Performing arts, spectator sports, museums, and related activities",-0.0022516864200061715,-0.03607551288592734,-0.05416945224406111
2011Q3,amusement_recreation,"Amusements, gambling, and recreation industries",-0.022597534200304026,-0.08137046834364281,-0.06304297111930202
2011Q3,accommodation,Accommodation,0.002294003581336246,-0.009272471740295699,-0.10876990516254526
2011Q3,food_services,Food services and drinking places,-0.0006552500586429755,-0.08341679587624874,-0.033079473892364986
2011Q3,other_services,"Other services, except government",0.005471918608647847,0.015628025688993092,-0.06662103582021439
2011Q4,oil_gas_extraction,Oil and gas extraction,-0.02689556509298996,-0.16914556973468234,0.002132439405374109
2011Q4,mining_except_oil_gas,"Mining, except oil and gas",0.0007872976711705282,0.06170048307905395,0.053343405790037934
2011Q4,support_mining,Support activities for mining,-9.367681498831382e-05,0.13226895347188514,0.16663505710793602
2011Q4,utilities,Utilities,0.008694569825979603,0.04743570141052627,-0.010094181275643432
2011Q4,construction,Construction,0.0071032889116926234,0.052986438220558825,-0.09132817027553886
2011Q4,wood_products,Wood products,0.03215589049665767,0.11646945909968112,-0.02900905448465152
2011Q4,nonmetallic_mineral,Nonmetallic mineral products,0.016803449785661215,0.14528793936712114,0.0427588660894318
2011Q4,primary_metals,Primary metals,0.0079002079002079,-0.11058176052121328,0.1745092476256096
2011Q4,fabricated_metal,Fabricated metal products,0.015673418877100387,0.1438791159933078,0.00858844884086385
2011Q4,machinery,Machinery,0.0734101641854401,0.3005267080568144,0.11112722351121418
2011Q4,computer_electronic,Computer and electronic products,0.1081381871362199,0.3052898224263873,0.13407836670014084
2011Q4,electrical_equipment,"Electrical equipment, appliances, and components",-0.08053102725959344,-0.08045254201624723,0.08209600421005159
2011Q4,motor_vehicles,"Motor vehicles, bodies and trailers, and parts",0.08000504824442488,0.7472982201047651,0.14992844100083902
2011Q4,other_transport_equipment,Other transportation equipment,-0.06796767202330345,-0.16855091209576803,-0.10126349413407587
2011Q4,furniture,Furniture and related products,0.10561524850734469,0.326663728925382,0.03429377523389476
2011Q4,misc_manufacturing,Miscellaneous manufacturing,0.03366013071895424,0.124410164878548,0.03031270961765742
2011Q4,food_beverage_tobacco,Food and beverage and tobacco products,-0.022975212264224235,0.07426971334390917,0.02183007066850795
2011Q4,textiles,Textile mills and textile product mills,-0.056469045986092176,-0.06579658118790223,0.07571145665248635
2011Q4,apparel_leather,Apparel and leather and allied products,-0.06102526914709655,-0.0612062649130422,-0.0791033753168725
2011Q4,paper,Paper products,-0.030650149744588295,-0.05358448313510745,0.023823412744709227
2011Q4,printing,Printing and related support activities,-0.0013092800260035772,0.06292728998887935,0.0025062347218447467
2011Q4,petroleum_coal,Petroleum and coal products,0.06212627934725981,0.2765280966934697,0.06635974460195615
2011Q4,chemicals,Chemical products,-0.02675728025539853,0.002235360795987549,0.01908331524036977
2011Q4,plastics_rubber,Plastics and rubber products,-0.02280660878664506,0.020685110821281518,0.04551468999783981
2011Q4,wholesale,Wholesale trade,-0.019101470570624085,0.06179085973566083,0.18837144124997085
2011Q4,retail,Retail trade,0.006726199732725563,0.10321143358568309,0.13648393604789888
2011Q4,air_transport,Air transportation,0.00543677234195665,0.014910431290276685,0.023308817052761333
2011Q4,rail_transport,Rail transportation,-0.00906655676900886,0.03260110222774189,0.14662920095448362
2011Q4,water_transport,Water transportation,-0.0057756165116535085,-0.027271816108363656,-0.06795494752683695
2011Q4,truck_transport,Truck transportation,0.0022278337201717124,0.11863801922742223,0.06723297227396219
2011Q4,transit_ground,Transit and ground passenger transportation,-0.013136624793066487,-0.02954968827819475,0.0007049474493718844
2011Q4,pipeline,Pipeline transportation,-5.041084841456156e-05,-0.03956792422710595,-0.04259978561796196
2011Q4,other_transport_support,Other transportation and support activities,-0.026795886199416308,0.016386903684840994,0.04821274692670996
2011Q4,warehousing,Warehousing and storage,-0.00485702819942796,0.058473966207791,0.06547069112436654
2011Q4,information,Information,-0.0042593187591399295,0.06281614006685496,0.03548795944233207
2011Q4,credit_intermediation,"Federal Reserve banks, credit intermediation, and related activities",0.054435921482835326,0.025574763535964568,-0.05763771824859598
2011Q4,securities,"Securities, commodity contracts, and investments",0.04182456016100548,0.1852942876761748,0.1272969610805046
2011Q4,insurance,Insurance carriers and related activities,0.046867733164543596,0.07551162479963998,-0.02589988954610678
2011Q4,funds_trusts,"Funds, trusts, and other financial vehicles",0.10969563726577783,0.21349043033677503,0.05405147668863197
2011Q4,real_estate,Real estate,-0.0378810938909554,-0.04134475658241128,-0.025136579095364375
2011Q4,rental_leasing,Rental and leasing services and lessors of intangible assets,0.056495828678569726,0.127909840995843,-0.016756169549889233
2011Q4,legal,Legal services,0.04430154144637366,0.03423418165095842,-0.027539880605547684
2011Q4,computer_systems,Computer systems design and related services,0.004753115449652304,0.08004287929548716,0.09952100956445653
2011Q4,misc_professional,"Miscellaneous professional, scientific, and technical services",0.020697809903980957,0.050008778548055834,0.007382234637944185
2011Q4,management_companies,Management of companies and enterprises,-0.0026032442091989128,-0.0427594980637766,-0.0008675708017551464
2011Q4,admin_support,Administrative and support services,0.02208327509732652,0.034600767687607316,-0.04429197025180265
2011Q4,waste_remediation,Waste management and remediation services,-0.004847352960498513,0.04310626505149277,0.07381305637982205
2011Q4,education,Educational services,0.0006268110835736598,-0.01740399354252712,0.03832406113086484
2011Q4,ambulatory_health,Ambulatory health care services,0.028825395777921814,0.031737035563988436,0.010435497124075654
2011Q4,hospitals_nursing,"Hospitals, nursing and residential care facilities",0.0022520177037229847,-0.010355421633638439,0.027042879360142047
2011Q4,social_assistance,Social assistance,0.008525421500966024,-0.003945358471918913,0.0006176652254479276
2011Q4,performing_arts_museums,"Performing arts, spectator sports, museums, and related activities",0.04129255476282126,0.05985810134723877,0.008883316915913042
2011Q4,amusement_recreation,"Amusements, gambling, and recreation industries",0.0034093303764061306,0.050242754463876174,0.024592528486946597
2011Q4,accommodation,Accommodation,0.044469508985638034,0.17706419058821884,0.04908796394112258
2011Q4,food_services,Food services and drinking places,0.0022104491444538132,0.04911807939079392,0.018200845405671684
2011Q4,other_services,"Other services, except government",0.01968030241572269,0.02110146621603231,0.0009374567225235442
2012Q1,oil_gas_extraction,Oil and gas extraction,-0.02689556509298996,-0.1682076548623795,0.002132439405374109
2012Q1,mining_except_oil_gas,"Mining, except oil and gas",0.0007872976711705282,0.05409729235172182,0.053343405790037934
2012Q1,support_mining,Support activities for mining,-9.367681498831382e-05,0.1408515672136485,0.16663505710793602
2012Q1,utilities,Utilities,0.008694569825979603,0.04573172481428641,-0.010094181275643432
2012Q1,construction,Construction,0.0071032889116926234,0.05432857389535989,-0.09132817027553886
2012Q1,wood_products,Wood products,0.03215589049665767,0.11757380770309718,-0.02900905448465152
2012Q1,nonmetallic_mineral,Nonmetallic mineral products,0.016803449785661215,0.14827811949698813,0.0427588660894318
2012Q1,primary_metals,Primary metals,0.0079002079002079,-0.1150629821844846,0.1745092476256096
2012Q1,fabricated_metal,Fabricated metal products,0.015673418877100387,0.14616610299056543,0.00858844884086385
2012Q1,machinery,Machinery,0.0734101641854401,0.29736438194204556,0.11112722351121418
2012Q1,computer_electronic,Computer and electronic products,0.1081381871362199,0.3101388462330128,0.13407836670014084
2012Q1,electrical_equipment,"Electrical equipment, appliances, and components",-0.08053102725959344,-0.07728687159518202,0.08209600421005159
2012Q1,motor_vehicles,"Motor vehicles, bodies and trailers, and parts",0.08000504824442488,0.7452618585783563,0.14992844100083902
2012Q1,other_transport_equipment,Other transportation equipment,-0.06796767202330345,-0.16855091209576803,-0.10126349413407587
2012Q1,furniture,Furniture and related products,0.10561524850734469,0.32362594828544344,0.03429377523389476
2012Q1,misc_manufacturing,Miscellaneous manufacturing,0.03366013071895424,0.12571261636449813,0.03031270961765742
2012Q1,food_beverage_tobacco,Food and beverage and tobacco products,-0.022975212264224235,0.07426971334390917,0.02183007066850795
2012Q1,textiles,Textile mills and textile product mills,-0.056469045986092176,-0.06695127625360182,0.07571145665248635
2012Q1,apparel_leather,Apparel and leather and allied products,-0.06102526914709655,-0.0612062649130422,-0.0791033753168725
2012Q1,paper,Paper products,-0.030650149744588295,-0.048260209682057395,0.023823412744709227
2012Q1,printing,Printing and related support activities,-0.0013092800260035772,0.06170516968921692,0.0025062347218447467
2012Q1,petroleum_coal,Petroleum and coal products,0.06212627934725981,0.2773172072073774,0.06635974460195615
2012Q1,chemicals,Chemical products,-0.02675728025539853,-0.0012458558073329621,0.01908331524036977
2012Q1,plastics_rubber,Plastics and rubber products,-0.02280660878664506,0.01812118005728741,0.04551468999783981
2012Q1,wholesale,Wholesale trade,-0.019101470570624085,0.06249607354439945,0.18837144124997085
2012Q1,retail,Retail trade,0.006726199732725563,0.10137253836868945,0.13648393604789888
2012Q1,air_transport,Air transportation,0.00543677234195665,0.02768364347951767,0.023308817052761333
2012Q1,rail_transport,Rail transportation,-0.00906655676900886,0.02549146853880293,0.14662920095448362
2012Q1,water_transport,Water transportation,-0.0057756165116535085,-0.018881287983217657,-0.06795494752683695
2012Q1,truck_transport,Truck transportation,0.0022278337201717124,0.11359043782490058,0.06723297227396219
2012Q1,transit_ground,Transit and ground passenger transportation,-0.013136624793066487,-0.023209302721830326,0.0007049474493718844
2012Q1,pipeline,Pipeline transportation,-5.041084841456156e-05,-0.03760131386213332,-0.04259978561796196
2012Q1,other_transport_support,Other transportation and support activities,-0.026795886199416308,0.012181215056001326,0.04821274692670996
2012Q1,warehousing,Warehousing and storage,-0.00485702819942796,0.05032963746918341,0.06547069112436654
2012Q1,information,Information,-0.0042593187591399295,0.06410678933686909,0.03548795944233207
2012Q1,credit_intermediation,"Federal Reserve banks, credit intermediation, and related activities",0.054435921482835326,0.023825725761058295,-0.05763771824859598
2012Q1,securities,"Securities, commodity contracts, and investments",0.04182456016100548,0.1852942876761748,0.1272969610805046
2012Q1,insurance,Insurance carriers and related activities,0.046867733164543596,0.06525194874041002,-0.02589988954610678
2012Q1,funds_trusts,"Funds, trusts, and other financial vehicles",0.10969563726577783,0.2139740119160005,0.05405147668863197
2012Q1,real_estate,Real estate,-0.0378810938909554,-0.04148800779836254,-0.025136579095364375
2012Q1,rental_leasing,Rental and leasing services and lessors of intangible assets,0.056495828678569726,0.137590832216907,-0.016756169549889233
2012Q1,legal,Legal services,0.04430154144637366,0.03423418165095842,-0.027539880605547684
2012Q1,computer_systems,Computer systems design and related services,0.004753115449652304,0.08004287929548716,0.09952100956445653
2012Q1,misc_professional,"Miscellaneous professional, scientific, and technical services",0.020697809903980957,0.050008778548055834,0.007382234637944185
2012Q1,management_companies,Management of companies and enterprises,-0.0026032442091989128,-0.04774988840668874,-0.0008675708017551464
2012Q1,admin_support,Administrative and support services,0.02208327509732652,0.03284843601326974,-0.04429197025180265
2012Q1,waste_remediation,Waste management and remediation services,-0.004847352960498513,0.04144965642237243,0.07381305637982205
2012Q1,education,Educational services,0.0006268110835736598,-0.019135350407768516,0.03832406113086484
2012Q1,ambulatory_health,Ambulatory health care services,0.028825395777921814,0.03192108191126739,0.010435497124075654
2012Q1,hospitals_nursing,"Hospitals, nursing and residential care facilities",0.0022520177037229847,-0.008790887801396158,0.027042879360142047
2012Q1,social_assistance,Social assistance,0.008525421500966024,0.005924899533068904,0.0006176652254479276
2012Q1,performing_arts_museums,"Performing arts, spectator sports, museums, and related activities",0.04129255476282126,0.06616874961280346,0.008883316915913042
2012Q1,amusement_recreation,"Amusements, gambling, and recreation industries",0.0034093303764061306,0.04436255720543965,0.024592528486946597
2012Q1,accommodation,Accommodation,0.044469508985638034,0.17678691498753824,0.04908796394112258
2012Q1,food_services,Food services and drinking places,0.0022104491444538132,0.04655469916082415,0.018200845405671684
2012Q1,other_services,"Other services, except government",0.01968030241572269,0.027318768040355504,0.0009374567225235442
2012Q2,oil_gas_extraction,Oil and gas extraction,-0.02689556509298996,-0.1682076548623795,0.002132439405374109
2012Q2,mining_except_oil_gas,"Mining, except oil and gas",0.0007872976711705282,0.05409729235172182,0.053343405790037934
2012Q2,support_mining,Support activities for mining,-9.367681498831382e-05,0.1408515672136485,0.16663505710793602
2012Q2,utilities,Utilities,0.008694569825979603,-0.06822895688935685,-0.010094181275643432
2012Q2,construction,Construction,0.0071032889116926234,-0.00027035852311817817,-0.09132817027553886
2012Q2,wood_products,Wood products,0.03215589049665767,0.11757380770309718,-0.02900905448465152
2012Q2,nonmetallic_mineral,Nonmetallic mineral products,0.016803449785661215,0.14827811949698813,0.0427588660894318
2012Q2,primary_metals,Primary metals,0.0079002079002079,-0.1150629821844846,0.1745092476256096
2012Q2,fabricated_metal,Fabricated metal products,0.015673418877100387,0.14616610299056543,0.00858844884086385
2012Q2,machinery,Machinery,0.0734101641854401,0.29736438194204556,0.11112722351121418
2012Q2,computer_electronic,Computer and electronic products,0.1081381871362199,0.3101388462330128,0.13407836670014084
2012Q2,electrical_equipment,"Electrical equipment, appliances, and components",-0.08053102725959344,-0.07728687159518202,0.08209600421005159
2012Q2,motor_vehicles,"Motor vehicles, bodies and trailers, and parts",0.08000504824442488,0.7452618585783563,0.14992844100083902
2012Q2,other_transport_equipment,Other transportation equipment,-0.06796767202330345,-0.16855091209576803,-0.10126349413407587
2012Q2,furniture,Furniture and related products,0.10561524850734469,0.32362594828544344,0.03429377523389476
2012Q2,misc_manufacturing,Miscellaneous manufacturing,0.03366013071895424,0.12571261636449813,0.03031270961765742
2012Q2,food_beverage_tobacco,Food and beverage and tobacco products,-0.022975212264224235,0.07426971334390917,0.02183007066850795
2012Q2,textiles,Textile mills and textile product mills,-0.056469045986092176,-0.06695127625360182,0.07571145665248635
2012Q2,apparel_leather,Apparel and leather and allied products,-0.06102526914709655,-0.0612062649130422,-0.0791033753168725
2012Q2,paper,Paper products,-0.030650149744588295,-0.048260209682057395,0.023823412744709227
2012Q2,printing,Printing and related support activities,-0.0013092800260035772,0.06170516968921692,0.0025062347218447467
2012Q2,petroleum_coal,Petroleum and coal products,0.06212627934725981,0.2773172072073774,0.06635974460195615
2012Q2,chemicals,Chemical products,-0.02675728025539853,-0.0012458558073329621,0.01908331524036977
2012Q2,plastics_rubber,Plastics and rubber products,-0.02280660878664506,0.01812118005728741,0.04551468999783981
2012Q2,wholesale,Wholesale trade,-0.019101470570624085,0.01879453575772176,0.18837144124997085
2012Q2,retail,Retail trade,0.006726199732725563,0.005444154416548476,0.13648393604789888
2012Q2,air_transport,Air transportation,0.00543677234195665,0.02768364347951767,0.023308817052761333
2012Q2,rail_transport,Rail transportation,-0.00906655676900886,0.02549146853880293,0.14662920095448362
2012Q2,water_transport,Water transportation,-0.0057756165116535085,-0.018881287983217657,-0.06795494752683695
2012Q2,truck_transport,Truck transportation,0.0022278337201717124,0.11359043782490058,0.06723297227396219
2012Q2,transit_ground,Transit and ground passenger transportation,-0.013136624793066487,-0.023209302721830326,0.0007049474493718844
2012Q2,pipeline,Pipeline transportation,-5.041084841456156e-05,-0.03760131386213332,-0.04259978561796196
2012Q2,other_transport_support,Other transportation and support activities,-0.026795886199416308,0.012181215056001326,0.04821274692670996
2012Q2,warehousing,Warehousing and storage,-0.00485702819942796,0.05032963746918341,0.06547069112436654
2012Q2,information,Information,-0.0042593187591399295,0.0678523503763927,0.03548795944233207
2012Q2,credit_intermediation,"Federal Reserve banks, credit intermediation, and related activities",0.054435921482835326,0.023825725761058295,-0.05763771824859598
2012Q2,securities,"Securities, commodity contracts, and investments",0.04182456016100548,0.1852942876761748,0.1272969610805046
2012Q2,insurance,Insurance carriers and related activities,0.046867733164543596,0.06525194874041002,-0.02589988954610678
2012Q2,funds_trusts,"Funds, trusts, and other financial vehicles",0.10969563726577783,0.2139740119160005,0.05405147668863197
2012Q2,real_estate,Real estate,-0.0378810938909554,-0.04148800779836254,-0.025136579095364375
2012Q2,rental_leasing,Rental and leasing services and lessors of intangible assets,0.056495828678569726,0.137590832216907,-0.016756169549889233
2012Q2,legal,Legal services,0.04430154144637366,0.03423418165095842,-0.027539880605547684
2012Q2,computer_systems,Computer systems design and related services,0.004753115449652304,0.08004287929548716,0.09952100956445653
2012Q2,misc_professional,"Miscellaneous professional, scientific, and technical services",0.020697809903980957,0.050008778548055834,0.007382234637944185
2012Q2,management_companies,Management of companies and enterprises,-0.0026032442091989128,-0.0023535377762364355,-0.0008675708017551464
2012Q2,admin_support,Administrative and support services,0.02208327509732652,0.03284843601326974,-0.04429197025180265
2012Q2,waste_remediation,Waste management and remediation services,-0.004847352960498513,0.04144965642237243,0.07381305637982205
2012Q2,education,Educational services,0.0006268110835736598,-0.03627878044258455,0.03832406113086484
2012Q2,ambulatory_health,Ambulatory health care services,0.028825395777921814,0.03192108191126739,0.010435497124075654
2012Q2,hospitals_nursing,"Hospitals, nursing and residential care facilities",0.0022520177037229847,-0.008790887801396158,0.027042879360142047
2012Q2,social_assistance,Social assistance,0.008525421500966024,0.005924899533068904,0.0006176652254479276
2012Q2,performing_arts_museums,"Performing arts, spectator sports, museums, and related activities",0.04129255476282126,0.06616874961280346,0.008883316915913042
2012Q2,amusement_recreation,"Amusements, gambling, and recreation industries",0.0034093303764061306,0.04436255720543965,0.024592528486946597
2012Q2,accommodation,Accommodation,0.044469508985638034,0.17678691498753824,0.04908796394112258
2012Q2,food_services,Food services and drinking places,0.0022104491444538132,0.04655469916082415,0.018200845405671684
2012Q2,other_services,"Other services, except government",0.01968030241572269,-0.0037404608860236504,0.0009374567225235442
2012Q3,oil_gas_extraction,Oil and gas extraction,-0.02689556509298996,-0.1682076548623795,0.002132439405374109
2012Q3,mining_except_oil_gas,"Mining, except oil and gas",0.0007872976711705282,0.05409729235172182,0.053343405790037934
2012Q3,support_mining,Support activities for mining,-9.367681498831382e-05,0.1408515672136485,0.16663505710793602
2012Q3,utilities,Utilities,0.008694569825979603,-0.06822895688935685,-0.010094181275643432
2012Q3,construction,Construction,0.0071032889116926234,-0.00027035852311817817,-0.09132817027553886
2012Q3,wood_products,Wood products,0.03215589049665767,0.11757380770309718,-0.02900905448465152
2012Q3,nonmetallic_mineral,Nonmetallic mineral products,0.016803449785661215,0.14827811949698813,0.0427588660894318
2012Q3,primary_metals,Primary metals,0.0079002079002079,-0.1150629821844846,0.1745092476256096
2012Q3,fabricated_metal,Fabricated metal products,0.015673418877100387,0.14616610299056543,0.00858844884086385
2012Q3,machinery,Machinery,0.0734101641854401,0.29736438194204556,0.11112722351121418
2012Q3,computer_electronic,Computer and electronic products,0.1081381871362199,0.3101388462330128,0.13407836670014084
2012Q3,electrical_equipment,"Electrical equipment, appliances, and components",-0.08053102725959344,-0.07728687159518202,0.08209600421005159
2012Q3,motor_vehicles,"Motor vehicles, bodies and trailers, and parts",0.08000504824442488,0.7452618585783563,0.14992844100083902
2012Q3,other_transport_equipment,Other transportation equipment,-0.06796767202330345,-0.16855091209576803,-0.10126349413407587
2012Q3,furniture,Furniture and related products,0.10561524850734469,0.32362594828544344,0.03429377523389476
2012Q3,misc_manufacturing,Miscellaneous manufacturing,0.03366013071895424,0.12571261636449813,0.03031270961765742
2012Q3,food_beverage_tobacco,Food and beverage and tobacco products,-0.022975212264224235,0.07426971334390917,0.02183007066850795
2012Q3,textiles,Textile mills and textile product mills,-0.056469045986092176,-0.06695127625360182,0.07571145665248635
2012Q3,apparel_leather,Apparel and leather and allied products,-0.06102526914709655,-0.0612062649130422,-0.0791033753168725
2012Q3,paper,Paper products,-0.030650149744588295,-0.048260209682057395,0.023823412744709227
2012Q3,printing,Printing and related support activities,-0.0013092800260035772,0.06170516968921692,0.0025062347218447467
2012Q3,petroleum_coal,Petroleum and coal products,0.06212627934725981,0.2773172072073774,0.06635974460195615
2012Q3,chemicals,Chemical products,-0.02675728025539853,-0.0012458558073329621,0.01908331524036977
2012Q3,plastics_rubber,Plastics and rubber products,-0.02280660878664506,0.01812118005728741,0.04551468999783981
2012Q3,wholesale,Wholesale trade,-0.019101470570624085,0.01879453575772176,0.18837144124997085
2012Q3,retail,Retail trade,0.006726199732725563,0.005444154416548476,0.13648393604789888
2012Q3,air_transport,Air transportation,0.00543677234195665,0.02768364347951767,0.023308817052761333
2012Q3,rail_transport,Rail transportation,-0.00906655676900886,0.02549146853880293,0.14662920095448362
2012Q3,water_transport,Water transportation,-0.0057756165116535085,-0.018881287983217657,-0.06795494752683695
2012Q3,truck_transport,Truck transportation,0.0022278337201717124,0.11359043782490058,0.06723297227396219
2012Q3,transit_ground,Transit and ground passenger transportation,-0.013136624793066487,-0.023209302721830326,0.0007049474493718844
2012Q3,pipeline,Pipeline transportation,-5.041084841456156e-05,-0.03760131386213332,-0.04259978561796196
2012Q3,other_transport_support,Other transportation and support activities,-0.026795886199416308,0.012181215056001326,0.04821274692670996
2012Q3,warehousing,Warehousing and storage,-0.00485702819942796,0.05032963746918341,0.06547069112436654
2012Q3,information,Information,-0.0042593187591399295,0.0678523503763927,0.03548795944233207
2012Q3,credit_intermediation,"Federal Reserve banks, credit intermediation, and related activities",0.054435921482835326,0.023825725761058295,-0.05763771824859598
2012Q3,securities,"Securities, commodity contracts, and investments",0.04182456016100548,0.1852942876761748,0.1272969610805046
2012Q3,insurance,Insurance carriers and related activities,0.046867733164543596,0.06525194874041002,-0.02589988954610678
2012Q3,funds_trusts,"Funds, trusts, and other financial vehicles",0.10969563726577783,0.2139740119160005,0.05405147668863197
2012Q3,real_estate,Real estate,-0.0378810938909554,-0.04148800779836254,-0.025136579095364375
2012Q3,rental_leasing,Rental and leasing services and lessors of intangible assets,0.056495828678569726,0.137590832216907,-0.016756169549889233
2012Q3,legal,Legal services,0.04430154144637366,0.03423418165095842,-0.027539880605547684
2012Q3,computer_systems,Computer systems design and related services,0.004753115449652304,0.08004287929548716,0.09952100956445653
2012Q3,misc_professional,"Miscellaneous professional, scientific, and technical services",0.020697809903980957,0.050008778548055834,0.007382234637944185
2012Q3,management_companies,Management of companies and enterprises,-0.0026032442091989128,-0.0023535377762364355,-0.0008675708017551464
2012Q3,admin_support,Administrative and support services,0.02208327509732652,0.03284843601326974,-0.04429197025180265
2012Q3,waste_remediation,Waste management and remediation services,-0.004847352960498513,0.04144965642237243,0.07381305637982205
2012Q3,education,Educational services,0.0006268110835736598,-0.03627878044258455,0.03832406113086484
2012Q3,ambulatory_health,Ambulatory health care services,0.028825395777921814,0.03192108191126739,0.010435497124075654
2012Q3,hospitals_nursing,"Hospitals, nursing and residential care facilities",0.0022520177037229847,-0.008790887801396158,0.027042879360142047
2012Q3,social_assistance,Social assistance,0.008525421500966024,0.005924899533068904,0.0006176652254479276
2012Q3,performing_arts_museums,"Performing arts, spectator sports, museums, and related activities",0.04129255476282126,0.06616874961280346,0.008883316915913042
2012Q3,amusement_recreation,"Amusements, gambling, and recreation industries",0.0034093303764061306,0.04436255720543965,0.024592528486946597
2012Q3,accommodation,Accommodation,0.044469508985638034,0.17678691498753824,0.04908796394112258
2012Q3,food_services,Food services and drinking places,0.0022104491444538132,0.04655469916082415,0.018200845405671684
2012Q3,other_services,"Other services, except government",0.01968030241572269,-0.0037404608860236504,0.0009374567225235442
2012Q4,oil_gas_extraction,Oil and gas extraction,-0.02499721114216541,-0.13681390922438494,0.051132162460746144
2012Q4,mining_except_oil_gas,"Mining, except oil and gas",0.01248483073189105,-0.06627334646042606,0.018132135331033084
2012Q4,support_mining,Support activities for mining,-0.0004012640150304059,-0.01774809258004683,0.227093626868472
2012Q4,utilities,Utilities,0.03876833323134027,0.02120418803316404,-0.04714418234826401
2012Q4,construction,Construction,-0.0014769330936117153,-0.0004332444235693145,-0.04682087544015345
2012Q4,wood_products,Wood products,0.005326588305311714,0.1361479088963915,-0.016335119750507276
2012Q4,nonmetallic_mineral,Nonmetallic mineral products,0.0009123074620957933,0.06963342079756023,0.030230719470998535
2012Q4,primary_metals,Primary metals,0.0011149996575996676,-0.06243462008853224,0.1817384728356768
2012Q4,fabricated_metal,Fabricated metal products,-0.007344795684328817,0.010142045001451659,0.04152412545929951
2012Q4,machinery,Machinery,0.002294250955772875,0.06565943847796482,0.09930921947239613
2012Q4,computer_electronic,Computer and electronic products,-0.04449782230550803,-9.58157042781052e-05,0.02634605423722869
2012Q4,electrical_equipment,"Electrical equipment, appliances, and components",0.01777481965801092,0.0960495989381349,0.013666678814825639
2012Q4,motor_vehicles,"Motor vehicles, bodies and trailers, and parts",0.008897771537637433,0.2305737562337764,0.15483920642660998
2012Q4,other_transport_equipment,Other transportation equipment,0.007943107848478778,0.045260953617700446,-0.016232319614198354
2012Q4,furniture,Furniture and related products,0.012977127695930707,0.07138484869417432,0.027115817560243505
2012Q4,misc_manufacturing,Miscellaneous manufacturing,-0.04158284657084921,-0.0452361956417189,0.030673515155899667
2012Q4,food_beverage_tobacco,Food and beverage and tobacco products,-0.01657154299708781,-0.021280589169093374,0.009082121712513658
2012Q4,textiles,Textile mills and textile product mills,-0.024021455159179694,-0.1103569381424175,-0.03748205373624125
2012Q4,apparel_leather,Apparel and leather and allied products,-0.0024367755532138935,0.011898519899971535,0.024071931255572165
2012Q4,paper,Paper products,-0.006490843274666119,0.0037350159790111004,-0.03318081759194158
2012Q4,printing,Printing and related support activities,0.009698647236808189,0.0968912581210227,-0.02302470607425633
2012Q4,petroleum_coal,Petroleum and coal products,0.009095752597964912,-0.0654442660121572,0.015932006545953614
2012Q4,chemicals,Chemical products,0.0045067085767128146,-0.007599072291548513,-0.02192830172301552
2012Q4,plastics_rubber,Plastics and rubber products,-0.006944208613272551,-0.018909205599211127,0.008743603755775098
2012Q4,wholesale,Wholesale trade,-0.00841413262420504,0.015545433318131335,0.07030887672757635
2012Q4,retail,Retail trade,-0.002706517573996675,-0.01239724888304536,0.014397322533691082
2012Q4,air_transport,Air transportation,-0.020360390432853162,0.013674861590288835,0.010195793433652511
2012Q4,rail_transport,Rail transportation,-0.0007601094557616039,-0.006547536465125691,0.047720042417815245
2012Q4,water_transport,Water transportation,-0.0023445711051822693,0.22530116034404268,0.04814719782812027
2012Q4,truck_transport,Truck transportation,-0.011224839198463066,0.002570586512722444,0.048287624813626806
2012Q4,transit_ground,Transit and ground passenger transportation,-0.01823754019292606,-0.041639024260045523,-0.02152405494328502
2012Q4,pipeline,Pipeline transportation,0.10046345811051693,0.16842517303346782,0.035823565409782265
2012Q4,other_transport_support,Other transportation and support activities,-0.011643227947045198,-0.005086841838051202,0.03253946132325769
2012Q4,warehousing,Warehousing and storage,0.005072326604065008,0.05908834336571593,0.07612895784070584
2012Q4,information,Information,0.003604809148875565,0.07561154114552439,0.04900192942279613
2012Q4,credit_intermediation,"Federal Reserve banks, credit intermediation, and related activities",-0.014080879420880377,-0.012807941635906383,-0.034054271896829635
2012Q4,securities,"Securities, commodity contracts, and investments",-0.02205686947281829,-0.08130589492324061,-0.04941407654149388
2012Q4,insurance,Insurance carriers and related activities,-0.004174191288661533,-0.0006280261702016494,0.006314816716295191
2012Q4,funds_trusts,"Funds, trusts, and other financial vehicles",0.02237874502816141,-0.03705902873581242,0.042242265098755505
2012Q4,real_estate,Real estate,0.0019509625951121823,0.0015823859786498087,0.0024693092960459406
2012Q4,rental_leasing,Rental and leasing services and lessors of intangible assets,0.01259636082950999,0.05963384316266704,0.01228756571708045
2012Q4,legal,Legal services,0.005248033710963718,-0.016124584011185612,-0.03150072633813816
2012Q4,computer_systems,Computer systems design and related services,-0.005608970456050133,0.022521190830252082,0.06546369829106924
2012Q4,misc_professional,"Miscellaneous professional, scientific, and technical services",0.010117497919829133,0.038476978163189665,0.039708550637901796
2012Q4,management_companies,Management of companies and enterprises,0.004411217326644082,-0.027189826262562434,0.019124451066499404
2012Q4,admin_support,Administrative and support services,-0.0038392421133330856,0.030622722773602472,0.057655554195656045
2012Q4,waste_remediation,Waste management and remediation services,0.012021546519043164,-0.006981247379169914,-0.020414928589187586
2012Q4,education,Educational services,-0.00514788540707125,-0.015025962412598065,0.03848860900166695
2012Q4,ambulatory_health,Ambulatory health care services,-0.0015870497453063515,-0.008117094362705819,0.028885485178844927
2012Q4,hospitals_nursing,"Hospitals, nursing and residential care facilities",0.004819622571440918,0.00786999767604095,0.043797466146991315
2012Q4,social_assistance,Social assistance,0.0066480406905938955,-0.009115693239611464,0.019124395819155815
2012Q4,performing_arts_museums,"Performing arts, spectator sports, museums, and related activities",0.009582749656763312,0.06229024045117112,0.028543324689260574
2012Q4,amusement_recreation,"Amusements, gambling, and recreation industries",0.025094612631121754,0.05770066680818679,0.02209496834046587
2012Q4,accommodation,Accommodation,0.013716550064915484,0.06613590250738326,0.056624343933312726
2012Q4,food_services,Food services and drinking places,-0.005338708062178843,0.01389657666091837,0.04387236760724744
2012Q4,other_services,"Other services, except government",0.0021353194106365214,0.01046056848307036,0.01376082779644272
2013Q1,oil_gas_extraction,Oil and gas extraction,-0.02499721114216541,-0.12339951393416786,0.051132162460746144
2013Q1,mining_except_oil_gas,"Mining, except oil and gas",0.01248483073189105,-0.07281153045595572,0.018132135331033084
2013Q1,support_mining,Support activities for mining,-0.0004012640150304059,-0.031457990090194184,0.227093626868472
2013Q1,utilities,Utilities,0.03876833323134027,0.025957987337667097,-0.04714418234826401
2013Q1,construction,Construction,-0.0014769330936117153,-0.005794118733089407,-0.04682087544015345
2013Q1,wood_products,Wood products,0.005326588305311714,0.130545257304671,-0.016335119750507276
2013Q1,nonmetallic_mineral,Nonmetallic mineral products,0.0009123074620957933,0.06958801718872848,0.030230719470998535
2013Q1,primary_metals,Primary metals,0.0011149996575996676,-0.05924477244190488,0.1817384728356768
2013Q1,fabricated_metal,Fabricated metal products,-0.007344795684328817,0.007819944265695026,0.04152412545929951
2013Q1,machinery,Machinery,0.002294250955772875,0.06650269507523887,0.09930921947239613
2013Q1,computer_electronic,Computer and electronic products,-0.04449782230550803,0.003018145698123367,0.02634605423722869
2013Q1,electrical_equipment,"Electrical equipment, appliances, and components",0.01777481965801092,0.09793257508440674,0.013666678814825639
2013Q1,motor_vehicles,"Motor vehicles, bodies and trailers, and parts",0.008897771537637433,0.23071658814582358,0.15483920642660998
2013Q1,other_transport_equipment,Other transportation equipment,0.007943107848478778,0.045260953617700446,-0.016232319614198354
2013Q1,furniture,Furniture and related products,0.012977127695930707,0.07067737637247322,0.027115817560243505
2013Q1,misc_manufacturing,Miscellaneous manufacturing,-0.04158284657084921,-0.045715442095427564,0.030673515155899667
2013Q1,food_beverage_tobacco,Food and beverage and tobacco products,-0.01657154299708781,-0.021280589169093374,0.009082121712513658
2013Q1,textiles,Textile mills and textile product mills,-0.024021455159179694,-0.11203594279774007,-0.03748205373624125
2013Q1,apparel_leather,Apparel and leather and allied products,-0.0024367755532138935,0.011898519899971535,0.024071931255572165
2013Q1,paper,Paper products,-0.006490843274666119,0.013687906244772249,-0.03318081759194158
2013Q1,printing,Printing and related support activities,0.009698647236808189,0.09171368492244451,-0.02302470607425633
2013Q1,petroleum_coal,Petroleum and coal products,0.009095752597964912,-0.06195143646437076,0.015932006545953614
2013Q1,chemicals,Chemical products,0.0045067085767128146,-0.0016400197096301985,-0.02192830172301552
2013Q1,plastics_rubber,Plastics and rubber products,-0.006944208613272551,-0.01822724348566807,0.008743603755775098
2013Q1,wholesale,Wholesale trade,-0.00841413262420504,0.012945887906882695,0.07030887672757635
2013Q1,retail,Retail trade,-0.002706517573996675,-0.014097346208310635,0.014397322533691082
2013Q1,air_transport,Air transportation,-0.020360390432853162,0.011867524537412029,0.010195793433652511
2013Q1,rail_transport,Rail transportation,-0.0007601094557616039,-0.0034109284033899327,0.047720042417815245
2013Q1,water_transport,Water transportation,-0.0023445711051822693,0.24362457619759076,0.04814719782812027
2013Q1,truck_transport,Truck transportation,-0.011224839198463066,0.0013395737171510683,0.048287624813626806
2013Q1,transit_ground,Transit and ground passenger transportation,-0.01823754019292606,-0.050120137362630386,-0.02152405494328502
2013Q1,pipeline,Pipeline transportation,0.10046345811051693,0.16900405780593722,0.035823565409782265
2013Q1,other_transport_support,Other transportation and support activities,-0.011643227947045198,-0.00037797620356464157,0.03253946132325769
2013Q1,warehousing,Warehousing and storage,0.005072326604065008,0.047933242056317084,0.07612895784070584
2013Q1,information,Information,0.003604809148875565,0.07002406039361471,0.04900192942279613
2013Q1,credit_intermediation,"Federal Reserve banks, credit intermediation, and related activities",-0.014080879420880377,-0.010707822555405847,-0.034054271896829635
2013Q1,securities,"Securities, commodity contracts, and investments",-0.02205686947281829,-0.08130589492324061,-0.04941407654149388
2013Q1,insurance,Insurance carriers and related activities,-0.004174191288661533,0.010088008985090786,0.006314816716295191
2013Q1,funds_trusts,"Funds, trusts, and other financial vehicles",0.02237874502816141,-0.04156982390148643,0.042242265098755505
2013Q1,real_estate,Real estate,0.0019509625951121823,0.002123596349391341,0.0024693092960459406
2013Q1,rental_leasing,Rental and leasing services and lessors of intangible assets,0.01259636082950999,0.06075586161963118,0.01228756571708045
2013Q1,legal,Legal services,0.005248033710963718,-0.016124584011185612,-0.03150072633813816
2013Q1,computer_systems,Computer systems design and related services,-0.005608970456050133,0.022521190830252082,0.06546369829106924
2013Q1,misc_professional,"Miscellaneous professional, scientific, and technical services",0.010117497919829133,0.038476978163189665,0.039708550637901796
2013Q1,management_companies,Management of companies and enterprises,0.004411217326644082,-0.03692746535160595,0.019124451066499404
2013Q1,admin_support,Administrative and support services,-0.0038392421133330856,0.029612261556895315,0.057655554195656045
2013Q1,waste_remediation,Waste management and remediation services,0.012021546519043164,-0.007140966105454479,-0.020414928589187586
2013Q1,education,Educational services,-0.00514788540707125,-0.017765797553305936,0.03848860900166695
2013Q1,ambulatory_health,Ambulatory health care services,-0.0015870497453063515,-0.006593170300743695,0.028885485178844927
2013Q1,hospitals_nursing,"Hospitals, nursing and residential care facilities",0.004819622571440918,0.009181996181933685,0.043797466146991315
2013Q1,social_assistance,Social assistance,0.0066480406905938955,-0.013127940127581573,0.019124395819155815
2013Q1,performing_arts_museums,"Performing arts, spectator sports, museums, and related activities",0.009582749656763312,0.061610647897914685,0.028543324689260574
2013Q1,amusement_recreation,"Amusements, gambling, and recreation industries",0.025094612631121754,0.05107516016903001,0.02209496834046587
2013Q1,accommodation,Accommodation,0.013716550064915484,0.06432649076100985,0.056624343933312726
2013Q1,food_services,Food services and drinking places,-0.005338708062178843,0.011818327848452045,0.04387236760724744
2013Q1,other_services,"Other services, except government",0.0021353194106365214,0.006940986203965255,0.01376082779644272
2013Q2,oil_gas_extraction,Oil and gas extraction,-0.02499721114216541,-0.12339951393416786,0.051132162460746144
2013Q2,mining_except_oil_gas,"Mining, except oil and gas",0.01248483073189105,-0.07281153045595572,0.018132135331033084
2013Q2,support_mining,Support activities for mining,-0.0004012640150304059,-0.031457990090194184,0.227093626868472
2013Q2,utilities,Utilities,0.03876833323134027,0.005770373910654332,-0.04714418234826401
2013Q2,construction,Construction,-0.0014769330936117153,0.01185982239511112,-0.04682087544015345
2013Q2,wood_products,Wood products,0.005326588305311714,0.130545257304671,-0.016335119750507276
2013Q2,nonmetallic_mineral,Nonmetallic mineral products,0.0009123074620957933,0.06958801718872848,0.030230719470998535
2013Q2,primary_metals,Primary metals,0.0011149996575996676,-0.05924477244190488,0.1817384728356768
2013Q2,fabricated_metal,Fabricated metal products,-0.007344795684328817,0.007819944265695026,0.04152412545929951
2013Q2,machinery,Machinery,0.002294250955772875,0.06650269507523887,0.09930921947239613
2013Q2,computer_electronic,Computer and electronic products,-0.04449782230550803,0.003018145698123367,0.02634605423722869
2013Q2,electrical_equipment,"Electrical equipment, appliances, and components",0.01777481965801092,0.09793257508440674,0.013666678814825639
2013Q2,motor_vehicles,"Motor vehicles, bodies and trailers, and parts",0.008897771537637433,0.23071658814582358,0.15483920642660998
2013Q2,other_transport_equipment,Other transportation equipment,0.007943107848478778,0.045260953617700446,-0.016232319614198354
2013Q2,furniture,Furniture and related products,0.012977127695930707,0.07067737637247322,0.027115817560243505
2013Q2,misc_manufacturing,Miscellaneous manufacturing,-0.04158284657084921,-0.045715442095427564,0.030673515155899667
2013Q2,food_beverage_tobacco,Food and beverage and tobacco products,-0.01657154299708781,-0.021280589169093374,0.009082121712513658
2013Q2,textiles,Textile mills and textile product mills,-0.024021455159179694,-0.11203594279774007,-0.03748205373624125
2013Q2,apparel_leather,Apparel and leather and allied products,-0.0024367755532138935,0.011898519899971535,0.024071931255572165
2013Q2,paper,Paper products,-0.006490843274666119,0.013687906244772249,-0.03318081759194158
2013Q2,printing,Printing and related support activities,0.009698647236808189,0.09171368492244451,-0.02302470607425633
2013Q2,petroleum_coal,Petroleum and coal products,0.009095752597964912,-0.06195143646437076,0.015932006545953614
2013Q2,chemicals,Chemical products,0.0045067085767128146,-0.0016400197096301985,-0.02192830172301552
2013Q2,plastics_rubber,Plastics and rubber products,-0.006944208613272551,-0.01822724348566807,0.008743603755775098
2013Q2,wholesale,Wholesale trade,-0.00841413262420504,0.023627133262268372,0.07030887672757635
2013Q2,retail,Retail trade,-0.002706517573996675,0.023151313458331765,0.014397322533691082
2013Q2,air_transport,Air transportation,-0.020360390432853162,0.011867524537412029,0.010195793433652511
2013Q2,rail_transport,Rail transportation,-0.0007601094557616039,-0.0034109284033899327,0.047720042417815245
2013Q2,water_transport,Water transportation,-0.0023445711051822693,0.24362457619759076,0.04814719782812027
2013Q2,truck_transport,Truck transportation,-0.011224839198463066,0.0013395737171510683,0.048287624813626806
2013Q2,transit_ground,Transit and ground passenger transportation,-0.01823754019292606,-0.050120137362630386,-0.02152405494328502
2013Q2,pipeline,Pipeline transportation,0.10046345811051693,0.16900405780593722,0.035823565409782265
2013Q2,other_transport_support,Other transportation and support activities,-0.011643227947045198,-0.00037797620356464157,0.03253946132325769
2013Q2,warehousing,Warehousing and storage,0.005072326604065008,0.047933242056317084,0.07612895784070584
2013Q2,information,Information,0.003604809148875565,0.054559305746573944,0.04900192942279613
2013Q2,credit_intermediation,"Federal Reserve banks, credit intermediation, and related activities",-0.014080879420880377,-0.010707822555405847,-0.034054271896829635
2013Q2,securities,"Securities, commodity contracts, and investments",-0.02205686947281829,-0.08130589492324061,-0.04941407654149388
2013Q2,insurance,Insurance carriers and related activities,-0.004174191288661533,0.010088008985090786,0.006314816716295191
2013Q2,funds_trusts,"Funds, trusts, and other financial vehicles",0.02237874502816141,-0.04156982390148643,0.042242265098755505
2013Q2,real_estate,Real estate,0.0019509625951121823,0.002123596349391341,0.0024693092960459406
2013Q2,rental_leasing,Rental and leasing services and lessors of intangible assets,0.01259636082950999,0.06075586161963118,0.01228756571708045
2013Q2,legal,Legal services,0.005248033710963718,-0.016124584011185612,-0.03150072633813816
2013Q2,computer_systems,Computer systems design and related services,-0.005608970456050133,0.022521190830252082,0.06546369829106924
2013Q2,misc_professional,"Miscellaneous professional, scientific, and technical services",0.010117497919829133,0.038476978163189665,0.039708550637901796
2013Q2,management_companies,Management of companies and enterprises,0.004411217326644082,-0.002884390955628608,0.019124451066499404
2013Q2,admin_support,Administrative and support services,-0.0038392421133330856,0.029612261556895315,0.057655554195656045
2013Q2,waste_remediation,Waste management and remediation services,0.012021546519043164,-0.007140966105454479,-0.020414928589187586
2013Q2,education,Educational services,-0.00514788540707125,-0.027206086730198562,0.03848860900166695
2013Q2,ambulatory_health,Ambulatory health care services,-0.0015870497453063515,-0.006593170300743695,0.028885485178844927
2013Q2,hospitals_nursing,"Hospitals, nursing and residential care facilities",0.004819622571440918,0.009181996181933685,0.043797466146991315
2013Q2,social_assistance,Social assistance,0.0066480406905938955,-0.013127940127581573,0.019124395819155815
2013Q2,performing_arts_museums,"Performing arts, spectator sports, museums, and related activities",0.009582749656763312,0.061610647897914685,0.028543324689260574
2013Q2,amusement_recreation,"Amusements, gambling, and recreation industries",0.025094612631121754,0.05107516016903001,0.02209496834046587
2013Q2,accommodation,Accommodation,0.013716550064915484,0.06432649076100985,0.056624343933312726
2013Q2,food_services,Food services and drinking places,-0.005338708062178843,0.011818327848452045,0.04387236760724744
2013Q2,other_services,"Other services, except government",0.0021353194106365214,-0.012446342637888446,0.01376082779644272
2013Q3,oil_gas_extraction,Oil and gas extraction,-0.02499721114216541,-0.12339951393416786,0.051132162460746144
2013Q3,mining_except_oil_gas,"Mining, except oil and gas",0.01248483073189105,-0.07281153045595572,0.018132135331033084
2013Q3,support_mining,Support activities for mining,-0.0004012640150304059,-0.031457990090194184,0.227093626868472
2013Q3,utilities,Utilities,0.03876833323134027,0.005770373910654332,-0.04714418234826401
2013Q3,construction,Construction,-0.0014769330936117153,0.01185982239511112,-0.04682087544015345
2013Q3,wood_products,Wood products,0.005326588305311714,0.130545257304671,-0.016335119750507276
2013Q3,nonmetallic_mineral,Nonmetallic mineral products,0.0009123074620957933,0.06958801718872848,0.030230719470998535
2013Q3,primary_metals,Primary metals,0.0011149996575996676,-0.05924477244190488,0.1817384728356768
2013Q3,fabricated_metal,Fabricated metal products,-0.007344795684328817,0.007819944265695026,0.04152412545929951
2013Q3,machinery,Machinery,0.002294250955772875,0.06650269507523887,0.09930921947239613
2013Q3,computer_electronic,Computer and electronic products,-0.04449782230550803,0.003018145698123367,0.02634605423722869
2013Q3,electrical_equipment,"Electrical equipment, appliances, and components",0.01777481965801092,0.09793257508440674,0.013666678814825639
2013Q3,motor_vehicles,"Motor vehicles, bodies and trailers, and parts",0.008897771537637433,0.23071658814582358,0.15483920642660998
2013Q3,other_transport_equipment,Other transportation equipment,0.007943107848478778,0.045260953617700446,-0.016232319614198354
2013Q3,furniture,Furniture and related products,0.012977127695930707,0.07067737637247322,0.027115817560243505
2013Q3,misc_manufacturing,Miscellaneous manufacturing,-0.04158284657084921,-0.045715442095427564,0.030673515155899667
2013Q3,food_beverage_tobacco,Food and beverage and tobacco products,-0.01657154299708781,-0.021280589169093374,0.009082121712513658
2013Q3,textiles,Textile mills and textile product mills,-0.024021455159179694,-0.11203594279774007,-0.03748205373624125
2013Q3,apparel_leather,Apparel and leather and allied products,-0.0024367755532138935,0.011898519899971535,0.024071931255572165
2013Q3,paper,Paper products,-0.006490843274666119,0.013687906244772249,-0.03318081759194158
2013Q3,printing,Printing and related support activities,0.009698647236808189,0.09171368492244451,-0.02302470607425633
2013Q3,petroleum_coal,Petroleum and coal products,0.009095752597964912,-0.06195143646437076,0.015932006545953614
2013Q3,chemicals,Chemical products,0.0045067085767128146,-0.0016400197096301985,-0.02192830172301552
2013Q3,plastics_rubber,Plastics and rubber products,-0.006944208613272551,-0.01822724348566807,0.008743603755775098
2013Q3,wholesale,Wholesale trade,-0.00841413262420504,0.023627133262268372,0.07030887672757635
2013Q3,retail,Retail trade,-0.002706517573996675,0.023151313458331765,0.014397322533691082
2013Q3,air_transport,Air transportation,-0.020360390432853162,0.011867524537412029,0.010195793433652511
2013Q3,rail_transport,Rail transportation,-0.0007601094557616039,-0.0034109284033899327,0.047720042417815245
2013Q3,water_transport,Water transportation,-0.0023445711051822693,0.24362457619759076,0.04814719782812027
2013Q3,truck_transport,Truck transportation,-0.011224839198463066,0.0013395737171510683,0.048287624813626806
2013Q3,transit_ground,Transit and ground passenger transportation,-0.01823754019292606,-0.050120137362630386,-0.02152405494328502
2013Q3,pipeline,Pipeline transportation,0.10046345811051693,0.16900405780593722,0.035823565409782265
2013Q3,other_transport_support,Other transportation and support activities,-0.011643227947045198,-0.00037797620356464157,0.03253946132325769
2013Q3,warehousing,Warehousing and storage,0.005072326604065008,0.047933242056317084,0.07612895784070584
2013Q3,information,Information,0.003604809148875565,0.054559305746573944,0.04900192942279613
2013Q3,credit_intermediation,"Federal Reserve banks, credit intermediation, and related activities",-0.014080879420880377,-0.010707822555405847,-0.034054271896829635
2013Q3,securities,"Securities, commodity contracts, and investments",-0.02205686947281829,-0.08130589492324061,-0.04941407654149388
2013Q3,insurance,Insurance carriers and related activities,-0.004174191288661533,0.010088008985090786,0.006314816716295191
2013Q3,funds_trusts,"Funds, trusts, and other financial vehicles",0.02237874502816141,-0.04156982390148643,0.042242265098755505
2013Q3,real_estate,Real estate,0.0019509625951121823,0.002123596349391341,0.0024693092960459406
2013Q3,rental_leasing,Rental and leasing services and lessors of intangible assets,0.01259636082950999,0.06075586161963118,0.01228756571708045
2013Q3,legal,Legal services,0.005248033710963718,-0.016124584011185612,-0.03150072633813816
2013Q3,computer_systems,Computer systems design and related services,-0.005608970456050133,0.022521190830252082,0.06546369829106924
2013Q3,misc_professional,"Miscellaneous professional, scientific, and technical services",0.010117497919829133,0.038476978163189665,0.039708550637901796
2013Q3,management_companies,Management of companies and enterprises,0.004411217326644082,-0.002884390955628608,0.019124451066499404
2013Q3,admin_support,Administrative and support services,-0.0038392421133330856,0.029612261556895315,0.057655554195656045
2013Q3,waste_remediation,Waste management and remediation services,0.012021546519043164,-0.007140966105454479,-0.020414928589187586
2013Q3,education,Educational services,-0.00514788540707125,-0.027206086730198562,0.03848860900166695
2013Q3,ambulatory_health,Ambulatory health care services,-0.0015870497453063515,-0.006593170300743695,0.028885485178844927
2013Q3,hospitals_nursing,"Hospitals, nursing and residential care facilities",0.004819622571440918,0.009181996181933685,0.043797466146991315
2013Q3,social_assistance,Social assistance,0.0066480406905938955,-0.013127940127581573,0.019124395819155815
2013Q3,performing_arts_museums,"Performing arts, spectator sports, museums, and related activities",0.009582749656763312,0.061610647897914685,0.028543324689260574
2013Q3,amusement_recreation,"Amusements, gambling, and recreation industries",0.025094612631121754,0.05107516016903001,0.02209496834046587
2013Q3,accommodation,Accommodation,0.013716550064915484,0.06432649076100985,0.056624343933312726
2013Q3,food_services,Food services and drinking places,-0.005338708062178843,0.011818327848452045,0.04387236760724744
2013Q3,other_services,"Other services, except government",0.0021353194106365214,-0.012446342637888446,0.01376082779644272
2013Q4,oil_gas_extraction,Oil and gas extraction,-0.02499721114216541,-0.12339951393416786,0.051132162460746144
2013Q4,mining_except_oil_gas,"Mining, except oil and gas",0.01248483073189105,-0.07281153045595572,0.018132135331033084
2013Q4,support_mining,Support activities for mining,-0.0004012640150304059,-0.031457990090194184,0.227093626868472
2013Q4,utilities,Utilities,0.03876833323134027,0.005770373910654332,-0.04714418234826401
2013Q4,construction,Construction,-0.0014769330936117153,0.01185982239511112,-0.04682087544015345
2013Q4,wood_products,Wood products,0.005326588305311714,0.130545257304671,-0.016335119750507276
2013Q4,nonmetallic_mineral,Nonmetallic mineral products,0.0009123074620957933,0.06958801718872848,0.030230719470998535
2013Q4,primary_metals,Primary metals,0.0011149996575996676,-0.05924477244190488,0.1817384728356768
2013Q4,fabricated_metal,Fabricated metal products,-0.007344795684328817,0.007819944265695026,0.04152412545929951
2013Q4,machinery,Machinery,0.002294250955772875,0.06650269507523887,0.09930921947239613
2013Q4,computer_electronic,Computer and electronic products,-0.04449782230550803,0.003018145698123367,0.02634605423722869
2013Q4,electrical_equipment,"Electrical equipment, appliances, and components",0.01777481965801092,0.09793257508440674,0.013666678814825639
2013Q4,motor_vehicles,"Motor vehicles, bodies and trailers, and parts",0.008897771537637433,0.23071658814582358,0.15483920642660998
2013Q4,other_transport_equipment,Other transportation equipment,0.007943107848478778,0.045260953617700446,-0.016232319614198354
2013Q4,furniture,Furniture and related products,0.012977127695930707,0.07067737637247322,0.027115817560243505
2013Q4,misc_manufacturing,Miscellaneous manufacturing,-0.04158284657084921,-0.045715442095427564,0.030673515155899667
2013Q4,food_beverage_tobacco,Food and beverage and tobacco products,-0.01657154299708781,-0.021280589169093374,0.009082121712513658
2013Q4,textiles,Textile mills and textile product mills,-0.024021455159179694,-0.11203594279774007,-0.03748205373624125
2013Q4,apparel_leather,Apparel and leather and allied products,-0.0024367755532138935,0.011898519899971535,0.024071931255572165
2013Q4,paper,Paper products,-0.006490843274666119,0.013687906244772249,-0.03318081759194158
2013Q4,printing,Printing and related support activities,0.009698647236808189,0.09171368492244451,-0.02302470607425633
2013Q4,petroleum_coal,Petroleum and coal products,0.009095752597964912,-0.06195143646437076,0.015932006545953614
2013Q4,chemicals,Chemical products,0.0045067085767128146,-0.0016400197096301985,-0.02192830172301552
2013Q4,plastics_rubber,Plastics and rubber products,-0.006944208613272551,-0.01822724348566807,0.008743603755775098
2013Q4,wholesale,Wholesale trade,-0.00841413262420504,0.023627133262268372,0.07030887672757635
2013Q4,retail,Retail trade,-0.002706517573996675,0.023151313458331765,0.014397322533691082
2013Q4,air_transport,Air transportation,-0.020360390432853162,0.011867524537412029,0.010195793433652511
2013Q4,rail_transport,Rail transportation,-0.0007601094557616039,-0.0034109284033899327,0.047720042417815245
2013Q4,water_transport,Water transportation,-0.0023445711051822693,0.24362457619759076,0.04814719782812027
2013Q4,truck_transport,Truck transportation,-0.011224839198463066,0.0013395737171510683,0.048287624813626806
2013Q4,transit_ground,Transit and ground passenger transportation,-0.01823754019292606,-0.050120137362630386,-0.02152405494328502
2013Q4,pipeline,Pipeline transportation,0.10046345811051693,0.16900405780593722,0.035823565409782265
2013Q4,other_transport_support,Other transportation and support activities,-0.011643227947045198,-0.00037797620356464157,0.03253946132325769
2013Q4,warehousing,Warehousing and storage,0.005072326604065008,0.047933242056317084,0.07612895784070584
2013Q4,information,Information,0.003604809148875565,0.054559305746573944,0.04900192942279613
2013Q4,credit_intermediation,"Federal Reserve banks, credit intermediation, and related activities",-0.014080879420880377,-0.010707822555405847,-0.034054271896829635
2013Q4,securities,"Securities, commodity contracts, and investments",-0.02205686947281829,-0.08130589492324061,-0.04941407654149388
2013Q4,insurance,Insurance carriers and related activities,-0.004174191288661533,0.010088008985090786,0.006314816716295191
2013Q4,funds_trusts,"Funds, trusts, and other financial vehicles",0.02237874502816141,-0.04156982390148643,0.042242265098755505
2013Q4,real_estate,Real estate,0.0019509625951121823,0.002123596349391341,0.0024693092960459406
2013Q4,rental_leasing,Rental and leasing services and lessors of intangible assets,0.01259636082950999,0.06075586161963118,0.01228756571708045
2013Q4,legal,Legal services,0.005248033710963718,-0.016124584011185612,-0.03150072633813816
2013Q4,computer_systems,Computer systems design and related services,-0.005608970456050133,0.022521190830252082,0.06546369829106924
2013Q4,misc_professional,"Miscellaneous professional, scientific, and technical services",0.010117497919829133,0.038476978163189665,0.039708550637901796
2013Q4,management_companies,Management of companies and enterprises,0.004411217326644082,-0.002884390955628608,0.019124451066499404
2013Q4,admin_support,Administrative and support services,-0.0038392421133330856,0.029612261556895315,0.057655554195656045
2013Q4,waste_remediation,Waste management and remediation services,0.012021546519043164,-0.007140966105454479,-0.020414928589187586
2013Q4,education,Educational services,-0.00514788540707125,-0.027206086730198562,0.03848860900166695
2013Q4,ambulatory_health,Ambulatory health care services,-0.0015870497453063515,-0.006593170300743695,0.028885485178844927
2013Q4,hospitals_nursing,"Hospitals, nursing and residential care facilities",0.004819622571440918,0.009181996181933685,0.043797466146991315
2013Q4,social_assistance,Social assistance,0.0066480406905938955,-0.013127940127581573,0.019124395819155815
2013Q4,performing_arts_museums,"Performing arts, spectator sports, museums, and related activities",0.009582749656763312,0.061610647897914685,0.028543324689260574
2013Q4,amusement_recreation,"Amusements, gambling, and recreation industries",0.025094612631121754,0.05107516016903001,0.02209496834046587
2013Q4,accommodation,Accommodation,0.013716550064915484,0.06432649076100985,0.056624343933312726
2013Q4,food_services,Food services and drinking places,-0.005338708062178843,0.011818327848452045,0.04387236760724744
2013Q4,other_services,"Other services, except government",0.0021353194106365214,-0.012446342637888446,0.01376082779644272
2014Q1,oil_gas_extraction,Oil and gas extraction,0.0028782430980195395,0.08284842529066908,0.14386301957529346
2014Q1,mining_except_oil_gas,"Mining, except oil and gas",-0.0008401863686126054,0.017883985445900093,0.015146194945574232
2014Q1,support_mining,Support activities for mining,-0.0012402813236236376,0.022650044676805287,0.156243960747543
2014Q1,utilities,Utilities,0.00870782142778509,0.017023519202504035,-0.006729461440084572
2014Q1,construction,Construction,0.004940397340226749,0.019344990629414662,0.036921011411949145
2014Q1,wood_products,Wood products,0.009214765718493972,0.002521244352293944,0.04589513245064869
2014Q1,nonmetallic_mineral,Nonmetallic mineral products,0.0034853603603603456,0.0010596076536185728,0.012613414327445893
2014Q1,primary_metals,Primary metals,0.0013746650554797568,0.1680778541820414,0.11984589833233472
2014Q1,fabricated_metal,Fabricated metal products,0.0022380504812731933,-0.02923146259774774,0.030800657929644037
2014Q1,machinery,Machinery,0.002021971112313642,-0.015642739966429217,0.05592653087368693
2014Q1,computer_electronic,Computer and electronic products,0.004368248085682147,0.04567525126968954,0.019239158093714792
2014Q1,electrical_equipment,"Electrical equipment, appliances, and components",0.0022673515374602993,-0.030676243548942845,0.006564531527026407
2014Q1,motor_vehicles,"Motor vehicles, bodies and trailers, and parts",-0.0023866892898585512,-0.02655911672087118,0.08164976902422039
2014Q1,other_transport_equipment,Other transportation equipment,0.007229917271420527,0.056812990123522256,0.17094848506568638
2014Q1,furniture,Furniture and related products,0.004143942461120778,0.01698805933918585,0.03435403370970391
2014Q1,misc_manufacturing,Miscellaneous manufacturing,0.004367401215805505,0.015187826402979875,0.015977817205239386
2014Q1,food_beverage_tobacco,Food and beverage and tobacco products,0.011208606725874329,-0.0394646332887184,-0.019973382266943673
2014Q1,textiles,Textile mills and textile product mills,0.00525974025974027,0.07365895214275883,0.006636133307347469
2014Q1,apparel_leather,Apparel and leather and allied products,0.0036071446340613933,0.014757942655675727,-0.0050316313320050154
2014Q1,paper,Paper products,0.0006728881460256741,0.021730451077154628,-0.012366985867710789
2014Q1,printing,Printing and related support activities,-0.015610147467929436,-0.015101353841655302,-0.01936795041154349
2014Q1,petroleum_coal,Petroleum and coal products,0.0060277441062443204,-0.04837954809728986,-0.01045222699706816
2014Q1,chemicals,Chemical products,0.02986313218088521,0.03269509141140284,0.022486521375958635
2014Q1,plastics_rubber,Plastics and rubber products,0.0007500183758070156,-0.02630251202327355,0.02508693717824162
2014Q1,wholesale,Wholesale trade,0.005849555649288435,0.003278260094055051,0.01583879401079691
2014Q1,retail,Retail trade,-0.0013658831213871903,0.001378617153040898,0.05243257099957899
2014Q1,air_transport,Air transportation,-0.00031467435930679355,-0.09641446634800943,-0.0423750293358367
2014Q1,rail_transport,Rail transportation,-0.004429547062284683,-0.042226154271152824,-0.001646185376935172
2014Q1,water_transport,Water transportation,-2.192920625671002e-05,0.08359148595982825,0.03205819493735418
2014Q1,truck_transport,Truck transportation,0.0016956714163501307,-0.010346293419780595,0.029703588143525916
2014Q1,transit_ground,Transit and ground passenger transportation,0.005505594394303898,0.00977062781115113,0.034276387377584205
2014Q1,pipeline,Pipeline transportation,0.0029761904761904656,0.012894747042569602,0.011222510638708494
2014Q1,other_transport_support,Other transportation and support activities,0.00954446353493682,-0.009082347418481435,0.015578656376882494
2014Q1,warehousing,Warehousing and storage,0.0005638843918284453,0.054485442918068124,0.05189496940856553
2014Q1,information,Information,-0.0006043472403936545,0.04180415447617255,0.0473009852444608
2014Q1,credit_intermediation,"Federal Reserve banks, credit intermediation, and related activities",0.011027272727699766,-0.009664441027964064,-0.007368671262181992
2014Q1,securities,"Securities, commodity contracts, and investments",0.003217347519307353,0.015814565507043465,0.05047942510406522
2014Q1,insurance,Insurance carriers and related activities,0.021544305817822906,0.05406532802857623,0.03402536955101976
2014Q1,funds_trusts,"Funds, trusts, and other financial vehicles",0.0023211585711585547,-0.013015154088171867,-0.03470364506560397
2014Q1,real_estate,Real estate,0.0065561561785935085,0.0037544826471533365,0.015926082935100894
2014Q1,rental_leasing,Rental and leasing services and lessors of intangible assets,2.288668589467413e-05,0.05177908881202613,0.062217725909600174
2014Q1,legal,Legal services,0.0021793874684749026,-0.008974505796071959,-0.005661544807672447
2014Q1,computer_systems,Computer systems design and related services,0.0035986978395975006,0.06684345372718356,0.058615583459586285
2014Q1,misc_professional,"Miscellaneous professional, scientific, and technical services",-0.001041942019825437,0.00320125533233686,0.015066020169941519
2014Q1,management_companies,Management of companies and enterprises,0.00022063654733854576,0.03261469887358974,0.08872607445838887
2014Q1,admin_support,Administrative and support services,0.0013080932675473278,-0.0006120342573684061,0.028105615633748693
2014Q1,waste_remediation,Waste management and remediation services,0.003946190754984896,0.012439905996874575,0.006934003954478074
2014Q1,education,Educational services,-0.0007989187321256475,-0.01811528791614008,0.03824907153388213
2014Q1,ambulatory_health,Ambulatory health care services,0.0017498869834881303,0.008241260587035804,0.027321036620586048
2014Q1,hospitals_nursing,"Hospitals, nursing and residential care facilities",0.00035416445431561694,0.006627810990972567,0.029363589912563492
2014Q1,social_assistance,Social assistance,0.0027730012349005684,-0.020206592725158814,-0.004802952058338361
2014Q1,performing_arts_museums,"Performing arts, spectator sports, museums, and related activities",0.0010683760683760646,0.007352100872347778,0.03382352941176481
2014Q1,amusement_recreation,"Amusements, gambling, and recreation industries",-0.007453971150999578,-0.012532656940539594,0.03056151204053359
2014Q1,accommodation,Accommodation,3.849516003559539e-05,-0.0018979214881124072,0.014864773853392022
2014Q1,food_services,Food services and drinking places,0.0011000232389530712,-0.0009256531813699347,0.04051700603424746
2014Q1,other_services,"Other services, except government",0.00031217251010492997,0.005532049835648465,0.025584599676846898
2014Q2,oil_gas_extraction,Oil and gas extraction,0.0028782430980195395,0.08284842529066908,0.14386301957529346
2014Q2,mining_except_oil_gas,"Mining, except oil and gas",-0.0008401863686126054,0.017883985445900093,0.015146194945574232
2014Q2,support_mining,Support activities for mining,-0.0012402813236236376,0.022650044676805287,0.156243960747543
2014Q2,utilities,Utilities,-0.006076710511950523,0.019402206239475965,0.027314810083896246
2014Q2,construction,Construction,0.0004071984376077531,-0.016483519625178484,0.02105092792403962
2014Q2,wood_products,Wood products,0.009214765718493972,0.002521244352293944,0.04589513245064869
2014Q2,nonmetallic_mineral,Nonmetallic mineral products,0.0034853603603603456,0.0010596076536185728,0.012613414327445893
2014Q2,primary_metals,Primary metals,0.0013746650554797568,0.1680778541820414,0.11984589833233472
2014Q2,fabricated_metal,Fabricated metal products,0.0022380504812731933,-0.02923146259774774,0.030800657929644037
2014Q2,machinery,Machinery,0.002021971112313642,-0.015642739966429217,0.05592653087368693
2014Q2,computer_electronic,Computer and electronic products,0.004368248085682147,0.04567525126968954,0.019239158093714792
2014Q2,electrical_equipment,"Electrical equipment, appliances, and components",0.0022673515374602993,-0.030676243548942845,0.006564531527026407
2014Q2,motor_vehicles,"Motor vehicles, bodies and trailers, and parts",-0.0023866892898585512,-0.02655911672087118,0.08164976902422039
2014Q2,other_transport_equipment,Other transportation equipment,0.007229917271420527,0.056812990123522256,0.17094848506568638
2014Q2,furniture,Furniture and related products,0.004143942461120778,0.01698805933918585,0.03435403370970391
2014Q2,misc_manufacturing,Miscellaneous manufacturing,0.004367401215805505,0.015187826402979875,0.015977817205239386
2014Q2,food_beverage_tobacco,Food and beverage and tobacco products,0.011208606725874329,-0.0394646332887184,-0.019973382266943673
2014Q2,textiles,Textile mills and textile product mills,0.00525974025974027,0.07365895214275883,0.006636133307347469
2014Q2,apparel_leather,Apparel and leather and allied products,0.0036071446340613933,0.014757942655675727,-0.0050316313320050154
2014Q2,paper,Paper products,0.0006728881460256741,0.021730451077154628,-0.012366985867710789
2014Q2,printing,Printing and related support activities,-0.015610147467929436,-0.015101353841655302,-0.01936795041154349
2014Q2,petroleum_coal,Petroleum and coal products,0.0060277441062443204,-0.04837954809728986,-0.01045222699706816
2014Q2,chemicals,Chemical products,0.02986313218088521,0.03269509141140284,0.022486521375958635
2014Q2,plastics_rubber,Plastics and rubber products,0.0007500183758070156,-0.02630251202327355,0.02508693717824162
2014Q2,wholesale,Wholesale trade,-0.0017012793755263877,0.0011032000407362299,0.025852704757766798
2014Q2,retail,Retail trade,-0.0022903903053882457,0.005401198112977402,0.035588457891486014
2014Q2,air_transport,Air transportation,-0.00031467435930679355,-0.09641446634800943,-0.0423750293358367
2014Q2,rail_transport,Rail transportation,-0.004429547062284683,-0.042226154271152824,-0.001646185376935172
2014Q2,water_transport,Water transportation,-2.192920625671002e-05,0.08359148595982825,0.03205819493735418
2014Q2,truck_transport,Truck transportation,0.0016956714163501307,-0.010346293419780595,0.029703588143525916
2014Q2,transit_ground,Transit and ground passenger transportation,0.005505594394303898,0.00977062781115113,0.034276387377584205
2014Q2,pipeline,Pipeline transportation,0.0029761904761904656,0.012894747042569602,0.011222510638708494
2014Q2,other_transport_support,Other transportation and support activities,0.00954446353493682,-0.009082347418481435,0.015578656376882494
2014Q2,warehousing,Warehousing and storage,0.0005638843918284453,0.054485442918068124,0.05189496940856553
2014Q2,information,Information,-0.0033578612646605333,0.02849463679916133,0.03899017737262378
2014Q2,credit_intermediation,"Federal Reserve banks, credit intermediation, and related activities",0.011027272727699766,-0.009664441027964064,-0.007368671262181992
2014Q2,securities,"Securities, commodity contracts, and investments",0.003217347519307353,0.015814565507043465,0.05047942510406522
2014Q2,insurance,Insurance carriers and related activities,0.021544305817822906,0.05406532802857623,0.03402536955101976
2014Q2,funds_trusts,"Funds, trusts, and other financial vehicles",0.0023211585711585547,-0.013015154088171867,-0.03470364506560397
2014Q2,real_estate,Real estate,0.0065561561785935085,0.0037544826471533365,0.015926082935100894
2014Q2,rental_leasing,Rental and leasing services and lessors of intangible assets,2.288668589467413e-05,0.05177908881202613,0.062217725909600174
2014Q2,legal,Legal services,0.0021793874684749026,-0.008974505796071959,-0.005661544807672447
2014Q2,computer_systems,Computer systems design and related services,0.0035986978395975006,0.06684345372718356,0.058615583459586285
2014Q2,misc_professional,"Miscellaneous professional, scientific, and technical services",-0.001041942019825437,0.00320125533233686,0.015066020169941519
2014Q2,management_companies,Management of companies and enterprises,-0.00034618984746678794,0.022673330811586845,0.0615239720513896
2014Q2,admin_support,Administrative and support services,0.0013080932675473278,-0.0006120342573684061,0.028105615633748693
2014Q2,waste_remediation,Waste management and remediation services,0.003946190754984896,0.012439905996874575,0.006934003954478074
2014Q2,education,Educational services,-0.0006996653511162423,-0.011515467641356643,0.0138677931065474
2014Q2,ambulatory_health,Ambulatory health care services,0.0017498869834881303,0.008241260587035804,0.027321036620586048
2014Q2,hospitals_nursing,"Hospitals, nursing and residential care facilities",0.00035416445431561694,0.006627810990972567,0.029363589912563492
2014Q2,social_assistance,Social assistance,0.0027730012349005684,-0.020206592725158814,-0.004802952058338361
2014Q2,performing_arts_museums,"Performing arts, spectator sports, museums, and related activities",0.0010683760683760646,0.007352100872347778,0.03382352941176481
2014Q2,amusement_recreation,"Amusements, gambling, and recreation industries",-0.007453971150999578,-0.012532656940539594,0.03056151204053359
2014Q2,accommodation,Accommodation,3.849516003559539e-05,-0.0018979214881124072,0.014864773853392022
2014Q2,food_services,Food services and drinking places,0.0011000232389530712,-0.0009256531813699347,0.04051700603424746
2014Q2,other_services,"Other services, except government",0.003498013618021628,-0.011800730673796231,-0.022404361021437835
2014Q3,oil_gas_extraction,Oil and gas extraction,0.0028782430980195395,0.08284842529066908,0.14386301957529346
2014Q3,mining_except_oil_gas,"Mining, except oil and gas",-0.0008401863686126054,0.017883985445900093,0.015146194945574232
2014Q3,support_mining,Support activities for mining,-0.0012402813236236376,0.022650044676805287,0.156243960747543
2014Q3,utilities,Utilities,-0.030994768944182183,-0.040358533091937585,0.05040768724706446
2014Q3,construction,Construction,-0.002228666138099994,-0.04426621141188729,0.02890380994874353
2014Q3,wood_products,Wood products,0.009214765718493972,0.002521244352293944,0.04589513245064869
2014Q3,nonmetallic_mineral,Nonmetallic mineral products,0.0034853603603603456,0.0010596076536185728,0.012613414327445893
2014Q3,primary_metals,Primary metals,0.0013746650554797568,0.1680778541820414,0.11984589833233472
2014Q3,fabricated_metal,Fabricated metal products,0.0022380504812731933,-0.02923146259774774,0.030800657929644037
2014Q3,machinery,Machinery,0.002021971112313642,-0.015642739966429217,0.05592653087368693
2014Q3,computer_electronic,Computer and electronic products,0.004368248085682147,0.04567525126968954,0.019239158093714792
2014Q3,electrical_equipment,"Electrical equipment, appliances, and components",0.0022673515374602993,-0.030676243548942845,0.006564531527026407
2014Q3,motor_vehicles,"Motor vehicles, bodies and trailers, and parts",-0.0023866892898585512,-0.02655911672087118,0.08164976902422039
2014Q3,other_transport_equipment,Other transportation equipment,0.007229917271420527,0.056812990123522256,0.17094848506568638
2014Q3,furniture,Furniture and related products,0.004143942461120778,0.01698805933918585,0.03435403370970391
2014Q3,misc_manufacturing,Miscellaneous manufacturing,0.004367401215805505,0.015187826402979875,0.015977817205239386
2014Q3,food_beverage_tobacco,Food and beverage and tobacco products,0.011208606725874329,-0.0394646332887184,-0.019973382266943673
2014Q3,textiles,Textile mills and textile product mills,0.00525974025974027,0.07365895214275883,0.006636133307347469
2014Q3,apparel_leather,Apparel and leather and allied products,0.0036071446340613933,0.014757942655675727,-0.0050316313320050154
2014Q3,paper,Paper products,0.0006728881460256741,0.021730451077154628,-0.012366985867710789
2014Q3,printing,Printing and related support activities,-0.015610147467929436,-0.015101353841655302,-0.01936795041154349
2014Q3,petroleum_coal,Petroleum and coal products,0.0060277441062443204,-0.04837954809728986,-0.01045222699706816
2014Q3,chemicals,Chemical products,0.02986313218088521,0.03269509141140284,0.022486521375958635
2014Q3,plastics_rubber,Plastics and rubber products,0.0007500183758070156,-0.02630251202327355,0.02508693717824162
2014Q3,wholesale,Wholesale trade,-0.00826816411546516,-0.0050989537095247435,0.05668321814399779
2014Q3,retail,Retail trade,0.00041083093049923414,-0.006603682883178004,0.010369421311125393
2014Q3,air_transport,Air transportation,-0.00031467435930679355,-0.09641446634800943,-0.0423750293358367
2014Q3,rail_transport,Rail transportation,-0.004429547062284683,-0.042226154271152824,-0.001646185376935172
2014Q3,water_transport,Water transportation,-2.192920625671002e-05,0.08359148595982825,0.03205819493735418
2014Q3,truck_transport,Truck transportation,0.0016956714163501307,-0.010346293419780595,0.029703588143525916
2014Q3,transit_ground,Transit and ground passenger transportation,0.005505594394303898,0.00977062781115113,0.034276387377584205
2014Q3,pipeline,Pipeline transportation,0.0029761904761904656,0.012894747042569602,0.011222510638708494
2014Q3,other_transport_support,Other transportation and support activities,0.00954446353493682,-0.009082347418481435,0.015578656376882494
2014Q3,warehousing,Warehousing and storage,0.0005638843918284453,0.054485442918068124,0.05189496940856553
2014Q3,information,Information,-0.0005302340230796121,0.061604312744664325,0.04833651013689133
2014Q3,credit_intermediation,"Federal Reserve banks, credit intermediation, and related activities",0.011027272727699766,-0.009664441027964064,-0.007368671262181992
2014Q3,securities,"Securities, commodity contracts, and investments",0.003217347519307353,0.015814565507043465,0.05047942510406522
2014Q3,insurance,Insurance carriers and related activities,0.021544305817822906,0.05406532802857623,0.03402536955101976
2014Q3,funds_trusts,"Funds, trusts, and other financial vehicles",0.0023211585711585547,-0.013015154088171867,-0.03470364506560397
2014Q3,real_estate,Real estate,0.0065561561785935085,0.0037544826471533365,0.015926082935100894
2014Q3,rental_leasing,Rental and leasing services and lessors of intangible assets,2.288668589467413e-05,0.05177908881202613,0.062217725909600174
2014Q3,legal,Legal services,0.0021793874684749026,-0.008974505796071959,-0.005661544807672447
2014Q3,computer_systems,Computer systems design and related services,0.0035986978395975006,0.06684345372718356,0.058615583459586285
2014Q3,misc_professional,"Miscellaneous professional, scientific, and technical services",-0.001041942019825437,0.00320125533233686,0.015066020169941519
2014Q3,management_companies,Management of companies and enterprises,-0.0010031460169653006,0.05322605358765605,0.069216599334319
2014Q3,admin_support,Administrative and support services,0.0013080932675473278,-0.0006120342573684061,0.028105615633748693
2014Q3,waste_remediation,Waste management and remediation services,0.003946190754984896,0.012439905996874575,0.006934003954478074
2014Q3,education,Educational services,-0.0006204481633235032,-0.005367625755826195,0.02488894461560509
2014Q3,ambulatory_health,Ambulatory health care services,0.0017498869834881303,0.008241260587035804,0.027321036620586048
2014Q3,hospitals_nursing,"Hospitals, nursing and residential care facilities",0.00035416445431561694,0.006627810990972567,0.029363589912563492
2014Q3,social_assistance,Social assistance,0.0027730012349005684,-0.020206592725158814,-0.004802952058338361
2014Q3,performing_arts_museums,"Performing arts, spectator sports, museums, and related activities",0.0010683760683760646,0.007352100872347778,0.03382352941176481
2014Q3,amusement_recreation,"Amusements, gambling, and recreation industries",-0.007453971150999578,-0.012532656940539594,0.03056151204053359
2014Q3,accommodation,Accommodation,3.849516003559539e-05,-0.0018979214881124072,0.014864773853392022
2014Q3,food_services,Food services and drinking places,0.0011000232389530712,-0.0009256531813699347,0.04051700603424746
2014Q3,other_services,"Other services, except government",0.002570485507255693,-0.003392552145063553,-0.010416768743814142
2014Q4,oil_gas_extraction,Oil and gas extraction,0.00408221724735347,0.0016841461280707698,0.08379424319431283
2014Q4,mining_except_oil_gas,"Mining, except oil and gas",0.0025037650602410255,0.053346525370828166,-0.01083691896319583
2014Q4,support_mining,Support activities for mining,-0.001971803214039225,-0.0331779379851442,0.02388769124389145
2014Q4,utilities,Utilities,-0.003908308217415002,-0.005678159248700168,-0.0005868360107728066
2014Q4,construction,Construction,-0.004659955770538626,-0.0378720487262273,0.042371279121063754
2014Q4,wood_products,Wood products,0.0006357516828721099,-0.10684671771476512,0.06715328467153281
2014Q4,nonmetallic_mineral,Nonmetallic mineral products,0.0011556295816497753,-0.03869885623172488,0.019956182129929445
2014Q4,primary_metals,Primary metals,0.0014451700400016226,0.15174631538668878,0.06033138134851157
2014Q4,fabricated_metal,Fabricated metal products,0.002508486581593611,-0.02752154586406345,0.0018284988282155634
2014Q4,machinery,Machinery,-0.0013217022576600401,-0.038778949931565096,0.013915543469401381
2014Q4,computer_electronic,Computer and electronic products,0.013415680158285093,0.024527032814553866,-0.010414074667993822
2014Q4,electrical_equipment,"Electrical equipment, appliances, and components",0.002273092278952893,0.010455810954542311,0.008120115027282049
2014Q4,motor_vehicles,"Motor vehicles, bodies and trailers, and parts",0.0031452174668298583,0.04780065436322507,0.10479831349145363
2014Q4,other_transport_equipment,Other transportation equipment,0.002748014110600716,0.01695466351086824,0.05839024348021771
2014Q4,furniture,Furniture and related products,-0.00034407993966817374,0.007980061317965284,0.02325877218732275
2014Q4,misc_manufacturing,Miscellaneous manufacturing,0.0019937538341419925,0.03248757437721715,0.023449055537236863
2014Q4,food_beverage_tobacco,Food and beverage and tobacco products,0.0008390161301011501,-0.0021165348839726054,0.011475746077325377
2014Q4,textiles,Textile mills and textile product mills,0.0031963590445122647,0.06464287185056275,0.021615096617218388
2014Q4,apparel_leather,Apparel and leather and allied products,0.009919009919009916,0.026960210169900675,-0.12218653110248312
2014Q4,paper,Paper products,0.0011134115481941514,-0.044183953884678245,-0.037082979042665
2014Q4,printing,Printing and related support activities,0.0020338856545753237,0.01970776781824978,-0.028956900624704796
2014Q4,petroleum_coal,Petroleum and coal products,-0.010772509404057912,0.07448109387158755,0.01624218931387089
2014Q4,chemicals,Chemical products,-0.005129631358703923,-0.017725053027533078,0.014540355729707022
2014Q4,plastics_rubber,Plastics and rubber products,0.0005540744653269036,-0.011040301568319073,0.01593229661039497
2014Q4,wholesale,Wholesale trade,-0.006610907513074332,0.003334223283512768,0.06146633465004414
2014Q4,retail,Retail trade,0.0029809929414434944,0.021900081957504994,0.02295843224230243
2014Q4,air_transport,Air transportation,0.0010216684450643082,0.057395865232269846,0.009930970022101304
2014Q4,rail_transport,Rail transportation,0.00447405511665,-0.013932439357669925,-0.00021489201676150316
2014Q4,water_transport,Water transportation,0.0022249355582689145,0.06584528378105421,0.033191424516890944
2014Q4,truck_transport,Truck transportation,0.0015089512372182257,-0.024747380034917534,0.013240310343938688
2014Q4,transit_ground,Transit and ground passenger transportation,0.0013085589048148494,-0.03829380061838307,0.005823077150837408
2014Q4,pipeline,Pipeline transportation,0.0030727960004878208,-0.06760195758564452,0.004385094646612853
2014Q4,other_transport_support,Other transportation and support activities,0.0019084642575085131,-0.03537738019833865,0.012321103427455515
2014Q4,warehousing,Warehousing and storage,0.000582864068745248,0.021677423000597443,0.04168557846205312
2014Q4,information,Information,-0.003995170018148031,0.052833715383128275,0.05146724148295734
2014Q4,credit_intermediation,"Federal Reserve banks, credit intermediation, and related activities",0.04900299476111886,0.046307289801211175,-0.006477853054416172
2014Q4,securities,"Securities, commodity contracts, and investments",0.014804944851580428,-0.028828667947318018,0.04976480326247135
2014Q4,insurance,Insurance carriers and related activities,0.010887716475079995,0.03202259102583508,0.04473863993057492
2014Q4,funds_trusts,"Funds, trusts, and other financial vehicles",0.0001326563755406629,0.026557742598244435,0.08268090735387768
2014Q4,real_estate,Real estate,-0.002581817193388014,-0.012751862028575991,0.023933316064093546
2014Q4,rental_leasing,Rental and leasing services and lessors of intangible assets,0.010060108542510826,0.020053247498042867,0.020845516150115095
2014Q4,legal,Legal services,-0.005291925860070601,-0.038689705753400146,-0.024730077120822647
2014Q4,computer_systems,Computer systems design and related services,0.0007409045046817553,-0.024716348831063925,0.02346662826236523
2014Q4,misc_professional,"Miscellaneous professional, scientific, and technical services",-0.001611106567171533,-0.01228841538952472,0.003469354039319361
2014Q4,management_companies,Management of companies and enterprises,-0.0002482357867148316,0.08460776295791575,0.0906321579382019
2014Q4,admin_support,Administrative and support services,0.001652820891347967,-0.013813812305060649,0.02196081131085048
2014Q4,waste_remediation,Waste management and remediation services,0.003819483649417338,-0.0027416322603035117,0.028429491005592222
2014Q4,education,Educational services,-0.0009324374256124909,-0.018668107268739097,0.022645041671917054
2014Q4,ambulatory_health,Ambulatory health care services,-0.0007917695413961756,-0.0011088543894065175,0.02813902901837384
2014Q4,hospitals_nursing,"Hospitals, nursing and residential care facilities",0.0022852163022571287,0.00514173123572336,0.029053953349728046
2014Q4,social_assistance,Social assistance,0.0012492354456656724,0.019197992364975474,-0.004569241584003736
2014Q4,performing_arts_museums,"Performing arts, spectator sports, museums, and related activities",0.01335713862383689,0.010138937187327892,0.03254066384871224
2014Q4,amusement_recreation,"Amusements, gambling, and recreation industries",0.0016866228837990327,-0.011048864288518766,0.019883577027089094
2014Q4,accommodation,Accommodation,0.0018467218520162865,0.00578135545925762,0.04299818620393059
2014Q4,food_services,Food services and drinking places,0.0009523809523809407,-0.02679936961695334,0.021122256938734374
2014Q4,other_services,"Other services, except government",-0.00019807322636655744,0.0028027433154263672,0.01761030658207008
2015Q1,oil_gas_extraction,Oil and gas extraction,0.00408221724735347,0.023197557747781147,0.08379424319431283
2015Q1,mining_except_oil_gas,"Mining, except oil and gas",0.0025037650602410255,0.06027507706436584,-0.01083691896319583
2015Q1,support_mining,Support activities for mining,-0.001971803214039225,-0.03710680575215616,0.02388769124389145
2015Q1,utilities,Utilities,0.0034428862970919405,0.027980761279018048,0.019957015658581323
2015Q1,construction,Construction,-0.0024270493531721726,-0.05949227909202118,0.027479449791399935
2015Q1,wood_products,Wood products,0.0006357516828721099,-0.11035850205226856,0.06715328467153281
2015Q1,nonmetallic_mineral,Nonmetallic mineral products,0.0011556295816497753,-0.03693772494914562,0.019956182129929445
2015Q1,primary_metals,Primary metals,0.0014451700400016226,0.15185109899725002,0.06033138134851157
2015Q1,fabricated_metal,Fabricated metal products,0.002508486581593611,-0.027236545689541123,0.0018284988282155634
2015Q1,machinery,Machinery,-0.0013217022576600401,-0.039088214117277226,0.013915543469401381
2015Q1,computer_electronic,Computer and electronic products,0.013415680158285093,0.026557999631898404,-0.010414074667993822
2015Q1,electrical_equipment,"Electrical equipment, appliances, and components",0.002273092278952893,0.009898778163924395,0.008120115027282049
2015Q1,motor_vehicles,"Motor vehicles, bodies and trailers, and parts",0.0031452174668298583,0.044926060475911675,0.10479831349145363
2015Q1,other_transport_equipment,Other transportation equipment,0.002748014110600716,0.01695466351086824,0.05839024348021771
2015Q1,furniture,Furniture and related products,-0.00034407993966817374,0.004826175959279805,0.02325877218732275
2015Q1,misc_manufacturing,Miscellaneous manufacturing,0.0019937538341419925,0.031036926232860727,0.023449055537236863
2015Q1,food_beverage_tobacco,Food and beverage and tobacco products,0.0008390161301011501,-0.0021165348839726054,0.011475746077325377
2015Q1,textiles,Textile mills and textile product mills,0.0031963590445122647,0.06075213708443564,0.021615096617218388
2015Q1,apparel_leather,Apparel and leather and allied products,0.009919009919009916,0.026960210169900675,-0.12218653110248312
2015Q1,paper,Paper products,0.0011134115481941514,-0.04235671603123724,-0.037082979042665
2015Q1,printing,Printing and related support activities,0.0020338856545753237,0.011284104269517902,-0.028956900624704796
2015Q1,petroleum_coal,Petroleum and coal products,-0.010772509404057912,0.08288914929367285,0.01624218931387089
2015Q1,chemicals,Chemical products,-0.005129631358703923,-0.01801941000839831,0.014540355729707022
2015Q1,plastics_rubber,Plastics and rubber products,0.0005540744653269036,-0.01560162869035612,0.01593229661039497
2015Q1,wholesale,Wholesale trade,-0.005796334743587789,0.007892955473445804,0.051660750005929845
2015Q1,retail,Retail trade,0.003163760421985906,0.015415312069879875,0.01321299762405359
2015Q1,air_transport,Air transportation,0.0010216684450643082,0.06785238554339273,0.009930970022101304
2015Q1,rail_transport,Rail transportation,0.00447405511665,-0.010693751876603198,-0.00021489201676150316
2015Q1,water_transport,Water transportation,0.0022249355582689145,0.0677548319859197,0.033191424516890944
2015Q1,truck_transport,Truck transportation,0.0015089512372182257,-0.026273725078041595,0.013240310343938688
2015Q1,transit_ground,Transit and ground passenger transportation,0.0013085589048148494,-0.044423017783228796,0.005823077150837408
2015Q1,pipeline,Pipeline transportation,0.0030727960004878208,-0.07757473465545779,0.004385094646612853
2015Q1,other_transport_support,Other transportation and support activities,0.0019084642575085131,-0.04274709066154128,0.012321103427455515
2015Q1,warehousing,Warehousing and storage,0.000582864068745248,0.0224858219032893,0.04168557846205312
2015Q1,information,Information,-0.0011064056005257727,0.02005281636794639,0.03770135761783777
2015Q1,credit_intermediation,"Federal Reserve banks, credit intermediation, and related activities",0.04900299476111886,0.04724348338569964,-0.006477853054416172
2015Q1,securities,"Securities, commodity contracts, and investments",0.014804944851580428,-0.028828667947318018,0.04976480326247135
2015Q1,insurance,Insurance carriers and related activities,0.010887716475079995,0.028017841042987972,0.04473863993057492
2015Q1,funds_trusts,"Funds, trusts, and other financial vehicles",0.0001326563755406629,0.02518907253427354,0.08268090735387768
2015Q1,real_estate,Real estate,-0.002581817193388014,-0.01302038778439753,0.023933316064093546
2015Q1,rental_leasing,Rental and leasing services and lessors of intangible assets,0.010060108542510826,0.02429158126706718,0.020845516150115095
2015Q1,legal,Legal services,-0.005291925860070601,-0.038689705753400146,-0.024730077120822647
2015Q1,computer_systems,Computer systems design and related services,0.0007409045046817553,-0.024716348831063925,0.02346662826236523
2015Q1,misc_professional,"Miscellaneous professional, scientific, and technical services",-0.001611106567171533,-0.01228841538952472,0.003469354039319361
2015Q1,management_companies,Management of companies and enterprises,-0.00047725131467589443,0.05976351254880183,0.08048726936850303
2015Q1,admin_support,Administrative and support services,0.001652820891347967,-0.007170128045908266,0.02196081131085048
2015Q1,waste_remediation,Waste management and remediation services,0.003819483649417338,-0.007189152580080945,0.028429491005592222
2015Q1,education,Educational services,-0.00037344204524451113,-0.013714512407947585,0.019354147891031293
2015Q1,ambulatory_health,Ambulatory health care services,-0.0007917695413961756,0.0008642793353879451,0.02813902901837384
2015Q1,hospitals_nursing,"Hospitals, nursing and residential care facilities",0.0022852163022571287,0.005943030899713511,0.029053953349728046
2015Q1,social_assistance,Social assistance,0.0012492354456656724,0.016267145126549008,-0.004569241584003736
2015Q1,performing_arts_museums,"Performing arts, spectator sports, museums, and related activities",0.01335713862383689,0.008021820807852107,0.03254066384871224
2015Q1,amusement_recreation,"Amusements, gambling, and recreation industries",0.0016866228837990327,-0.007727230649853265,0.019883577027089094
2015Q1,accommodation,Accommodation,0.0018467218520162865,0.003526736908010779,0.04299818620393059
2015Q1,food_services,Food services and drinking places,0.0009523809523809407,-0.0279179527639324,0.021122256938734374
2015Q1,other_services,"Other services, except government",-0.0002940993878545739,0.009891062837267022,0.03247074816720885
2015Q2,oil_gas_extraction,Oil and gas extraction,0.00408221724735347,0.023197557747781147,0.08379424319431283
2015Q2,mining_except_oil_gas,"Mining, except oil and gas",0.0025037650602410255,0.06027507706436584,-0.01083691896319583
2015Q2,support_mining,Support activities for mining,-0.001971803214039225,-0.03710680575215616,0.02388769124389145
2015Q2,utilities,Utilities,0.010006908109260138,0.019693157782701566,0.010091994360654333
2015Q2,construction,Construction,-0.0020794242529315887,-0.04822218320572852,0.034365989061169167
2015Q2,wood_products,Wood products,0.0006357516828721099,-0.11035850205226856,0.06715328467153281
2015Q2,nonmetallic_mineral,Nonmetallic mineral products,0.0011556295816497753,-0.03693772494914562,0.019956182129929445
2015Q2,primary_metals,Primary metals,0.0014451700400016226,0.15185109899725002,0.06033138134851157
2015Q2,fabricated_metal,Fabricated metal products,0.002508486581593611,-0.027236545689541123,0.0018284988282155634
2015Q2,machinery,Machinery,-0.0013217022576600401,-0.039088214117277226,0.013915543469401381
2015Q2,computer_electronic,Computer and electronic products,0.013415680158285093,0.026557999631898404,-0.010414074667993822
2015Q2,electrical_equipment,"Electrical equipment, appliances, and components",0.002273092278952893,0.009898778163924395,0.008120115027282049
2015Q2,motor_vehicles,"Motor vehicles, bodies and trailers, and parts",0.0031452174668298583,0.044926060475911675,0.10479831349145363
2015Q2,other_transport_equipment,Other transportation equipment,0.002748014110600716,0.01695466351086824,0.05839024348021771
2015Q2,furniture,Furniture and related products,-0.00034407993966817374,0.004826175959279805,0.02325877218732275
2015Q2,misc_manufacturing,Miscellaneous manufacturing,0.0019937538341419925,0.031036926232860727,0.023449055537236863
2015Q2,food_beverage_tobacco,Food and beverage and tobacco products,0.0008390161301011501,-0.0021165348839726054,0.011475746077325377
2015Q2,textiles,Textile mills and textile product mills,0.0031963590445122647,0.06075213708443564,0.021615096617218388
2015Q2,apparel_leather,Apparel and leather and allied products,0.009919009919009916,0.026960210169900675,-0.12218653110248312
2015Q2,paper,Paper products,0.0011134115481941514,-0.04235671603123724,-0.037082979042665
2015Q2,printing,Printing and related support activities,0.0020338856545753237,0.011284104269517902,-0.028956900624704796
2015Q2,petroleum_coal,Petroleum and coal products,-0.010772509404057912,0.08288914929367285,0.01624218931387089
2015Q2,chemicals,Chemical products,-0.005129631358703923,-0.01801941000839831,0.014540355729707022
2015Q2,plastics_rubber,Plastics and rubber products,0.0005540744653269036,-0.01560162869035612,0.01593229661039497
2015Q2,wholesale,Wholesale trade,-0.0021991647774918244,0.015068169349545312,0.041531196779687196
2015Q2,retail,Retail trade,0.004237402122930278,0.013012511763626411,0.004338970286183796
2015Q2,air_transport,Air transportation,0.0010216684450643082,0.06785238554339273,0.009930970022101304
2015Q2,rail_transport,Rail transportation,0.00447405511665,-0.010693751876603198,-0.00021489201676150316
2015Q2,water_transport,Water transportation,0.0022249355582689145,0.0677548319859197,0.033191424516890944
2015Q2,truck_transport,Truck transportation,0.0015089512372182257,-0.026273725078041595,0.013240310343938688
2015Q2,transit_ground,Transit and ground passenger transportation,0.0013085589048148494,-0.044423017783228796,0.005823077150837408
2015Q2,pipeline,Pipeline transportation,0.0030727960004878208,-0.07757473465545779,0.004385094646612853
2015Q2,other_transport_support,Other transportation and support activities,0.0019084642575085131,-0.04274709066154128,0.012321103427455515
2015Q2,warehousing,Warehousing and storage,0.000582864068745248,0.0224858219032893,0.04168557846205312
2015Q2,information,Information,-0.007515411945872297,0.0009233610479181703,0.03566548687134752
2015Q2,credit_intermediation,"Federal Reserve banks, credit intermediation, and related activities",0.04900299476111886,0.04724348338569964,-0.006477853054416172
2015Q2,securities,"Securities, commodity contracts, and investments",0.014804944851580428,-0.028828667947318018,0.04976480326247135
2015Q2,insurance,Insurance carriers and related activities,0.010887716475079995,0.028017841042987972,0.04473863993057492
2015Q2,funds_trusts,"Funds, trusts, and other financial vehicles",0.0001326563755406629,0.02518907253427354,0.08268090735387768
2015Q2,real_estate,Real estate,-0.002581817193388014,-0.01302038778439753,0.023933316064093546
2015Q2,rental_leasing,Rental and leasing services and lessors of intangible assets,0.010060108542510826,0.02429158126706718,0.020845516150115095
2015Q2,legal,Legal services,-0.005291925860070601,-0.038689705753400146,-0.024730077120822647
2015Q2,computer_systems,Computer systems design and related services,0.0007409045046817553,-0.024716348831063925,0.02346662826236523
2015Q2,misc_professional,"Miscellaneous professional, scientific, and technical services",-0.001611106567171533,-0.01228841538952472,0.003469354039319361
2015Q2,management_companies,Management of companies and enterprises,-0.0006890436084101698,0.05057957614339973,0.08348081485107506
2015Q2,admin_support,Administrative and support services,0.001652820891347967,-0.007170128045908266,0.02196081131085048
2015Q2,waste_remediation,Waste management and remediation services,0.003819483649417338,-0.007189152580080945,0.028429491005592222
2015Q2,education,Educational services,-0.00040969651633205456,-0.012140755706924074,0.02123596703140551
2015Q2,ambulatory_health,Ambulatory health care services,-0.0007917695413961756,0.0008642793353879451,0.02813902901837384
2015Q2,hospitals_nursing,"Hospitals, nursing and residential care facilities",0.0022852163022571287,0.005943030899713511,0.029053953349728046
2015Q2,social_assistance,Social assistance,0.0012492354456656724,0.016267145126549008,-0.004569241584003736
2015Q2,performing_arts_museums,"Performing arts, spectator sports, museums, and related activities",0.01335713862383689,0.008021820807852107,0.03254066384871224
2015Q2,amusement_recreation,"Amusements, gambling, and recreation industries",0.0016866228837990327,-0.007727230649853265,0.019883577027089094
2015Q2,accommodation,Accommodation,0.0018467218520162865,0.003526736908010779,0.04299818620393059
2015Q2,food_services,Food services and drinking places,0.0009523809523809407,-0.0279179527639324,0.021122256938734374
2015Q2,other_services,"Other services, except government",-0.0013539085173776555,0.0054727380710220324,0.03669893514036793
2015Q3,oil_gas_extraction,Oil and gas extraction,0.00408221724735347,0.023197557747781147,0.08379424319431283
2015Q3,mining_except_oil_gas,"Mining, except oil and gas",0.0025037650602410255,0.06027507706436584,-0.01083691896319583
2015Q3,support_mining,Support activities for mining,-0.001971803214039225,-0.03710680575215616,0.02388769124389145
2015Q3,utilities,Utilities,0.026120282835447595,0.013095609552923552,0.020165146482667762
2015Q3,construction,Construction,0.003282748502247551,-0.01928420214154623,0.04212240858530136
2015Q3,wood_products,Wood products,0.0006357516828721099,-0.11035850205226856,0.06715328467153281
2015Q3,nonmetallic_mineral,Nonmetallic mineral products,0.0011556295816497753,-0.03693772494914562,0.019956182129929445
2015Q3,primary_metals,Primary metals,0.0014451700400016226,0.15185109899725002,0.06033138134851157
2015Q3,fabricated_metal,Fabricated metal products,0.002508486581593611,-0.027236545689541123,0.0018284988282155634
2015Q3,machinery,Machinery,-0.0013217022576600401,-0.039088214117277226,0.013915543469401381
2015Q3,computer_electronic,Computer and electronic products,0.013415680158285093,0.026557999631898404,-0.010414074667993822
2015Q3,electrical_equipment,"Electrical equipment, appliances, and components",0.002273092278952893,0.009898778163924395,0.008120115027282049
2015Q3,motor_vehicles,"Motor vehicles, bodies and trailers, and parts",0.0031452174668298583,0.044926060475911675,0.10479831349145363
2015Q3,other_transport_equipment,Other transportation equipment,0.002748014110600716,0.01695466351086824,0.05839024348021771
2015Q3,furniture,Furniture and related products,-0.00034407993966817374,0.004826175959279805,0.02325877218732275
2015Q3,misc_manufacturing,Miscellaneous manufacturing,0.0019937538341419925,0.031036926232860727,0.023449055537236863
2015Q3,food_beverage_tobacco,Food and beverage and tobacco products,0.0008390161301011501,-0.0021165348839726054,0.011475746077325377
2015Q3,textiles,Textile mills and textile product mills,0.0031963590445122647,0.06075213708443564,0.021615096617218388
2015Q3,apparel_leather,Apparel and leather and allied products,0.009919009919009916,0.026960210169900675,-0.12218653110248312
2015Q3,paper,Paper products,0.0011134115481941514,-0.04235671603123724,-0.037082979042665
2015Q3,printing,Printing and related support activities,0.0020338856545753237,0.011284104269517902,-0.028956900624704796
2015Q3,petroleum_coal,Petroleum and coal products,-0.010772509404057912,0.08288914929367285,0.01624218931387089
2015Q3,chemicals,Chemical products,-0.005129631358703923,-0.01801941000839831,0.014540355729707022
2015Q3,plastics_rubber,Plastics and rubber products,0.0005540744653269036,-0.01560162869035612,0.01593229661039497
2015Q3,wholesale,Wholesale trade,0.004050234572378214,0.016293651599320006,0.018957937077110243
2015Q3,retail,Retail trade,0.0037299678407528847,0.01963798260959994,0.02458596402858948
2015Q3,air_transport,Air transportation,0.0010216684450643082,0.06785238554339273,0.009930970022101304
2015Q3,rail_transport,Rail transportation,0.00447405511665,-0.010693751876603198,-0.00021489201676150316
2015Q3,water_transport,Water transportation,0.0022249355582689145,0.0677548319859197,0.033191424516890944
2015Q3,truck_transport,Truck transportation,0.0015089512372182257,-0.026273725078041595,0.013240310343938688
2015Q3,transit_ground,Transit and ground passenger transportation,0.0013085589048148494,-0.044423017783228796,0.005823077150837408
2015Q3,pipeline,Pipeline transportation,0.0030727960004878208,-0.07757473465545779,0.004385094646612853
2015Q3,other_transport_support,Other transportation and support activities,0.0019084642575085131,-0.04274709066154128,0.012321103427455515
2015Q3,warehousing,Warehousing and storage,0.000582864068745248,0.0224858219032893,0.04168557846205312
2015Q3,information,Information,0.0012568881244108265,0.024708243650780858,0.033157782481009423
2015Q3,credit_intermediation,"Federal Reserve banks, credit intermediation, and related activities",0.04900299476111886,0.04724348338569964,-0.006477853054416172
2015Q3,securities,"Securities, commodity contracts, and investments",0.014804944851580428,-0.028828667947318018,0.04976480326247135
2015Q3,insurance,Insurance carriers and related activities,0.010887716475079995,0.028017841042987972,0.04473863993057492
2015Q3,funds_trusts,"Funds, trusts, and other financial vehicles",0.0001326563755406629,0.02518907253427354,0.08268090735387768
2015Q3,real_estate,Real estate,-0.002581817193388014,-0.01302038778439753,0.023933316064093546
2015Q3,rental_leasing,Rental and leasing services and lessors of intangible assets,0.010060108542510826,0.02429158126706718,0.020845516150115095
2015Q3,legal,Legal services,-0.005291925860070601,-0.038689705753400146,-0.024730077120822647
2015Q3,computer_systems,Computer systems design and related services,0.0007409045046817553,-0.024716348831063925,0.02346662826236523
2015Q3,misc_professional,"Miscellaneous professional, scientific, and technical services",-0.001611106567171533,-0.01228841538952472,0.003469354039319361
2015Q3,management_companies,Management of companies and enterprises,-0.0003460519423260644,0.04932476061100112,0.07921624131982852
2015Q3,admin_support,Administrative and support services,0.001652820891347967,-0.007170128045908266,0.02196081131085048
2015Q3,waste_remediation,Waste management and remediation services,0.003819483649417338,-0.007189152580080945,0.028429491005592222
2015Q3,education,Educational services,-0.0002904703193272948,-0.022321035839745013,0.01959240020176445
2015Q3,ambulatory_health,Ambulatory health care services,-0.0007917695413961756,0.0008642793353879451,0.02813902901837384
2015Q3,hospitals_nursing,"Hospitals, nursing and residential care facilities",0.0022852163022571287,0.005943030899713511,0.029053953349728046
2015Q3,social_assistance,Social assistance,0.0012492354456656724,0.016267145126549008,-0.004569241584003736
2015Q3,performing_arts_museums,"Performing arts, spectator sports, museums, and related activities",0.01335713862383689,0.008021820807852107,0.03254066384871224
2015Q3,amusement_recreation,"Amusements, gambling, and recreation industries",0.0016866228837990327,-0.007727230649853265,0.019883577027089094
2015Q3,accommodation,Accommodation,0.0018467218520162865,0.003526736908010779,0.04299818620393059
2015Q3,food_services,Food services and drinking places,0.0009523809523809407,-0.0279179527639324,0.021122256938734374
2015Q3,other_services,"Other services, except government",0.0008846882681581014,0.0028609847509514625,0.024621813944978976
2015Q4,oil_gas_extraction,Oil and gas extraction,-0.043128892726930546,0.0419646449752343,0.12461238800155816
2015Q4,mining_except_oil_gas,"Mining, except oil and gas",0.0020781076824359923,0.05962217366086354,0.050190482524059776
2015Q4,support_mining,Support activities for mining,0.002359153058358182,0.03144535749267169,0.06251565075094478
2015Q4,utilities,Utilities,0.04122123358948632,-0.0518580617251986,-0.054598239370668655
2015Q4,construction,Construction,-0.004780954940725751,-0.0032260899760482953,0.08732311080298527
2015Q4,wood_products,Wood products,-0.001444730499561786,-0.09644317105999906,0.025323357211159303
2015Q4,nonmetallic_mineral,Nonmetallic mineral products,-0.0027177818718722435,-0.014152244555140046,0.07455157955095237
2015Q4,primary_metals,Primary metals,-0.0013680354832688313,-0.046992337310917856,0.06195946440330746
2015Q4,fabricated_metal,Fabricated metal products,-0.001901984746825347,0.025693178660364125,0.0431069272519129
2015Q4,machinery,Machinery,-0.002270289415098159,-0.018778810706670136,0.02066578517539086
2015Q4,computer_electronic,Computer and electronic products,-0.00611642825289016,0.04397174752084405,0.04765684121153946
2015Q4,electrical_equipment,"Electrical equipment, appliances, and components",-0.0035235126710936315,0.008719701270985378,0.026636940736164627
2015Q4,motor_vehicles,"Motor vehicles, bodies and trailers, and parts",-0.008144897961061354,-0.03156795118793246,0.07665894802441442
2015Q4,other_transport_equipment,Other transportation equipment,-0.004667810729586719,0.027802603336730968,0.11627035646135209
2015Q4,furniture,Furniture and related products,-0.0008583273952192799,-0.00791553009579866,0.02639585484584739
2015Q4,misc_manufacturing,Miscellaneous manufacturing,-0.002189084077906578,0.022527537521259966,0.031463113742906446
2015Q4,food_beverage_tobacco,Food and beverage and tobacco products,-0.0015292109666142084,-0.027760825938791006,0.00926063634651042
2015Q4,textiles,Textile mills and textile product mills,0.0022124886970686097,0.01054590528103594,-0.039317750875145885
2015Q4,apparel_leather,Apparel and leather and allied products,0.0030395136778115506,0.06540203203615665,0.031173295297040937
2015Q4,paper,Paper products,-0.0018500338325426052,0.03352161229074766,0.037116543839305516
2015Q4,printing,Printing and related support activities,-0.0025589675122385525,0.0032744709491639456,0.01306969826620219
2015Q4,petroleum_coal,Petroleum and coal products,0.010933055655763052,0.09552000155995595,0.03639977285633167
2015Q4,chemicals,Chemical products,0.004124080359307614,-0.024468826331557652,-0.015259156876295865
2015Q4,plastics_rubber,Plastics and rubber products,-0.002146453364227696,0.025542756642778778,0.020987373928550435
2015Q4,wholesale,Wholesale trade,0.008309009390976924,0.03447537373273078,0.011112637572316286
2015Q4,retail,Retail trade,0.00163015994592014,0.008206959315331963,0.022006796091823544
2015Q4,air_transport,Air transportation,-0.0022027357838282358,-0.01741444524704957,0.02496539036876677
2015Q4,rail_transport,Rail transportation,-0.0032934454357321785,0.009308160066747647,0.06538633244597292
2015Q4,water_transport,Water transportation,0.007988980716253452,-0.05999086922740787,0.008214381901427537
2015Q4,truck_transport,Truck transportation,-0.0020124647983425503,-0.020982796731767124,0.05392285600521851
2015Q4,transit_ground,Transit and ground passenger transportation,-0.003455616517846982,-0.011501000744526762,0.04166339510050232
2015Q4,pipeline,Pipeline transportation,-0.009412681486342389,0.004929202033086469,0.11986451922308361
2015Q4,other_transport_support,Other transportation and support activities,-0.002688260893516231,-0.038691818543336254,0.04280497258725857
2015Q4,warehousing,Warehousing and storage,-0.002024707000316761,0.0038479908042155135,0.028914600885823205
2015Q4,information,Information,0.002293806195918846,0.03587440428327674,0.042064056357826285
2015Q4,credit_intermediation,"Federal Reserve banks, credit intermediation, and related activities",-0.013098235813902515,-0.011421251184014167,0.005033937326287319
2015Q4,securities,"Securities, commodity contracts, and investments",0.0017078615590605181,-0.0028329799958786675,0.00917068707369828
2015Q4,insurance,Insurance carriers and related activities,0.012286946256506615,0.03940989191724769,0.020538955836983952
2015Q4,funds_trusts,"Funds, trusts, and other financial vehicles",-0.003233448014753504,0.024664003837326087,0.06354920158318556
2015Q4,real_estate,Real estate,-0.00427925907787563,0.0018895291119850983,0.03436802973977704
2015Q4,rental_leasing,Rental and leasing services and lessors of intangible assets,-0.006827648538195452,0.014520577900867132,0.05594658300413102
2015Q4,legal,Legal services,-0.005002022876898771,-0.018759338317597234,-0.014528784827123276
2015Q4,computer_systems,Computer systems design and related services,-0.0014697161773544326,0.027321114688075868,0.04402675002967826
2015Q4,misc_professional,"Miscellaneous professional, scientific, and technical services",-0.003983292564362445,0.008823850938862631,0.04879539504292074
2015Q4,management_companies,Management of companies and enterprises,0.0014345509223012282,0.04644582607272026,0.048443612363684
2015Q4,admin_support,Administrative and support services,-0.002559259433653649,0.01015703464787174,0.06800090589587238
2015Q4,waste_remediation,Waste management and remediation services,-0.0004232804232804366,-0.010743326011521292,0.02441571767551376
2015Q4,education,Educational services,-0.0002959527160580344,-0.020085400640994195,0.019875615922638312
2015Q4,ambulatory_health,Ambulatory health care services,-0.0019720713520442607,0.00146559748298545,0.034844331219597846
2015Q4,hospitals_nursing,"Hospitals, nursing and residential care facilities",-0.0007123087141296877,0.010282663195453021,0.033643580618669455
2015Q4,social_assistance,Social assistance,-0.0008332038608517833,-0.008052484787000437,0.009658940169596564
2015Q4,performing_arts_museums,"Performing arts, spectator sports, museums, and related activities",-0.002708041565088082,-0.031460121113699134,0.02994928172725464
2015Q4,amusement_recreation,"Amusements, gambling, and recreation industries",-0.002013512859650096,0.005514215316941659,0.0334957963796485
2015Q4,accommodation,Accommodation,-0.00401109487111348,-0.002788912268316139,0.038709328623818484
2015Q4,food_services,Food services and drinking places,-0.0015683981193992391,0.004037019129559533,0.037985284979692446
2015Q4,other_services,"Other services, except government",-0.0011837668378793242,0.004678587491673662,0.03913043478260869
2016Q1,oil_gas_extraction,Oil and gas extraction,-0.043128892726930546,0.043059671082563304,0.12461238800155816
2016Q1,mining_except_oil_gas,"Mining, except oil and gas",0.0020781076824359923,0.06046575258562056,0.050190482524059776
2016Q1,support_mining,Support activities for mining,0.002359153058358182,0.042677972101095196,0.06251565075094478
2016Q1,utilities,Utilities,0.02603379941203937,-0.04835489347179061,-0.020170008903209413
2016Q1,construction,Construction,-0.005831710235005394,0.019907815074745025,0.10902370790876237
2016Q1,wood_products,Wood products,-0.001444730499561786,-0.0961076237660832,0.025323357211159303
2016Q1,nonmetallic_mineral,Nonmetallic mineral products,-0.0027177818718722435,-0.009563257913502932,0.07455157955095237
2016Q1,primary_metals,Primary metals,-0.0013680354832688313,-0.042448202031302174,0.06195946440330746
2016Q1,fabricated_metal,Fabricated metal products,-0.001901984746825347,0.02632325319920732,0.0431069272519129
2016Q1,machinery,Machinery,-0.002270289415098159,-0.017552516187315625,0.02066578517539086
2016Q1,computer_electronic,Computer and electronic products,-0.00611642825289016,0.04541619303855115,0.04765684121153946
2016Q1,electrical_equipment,"Electrical equipment, appliances, and components",-0.0035235126710936315,-5.300687607302005e-05,0.026636940736164627
2016Q1,motor_vehicles,"Motor vehicles, bodies and trailers, and parts",-0.008144897961061354,-0.02931535440214386,0.07665894802441442
2016Q1,other_transport_equipment,Other transportation equipment,-0.004667810729586719,0.027802603336730968,0.11627035646135209
2016Q1,furniture,Furniture and related products,-0.0008583273952192799,-0.0002707370252818571,0.02639585484584739
2016Q1,misc_manufacturing,Miscellaneous manufacturing,-0.002189084077906578,0.023872673797235767,0.031463113742906446
2016Q1,food_beverage_tobacco,Food and beverage and tobacco products,-0.0015292109666142084,-0.027760825938791006,0.00926063634651042
2016Q1,textiles,Textile mills and textile product mills,0.0022124886970686097,0.010689558752840595,-0.039317750875145885
2016Q1,apparel_leather,Apparel and leather and allied products,0.0030395136778115506,0.06540203203615665,0.031173295297040937
2016Q1,paper,Paper products,-0.0018500338325426052,0.02844298918450922,0.037116543839305516
2016Q1,printing,Printing and related support activities,-0.0025589675122385525,0.0010497378526345216,0.01306969826620219
2016Q1,petroleum_coal,Petroleum and coal products,0.010933055655763052,0.08706399593384703,0.03639977285633167
2016Q1,chemicals,Chemical products,0.004124080359307614,-0.02330731084044817,-0.015259156876295865
2016Q1,plastics_rubber,Plastics and rubber products,-0.002146453364227696,0.0261480235707291,0.020987373928550435
2016Q1,wholesale,Wholesale trade,0.008052633032532869,-0.0003855405827884314,-0.023939618794924344
2016Q1,retail,Retail trade,0.0017251707869136157,0.019670975818629668,0.03113977627733555
2016Q1,air_transport,Air transportation,-0.0022027357838282358,-0.02228436208336944,0.02496539036876677
2016Q1,rail_transport,Rail transportation,-0.0032934454357321785,0.00584384066231487,0.06538633244597292
2016Q1,water_transport,Water transportation,0.007988980716253452,-0.061475567194202066,0.008214381901427537
2016Q1,truck_transport,Truck transportation,-0.0020124647983425503,-0.021976902107127896,0.05392285600521851
2016Q1,transit_ground,Transit and ground passenger transportation,-0.003455616517846982,-0.013664972699134349,0.04166339510050232
2016Q1,pipeline,Pipeline transportation,-0.009412681486342389,0.004929202033086469,0.11986451922308361
2016Q1,other_transport_support,Other transportation and support activities,-0.002688260893516231,-0.03959326087209553,0.04280497258725857
2016Q1,warehousing,Warehousing and storage,-0.002024707000316761,-0.01234585293887924,0.028914600885823205
2016Q1,information,Information,0.006211815094391782,0.05476246389054692,0.03799100085127094
2016Q1,credit_intermediation,"Federal Reserve banks, credit intermediation, and related activities",-0.013098235813902515,-0.010392324140958203,0.005033937326287319
2016Q1,securities,"Securities, commodity contracts, and investments",0.0017078615590605181,-0.0028329799958786675,0.00917068707369828
2016Q1,insurance,Insurance carriers and related activities,0.012286946256506615,0.03987597693002287,0.020538955836983952
2016Q1,funds_trusts,"Funds, trusts, and other financial vehicles",-0.003233448014753504,0.02291653581461182,0.06354920158318556
2016Q1,real_estate,Real estate,-0.00427925907787563,0.002113659960051141,0.03436802973977704
2016Q1,rental_leasing,Rental and leasing services and lessors of intangible assets,-0.006827648538195452,0.014803935404382207,0.05594658300413102
2016Q1,legal,Legal services,-0.005002022876898771,-0.018759338317597234,-0.014528784827123276
2016Q1,computer_systems,Computer systems design and related services,-0.0014697161773544326,0.027321114688075868,0.04402675002967826
2016Q1,misc_professional,"Miscellaneous professional, scientific, and technical services",-0.003983292564362445,0.008823850938862631,0.04879539504292074
2016Q1,management_companies,Management of companies and enterprises,0.00047828831360458013,0.012247643498574153,0.03990332515827277
2016Q1,admin_support,Administrative and support services,-0.002559259433653649,0.012791525573933378,0.06800090589587238
2016Q1,waste_remediation,Waste management and remediation services,-0.0004232804232804366,-0.012039208425458726,0.02441571767551376
2016Q1,education,Educational services,7.334921640628905e-05,-0.013311075632233766,0.015102104557271456
2016Q1,ambulatory_health,Ambulatory health care services,-0.0019720713520442607,0.0034578681526105637,0.034844331219597846
2016Q1,hospitals_nursing,"Hospitals, nursing and residential care facilities",-0.0007123087141296877,0.010324094925965763,0.033643580618669455
2016Q1,social_assistance,Social assistance,-0.0008332038608517833,-0.005284251757483279,0.009658940169596564
2016Q1,performing_arts_museums,"Performing arts, spectator sports, museums, and related activities",-0.002708041565088082,-0.026517385768230328,0.02994928172725464
2016Q1,amusement_recreation,"Amusements, gambling, and recreation industries",-0.002013512859650096,0.0038052183720183393,0.0334957963796485
2016Q1,accommodation,Accommodation,-0.00401109487111348,-0.005559454384311191,0.038709328623818484
2016Q1,food_services,Food services and drinking places,-0.0015683981193992391,0.005786532812880629,0.037985284979692446
2016Q1,other_services,"Other services, except government",0.0006525729636043809,-0.006696564146101975,0.013999890768082501
2016Q2,oil_gas_extraction,Oil and gas extraction,-0.043128892726930546,0.043059671082563304,0.12461238800155816
2016Q2,mining_except_oil_gas,"Mining, except oil and gas",0.0020781076824359923,0.06046575258562056,0.050190482524059776
2016Q2,support_mining,Support activities for mining,0.002359153058358182,0.042677972101095196,0.06251565075094478
2016Q2,utilities,Utilities,0.04623600342634693,-0.059994101138711516,-0.07922909971200809
2016Q2,construction,Construction,-0.003662257659000717,0.01882014961651987,0.10152726835427806
2016Q2,wood_products,Wood products,-0.001444730499561786,-0.0961076237660832,0.025323357211159303
2016Q2,nonmetallic_mineral,Nonmetallic mineral products,-0.0027177818718722435,-0.009563257913502932,0.07455157955095237
2016Q2,primary_metals,Primary metals,-0.0013680354832688313,-0.042448202031302174,0.06195946440330746
2016Q2,fabricated_metal,Fabricated metal products,-0.001901984746825347,0.02632325319920732,0.0431069272519129
2016Q2,machinery,Machinery,-0.002270289415098159,-0.017552516187315625,0.02066578517539086
2016Q2,computer_electronic,Computer and electronic products,-0.00611642825289016,0.04541619303855115,0.04765684121153946
2016Q2,electrical_equipment,"Electrical equipment, appliances, and components",-0.0035235126710936315,-5.300687607302005e-05,0.026636940736164627
2016Q2,motor_vehicles,"Motor vehicles, bodies and trailers, and parts",-0.008144897961061354,-0.02931535440214386,0.07665894802441442
2016Q2,other_transport_equipment,Other transportation equipment,-0.004667810729586719,0.027802603336730968,0.11627035646135209
2016Q2,furniture,Furniture and related products,-0.0008583273952192799,-0.0002707370252818571,0.02639585484584739
2016Q2,misc_manufacturing,Miscellaneous manufacturing,-0.002189084077906578,0.023872673797235767,0.031463113742906446
2016Q2,food_beverage_tobacco,Food and beverage and tobacco products,-0.0015292109666142084,-0.027760825938791006,0.00926063634651042
2016Q2,textiles,Textile mills and textile product mills,0.0022124886970686097,0.010689558752840595,-0.039317750875145885
2016Q2,apparel_leather,Apparel and leather and allied products,0.0030395136778115506,0.06540203203615665,0.031173295297040937
2016Q2,paper,Paper products,-0.0018500338325426052,0.02844298918450922,0.037116543839305516
2016Q2,printing,Printing and related support activities,-0.0025589675122385525,0.0010497378526345216,0.01306969826620219
2016Q2,petroleum_coal,Petroleum and coal products,0.010933055655763052,0.08706399593384703,0.03639977285633167
2016Q2,chemicals,Chemical products,0.004124080359307614,-0.02330731084044817,-0.015259156876295865
2016Q2,plastics_rubber,Plastics and rubber products,-0.002146453364227696,0.0261480235707291,0.020987373928550435
2016Q2,wholesale,Wholesale trade,0.011917355371875937,0.001262032048234514,-0.037293145963932295
2016Q2,retail,Retail trade,0.0018829641861161928,0.022886126549357046,0.029453253794252232
2016Q2,air_transport,Air transportation,-0.0022027357838282358,-0.02228436208336944,0.02496539036876677
2016Q2,rail_transport,Rail transportation,-0.0032934454357321785,0.00584384066231487,0.06538633244597292
2016Q2,water_transport,Water transportation,0.007988980716253452,-0.061475567194202066,0.008214381901427537
2016Q2,truck_transport,Truck transportation,-0.0020124647983425503,-0.021976902107127896,0.05392285600521851
2016Q2,transit_ground,Transit and ground passenger transportation,-0.003455616517846982,-0.013664972699134349,0.04166339510050232
2016Q2,pipeline,Pipeline transportation,-0.009412681486342389,0.004929202033086469,0.11986451922308361
2016Q2,other_transport_support,Other transportation and support activities,-0.002688260893516231,-0.03959326087209553,0.04280497258725857
2016Q2,warehousing,Warehousing and storage,-0.002024707000316761,-0.01234585293887924,0.028914600885823205
2016Q2,information,Information,0.007118593390334493,0.062000986001945965,0.04768247840409656
2016Q2,credit_intermediation,"Federal Reserve banks, credit intermediation, and related activities",-0.013098235813902515,-0.010392324140958203,0.005033937326287319
2016Q2,securities,"Securities, commodity contracts, and investments",0.0017078615590605181,-0.0028329799958786675,0.00917068707369828
2016Q2,insurance,Insurance carriers and related activities,0.012286946256506615,0.03987597693002287,0.020538955836983952
2016Q2,funds_trusts,"Funds, trusts, and other financial vehicles",-0.003233448014753504,0.02291653581461182,0.06354920158318556
2016Q2,real_estate,Real estate,-0.00427925907787563,0.002113659960051141,0.03436802973977704
2016Q2,rental_leasing,Rental and leasing services and lessors of intangible assets,-0.006827648538195452,0.014803935404382207,0.05594658300413102
2016Q2,legal,Legal services,-0.005002022876898771,-0.018759338317597234,-0.014528784827123276
2016Q2,computer_systems,Computer systems design and related services,-0.0014697161773544326,0.027321114688075868,0.04402675002967826
2016Q2,misc_professional,"Miscellaneous professional, scientific, and technical services",-0.003983292564362445,0.008823850938862631,0.04879539504292074
2016Q2,management_companies,Management of companies and enterprises,0.0007342054508129164,0.01765214170825916,0.041349078672839434
2016Q2,admin_support,Administrative and support services,-0.002559259433653649,0.012791525573933378,0.06800090589587238
2016Q2,waste_remediation,Waste management and remediation services,-0.0004232804232804366,-0.012039208425458726,0.02441571767551376
2016Q2,education,Educational services,0.00032601056636558795,-0.01724540603411285,0.013094631019159308
2016Q2,ambulatory_health,Ambulatory health care services,-0.0019720713520442607,0.0034578681526105637,0.034844331219597846
2016Q2,hospitals_nursing,"Hospitals, nursing and residential care facilities",-0.0007123087141296877,0.010324094925965763,0.033643580618669455
2016Q2,social_assistance,Social assistance,-0.0008332038608517833,-0.005284251757483279,0.009658940169596564
2016Q2,performing_arts_museums,"Performing arts, spectator sports, museums, and related activities",-0.002708041565088082,-0.026517385768230328,0.02994928172725464
2016Q2,amusement_recreation,"Amusements, gambling, and recreation industries",-0.002013512859650096,0.0038052183720183393,0.0334957963796485
2016Q2,accommodation,Accommodation,-0.00401109487111348,-0.005559454384311191,0.038709328623818484
2016Q2,food_services,Food services and drinking places,-0.0015683981193992391,0.005786532812880629,0.037985284979692446
2016Q2,other_services,"Other services, except government",0.0008677121011895217,-0.0027261614626022178,0.019046935166817658
2016Q3,oil_gas_extraction,Oil and gas extraction,-0.043128892726930546,0.043059671082563304,0.12461238800155816
2016Q3,mining_except_oil_gas,"Mining, except oil and gas",0.0020781076824359923,0.06046575258562056,0.050190482524059776
2016Q3,support_mining,Support activities for mining,0.002359153058358182,0.042677972101095196,0.06251565075094478
2016Q3,utilities,Utilities,0.04607336575491405,-0.037653188774749095,-0.09625206668140984
2016Q3,construction,Construction,-0.005067563680140413,0.03599648910344659,0.12384727150524344
2016Q3,wood_products,Wood products,-0.001444730499561786,-0.0961076237660832,0.025323357211159303
2016Q3,nonmetallic_mineral,Nonmetallic mineral products,-0.0027177818718722435,-0.009563257913502932,0.07455157955095237
2016Q3,primary_metals,Primary metals,-0.0013680354832688313,-0.042448202031302174,0.06195946440330746
2016Q3,fabricated_metal,Fabricated metal products,-0.001901984746825347,0.02632325319920732,0.0431069272519129
2016Q3,machinery,Machinery,-0.002270289415098159,-0.017552516187315625,0.02066578517539086
2016Q3,computer_electronic,Computer and electronic products,-0.00611642825289016,0.04541619303855115,0.04765684121153946
2016Q3,electrical_equipment,"Electrical equipment, appliances, and components",-0.0035235126710936315,-5.300687607302005e-05,0.026636940736164627
2016Q3,motor_vehicles,"Motor vehicles, bodies and trailers, and parts",-0.008144897961061354,-0.02931535440214386,0.07665894802441442
2016Q3,other_transport_equipment,Other transportation equipment,-0.004667810729586719,0.027802603336730968,0.11627035646135209
2016Q3,furniture,Furniture and related products,-0.0008583273952192799,-0.0002707370252818571,0.02639585484584739
2016Q3,misc_manufacturing,Miscellaneous manufacturing,-0.002189084077906578,0.023872673797235767,0.031463113742906446
2016Q3,food_beverage_tobacco,Food and beverage and tobacco products,-0.0015292109666142084,-0.027760825938791006,0.00926063634651042
2016Q3,textiles,Textile mills and textile product mills,0.0022124886970686097,0.010689558752840595,-0.039317750875145885
2016Q3,apparel_leather,Apparel and leather and allied products,0.0030395136778115506,0.06540203203615665,0.031173295297040937
2016Q3,paper,Paper products,-0.0018500338325426052,0.02844298918450922,0.037116543839305516
2016Q3,printing,Printing and related support activities,-0.0025589675122385525,0.0010497378526345216,0.01306969826620219
2016Q3,petroleum_coal,Petroleum and coal products,0.010933055655763052,0.08706399593384703,0.03639977285633167
2016Q3,chemicals,Chemical products,0.004124080359307614,-0.02330731084044817,-0.015259156876295865
2016Q3,plastics_rubber,Plastics and rubber products,-0.002146453364227696,0.0261480235707291,0.020987373928550435
2016Q3,wholesale,Wholesale trade,0.010881747067938818,0.0033500966604882456,-0.03209824006808726
2016Q3,retail,Retail trade,-0.00012990554100333895,0.016543462844554675,0.0419759341355288
2016Q3,air_transport,Air transportation,-0.0022027357838282358,-0.02228436208336944,0.02496539036876677
2016Q3,rail_transport,Rail transportation,-0.0032934454357321785,0.00584384066231487,0.06538633244597292
2016Q3,water_transport,Water transportation,0.007988980716253452,-0.061475567194202066,0.008214381901427537
2016Q3,truck_transport,Truck transportation,-0.0020124647983425503,-0.021976902107127896,0.05392285600521851
2016Q3,transit_ground,Transit and ground passenger transportation,-0.003455616517846982,-0.013664972699134349,0.04166339510050232
2016Q3,pipeline,Pipeline transportation,-0.009412681486342389,0.004929202033086469,0.11986451922308361
2016Q3,other_transport_support,Other transportation and support activities,-0.002688260893516231,-0.03959326087209553,0.04280497258725857
2016Q3,warehousing,Warehousing and storage,-0.002024707000316761,-0.01234585293887924,0.028914600885823205
2016Q3,information,Information,0.003445211583111729,0.04737624008008887,0.048524730704811114
2016Q3,credit_intermediation,"Federal Reserve banks, credit intermediation, and related activities",-0.013098235813902515,-0.010392324140958203,0.005033937326287319
2016Q3,securities,"Securities, commodity contracts, and investments",0.0017078615590605181,-0.0028329799958786675,0.00917068707369828
2016Q3,insurance,Insurance carriers and related activities,0.012286946256506615,0.03987597693002287,0.020538955836983952
2016Q3,funds_trusts,"Funds, trusts, and other financial vehicles",-0.003233448014753504,0.02291653581461182,0.06354920158318556
2016Q3,real_estate,Real estate,-0.00427925907787563,0.002113659960051141,0.03436802973977704
2016Q3,rental_leasing,Rental and leasing services and lessors of intangible assets,-0.006827648538195452,0.014803935404382207,0.05594658300413102
2016Q3,legal,Legal services,-0.005002022876898771,-0.018759338317597234,-0.014528784827123276
2016Q3,computer_systems,Computer systems design and related services,-0.0014697161773544326,0.027321114688075868,0.04402675002967826
2016Q3,misc_professional,"Miscellaneous professional, scientific, and technical services",-0.003983292564362445,0.008823850938862631,0.04879539504292074
2016Q3,management_companies,Management of companies and enterprises,-5.81283288426937e-06,0.02188426325152381,0.05805008380025378
2016Q3,admin_support,Administrative and support services,-0.002559259433653649,0.012791525573933378,0.06800090589587238
2016Q3,waste_remediation,Waste management and remediation services,-0.0004232804232804366,-0.012039208425458726,0.02441571767551376
2016Q3,education,Educational services,0.00019208946026615797,-0.014695521666893762,0.012555915190748168
2016Q3,ambulatory_health,Ambulatory health care services,-0.0019720713520442607,0.0034578681526105637,0.034844331219597846
2016Q3,hospitals_nursing,"Hospitals, nursing and residential care facilities",-0.0007123087141296877,0.010324094925965763,0.033643580618669455
2016Q3,social_assistance,Social assistance,-0.0008332038608517833,-0.005284251757483279,0.009658940169596564
2016Q3,performing_arts_museums,"Performing arts, spectator sports, museums, and related activities",-0.002708041565088082,-0.026517385768230328,0.02994928172725464
2016Q3,amusement_recreation,"Amusements, gambling, and recreation industries",-0.002013512859650096,0.0038052183720183393,0.0334957963796485
2016Q3,accommodation,Accommodation,-0.00401109487111348,-0.005559454384311191,0.038709328623818484
2016Q3,food_services,Food services and drinking places,-0.0015683981193992391,0.005786532812880629,0.037985284979692446
2016Q3,other_services,"Other services, except government",-0.0020793764850903784,0.0004184537122393479,0.04450449958598357
2016Q4,oil_gas_extraction,Oil and gas extraction,-0.07217580122826783,0.1772729609926131,0.012330456226880449
2016Q4,mining_except_oil_gas,"Mining, except oil and gas",-0.0016819488214271927,-0.06704032869752516,-0.10353535353535348
2016Q4,support_mining,Support activities for mining,0.0038259038259037814,-0.08125591924385717,-0.28412537917087977
2016Q4,utilities,Utilities,0.018355311434306132,0.018460362907441952,0.00280109222445013
2016Q4,construction,Construction,0.003654593971235659,-0.0027633315862726133,0.036798978987866215
2016Q4,wood_products,Wood products,-0.0007764033760606776,0.04418980959933051,0.04015544041450769
2016Q4,nonmetallic_mineral,Nonmetallic mineral products,0.005107064411767892,-0.04776946061939744,-0.019267822736030782
2016Q4,primary_metals,Primary metals,0.0028163666764366713,0.14644667244586804,-0.04367201426024958
2016Q4,fabricated_metal,Fabricated metal products,0.003535169491525436,-0.0414436369960478,-0.003951453570420593
2016Q4,machinery,Machinery,0.0037863800652774005,-0.05302760046509662,-0.050026752273943265
2016Q4,computer_electronic,Computer and electronic products,0.011220785923594379,0.03865730811088235,0.016447368421052655
2016Q4,electrical_equipment,"Electrical equipment, appliances, and components",0.004606316632253193,-0.03278288377291878,-0.02067183462532296
2016Q4,motor_vehicles,"Motor vehicles, bodies and trailers, and parts",0.0055664080750613965,0.0007984257749409069,0.11469344608879495
2016Q4,other_transport_equipment,Other transportation equipment,0.004190928638703462,-0.007060700857334686,0.026706231454005858
2016Q4,furniture,Furniture and related products,0.003678089465640952,-0.016182255029130878,0.04387291981845687
2016Q4,misc_manufacturing,Miscellaneous manufacturing,0.00433630696788595,-0.009753097112072314,0.01046435578809679
2016Q4,food_beverage_tobacco,Food and beverage and tobacco products,0.011706239194025206,-0.026437492350205677,0.028964984552008133
2016Q4,textiles,Textile mills and textile product mills,0.004332129963898923,-0.02766752043850087,-0.002049180327868716
2016Q4,apparel_leather,Apparel and leather and allied products,0.0025136601415025744,-0.057531846894793195,-0.01016949152542379
2016Q4,paper,Paper products,0.015327734888655103,0.0020333150856338125,-0.012040939193257105
2016Q4,printing,Printing and related support activities,0.004685974617637478,-0.019938128008605827,0.04029304029304015
2016Q4,petroleum_coal,Petroleum and coal products,0.0835322849028671,0.10540253509908314,0.010053344275748888
2016Q4,chemicals,Chemical products,0.00819478190456746,0.00849389393685552,0.08756307509646777
2016Q4,plastics_rubber,Plastics and rubber products,0.013989864890784798,-0.03409200016015305,-0.012394645513138292
2016Q4,wholesale,Wholesale trade,0.006157277301083147,-0.01634622528908492,-0.03142786439000256
2016Q4,retail,Retail trade,0.0007534506480325609,-0.005942832127813597,0.01531588506194459
2016Q4,air_transport,Air transportation,0.024722799575821852,-0.02976994053189206,0.05518617021276584
2016Q4,rail_transport,Rail transportation,0.007797169864211806,-0.07785348799650746,-0.053370786516853896
2016Q4,water_transport,Water transportation,0.004107423272905919,-0.1118195578119373,-0.02583025830258312
2016Q4,truck_transport,Truck transportation,0.004629126271010586,-0.08113967106152496,0.024146257330113885
2016Q4,transit_ground,Transit and ground passenger transportation,0.0037847725982463887,-0.007926275660966826,0.025210084033613356
2016Q4,pipeline,Pipeline transportation,0.013738338935679884,-0.01753910181187681,0.04280155642023353
2016Q4,other_transport_support,Other transportation and support activities,0.002522163770450253,-0.010872637365069307,0.041737168640721745
2016Q4,warehousing,Warehousing and storage,0.004277171025721782,0.00029866485182892584,0.018575851393188847
2016Q4,information,Information,0.00531632118913683,0.048969091109559264,0.03687802555352748
2016Q4,credit_intermediation,"Federal Reserve banks, credit intermediation, and related activities",-0.02063443968085682,-0.026729457864981637,0.021876093804690244
2016Q4,securities,"Securities, commodity contracts, and investments",-0.00588033646459795,-0.05471108245644861,-0.008686765457332601
2016Q4,insurance,Insurance carriers and related activities,-0.003933972636241706,0.011067756458671377,0.026123560727993045
2016Q4,funds_trusts,"Funds, trusts, and other financial vehicles",-0.0005466621348578782,-0.07024051999469046,-0.044762757385855
2016Q4,real_estate,Real estate,0.0011188698327012636,-0.00254510128758798,0.028164183086245798
2016Q4,rental_leasing,Rental and leasing services and lessors of intangible assets,0.011968997987399532,0.07326625838896327,0.05934065934065935
2016Q4,legal,Legal services,0.008090060466179883,0.02073315084156179,0.015057915057914872
2016Q4,computer_systems,Computer systems design and related services,0.0021659925578385447,0.03586606803930737,0.01781097385808672
2016Q4,misc_professional,"Miscellaneous professional, scientific, and technical services",0.00454665387322209,0.014287069804891181,0.03192792162351288
2016Q4,management_companies,Management of companies and enterprises,0.0002329232611825438,-0.010383822358625816,0.019335869941196737
2016Q4,admin_support,Administrative and support services,0.004822818754654873,0.005417969362313039,0.06206121875877546
2016Q4,waste_remediation,Waste management and remediation services,0.005262136264977291,-0.021527772053990236,0.008505467800729027
2016Q4,education,Educational services,-0.0007350002130373581,-0.03463736950299009,0.0200909987939919
2016Q4,ambulatory_health,Ambulatory health care services,0.003870299317925388,0.029667054738143,0.06537975410777896
2016Q4,hospitals_nursing,"Hospitals, nursing and residential care facilities",0.0010547349580135729,0.0039233465153019455,0.047635135135135176
2016Q4,social_assistance,Social assistance,0.0027409782068279764,-0.029615536556198297,0.010369410239792654
2016Q4,performing_arts_museums,"Performing arts, spectator sports, museums, and related activities",0.006653118279083187,-0.0003582507727551524,0.04482758620689653
2016Q4,amusement_recreation,"Amusements, gambling, and recreation industries",0.005129057864720343,0.01175162114392606,0.06640625
2016Q4,accommodation,Accommodation,0.006061060960403569,0.01044117232218053,0.04293294741919906
2016Q4,food_services,Food services and drinking places,0.003134499764960677,-0.004704737468074428,0.05625622303352129
2016Q4,other_services,"Other services, except government",-0.0009363175057046091,0.0005064922215555075,0.033113900242341066
2017Q1,oil_gas_extraction,Oil and gas extraction,-0.07217580122826783,0.16825218260330663,0.012330456226880449
2017Q1,mining_except_oil_gas,"Mining, except oil and gas",-0.0016819488214271927,-0.0631336995567294,-0.10353535353535348
2017Q1,support_mining,Support activities for mining,0.0038259038259037814,-0.059048461238956705,-0.28412537917087977
2017Q1,utilities,Utilities,0.004050029460682503,0.05033057081664965,0.034939345618957285
2017Q1,construction,Construction,0.004858079131838583,-0.013401273832219621,0.013450931183591752
2017Q1,wood_products,Wood products,-0.0007764033760606776,0.036999527640789225,0.04015544041450769
2017Q1,nonmetallic_mineral,Nonmetallic mineral products,0.005107064411767892,-0.05194197330326663,-0.019267822736030782
2017Q1,primary_metals,Primary metals,0.0028163666764366713,0.1445513893734503,-0.04367201426024958
2017Q1,fabricated_metal,Fabricated metal products,0.003535169491525436,-0.04096948622598954,-0.003951453570420593
2017Q1,machinery,Machinery,0.0037863800652774005,-0.05206960699973414,-0.050026752273943265
2017Q1,computer_electronic,Computer and electronic products,0.011220785923594379,0.035765122175970734,0.016447368421052655
2017Q1,electrical_equipment,"Electrical equipment, appliances, and components",0.004606316632253193,-0.03265261416579289,-0.02067183462532296
2017Q1,motor_vehicles,"Motor vehicles, bodies and trailers, and parts",0.0055664080750613965,-0.0026970247414014555,0.11469344608879495
2017Q1,other_transport_equipment,Other transportation equipment,0.004190928638703462,-0.007060700857334686,0.026706231454005858
2017Q1,furniture,Furniture and related products,0.003678089465640952,-0.016926219137246012,0.04387291981845687
2017Q1,misc_manufacturing,Miscellaneous manufacturing,0.00433630696788595,-0.005847756441475619,0.01046435578809679
2017Q1,food_beverage_tobacco,Food and beverage and tobacco products,0.011706239194025206,-0.026437492350205677,0.028964984552008133
2017Q1,textiles,Textile mills and textile product mills,0.004332129963898923,-0.027452676921605593,-0.002049180327868716
2017Q1,apparel_leather,Apparel and leather and allied products,0.0025136601415025744,-0.057531846894793195,-0.01016949152542379
2017Q1,paper,Paper products,0.015327734888655103,0.0018320337809155608,-0.012040939193257105
2017Q1,printing,Printing and related support activities,0.004685974617637478,-0.022866214741268785,0.04029304029304015
2017Q1,petroleum_coal,Petroleum and coal products,0.0835322849028671,0.11550904831035924,0.010053344275748888
2017Q1,chemicals,Chemical products,0.00819478190456746,0.011369801843433787,0.08756307509646777
2017Q1,plastics_rubber,Plastics and rubber products,0.013989864890784798,-0.037918097204890554,-0.012394645513138292
2017Q1,wholesale,Wholesale trade,0.005723125024831105,0.014941174295858213,-0.009401822675075833
2017Q1,retail,Retail trade,0.0009697821582619892,-0.0007065922993392745,0.009122143823932172
2017Q1,air_transport,Air transportation,0.024722799575821852,-0.034632650687962126,0.05518617021276584
2017Q1,rail_transport,Rail transportation,0.007797169864211806,-0.07406075162399058,-0.053370786516853896
2017Q1,water_transport,Water transportation,0.004107423272905919,-0.12950639430588498,-0.02583025830258312
2017Q1,truck_transport,Truck transportation,0.004629126271010586,-0.07897061522513107,0.024146257330113885
2017Q1,transit_ground,Transit and ground passenger transportation,0.0037847725982463887,-0.01247368485848302,0.025210084033613356
2017Q1,pipeline,Pipeline transportation,0.013738338935679884,-0.02461261828925772,0.04280155642023353
2017Q1,other_transport_support,Other transportation and support activities,0.002522163770450253,-0.016253893856396494,0.041737168640721745
2017Q1,warehousing,Warehousing and storage,0.004277171025721782,-0.019506560447197164,0.018575851393188847
2017Q1,information,Information,0.0032199156283862496,0.059652383805999375,0.049725279050362836
2017Q1,credit_intermediation,"Federal Reserve banks, credit intermediation, and related activities",-0.02063443968085682,-0.027863008054362343,0.021876093804690244
2017Q1,securities,"Securities, commodity contracts, and investments",-0.00588033646459795,-0.05471108245644861,-0.008686765457332601
2017Q1,insurance,Insurance carriers and related activities,-0.003933972636241706,0.013503974631459295,0.026123560727993045
2017Q1,funds_trusts,"Funds, trusts, and other financial vehicles",-0.0005466621348578782,-0.07056145712413255,-0.044762757385855
2017Q1,real_estate,Real estate,0.0011188698327012636,-0.0017160081290960641,0.028164183086245798
2017Q1,rental_leasing,Rental and leasing services and lessors of intangible assets,0.011968997987399532,0.06743625224434516,0.05934065934065935
2017Q1,legal,Legal services,0.008090060466179883,0.02073315084156179,0.015057915057914872
2017Q1,computer_systems,Computer systems design and related services,0.0021659925578385447,0.03586606803930737,0.01781097385808672
2017Q1,misc_professional,"Miscellaneous professional, scientific, and technical services",0.00454665387322209,0.014287069804891181,0.03192792162351288
2017Q1,management_companies,Management of companies and enterprises,-4.692082529345054e-06,0.0021644902522825033,0.028108212480432382
2017Q1,admin_support,Administrative and support services,0.004822818754654873,0.006879514666809507,0.06206121875877546
2017Q1,waste_remediation,Waste management and remediation services,0.005262136264977291,-0.018946523529975265,0.008505467800729027
2017Q1,education,Educational services,-0.0006095228097409908,-0.03680444845263081,0.018105862285990426
2017Q1,ambulatory_health,Ambulatory health care services,0.003870299317925388,0.03203646770928333,0.06537975410777896
2017Q1,hospitals_nursing,"Hospitals, nursing and residential care facilities",0.0010547349580135729,0.006515623213184996,0.047635135135135176
2017Q1,social_assistance,Social assistance,0.0027409782068279764,-0.03108137741188927,0.010369410239792654
2017Q1,performing_arts_museums,"Performing arts, spectator sports, museums, and related activities",0.006653118279083187,0.006126453160586959,0.04482758620689653
2017Q1,amusement_recreation,"Amusements, gambling, and recreation industries",0.005129057864720343,0.00895423807234309,0.06640625
2017Q1,accommodation,Accommodation,0.006061060960403569,0.007646610778425696,0.04293294741919906
2017Q1,food_services,Food services and drinking places,0.003134499764960677,-0.0070990082572128955,0.05625622303352129
2017Q1,other_services,"Other services, except government",-0.004096735147686548,0.009148491703790533,0.061192036130017335
2017Q2,oil_gas_extraction,Oil and gas extraction,-0.07217580122826783,0.16825218260330663,0.012330456226880449
2017Q2,mining_except_oil_gas,"Mining, except oil and gas",-0.0016819488214271927,-0.0631336995567294,-0.10353535353535348
2017Q2,support_mining,Support activities for mining,0.0038259038259037814,-0.059048461238956705,-0.28412537917087977
2017Q2,utilities,Utilities,-0.0018092286762489418,0.05348885464407729,0.027177593105570885
2017Q2,construction,Construction,0.002480949758415868,-0.013480711410148925,0.0137765690975451
2017Q2,wood_products,Wood products,-0.0007764033760606776,0.036999527640789225,0.04015544041450769
2017Q2,nonmetallic_mineral,Nonmetallic mineral products,0.005107064411767892,-0.05194197330326663,-0.019267822736030782
2017Q2,primary_metals,Primary metals,0.0028163666764366713,0.1445513893734503,-0.04367201426024958
2017Q2,fabricated_metal,Fabricated metal products,0.003535169491525436,-0.04096948622598954,-0.003951453570420593
2017Q2,machinery,Machinery,0.0037863800652774005,-0.05206960699973414,-0.050026752273943265
2017Q2,computer_electronic,Computer and electronic products,0.011220785923594379,0.035765122175970734,0.016447368421052655
2017Q2,electrical_equipment,"Electrical equipment, appliances, and components",0.004606316632253193,-0.03265261416579289,-0.02067183462532296
2017Q2,motor_vehicles,"Motor vehicles, bodies and trailers, and parts",0.0055664080750613965,-0.0026970247414014555,0.11469344608879495
2017Q2,other_transport_equipment,Other transportation equipment,0.004190928638703462,-0.007060700857334686,0.026706231454005858
2017Q2,furniture,Furniture and related products,0.003678089465640952,-0.016926219137246012,0.04387291981845687
2017Q2,misc_manufacturing,Miscellaneous manufacturing,0.00433630696788595,-0.005847756441475619,0.01046435578809679
2017Q2,food_beverage_tobacco,Food and beverage and tobacco products,0.011706239194025206,-0.026437492350205677,0.028964984552008133
2017Q2,textiles,Textile mills and textile product mills,0.004332129963898923,-0.027452676921605593,-0.002049180327868716
2017Q2,apparel_leather,Apparel and leather and allied products,0.0025136601415025744,-0.057531846894793195,-0.01016949152542379
2017Q2,paper,Paper products,0.015327734888655103,0.0018320337809155608,-0.012040939193257105
2017Q2,printing,Printing and related support activities,0.004685974617637478,-0.022866214741268785,0.04029304029304015
2017Q2,petroleum_coal,Petroleum and coal products,0.0835322849028671,0.11550904831035924,0.010053344275748888
2017Q2,chemicals,Chemical products,0.00819478190456746,0.011369801843433787,0.08756307509646777
2017Q2,plastics_rubber,Plastics and rubber products,0.013989864890784798,-0.037918097204890554,-0.012394645513138292
2017Q2,wholesale,Wholesale trade,0.0002861871760014012,0.012015639017327658,0.013203417355080127
2017Q2,retail,Retail trade,-0.003821519586637512,0.0004012325777434303,0.033908809207613855
2017Q2,air_transport,Air transportation,0.024722799575821852,-0.034632650687962126,0.05518617021276584
2017Q2,rail_transport,Rail transportation,0.007797169864211806,-0.07406075162399058,-0.053370786516853896
2017Q2,water_transport,Water transportation,0.004107423272905919,-0.12950639430588498,-0.02583025830258312
2017Q2,truck_transport,Truck transportation,0.004629126271010586,-0.07897061522513107,0.024146257330113885
2017Q2,transit_ground,Transit and ground passenger transportation,0.0037847725982463887,-0.01247368485848302,0.025210084033613356
2017Q2,pipeline,Pipeline transportation,0.013738338935679884,-0.02461261828925772,0.04280155642023353
2017Q2,other_transport_support,Other transportation and support activities,0.002522163770450253,-0.016253893856396494,0.041737168640721745
2017Q2,warehousing,Warehousing and storage,0.004277171025721782,-0.019506560447197164,0.018575851393188847
2017Q2,information,Information,7.72611269101442e-05,0.03674066139545444,0.03223840998310967
2017Q2,credit_intermediation,"Federal Reserve banks, credit intermediation, and related activities",-0.02063443968085682,-0.027863008054362343,0.021876093804690244
2017Q2,securities,"Securities, commodity contracts, and investments",-0.00588033646459795,-0.05471108245644861,-0.008686765457332601
2017Q2,insurance,Insurance carriers and related activities,-0.003933972636241706,0.013503974631459295,0.026123560727993045
2017Q2,funds_trusts,"Funds, trusts, and other financial vehicles",-0.0005466621348578782,-0.07056145712413255,-0.044762757385855
2017Q2,real_estate,Real estate,0.0011188698327012636,-0.0017160081290960641,0.028164183086245798
2017Q2,rental_leasing,Rental and leasing services and lessors of intangible assets,0.011968997987399532,0.06743625224434516,0.05934065934065935
2017Q2,legal,Legal services,0.008090060466179883,0.02073315084156179,0.015057915057914872
2017Q2,computer_systems,Computer systems design and related services,0.0021659925578385447,0.03586606803930737,0.01781097385808672
2017Q2,misc_professional,"Miscellaneous professional, scientific, and technical services",0.00454665387322209,0.014287069804891181,0.03192792162351288
2017Q2,management_companies,Management of companies and enterprises,6.763528027271815e-05,0.006566287295977607,0.021476629379427292
2017Q2,admin_support,Administrative and support services,0.004822818754654873,0.006879514666809507,0.06206121875877546
2017Q2,waste_remediation,Waste management and remediation services,0.005262136264977291,-0.018946523529975265,0.008505467800729027
2017Q2,education,Educational services,-0.0005388203315344273,-0.030473058929600248,0.013583464552677782
2017Q2,ambulatory_health,Ambulatory health care services,0.003870299317925388,0.03203646770928333,0.06537975410777896
2017Q2,hospitals_nursing,"Hospitals, nursing and residential care facilities",0.0010547349580135729,0.006515623213184996,0.047635135135135176
2017Q2,social_assistance,Social assistance,0.0027409782068279764,-0.03108137741188927,0.010369410239792654
2017Q2,performing_arts_museums,"Performing arts, spectator sports, museums, and related activities",0.006653118279083187,0.006126453160586959,0.04482758620689653
2017Q2,amusement_recreation,"Amusements, gambling, and recreation industries",0.005129057864720343,0.00895423807234309,0.06640625
2017Q2,accommodation,Accommodation,0.006061060960403569,0.007646610778425696,0.04293294741919906
2017Q2,food_services,Food services and drinking places,0.003134499764960677,-0.0070990082572128955,0.05625622303352129
2017Q2,other_services,"Other services, except government",-0.005478384233923883,0.0068057706525599514,0.06370181517855533
2017Q3,oil_gas_extraction,Oil and gas extraction,-0.07217580122826783,0.16825218260330663,0.012330456226880449
2017Q3,mining_except_oil_gas,"Mining, except oil and gas",-0.0016819488214271927,-0.0631336995567294,-0.10353535353535348
2017Q3,support_mining,Support activities for mining,0.0038259038259037814,-0.059048461238956705,-0.28412537917087977
2017Q3,utilities,Utilities,-0.006337309158449433,0.030735804177932403,-0.01481435566850553
2017Q3,construction,Construction,0.002638779866670188,-0.021361740718987693,0.000682283375028403
2017Q3,wood_products,Wood products,-0.0007764033760606776,0.036999527640789225,0.04015544041450769
2017Q3,nonmetallic_mineral,Nonmetallic mineral products,0.005107064411767892,-0.05194197330326663,-0.019267822736030782
2017Q3,primary_metals,Primary metals,0.0028163666764366713,0.1445513893734503,-0.04367201426024958
2017Q3,fabricated_metal,Fabricated metal products,0.003535169491525436,-0.04096948622598954,-0.003951453570420593
2017Q3,machinery,Machinery,0.0037863800652774005,-0.05206960699973414,-0.050026752273943265
2017Q3,computer_electronic,Computer and electronic products,0.011220785923594379,0.035765122175970734,0.016447368421052655
2017Q3,electrical_equipment,"Electrical equipment, appliances, and components",0.004606316632253193,-0.03265261416579289,-0.02067183462532296
2017Q3,motor_vehicles,"Motor vehicles, bodies and trailers, and parts",0.0055664080750613965,-0.0026970247414014555,0.11469344608879495
2017Q3,other_transport_equipment,Other transportation equipment,0.004190928638703462,-0.007060700857334686,0.026706231454005858
2017Q3,furniture,Furniture and related products,0.003678089465640952,-0.016926219137246012,0.04387291981845687
2017Q3,misc_manufacturing,Miscellaneous manufacturing,0.00433630696788595,-0.005847756441475619,0.01046435578809679
2017Q3,food_beverage_tobacco,Food and beverage and tobacco products,0.011706239194025206,-0.026437492350205677,0.028964984552008133
2017Q3,textiles,Textile mills and textile product mills,0.004332129963898923,-0.027452676921605593,-0.002049180327868716
2017Q3,apparel_leather,Apparel and leather and allied products,0.0025136601415025744,-0.057531846894793195,-0.01016949152542379
2017Q3,paper,Paper products,0.015327734888655103,0.0018320337809155608,-0.012040939193257105
2017Q3,printing,Printing and related support activities,0.004685974617637478,-0.022866214741268785,0.04029304029304015
2017Q3,petroleum_coal,Petroleum and coal products,0.0835322849028671,0.11550904831035924,0.010053344275748888
2017Q3,chemicals,Chemical products,0.00819478190456746,0.011369801843433787,0.08756307509646777
2017Q3,plastics_rubber,Plastics and rubber products,0.013989864890784798,-0.037918097204890554,-0.012394645513138292
2017Q3,wholesale,Wholesale trade,-0.0034804670357864997,0.029880034104200374,0.04776226852777654
2017Q3,retail,Retail trade,-0.0024912258973557033,-0.004279992100162408,0.019702436775762555
2017Q3,air_transport,Air transportation,0.024722799575821852,-0.034632650687962126,0.05518617021276584
2017Q3,rail_transport,Rail transportation,0.007797169864211806,-0.07406075162399058,-0.053370786516853896
2017Q3,water_transport,Water transportation,0.004107423272905919,-0.12950639430588498,-0.02583025830258312
2017Q3,truck_transport,Truck transportation,0.004629126271010586,-0.07897061522513107,0.024146257330113885
2017Q3,transit_ground,Transit and ground passenger transportation,0.0037847725982463887,-0.01247368485848302,0.025210084033613356
2017Q3,pipeline,Pipeline transportation,0.013738338935679884,-0.02461261828925772,0.04280155642023353
2017Q3,other_transport_support,Other transportation and support activities,0.002522163770450253,-0.016253893856396494,0.041737168640721745
2017Q3,warehousing,Warehousing and storage,0.004277171025721782,-0.019506560447197164,0.018575851393188847
2017Q3,information,Information,-0.0038147667829483978,0.0339937723451504,0.029842796487650425
2017Q3,credit_intermediation,"Federal Reserve banks, credit intermediation, and related activities",-0.02063443968085682,-0.027863008054362343,0.021876093804690244
2017Q3,securities,"Securities, commodity contracts, and investments",-0.00588033646459795,-0.05471108245644861,-0.008686765457332601
2017Q3,insurance,Insurance carriers and related activities,-0.003933972636241706,0.013503974631459295,0.026123560727993045
2017Q3,funds_trusts,"Funds, trusts, and other financial vehicles",-0.0005466621348578782,-0.07056145712413255,-0.044762757385855
2017Q3,real_estate,Real estate,0.0011188698327012636,-0.0017160081290960641,0.028164183086245798
2017Q3,rental_leasing,Rental and leasing services and lessors of intangible assets,0.011968997987399532,0.06743625224434516,0.05934065934065935
2017Q3,legal,Legal services,0.008090060466179883,0.02073315084156179,0.015057915057914872
2017Q3,computer_systems,Computer systems design and related services,0.0021659925578385447,0.03586606803930737,0.01781097385808672
2017Q3,misc_professional,"Miscellaneous professional, scientific, and technical services",0.00454665387322209,0.014287069804891181,0.03192792162351288
2017Q3,management_companies,Management of companies and enterprises,-0.0002657890019528292,0.012937145272159114,0.03244382315508343
2017Q3,admin_support,Administrative and support services,0.004822818754654873,0.006879514666809507,0.06206121875877546
2017Q3,waste_remediation,Waste management and remediation services,0.005262136264977291,-0.018946523529975265,0.008505467800729027
2017Q3,education,Educational services,-0.00018834263664346818,-0.021543656179310155,0.01289861884445731
2017Q3,ambulatory_health,Ambulatory health care services,0.003870299317925388,0.03203646770928333,0.06537975410777896
2017Q3,hospitals_nursing,"Hospitals, nursing and residential care facilities",0.0010547349580135729,0.006515623213184996,0.047635135135135176
2017Q3,social_assistance,Social assistance,0.0027409782068279764,-0.03108137741188927,0.010369410239792654
2017Q3,performing_arts_museums,"Performing arts, spectator sports, museums, and related activities",0.006653118279083187,0.006126453160586959,0.04482758620689653
2017Q3,amusement_recreation,"Amusements, gambling, and recreation industries",0.005129057864720343,0.00895423807234309,0.06640625
2017Q3,accommodation,Accommodation,0.006061060960403569,0.007646610778425696,0.04293294741919906
2017Q3,food_services,Food services and drinking places,0.003134499764960677,-0.0070990082572128955,0.05625622303352129
2017Q3,other_services,"Other services, except government",-0.0038228551744258765,0.00465436332516917,0.04629531761970185
2017Q4,oil_gas_extraction,Oil and gas extraction,-0.0847386936495847,-0.06644249438930723,-0.09388122375524877
2017Q4,mining_except_oil_gas,"Mining, except oil and gas",0.03779902765703985,0.057548800601677316,-0.08155339805825246
2017Q4,support_mining,Support activities for mining,0.04242424242424245,0.01243708957263702,-0.44129032258064516
2017Q4,utilities,Utilities,-0.007075383257342638,0.043806768826395885,0.01691437722063749
2017Q4,construction,Construction,0.005504051925969283,-0.020754259875140096,-0.014471856838306207
2017Q4,wood_products,Wood products,0.001617020204027611,0.005950327674628872,0.05256723716381417
2017Q4,nonmetallic_mineral,Nonmetallic mineral products,0.005132409697368556,-0.028153008365441594,0.008419083255378768
2017Q4,primary_metals,Primary metals,0.002873692179297005,0.12359220976381154,-0.022107243650047015
2017Q4,fabricated_metal,Fabricated metal products,0.0028994184193927297,0.003875477308527906,0.01700288184438037
2017Q4,machinery,Machinery,0.0016160971458496765,-0.027252938284957656,-0.04945370902817703
2017Q4,computer_electronic,Computer and electronic products,-0.007973262322813479,0.045675740389964734,0.058201058201058364
2017Q4,electrical_equipment,"Electrical equipment, appliances, and components",0.003788554527956456,-0.0030153840264685503,-0.04010238907849828
2017Q4,motor_vehicles,"Motor vehicles, bodies and trailers, and parts",0.0026010572472626448,0.0013683451855335588,0.013637092892668123
2017Q4,other_transport_equipment,Other transportation equipment,-0.0026673705665369585,-0.03512929477460458,-0.05882352941176461
2017Q4,furniture,Furniture and related products,0.0002830856334041232,-0.010249694885483884,0.002797202797202747
2017Q4,misc_manufacturing,Miscellaneous manufacturing,0.0061249386339111145,-0.029806001556599487,-0.073519843851659
2017Q4,food_beverage_tobacco,Food and beverage and tobacco products,0.010045731768479144,-0.041377762087484886,0.024245423057892124
2017Q4,textiles,Textile mills and textile product mills,-0.0014106975289333579,0.003728786345603027,0.03658536585365857
2017Q4,apparel_leather,Apparel and leather and allied products,-0.00776138188096525,0.026247782367111932,0.23693379790940772
2017Q4,paper,Paper products,0.003789929615592852,0.008960816690167376,0.0126811594202898
2017Q4,printing,Printing and related support activities,0.0036002330558388695,0.000210649560432659,-0.027744270205066535
2017Q4,petroleum_coal,Petroleum and coal products,-0.029206011526075742,0.10448433920046339,0.045510964004964904
2017Q4,chemicals,Chemical products,0.004262534791103445,-0.006428551416729565,0.04326292789512021
2017Q4,plastics_rubber,Plastics and rubber products,0.0016694246476599006,0.015291973580704162,0.03025866276232292
2017Q4,wholesale,Wholesale trade,-0.00800631988309447,0.017350577451139187,0.06127241341772538
2017Q4,retail,Retail trade,-0.0005190136335603557,0.031355769463311166,0.02927564057536647
2017Q4,air_transport,Air transportation,0.0041500999681919615,-0.0010927515362265116,0.01635220125786163
2017Q4,rail_transport,Rail transportation,0.006617789750319847,0.07540881076081779,-0.06342182890855452
2017Q4,water_transport,Water transportation,0.0033150043410771213,-0.022957742807240306,-0.013358778625954137
2017Q4,truck_transport,Truck transportation,0.004191493751818931,-0.028670592486926917,-0.0060422960725073915
2017Q4,transit_ground,Transit and ground passenger transportation,0.006984294774992461,-0.022646356089867658,-0.042226487523992384
2017Q4,pipeline,Pipeline transportation,0.014970059880239472,-0.03154624665075075,-0.040740740740740744
2017Q4,other_transport_support,Other transportation and support activities,0.00374760770522925,0.012169486064121245,0.01461829994585817
2017Q4,warehousing,Warehousing and storage,0.0018546416104205932,-0.008868213704283166,0.005091649694501044
2017Q4,information,Information,-0.0031500055703016505,0.060018706819986334,0.04354892608682426
2017Q4,credit_intermediation,"Federal Reserve banks, credit intermediation, and related activities",-0.007973112746482103,-0.08555641993325355,-0.020786419539234324
2017Q4,securities,"Securities, commodity contracts, and investments",-0.008160609496912392,-0.022730942987719948,-0.0033775006495192494
2017Q4,insurance,Insurance carriers and related activities,0.010859373103814518,0.01830348771695594,0.021443637215842637
2017Q4,funds_trusts,"Funds, trusts, and other financial vehicles",0.006769194164152115,-0.07085488616308763,-0.0797158642462511
2017Q4,real_estate,Real estate,0.0015631859238266488,-0.00681776950191583,0.02643056849953407
2017Q4,rental_leasing,Rental and leasing services and lessors of intangible assets,0.008505587210693777,0.03068536166482204,0.014875531268973896
2017Q4,legal,Legal services,-0.0027836562794197883,-0.0031696868610152536,0.008758568164508596
2017Q4,computer_systems,Computer systems design and related services,-0.0008625401934000687,0.026336116461959293,0.069401517280135
2017Q4,misc_professional,"Miscellaneous professional, scientific, and technical services",0.002438285036876209,-0.0008058800553408371,0.02564962279966454
2017Q4,management_companies,Management of companies and enterprises,0.0011883954556967252,0.01717278271068174,0.007576778017241326
2017Q4,admin_support,Administrative and support services,0.0018565015460316747,-0.009497898872494505,0.039044679994633125
2017Q4,waste_remediation,Waste management and remediation services,0.004169710732679355,-0.03962389750165967,0.012135922330097193
2017Q4,education,Educational services,-0.00030447306047792777,-0.0188722714188648,0.01084658928059623
2017Q4,ambulatory_health,Ambulatory health care services,0.0026533796960962752,0.008114199485337186,0.03407359024602652
2017Q4,hospitals_nursing,"Hospitals, nursing and residential care facilities",-6.739446760371803e-05,-0.01654154210513584,0.0334948842218632
2017Q4,social_assistance,Social assistance,0.000848612926870107,-0.002102800212360994,0.024081115335867986
2017Q4,performing_arts_museums,"Performing arts, spectator sports, museums, and related activities",0.005075599107225354,0.0018114352818414863,0.007947019867549532
2017Q4,amusement_recreation,"Amusements, gambling, and recreation industries",0.003259148398821382,-0.002800006621313115,0.04220045214770174
2017Q4,accommodation,Accommodation,0.007260731540821935,-0.0025715540529984053,0.010237319683573665
2017Q4,food_services,Food services and drinking places,0.0032230400227631073,-0.02114803307847095,0.033690176322418
2017Q4,other_services,"Other services, except government",-0.002891932915374984,0.006050771618523604,0.043260502097289155
2018Q1,oil_gas_extraction,Oil and gas extraction,-0.0847386936495847,-0.007700753751260762,-0.09388122375524877
2018Q1,mining_except_oil_gas,"Mining, except oil and gas",0.03779902765703985,0.058331030598057214,-0.08155339805825246
2018Q1,support_mining,Support activities for mining,0.04242424242424245,0.007950574082216423,-0.44129032258064516
2018Q1,utilities,Utilities,0.005007771181252729,-0.003352832076110663,-0.025395823885482116
2018Q1,construction,Construction,0.00696229327971945,-0.030310862567259674,-0.024986242033693817
2018Q1,wood_products,Wood products,0.001617020204027611,0.004655013609917027,0.05256723716381417
2018Q1,nonmetallic_mineral,Nonmetallic mineral products,0.005132409697368556,-0.02475321567454381,0.008419083255378768
2018Q1,primary_metals,Primary metals,0.002873692179297005,0.13254981215630796,-0.022107243650047015
2018Q1,fabricated_metal,Fabricated metal products,0.0028994184193927297,0.006217671549948101,0.01700288184438037
2018Q1,machinery,Machinery,0.0016160971458496765,-0.023753016031323664,-0.04945370902817703
2018Q1,computer_electronic,Computer and electronic products,-0.007973262322813479,0.045286399067030844,0.058201058201058364
2018Q1,electrical_equipment,"Electrical equipment, appliances, and components",0.003788554527956456,-0.0016231734176336303,-0.04010238907849828
2018Q1,motor_vehicles,"Motor vehicles, bodies and trailers, and parts",0.0026010572472626448,-0.0019392532157156094,0.013637092892668123
2018Q1,other_transport_equipment,Other transportation equipment,-0.0026673705665369585,-0.03512929477460458,-0.05882352941176461
2018Q1,furniture,Furniture and related products,0.0002830856334041232,-0.012111336390877836,0.002797202797202747
2018Q1,misc_manufacturing,Miscellaneous manufacturing,0.0061249386339111145,-0.02983420164376942,-0.073519843851659
2018Q1,food_beverage_tobacco,Food and beverage and tobacco products,0.010045731768479144,-0.041377762087484886,0.024245423057892124
2018Q1,textiles,Textile mills and textile product mills,-0.0014106975289333579,-0.004177816331426302,0.03658536585365857
2018Q1,apparel_leather,Apparel and leather and allied products,-0.00776138188096525,0.026247782367111932,0.23693379790940772
2018Q1,paper,Paper products,0.003789929615592852,0.008915870737558002,0.0126811594202898
2018Q1,printing,Printing and related support activities,0.0036002330558388695,-0.0018579113150803098,-0.027744270205066535
2018Q1,petroleum_coal,Petroleum and coal products,-0.029206011526075742,0.09661850976365358,0.045510964004964904
2018Q1,chemicals,Chemical products,0.004262534791103445,-0.007465686304033765,0.04326292789512021
2018Q1,plastics_rubber,Plastics and rubber products,0.0016694246476599006,0.01014185657912285,0.03025866276232292
2018Q1,wholesale,Wholesale trade,-0.006669147103727485,0.014641938428151204,0.05601198346159997
2018Q1,retail,Retail trade,-0.000560880742798503,0.04126272704976431,0.03653579640913285
2018Q1,air_transport,Air transportation,0.0041500999681919615,-0.004448862753830853,0.01635220125786163
2018Q1,rail_transport,Rail transportation,0.006617789750319847,0.06403720992432495,-0.06342182890855452
2018Q1,water_transport,Water transportation,0.0033150043410771213,-0.023466127359252895,-0.013358778625954137
2018Q1,truck_transport,Truck transportation,0.004191493751818931,-0.024529368368771017,-0.0060422960725073915
2018Q1,transit_ground,Transit and ground passenger transportation,0.006984294774992461,-0.034109529307996066,-0.042226487523992384
2018Q1,pipeline,Pipeline transportation,0.014970059880239472,-0.037420446406810436,-0.040740740740740744
2018Q1,other_transport_support,Other transportation and support activities,0.00374760770522925,0.0020373771342168164,0.01461829994585817
2018Q1,warehousing,Warehousing and storage,0.0018546416104205932,-0.021067842963917036,0.005091649694501044
2018Q1,information,Information,-0.001467880971377289,0.05809752869783641,0.047746644971562446
2018Q1,credit_intermediation,"Federal Reserve banks, credit intermediation, and related activities",-0.007973112746482103,-0.084686461580347,-0.020786419539234324
2018Q1,securities,"Securities, commodity contracts, and investments",-0.008160609496912392,-0.022730942987719948,-0.0033775006495192494
2018Q1,insurance,Insurance carriers and related activities,0.010859373103814518,0.014587724071068047,0.021443637215842637
2018Q1,funds_trusts,"Funds, trusts, and other financial vehicles",0.006769194164152115,-0.06943737667840388,-0.0797158642462511
2018Q1,real_estate,Real estate,0.0015631859238266488,-0.005154420108632653,0.02643056849953407
2018Q1,rental_leasing,Rental and leasing services and lessors of intangible assets,0.008505587210693777,0.03265872073466966,0.014875531268973896
2018Q1,legal,Legal services,-0.0027836562794197883,-0.0031696868610152536,0.008758568164508596
2018Q1,computer_systems,Computer systems design and related services,-0.0008625401934000687,0.026336116461959293,0.069401517280135
2018Q1,misc_professional,"Miscellaneous professional, scientific, and technical services",0.002438285036876209,-0.0008058800553408371,0.02564962279966454
2018Q1,management_companies,Management of companies and enterprises,0.001074257786401897,0.0136531223053387,0.012815087952608328
2018Q1,admin_support,Administrative and support services,0.0018565015460316747,-0.004593383901594264,0.039044679994633125
2018Q1,waste_remediation,Waste management and remediation services,0.004169710732679355,-0.0377495278463401,0.012135922330097193
2018Q1,education,Educational services,-0.001107552856672328,-0.02864282204473214,0.03945694826575252
2018Q1,ambulatory_health,Ambulatory health care services,0.0026533796960962752,0.008374284874501894,0.03407359024602652
2018Q1,hospitals_nursing,"Hospitals, nursing and residential care facilities",-6.739446760371803e-05,-0.01593278099154823,0.0334948842218632
2018Q1,social_assistance,Social assistance,0.000848612926870107,-0.007421970950345806,0.024081115335867986
2018Q1,performing_arts_museums,"Performing arts, spectator sports, museums, and related activities",0.005075599107225354,-0.011917754356084324,0.007947019867549532
2018Q1,amusement_recreation,"Amusements, gambling, and recreation industries",0.003259148398821382,-0.00788702555917989,0.04220045214770174
2018Q1,accommodation,Accommodation,0.007260731540821935,-0.009460518110625496,0.010237319683573665
2018Q1,food_services,Food services and drinking places,0.0032230400227631073,-0.02196500483656966,0.033690176322418
2018Q1,other_services,"Other services, except government",-0.0031345595058887288,0.0033165389350996626,0.0452821179404197
2018Q2,oil_gas_extraction,Oil and gas extraction,-0.0847386936495847,-0.007700753751260762,-0.09388122375524877
2018Q2,mining_except_oil_gas,"Mining, except oil and gas",0.03779902765703985,0.058331030598057214,-0.08155339805825246
2018Q2,support_mining,Support activities for mining,0.04242424242424245,0.007950574082216423,-0.44129032258064516
2018Q2,utilities,Utilities,-0.006531685708717538,0.015567413019270495,0.022302904564315273
2018Q2,construction,Construction,0.004327502062267757,-0.011621792231346502,-0.003001297858533425
2018Q2,wood_products,Wood products,0.001617020204027611,0.004655013609917027,0.05256723716381417
2018Q2,nonmetallic_mineral,Nonmetallic mineral products,0.005132409697368556,-0.02475321567454381,0.008419083255378768
2018Q2,primary_metals,Primary metals,0.002873692179297005,0.13254981215630796,-0.022107243650047015
2018Q2,fabricated_metal,Fabricated metal products,0.0028994184193927297,0.006217671549948101,0.01700288184438037
2018Q2,machinery,Machinery,0.0016160971458496765,-0.023753016031323664,-0.04945370902817703
2018Q2,computer_electronic,Computer and electronic products,-0.007973262322813479,0.045286399067030844,0.058201058201058364
2018Q2,electrical_equipment,"Electrical equipment, appliances, and components",0.003788554527956456,-0.0016231734176336303,-0.04010238907849828
2018Q2,motor_vehicles,"Motor vehicles, bodies and trailers, and parts",0.0026010572472626448,-0.0019392532157156094,0.013637092892668123
2018Q2,other_transport_equipment,Other transportation equipment,-0.0026673705665369585,-0.03512929477460458,-0.05882352941176461
2018Q2,furniture,Furniture and related products,0.0002830856334041232,-0.012111336390877836,0.002797202797202747
2018Q2,misc_manufacturing,Miscellaneous manufacturing,0.0061249386339111145,-0.02983420164376942,-0.073519843851659
2018Q2,food_beverage_tobacco,Food and beverage and tobacco products,0.010045731768479144,-0.041377762087484886,0.024245423057892124
2018Q2,textiles,Textile mills and textile product mills,-0.0014106975289333579,-0.004177816331426302,0.03658536585365857
2018Q2,apparel_leather,Apparel and leather and allied products,-0.00776138188096525,0.026247782367111932,0.23693379790940772
2018Q2,paper,Paper products,0.003789929615592852,0.008915870737558002,0.0126811594202898
2018Q2,printing,Printing and related support activities,0.0036002330558388695,-0.0018579113150803098,-0.027744270205066535
2018Q2,petroleum_coal,Petroleum and coal products,-0.029206011526075742,0.09661850976365358,0.045510964004964904
2018Q2,chemicals,Chemical products,0.004262534791103445,-0.007465686304033765,0.04326292789512021
2018Q2,plastics_rubber,Plastics and rubber products,0.0016694246476599006,0.01014185657912285,0.03025866276232292
2018Q2,wholesale,Wholesale trade,-0.0035328949258626174,0.023679666122947404,0.053475572467214905
2018Q2,retail,Retail trade,-0.0014004258723925023,0.03591263026252374,0.04157822449744053
2018Q2,air_transport,Air transportation,0.0041500999681919615,-0.004448862753830853,0.01635220125786163
2018Q2,rail_transport,Rail transportation,0.006617789750319847,0.06403720992432495,-0.06342182890855452
2018Q2,water_transport,Water transportation,0.0033150043410771213,-0.023466127359252895,-0.013358778625954137
2018Q2,truck_transport,Truck transportation,0.004191493751818931,-0.024529368368771017,-0.0060422960725073915
2018Q2,transit_ground,Transit and ground passenger transportation,0.006984294774992461,-0.034109529307996066,-0.042226487523992384
2018Q2,pipeline,Pipeline transportation,0.014970059880239472,-0.037420446406810436,-0.040740740740740744
2018Q2,other_transport_support,Other transportation and support activities,0.00374760770522925,0.0020373771342168164,0.01461829994585817
2018Q2,warehousing,Warehousing and storage,0.0018546416104205932,-0.021067842963917036,0.005091649694501044
2018Q2,information,Information,-0.006826419208426915,0.05444041986218333,0.05530181459079131
2018Q2,credit_intermediation,"Federal Reserve banks, credit intermediation, and related activities",-0.007973112746482103,-0.084686461580347,-0.020786419539234324
2018Q2,securities,"Securities, commodity contracts, and investments",-0.008160609496912392,-0.022730942987719948,-0.0033775006495192494
2018Q2,insurance,Insurance carriers and related activities,0.010859373103814518,0.014587724071068047,0.021443637215842637
2018Q2,funds_trusts,"Funds, trusts, and other financial vehicles",0.006769194164152115,-0.06943737667840388,-0.0797158642462511
2018Q2,real_estate,Real estate,0.0015631859238266488,-0.005154420108632653,0.02643056849953407
2018Q2,rental_leasing,Rental and leasing services and lessors of intangible assets,0.008505587210693777,0.03265872073466966,0.014875531268973896
2018Q2,legal,Legal services,-0.0027836562794197883,-0.0031696868610152536,0.008758568164508596
2018Q2,computer_systems,Computer systems design and related services,-0.0008625401934000687,0.026336116461959293,0.069401517280135
2018Q2,misc_professional,"Miscellaneous professional, scientific, and technical services",0.002438285036876209,-0.0008058800553408371,0.02564962279966454
2018Q2,management_companies,Management of companies and enterprises,-0.00037672299485479177,0.040902908332314934,0.05693069306930698
2018Q2,admin_support,Administrative and support services,0.0018565015460316747,-0.004593383901594264,0.039044679994633125
2018Q2,waste_remediation,Waste management and remediation services,0.004169710732679355,-0.0377495278463401,0.012135922330097193
2018Q2,education,Educational services,-0.0008508914620263749,-0.018039529366098105,0.03437499999999982
2018Q2,ambulatory_health,Ambulatory health care services,0.0026533796960962752,0.008374284874501894,0.03407359024602652
2018Q2,hospitals_nursing,"Hospitals, nursing and residential care facilities",-6.739446760371803e-05,-0.01593278099154823,0.0334948842218632
2018Q2,social_assistance,Social assistance,0.000848612926870107,-0.007421970950345806,0.024081115335867986
2018Q2,performing_arts_museums,"Performing arts, spectator sports, museums, and related activities",0.005075599107225354,-0.011917754356084324,0.007947019867549532
2018Q2,amusement_recreation,"Amusements, gambling, and recreation industries",0.003259148398821382,-0.00788702555917989,0.04220045214770174
2018Q2,accommodation,Accommodation,0.007260731540821935,-0.009460518110625496,0.010237319683573665
2018Q2,food_services,Food services and drinking places,0.0032230400227631073,-0.02196500483656966,0.033690176322418
2018Q2,other_services,"Other services, except government",-0.0025010920487488764,0.014111553255063115,0.05209888833582199
2018Q3,oil_gas_extraction,Oil and gas extraction,-0.07217580122826783,0.16825218260330663,0.012330456226880449
2018Q3,mining_except_oil_gas,"Mining, except oil and gas",-0.0016819488214271927,-0.0631336995567294,-0.10353535353535348
2018Q3,support_mining,Support activities for mining,0.0038259038259037814,-0.059048461238956705,-0.28412537917087977
2018Q3,utilities,Utilities,-0.00982663993672711,0.014317838881605522,0.04764453961456083
2018Q3,construction,Construction,0.0032352705603261867,-0.01678804790175928,0.004110914073835348
2018Q3,wood_products,Wood products,-0.0007764033760606776,0.036999527640789225,0.04015544041450769
2018Q3,nonmetallic_mineral,Nonmetallic mineral products,0.005107064411767892,-0.05194197330326663,-0.019267822736030782
2018Q3,primary_metals,Primary metals,0.0028163666764366713,0.1445513893734503,-0.04367201426024958
2018Q3,fabricated_metal,Fabricated metal products,0.003535169491525436,-0.04096948622598954,-0.003951453570420593
2018Q3,machinery,Machinery,0.0037863800652774005,-0.05206960699973414,-0.050026752273943265
2018Q3,computer_electronic,Computer and electronic products,0.011220785923594379,0.035765122175970734,0.016447368421052655
2018Q3,electrical_equipment,"Electrical equipment, appliances, and components",0.004606316632253193,-0.03265261416579289,-0.02067183462532296
2018Q3,motor_vehicles,"Motor vehicles, bodies and trailers, and parts",0.0055664080750613965,-0.0026970247414014555,0.11469344608879495
2018Q3,other_transport_equipment,Other transportation equipment,0.004190928638703462,-0.007060700857334686,0.026706231454005858
2018Q3,furniture,Furniture and related products,0.003678089465640952,-0.016926219137246012,0.04387291981845687
2018Q3,misc_manufacturing,Miscellaneous manufacturing,0.00433630696788595,-0.005847756441475619,0.01046435578809679
2018Q3,food_beverage_tobacco,Food and beverage and tobacco products,0.011706239194025206,-0.026437492350205677,0.028964984552008133
2018Q3,textiles,Textile mills and textile product mills,0.004332129963898923,-0.027452676921605593,-0.002049180327868716
2018Q3,apparel_leather,Apparel and leather and allied products,0.0025136601415025744,-0.057531846894793195,-0.01016949152542379
2018Q3,paper,Paper products,0.015327734888655103,0.0018320337809155608,-0.012040939193257105
2018Q3,printing,Printing and related support activities,0.004685974617637478,-0.022866214741268785,0.04029304029304015
2018Q3,petroleum_coal,Petroleum and coal products,0.0835322849028671,0.11550904831035924,0.010053344275748888
2018Q3,chemicals,Chemical products,0.00819478190456746,0.011369801843433787,0.08756307509646777
2018Q3,plastics_rubber,Plastics and rubber products,0.013989864890784798,-0.037918097204890554,-0.012394645513138292
2018Q3,wholesale,Wholesale trade,-0.002655830730897868,0.013962520920184558,0.04086136561225184
2018Q3,retail,Retail trade,-0.0001447753036302457,0.04371776572587566,0.03970826580226916
2018Q3,air_transport,Air transportation,0.024722799575821852,-0.034632650687962126,0.05518617021276584
2018Q3,rail_transport,Rail transportation,0.007797169864211806,-0.07406075162399058,-0.053370786516853896
2018Q3,water_transport,Water transportation,0.004107423272905919,-0.12950639430588498,-0.02583025830258312
2018Q3,truck_transport,Truck transportation,0.004629126271010586,-0.07897061522513107,0.024146257330113885
2018Q3,transit_ground,Transit and ground passenger transportation,0.0037847725982463887,-0.01247368485848302,0.025210084033613356
2018Q3,pipeline,Pipeline transportation,0.013738338935679884,-0.02461261828925772,0.04280155642023353
2018Q3,other_transport_support,Other transportation and support activities,0.002522163770450253,-0.016253893856396494,0.041737168640721745
2018Q3,warehousing,Warehousing and storage,0.004277171025721782,-0.019506560447197164,0.018575851393188847
2018Q3,information,Information,-0.004495538098358454,0.07360548746655578,0.060667032498018525
2018Q3,credit_intermediation,"Federal Reserve banks, credit intermediation, and related activities",-0.02063443968085682,-0.027863008054362343,0.021876093804690244
2018Q3,securities,"Securities, commodity contracts, and investments",-0.00588033646459795,-0.05471108245644861,-0.008686765457332601
2018Q3,insurance,Insurance carriers and related activities,-0.003933972636241706,0.013503974631459295,0.026123560727993045
2018Q3,funds_trusts,"Funds, trusts, and other financial vehicles",-0.0005466621348578782,-0.07056145712413255,-0.044762757385855
2018Q3,real_estate,Real estate,0.0011188698327012636,-0.0017160081290960641,0.028164183086245798
2018Q3,rental_leasing,Rental and leasing services and lessors of intangible assets,0.011968997987399532,0.06743625224434516,0.05934065934065935
2018Q3,legal,Legal services,0.008090060466179883,0.02073315084156179,0.015057915057914872
2018Q3,computer_systems,Computer systems design and related services,0.0021659925578385447,0.03586606803930737,0.01781097385808672
2018Q3,misc_professional,"Miscellaneous professional, scientific, and technical services",0.00454665387322209,0.014287069804891181,0.03192792162351288
2018Q3,management_companies,Management of companies and enterprises,-6.089241404488854e-05,0.0393058343977086,0.04518121241670747
2018Q3,admin_support,Administrative and support services,0.004822818754654873,0.006879514666809507,0.06206121875877546
2018Q3,waste_remediation,Waste management and remediation services,0.005262136264977291,-0.018946523529975265,0.008505467800729027
2018Q3,education,Educational services,-0.0008806716608330128,-0.008591358738025197,0.031866989954970615
2018Q3,ambulatory_health,Ambulatory health care services,0.003870299317925388,0.03203646770928333,0.06537975410777896
2018Q3,hospitals_nursing,"Hospitals, nursing and residential care facilities",0.0010547349580135729,0.006515623213184996,0.047635135135135176
2018Q3,social_assistance,Social assistance,0.0027409782068279764,-0.03108137741188927,0.010369410239792654
2018Q3,performing_arts_museums,"Performing arts, spectator sports, museums, and related activities",0.006653118279083187,0.006126453160586959,0.04482758620689653
2018Q3,amusement_recreation,"Amusements, gambling, and recreation industries",0.005129057864720343,0.00895423807234309,0.06640625
2018Q3,accommodation,Accommodation,0.006061060960403569,0.007646610778425696,0.04293294741919906
2018Q3,food_services,Food services and drinking places,0.003134499764960677,-0.0070990082572128955,0.05625622303352129
2018Q3,other_services,"Other services, except government",-0.0020221595391074487,0.004114407266029246,0.03606286186931351
2018Q4,oil_gas_extraction,Oil and gas extraction,-0.031624942598593164,-0.08948023790881411,0.1728094544739922
2018Q4,mining_except_oil_gas,"Mining, except oil and gas",0.006206057469265114,-0.009836879838606719,-0.015878979809094362
2018Q4,support_mining,Support activities for mining,-0.011496533857473165,0.03146516054918013,0.3674333707141324
2018Q4,utilities,Utilities,-0.0008623711031615633,0.029578820941217183,0.01875458282650566
2018Q4,construction,Construction,0.001899213416943879,-0.004604720930622301,0.02120493810973967
2018Q4,wood_products,Wood products,0.004467205606248165,-0.08352486502246997,-0.04932262097517981
2018Q4,nonmetallic_mineral,Nonmetallic mineral products,0.0009254534066191755,-0.01301085438452349,0.0054000106930904845
2018Q4,primary_metals,Primary metals,-0.009381362692314169,-0.12500572123507914,0.058419637463428487
2018Q4,fabricated_metal,Fabricated metal products,-0.0014838000165298681,0.0384896024277616,0.04913265335017236
2018Q4,machinery,Machinery,0.005209736548452248,0.06355453267384799,0.03706023622600174
2018Q4,computer_electronic,Computer and electronic products,-0.006193688106464146,0.036171445295911826,0.07710354784602647
2018Q4,electrical_equipment,"Electrical equipment, appliances, and components",0.0019566497206935096,-0.013574347681429184,0.0047845007357743
2018Q4,motor_vehicles,"Motor vehicles, bodies and trailers, and parts",0.005795732618961533,0.10706945004821546,-0.008385887846599327
2018Q4,other_transport_equipment,Other transportation equipment,0.011361585693828197,0.024942020055356093,0.002082181306790609
2018Q4,furniture,Furniture and related products,0.0010074273529225297,0.06839161562500153,0.011860742931907309
2018Q4,misc_manufacturing,Miscellaneous manufacturing,0.0006448165643389292,0.040790704623718095,0.03065577991099344
2018Q4,food_beverage_tobacco,Food and beverage and tobacco products,0.003870791388097289,0.05347896196407251,0.002221350166959901
2018Q4,textiles,Textile mills and textile product mills,-0.0008678959796057095,0.04291643428810498,0.019932797995330098
2018Q4,apparel_leather,Apparel and leather and allied products,-0.0011324567088265639,0.03321189025144597,0.03742981908920773
2018Q4,paper,Paper products,-0.003144722560077501,0.00904249135277052,0.022157073444216024
2018Q4,printing,Printing and related support activities,0.0005527453504391155,0.05409203502716084,0.016728243021346456
2018Q4,petroleum_coal,Petroleum and coal products,0.020472266941272854,-0.06273193120216265,-0.0045879926003042915
2018Q4,chemicals,Chemical products,0.0028192781397649025,0.018369517290101188,0.012406579405477514
2018Q4,plastics_rubber,Plastics and rubber products,0.003505087954163044,-0.0031328788349929237,-0.0060118737815259005
2018Q4,wholesale,Wholesale trade,-0.0075646831637624645,0.010994311267345928,0.06067608087119303
2018Q4,retail,Retail trade,-0.0008160791876163087,0.03174556757797179,0.0409652200950561
2018Q4,air_transport,Air transportation,-0.0022615593812397305,0.014349206729133873,0.02113970130523346
2018Q4,rail_transport,Rail transportation,-0.007689634301252635,0.04363608133281661,0.03130238178770517
2018Q4,water_transport,Water transportation,0.00095213501699562,0.03398567767740932,0.034363509017685256
2018Q4,truck_transport,Truck transportation,3.587251158404525e-05,-0.036134840763693124,-0.0008131046352899407
2018Q4,transit_ground,Transit and ground passenger transportation,0.01407265183569073,0.04242702346763374,-0.014008783886112375
2018Q4,pipeline,Pipeline transportation,0.005138313998236499,0.08985194006839929,0.05256209052636818
2018Q4,other_transport_support,Other transportation and support activities,0.0005413737817922121,0.02357653403928116,0.02267235021545222
2018Q4,warehousing,Warehousing and storage,0.0032582706194862338,-0.04548454980953574,-0.008320024336451404
2018Q4,information,Information,-8.409782911900088e-05,0.09484863840405411,0.07891174924484035
2018Q4,credit_intermediation,"Federal Reserve banks, credit intermediation, and related activities",0.0022720859461955456,-0.04631457832772964,-0.022500043070526554
2018Q4,securities,"Securities, commodity contracts, and investments",-0.006140620841474598,0.04953364708570137,0.057126649822135
2018Q4,insurance,Insurance carriers and related activities,0.0008156621945363263,-0.002213905079794433,0.01868586364108893
2018Q4,funds_trusts,"Funds, trusts, and other financial vehicles",0.005975971040105291,-0.10533994559628206,0.02829185899209352
2018Q4,real_estate,Real estate,-0.0011377400704498664,0.005597309077541009,0.024910555878157936
2018Q4,rental_leasing,Rental and leasing services and lessors of intangible assets,0.005537224768144,-0.028927533341180946,0.00373339454972732
2018Q4,legal,Legal services,-0.005581310187080246,-0.013925252837119888,0.0389190709662226
2018Q4,computer_systems,Computer systems design and related services,0.0012214134178287483,0.039195682719130036,0.05293144321570309
2018Q4,misc_professional,"Miscellaneous professional, scientific, and technical services",0.0035802153157268313,0.02199755752956704,0.044721098202207044
2018Q4,management_companies,Management of companies and enterprises,0.00025941351744253327,0.043468753619094525,0.05052501312532809
2018Q4,admin_support,Administrative and support services,0.0012795347082844577,0.007445648521678555,0.02685828663312373
2018Q4,waste_remediation,Waste management and remediation services,0.004699101510953485,-0.03461361921133092,-0.006070574486273572
2018Q4,education,Educational services,0.0006500554604859099,0.0002633534964832458,0.012808610999598624
2018Q4,ambulatory_health,Ambulatory health care services,-0.0021540515905742463,0.019044524225440583,0.059566620743176646
2018Q4,hospitals_nursing,"Hospitals, nursing and residential care facilities",-0.0009584558194571796,-0.002309834080140524,0.03008632683117085
2018Q4,social_assistance,Social assistance,0.0009460504010650947,0.01389690699594979,0.01914378992808885
2018Q4,performing_arts_museums,"Performing arts, spectator sports, museums, and related activities",0.0016187946868214675,0.042178430860708334,0.049360353220876174
2018Q4,amusement_recreation,"Amusements, gambling, and recreation industries",0.0011047107410635526,-0.011773995445083282,-0.012444367627360342
2018Q4,accommodation,Accommodation,0.010141131159137312,-0.007172286803598978,-0.04469340802240673
2018Q4,food_services,Food services and drinking places,-0.001747845559598768,-0.012169054283397252,0.036359389267588194
2018Q4,other_services,"Other services, except government",-0.00021509056994600817,0.00417349432006972,0.025481987121226846
2019Q1,oil_gas_extraction,Oil and gas extraction,-0.04543803199781876,-0.11165312078101856,0.2085219851980844
2019Q1,mining_except_oil_gas,"Mining, except oil and gas",-0.010552681538631092,-0.01888746749308745,0.030064539431786885
2019Q1,support_mining,Support activities for mining,-0.012015881634181907,-0.02318214787055304,0.28590494379695564
2019Q1,utilities,Utilities,-0.0012322306454777276,0.03775459032380169,0.01650214127373517
2019Q1,construction,Construction,-0.0005289208236063658,-0.0061070549412553035,0.03976837661493504
2019Q1,wood_products,Wood products,0.001864236726225127,-0.04866878188649342,-0.004979227123739549
2019Q1,nonmetallic_mineral,Nonmetallic mineral products,-0.0014638962416956558,-0.006791694982479221,0.006781559136439963
2019Q1,primary_metals,Primary metals,-0.007062553232521196,-0.126802290627574,0.05535167471667135
2019Q1,fabricated_metal,Fabricated metal products,-0.001932867456580556,0.010111737130874838,0.02583140845462384
2019Q1,machinery,Machinery,0.0015991637568532058,0.022327671441718124,0.02940900018245851
2019Q1,computer_electronic,Computer and electronic products,-0.0042425283772440925,0.04041087529459208,0.07043490880442849
2019Q1,electrical_equipment,"Electrical equipment, appliances, and components",-0.0011586350587070027,-0.0203060499632446,0.024826295250483854
2019Q1,motor_vehicles,"Motor vehicles, bodies and trailers, and parts",0.0033653033261387827,0.09297669381734171,0.04875844961768938
2019Q1,other_transport_equipment,Other transportation equipment,0.0048131837170671266,0.024942020055356093,0.02678873975776863
2019Q1,furniture,Furniture and related products,0.002635136570094898,0.043762981083650496,-0.0074266096826175465
2019Q1,misc_manufacturing,Miscellaneous manufacturing,0.0009874260083406472,0.018920124292091774,0.019438916662621875
2019Q1,food_beverage_tobacco,Food and beverage and tobacco products,0.0020631501818731135,0.05347896196407251,0.01791065258311164
2019Q1,textiles,Textile mills and textile product mills,-0.003630935938297164,0.007919581385611411,0.03529589600181393
2019Q1,apparel_leather,Apparel and leather and allied products,-0.0027605626178859796,0.03321189025144597,0.04631309798746286
2019Q1,paper,Paper products,-0.003863198204116347,0.011702458263288085,0.019345342809560684
2019Q1,printing,Printing and related support activities,-0.0006246481464722009,0.04181707641478228,0.008682047270349047
2019Q1,petroleum_coal,Petroleum and coal products,0.009304766259447012,0.13320713403556766,0.03481127299580611
2019Q1,chemicals,Chemical products,-0.0016259683769896949,0.0016397357437473883,0.0027476029639457167
2019Q1,plastics_rubber,Plastics and rubber products,0.0032695924442411317,0.025157261196466885,-0.004932144447040043
2019Q1,wholesale,Wholesale trade,-0.003707108926434416,0.027374314492540523,0.05188070757336494
2019Q1,retail,Retail trade,-0.0006897641601245341,0.03311052320781283,0.034621844865785345
2019Q1,air_transport,Air transportation,-0.005657153502925227,0.0003256046592968322,0.018327678754754162
2019Q1,rail_transport,Rail transportation,-0.009432542190008858,0.025883554205215924,0.05161667574787043
2019Q1,water_transport,Water transportation,0.00013129703431867534,-0.03695143816660457,-0.019773283524410656
2019Q1,truck_transport,Truck transportation,0.0004038161237675253,-0.05665257996800022,-0.004314165650649349
2019Q1,transit_ground,Transit and ground passenger transportation,0.00574273430190525,0.061497128046320765,0.011924744209128146
2019Q1,pipeline,Pipeline transportation,-0.01037848678790032,0.05370200101418603,0.07630902120638616
2019Q1,other_transport_support,Other transportation and support activities,-0.001816932319989334,0.016126065087731088,0.030043544780510745
2019Q1,warehousing,Warehousing and storage,0.0009059291259289198,-0.031590178717104025,0.05627828054298645
2019Q1,information,Information,-0.0019637747173354425,0.07144508853686732,0.0766706737764884
2019Q1,credit_intermediation,"Federal Reserve banks, credit intermediation, and related activities",0.0024284792044305115,-0.021997784344039092,-0.010710216153998364
2019Q1,securities,"Securities, commodity contracts, and investments",-0.006564042505130686,0.04953364708570137,0.04258798088376925
2019Q1,insurance,Insurance carriers and related activities,0.002804736316587314,0.00027132388380411503,0.012705801782458614
2019Q1,funds_trusts,"Funds, trusts, and other financial vehicles",0.0008968349706639928,-0.11365307246079798,0.03067317743760123
2019Q1,real_estate,Real estate,0.0007944266824798651,-0.008054033949575413,0.02292884705478082
2019Q1,rental_leasing,Rental and leasing services and lessors of intangible assets,0.0015884846964198118,0.011008369956058422,0.026061449706214823
2019Q1,legal,Legal services,-0.00881344203564599,-0.013925252837119888,0.062058742575932024
2019Q1,computer_systems,Computer systems design and related services,-0.0013485645170426275,0.039195682719130036,0.07658454154671634
2019Q1,misc_professional,"Miscellaneous professional, scientific, and technical services",0.003558494951764274,0.02199755752956704,0.03853811022265008
2019Q1,management_companies,Management of companies and enterprises,-0.0004316930464715596,0.01572735386658619,0.042064381674319806
2019Q1,admin_support,Administrative and support services,-0.0008357776442236564,0.024012926901537068,0.04702026405761095
2019Q1,waste_remediation,Waste management and remediation services,0.003439312087326618,-0.04932788805135842,0.0007621869397658187
2019Q1,education,Educational services,-6.558782341786751e-05,-0.005975912742324284,0.017238277785014633
2019Q1,ambulatory_health,Ambulatory health care services,-0.003771722438851266,0.024291159976637805,0.07103130570594174
2019Q1,hospitals_nursing,"Hospitals, nursing and residential care facilities",-9.002407885708164e-05,0.008444257521015793,0.023751897553524026
2019Q1,social_assistance,Social assistance,0.00035157939146407413,-0.005084937098749207,0.028589085632909628
2019Q1,performing_arts_museums,"Performing arts, spectator sports, museums, and related activities",0.00029449040518586544,0.01697403324603369,0.020290913728832294
2019Q1,amusement_recreation,"Amusements, gambling, and recreation industries",-0.0006711479902256068,-0.034810493413927716,0.00023576143800196903
2019Q1,accommodation,Accommodation,0.009027599350457882,-0.023803876016918097,-0.05005686393332398
2019Q1,food_services,Food services and drinking places,-0.003474477407048329,0.002287413207393535,0.06000785728013747
2019Q1,other_services,"Other services, except government",-0.0028301610362609086,-0.0024733786195314375,0.0367154149816753
2019Q2,oil_gas_extraction,Oil and gas extraction,-0.04022034894598092,0.017643016526655675,0.19205757716200123
2019Q2,mining_except_oil_gas,"Mining, except oil and gas",-0.005686654088879639,-0.028217097621787323,0.010909324853408897
2019Q2,support_mining,Support activities for mining,-0.009857591614332348,-0.04724086337236161,0.23265555555555562
2019Q2,utilities,Utilities,-0.00043205861607009677,0.015499701054179959,0.002084586260992838
2019Q2,construction,Construction,0.001311328144462387,-0.026152298878436352,0.020622452480258957
2019Q2,wood_products,Wood products,0.006737097134465075,-0.030098454788767784,-0.03644432628102212
2019Q2,nonmetallic_mineral,Nonmetallic mineral products,0.0001084972971470699,-0.027098608886294263,-0.014357451639666396
2019Q2,primary_metals,Primary metals,-0.002471835191066918,-0.13954284522263422,0.025507952210638507
2019Q2,fabricated_metal,Fabricated metal products,-0.00012208103510005786,-0.004512865792283784,0.008391205277268776
2019Q2,machinery,Machinery,0.004932912262333916,0.012550658771362435,0.004831049580963809
2019Q2,computer_electronic,Computer and electronic products,-0.003966313250746312,0.03717325109952285,0.06458863550459881
2019Q2,electrical_equipment,"Electrical equipment, appliances, and components",-0.001411107002581652,-0.0320362071260595,0.019251564830966572
2019Q2,motor_vehicles,"Motor vehicles, bodies and trailers, and parts",0.004404613211241651,0.08353492353002342,0.022972661269949457
2019Q2,other_transport_equipment,Other transportation equipment,-0.0026396049717130887,0.024942020055356093,0.08779163786913946
2019Q2,furniture,Furniture and related products,0.002315782880905601,0.007743605756853484,-0.010814029160493455
2019Q2,misc_manufacturing,Miscellaneous manufacturing,0.0034638239071015098,0.005569534663894182,-0.0010985878692145734
2019Q2,food_beverage_tobacco,Food and beverage and tobacco products,0.0016350577058643345,0.05347896196407251,0.009779592121704317
2019Q2,textiles,Textile mills and textile product mills,-0.003835235888628011,-0.011835763115540387,0.029868868382709968
2019Q2,apparel_leather,Apparel and leather and allied products,-0.0039517098040474374,0.03321189025144597,0.04871837688903735
2019Q2,paper,Paper products,0.0009909250242824963,-0.03269522817944357,-0.02725467408351856
2019Q2,printing,Printing and related support activities,-0.004183587710541475,0.02588822283813633,0.025119509913235083
2019Q2,petroleum_coal,Petroleum and coal products,0.023591656761216467,0.08954697476251858,0.007876747939544959
2019Q2,chemicals,Chemical products,0.0005831292668876942,0.0015019572787648052,0.01466394258215109
2019Q2,plastics_rubber,Plastics and rubber products,0.0026952499292148824,-0.002695215322817562,-0.007574287981659489
2019Q2,wholesale,Wholesale trade,0.0032503654103645807,0.036288739535004166,0.032426071688834046
2019Q2,retail,Retail trade,0.0004957342667939735,0.02498422345820461,0.017742547999280323
2019Q2,air_transport,Air transportation,-7.199054317941211e-05,0.0032491321508417684,0.019365685070969807
2019Q2,rail_transport,Rail transportation,-0.00579299131934069,-0.02927708686499218,0.02334009857929842
2019Q2,water_transport,Water transportation,-0.0062376985027036425,-0.07205036685498714,0.02926647199596011
2019Q2,truck_transport,Truck transportation,-0.0003081929898920144,-0.07733458611836025,0.0016428673187616205
2019Q2,transit_ground,Transit and ground passenger transportation,0.01070101700251569,0.09602514900122223,0.02776092457492929
2019Q2,pipeline,Pipeline transportation,-0.009494083175887513,0.04748835416376323,0.046895099988305544
2019Q2,other_transport_support,Other transportation and support activities,-0.0027074059809648887,0.006294792938853036,0.054124889812811494
2019Q2,warehousing,Warehousing and storage,-0.0021769065727479803,0.01937146806988394,0.12342103832985263
2019Q2,information,Information,-0.0020478005071399297,0.0761302591946655,0.07546937624542038
2019Q2,credit_intermediation,"Federal Reserve banks, credit intermediation, and related activities",0.002118007563802038,-0.0017772706830627085,0.0038344606503764034
2019Q2,securities,"Securities, commodity contracts, and investments",-0.007668749910075087,0.04953364708570137,0.05612602053673932
2019Q2,insurance,Insurance carriers and related activities,0.00032349706001408296,-0.02110404300442707,0.006344471181139344
2019Q2,funds_trusts,"Funds, trusts, and other financial vehicles",0.00010607677416732408,-0.10472470051376584,-0.004521530759246328
2019Q2,real_estate,Real estate,0.0019519592867367486,-0.0011582588685159117,0.02391755820122765
2019Q2,rental_leasing,Rental and leasing services and lessors of intangible assets,0.004599909449376105,0.009032887295201849,0.025089649230321198
2019Q2,legal,Legal services,0.0005836869369736375,-0.013925252837119888,0.021717340461075763
2019Q2,computer_systems,Computer systems design and related services,-0.0025617866633798475,0.039195682719130036,0.10595579369239361
2019Q2,misc_professional,"Miscellaneous professional, scientific, and technical services",0.006529978016182658,0.02199755752956704,0.02120157613951079
2019Q2,management_companies,Management of companies and enterprises,-0.00046276677404635813,-0.0014947023177182522,0.028816149095056698
2019Q2,admin_support,Administrative and support services,-0.0032586897930953207,0.027578607624852043,0.07431180182257946
2019Q2,waste_remediation,Waste management and remediation services,0.004348463185210538,-0.030826395266368146,0.016921610261299236
2019Q2,education,Educational services,-0.0014814682455713546,-0.004063458561679335,0.021427884779379625
2019Q2,ambulatory_health,Ambulatory health care services,-0.0035089024621219322,0.029427904785285456,0.08048036972794792
2019Q2,hospitals_nursing,"Hospitals, nursing and residential care facilities",0.0003343247536368166,-0.0038271676704693743,0.011069114725631435
2019Q2,social_assistance,Social assistance,-0.0011563979118327239,0.006162473845964081,0.07031430025990737
2019Q2,performing_arts_museums,"Performing arts, spectator sports, museums, and related activities",0.007244563705991802,-0.012375298125245019,0.005984951100025615
2019Q2,amusement_recreation,"Amusements, gambling, and recreation industries",-0.003974406400199693,-0.03123735204914886,0.033650487255022066
2019Q2,accommodation,Accommodation,0.00024856144186172213,-0.00903127857419352,0.002826979619741987
2019Q2,food_services,Food services and drinking places,-0.0006809489143034392,-0.001092732314630373,0.0296773884349244
2019Q2,other_services,"Other services, except government",-0.0011772161250140356,-5.58818121290072e-05,0.02745033307038991
2019Q3,oil_gas_extraction,Oil and gas extraction,-0.0181886018625384,0.1658452121479074,0.1785748232938631
2019Q3,mining_except_oil_gas,"Mining, except oil and gas",0.0008447143660221257,-0.030989855236638334,0.0023938702134149725
2019Q3,support_mining,Support activities for mining,-0.005762881474648984,-0.05885328157597289,0.13620016598530715
2019Q3,utilities,Utilities,0.012254454836964968,0.03833596669027601,-0.0008830326355939722
2019Q3,construction,Construction,-0.0011670534672018618,-0.030104196178582503,0.03555948799275699
2019Q3,wood_products,Wood products,0.008134129362146858,0.019289725524941324,-0.013783309665023835
2019Q3,nonmetallic_mineral,Nonmetallic mineral products,-0.0012085245905676667,0.021796324278752718,0.02872857323483191
2019Q3,primary_metals,Primary metals,0.0018366964992904133,-0.10067513299121045,-0.015147158227304502
2019Q3,fabricated_metal,Fabricated metal products,-0.001479269403918848,-0.025753219204424433,0.016659462427855765
2019Q3,machinery,Machinery,0.0012627953624226584,-0.025653101934995166,0.008414649669453489
2019Q3,computer_electronic,Computer and electronic products,-0.005374223537614242,0.034994844882507356,0.07688973517400344
2019Q3,electrical_equipment,"Electrical equipment, appliances, and components",-0.003476577128496694,-0.04789704006884221,0.021644137063816515
2019Q3,motor_vehicles,"Motor vehicles, bodies and trailers, and parts",-0.00353185350678574,0.06220081233516661,0.10581998969965123
2019Q3,other_transport_equipment,Other transportation equipment,0.003049702572668206,0.0346517516569732,0.07191189433086809
2019Q3,furniture,Furniture and related products,0.0008765383540551147,-0.007930701115378528,0.0015578057193723627
2019Q3,misc_manufacturing,Miscellaneous manufacturing,0.006237600289515366,-0.014734775924200092,-0.0203663939711215
2019Q3,food_beverage_tobacco,Food and beverage and tobacco products,0.0045393523767637,0.024613374720027018,-0.0060438472389795495
2019Q3,textiles,Textile mills and textile product mills,-0.002124344018172991,-0.019007561038144518,0.010257380772142222
2019Q3,apparel_leather,Apparel and leather and allied products,-0.0037531529912746414,-0.011390550512542657,0.030947855549128267
2019Q3,paper,Paper products,0.002262588571061125,-0.05705095192539668,-0.02491089131282087
2019Q3,printing,Printing and related support activities,-0.005084424313523989,-0.001521862174413877,0.012060996376579647
2019Q3,petroleum_coal,Petroleum and coal products,0.02069840387821556,0.06322134581880982,0.017776040012429384
2019Q3,chemicals,Chemical products,0.0033579276182449935,-0.006083167457461248,0.03497865458687288
2019Q3,plastics_rubber,Plastics and rubber products,0.002461064702590693,-0.016833033015487518,-0.0036412927918350046
2019Q3,wholesale,Wholesale trade,0.005491253884929187,0.026237908139202244,0.02454177557817072
2019Q3,retail,Retail trade,0.0020783103877285436,0.03474981809503325,0.01899948523562167
2019Q3,air_transport,Air transportation,0.001109083313443615,-0.028136165901366018,0.01173525640115658
2019Q3,rail_transport,Rail transportation,0.0018974364296307777,-0.057293003305148464,-0.02238294238656502
2019Q3,water_transport,Water transportation,-0.0005607683283436193,-0.061652231407063746,-0.015250880281690193
2019Q3,truck_transport,Truck transportation,0.005240439739894742,-0.0800980754337807,-0.03288957558553862
2019Q3,transit_ground,Transit and ground passenger transportation,-0.0017909659362404518,0.09331867864234442,0.08425891645069727
2019Q3,pipeline,Pipeline transportation,-0.008098013980684438,0.0194526453753429,0.005923140204489474
2019Q3,other_transport_support,Other transportation and support activities,-0.0003334587794150412,-0.01308895560077714,0.030066366003006717
2019Q3,warehousing,Warehousing and storage,-0.0021414409570185144,0.024825509239520076,0.10700859399632967
2019Q3,information,Information,0.0049993286024681005,0.08474967689631632,0.06426108230782357
2019Q3,credit_intermediation,"Federal Reserve banks, credit intermediation, and related activities",0.006619761116883893,0.00869811611530607,-0.002209826341825094
2019Q3,securities,"Securities, commodity contracts, and investments",-0.0016800506260593595,-0.10220812830513155,0.04054183898173802
2019Q3,insurance,Insurance carriers and related activities,-0.006423592901948688,0.014427642868859525,0.04030454598211142
2019Q3,funds_trusts,"Funds, trusts, and other financial vehicles",0.002907730919512047,0.007069322198632773,-0.04442899356857288
2019Q3,real_estate,Real estate,0.0032504487321131093,-0.00530504967397051,0.01904183192377218
2019Q3,rental_leasing,Rental and leasing services and lessors of intangible assets,0.017627573406238717,0.009229735466263288,0.014623551835188486
2019Q3,legal,Legal services,-0.0003743988727010761,0.011442575978241309,0.036673808596286106
2019Q3,computer_systems,Computer systems design and related services,-0.0034128553287007674,0.045754915588138594,0.09983926432185064
2019Q3,misc_professional,"Miscellaneous professional, scientific, and technical services",0.0061070449942499105,0.01654979145407819,0.010131925968893452
2019Q3,management_companies,Management of companies and enterprises,-0.00027641646382638163,0.022219406590793578,0.041861810914658903
2019Q3,admin_support,Administrative and support services,-0.0012704550234564072,0.025073447167695148,0.05602902209098293
2019Q3,waste_remediation,Waste management and remediation services,0.008413518315596002,-0.004219842031375607,0.02558702179595196
2019Q3,education,Educational services,-0.0014599448009810223,-0.004846082716645791,0.026236281632121328
2019Q3,ambulatory_health,Ambulatory health care services,-0.0018015943450456207,0.024306422529050402,0.06838858998934438
2019Q3,hospitals_nursing,"Hospitals, nursing and residential care facilities",-0.0011898441484824024,0.0023777815401883865,0.046407688464923824
2019Q3,social_assistance,Social assistance,-0.0004891724474697101,0.018322416850963974,0.056293140638481454
2019Q3,performing_arts_museums,"Performing arts, spectator sports, museums, and related activities",-0.0024984959185488376,0.02480599176664272,0.06714984282221437
2019Q3,amusement_recreation,"Amusements, gambling, and recreation industries",0.0003453873869964097,-0.052133725358455105,0.010852625714870001
2019Q3,accommodation,Accommodation,0.004008265452412035,0.01879652667058092,0.011540621530204076
2019Q3,food_services,Food services and drinking places,0.0016971050891973483,-0.005427404372719279,0.015065492359693344
2019Q3,other_services,"Other services, except government",-0.0009223930134409641,-0.008933467110673258,0.022107929197533016
2019Q4,oil_gas_extraction,Oil and gas extraction,-0.004259474217103654,0.13374480003902076,0.11452283440826139
2019Q4,mining_except_oil_gas,"Mining, except oil and gas",-0.015521828829412887,-0.03604886433881049,0.027934878846466615
2019Q4,support_mining,Support activities for mining,0.009992070630118588,-0.04380762305613403,-0.0923861102261867
2019Q4,utilities,Utilities,0.01858244889827121,0.030882515286120748,-0.02880058879482139
2019Q4,construction,Construction,0.004954186789649595,-0.02780533998499751,-0.0072170167794348705
2019Q4,wood_products,Wood products,0.0049805867158599915,0.07008231036831475,0.024409700063816153
2019Q4,nonmetallic_mineral,Nonmetallic mineral products,0.0014975989029778758,0.015509673423025899,0.008939202758179388
2019Q4,primary_metals,Primary metals,0.008834342375427018,0.07587089792180883,-0.033750962733629764
2019Q4,fabricated_metal,Fabricated metal products,0.002028033990287559,-0.03365553391946716,-0.0020532609982669703
2019Q4,machinery,Machinery,0.0015609166058998536,-0.03980870386454934,0.000769207770357605
2019Q4,computer_electronic,Computer and electronic products,0.00020293220897238395,0.03614738363234014,0.0599686983313954
2019Q4,electrical_equipment,"Electrical equipment, appliances, and components",0.00016393410338358394,-0.030632603793886107,0.004643209970362383
2019Q4,motor_vehicles,"Motor vehicles, bodies and trailers, and parts",-0.004460409303836635,-0.0029823312078493544,0.06916048129494423
2019Q4,other_transport_equipment,Other transportation equipment,-0.0016831990755093729,0.023591864325399704,0.05549729269471393
2019Q4,furniture,Furniture and related products,-0.002884761526733254,-0.0638607657728746,0.025799618724846374
2019Q4,misc_manufacturing,Miscellaneous manufacturing,0.005104157673944065,-0.025507831433629388,-0.017456167786937926
2019Q4,food_beverage_tobacco,Food and beverage and tobacco products,-0.0008317753678536433,0.0383810386795285,0.001982008980009331
2019Q4,textiles,Textile mills and textile product mills,0.0005764565976053154,-0.026589244746975913,-0.02862287231080507
2019Q4,apparel_leather,Apparel and leather and allied products,0.0027773035281397213,0.010427642802879975,-0.015635989828491015
2019Q4,paper,Paper products,0.0013615666916405311,-0.05424138016712007,-0.013553226529175233
2019Q4,printing,Printing and related support activities,-0.0015648161906530456,-0.0008157366689336962,-0.005308922214366296
2019Q4,petroleum_coal,Petroleum and coal products,-0.02101529734809829,-0.09052624874667936,0.011486932729502852
2019Q4,chemicals,Chemical products,0.003567270469738648,-0.009030469899192827,0.027848804540661964
2019Q4,plastics_rubber,Plastics and rubber products,0.0024491712125950527,-0.01398340712429941,-0.006164978422575573
2019Q4,wholesale,Wholesale trade,0.005463809621682497,-0.005691208759787187,-0.0023766764577611843
2019Q4,retail,Retail trade,-0.00044400504752448167,0.026996457226921598,0.021540401804464926
2019Q4,air_transport,Air transportation,0.0016937582918884198,-0.02275899363975384,0.013262610806698438
2019Q4,rail_transport,Rail transportation,-0.002054686795505689,-0.051816595379252095,-0.03556282640156039
2019Q4,water_transport,Water transportation,0.002943948916514727,-0.043178481818324066,-0.003941359247596643
2019Q4,truck_transport,Truck transportation,0.009499774087876334,-0.05219532905090307,-0.05981682969039692
2019Q4,transit_ground,Transit and ground passenger transportation,0.0034226605795641407,0.043054204663855074,0.034656656972162914
2019Q4,pipeline,Pipeline transportation,0.021485847302499583,0.02813483626285744,-0.015884591718133945
2019Q4,other_transport_support,Other transportation and support activities,0.0025085762452036753,-0.007247722397404174,0.004025830158601584
2019Q4,warehousing,Warehousing and storage,-0.00048286870253955866,0.036850992504810914,0.07836206896551734
2019Q4,information,Information,-0.005605285468253951,0.04519908289971817,0.05204627268454898
2019Q4,credit_intermediation,"Federal Reserve banks, credit intermediation, and related activities",0.005272608362645481,0.037767915511056294,0.011881894318407582
2019Q4,securities,"Securities, commodity contracts, and investments",0.0013209096603772896,-0.09197306708528524,0.014258626799056096
2019Q4,insurance,Insurance carriers and related activities,-0.005482975920864441,0.04217470551284644,0.0618829375434935
2019Q4,funds_trusts,"Funds, trusts, and other financial vehicles",-0.00393900869706848,0.004097335491534963,0.010132654177278377
2019Q4,real_estate,Real estate,-0.001828490478705369,-0.016496895753357547,0.020362783773628657
2019Q4,rental_leasing,Rental and leasing services and lessors of intangible assets,0.0037367628874711567,-0.008299013872280516,0.03024918650453845
2019Q4,legal,Legal services,0.008517132160394236,-0.005446428444390555,-0.023083369061075
2019Q4,computer_systems,Computer systems design and related services,0.005495584049607816,0.04794204685733583,0.06900211659148558
2019Q4,misc_professional,"Miscellaneous professional, scientific, and technical services",0.002318536195194676,0.003381318381062795,0.029938170248978713
2019Q4,management_companies,Management of companies and enterprises,-0.0003302467707782669,0.059557184524004714,0.07297752808988767
2019Q4,admin_support,Administrative and support services,0.0019785407139868982,0.02141070367320794,0.024651537841262616
2019Q4,waste_remediation,Waste management and remediation services,-0.001455512964467831,-0.006748774791002117,0.0523733757623972
2019Q4,education,Educational services,-0.0011492246052419164,-0.016671853941122607,0.012201601401925721
2019Q4,ambulatory_health,Ambulatory health care services,0.0010923426445990647,0.008811663664261539,0.03372642869500031
2019Q4,hospitals_nursing,"Hospitals, nursing and residential care facilities",-0.0009075141677786225,-0.005178610243631695,0.03148940948584422
2019Q4,social_assistance,Social assistance,0.00047248549170837706,0.027386119300112848,0.054048606617373984
2019Q4,performing_arts_museums,"Performing arts, spectator sports, museums, and related activities",0.002502593176161305,-0.0339752473452555,-0.008181189950734469
2019Q4,amusement_recreation,"Amusements, gambling, and recreation industries",-0.008187836730230325,-0.028143499229527327,0.07529508685709407
2019Q4,accommodation,Accommodation,-0.001223793716086663,-0.03541139255738483,0.0013311455895246294
2019Q4,food_services,Food services and drinking places,0.00043356674997566125,-0.01804990722093371,0.012711784549857663
2019Q4,other_services,"Other services, except government",0.0004504943781610815,-0.01458938465839741,0.007285796497171537
2020Q1,oil_gas_extraction,Oil and gas extraction,-0.002942005309167439,0.17635035315947598,0.06893107443388269
2020Q1,mining_except_oil_gas,"Mining, except oil and gas",-0.004484201271488963,-0.0072220527417936236,0.004812549365368124
2020Q1,support_mining,Support activities for mining,0.013850323292528166,0.0111459850257727,-0.14809681097872673
2020Q1,utilities,Utilities,0.020708334910217785,0.0030112788474954727,-0.03756641521810433
2020Q1,construction,Construction,0.004892038728337739,-0.028642631248313278,-0.009113434967032097
2020Q1,wood_products,Wood products,0.006875444157479926,0.09511662600537253,0.029065339634648968
2020Q1,nonmetallic_mineral,Nonmetallic mineral products,0.0003307072645487297,0.004013898763986348,0.021364447641119888
2020Q1,primary_metals,Primary metals,0.005415185586777255,0.18280207180594438,-0.002218148770005701
2020Q1,fabricated_metal,Fabricated metal products,0.0015423589601681054,-0.031101995419727173,0.010952991603610185
2020Q1,machinery,Machinery,0.001005984900343787,-0.03836621922839532,-0.009070055846903347
2020Q1,computer_electronic,Computer and electronic products,0.007526219427767489,0.027305834538426818,0.03342534298347921
2020Q1,electrical_equipment,"Electrical equipment, appliances, and components",0.0011208615472138306,0.002635976374386198,0.012117890634514739
2020Q1,motor_vehicles,"Motor vehicles, bodies and trailers, and parts",-0.0011080874950396419,-0.00444219311012366,0.01938375841335116
2020Q1,other_transport_equipment,Other transportation equipment,0.017608896039357863,0.023591864325399704,-0.0798468508247192
2020Q1,furniture,Furniture and related products,-0.002825234658618836,-0.09237016433544244,0.013145779326562135
2020Q1,misc_manufacturing,Miscellaneous manufacturing,0.0043904355020051855,-0.029565055965301942,-0.014953758287071905
2020Q1,food_beverage_tobacco,Food and beverage and tobacco products,0.0011131291609104144,0.0383810386795285,-0.0001462075001380514
2020Q1,textiles,Textile mills and textile product mills,-6.941255447034944e-05,-0.022645088725138533,-0.036941012062371326
2020Q1,apparel_leather,Apparel and leather and allied products,0.004157268122987855,0.010427642802879975,-0.05281225244256671
2020Q1,paper,Paper products,0.0012319681445799313,0.007590041363354498,0.00970496665940801
2020Q1,printing,Printing and related support activities,-0.005280681516180691,0.004200187265700723,0.03134851138353767
2020Q1,petroleum_coal,Petroleum and coal products,-0.01956614043104757,-0.04496971849776596,0.008007445694626858
2020Q1,chemicals,Chemical products,0.0035815952214616753,0.01215145849672199,0.07135095151124626
2020Q1,plastics_rubber,Plastics and rubber products,0.0028137587161464056,-0.027653269261208972,-0.006165699806928049
2020Q1,wholesale,Wholesale trade,0.006887747451064741,-0.0033158575550860975,-0.011349153557231206
2020Q1,retail,Retail trade,0.0007414128633975725,0.044413323808490494,0.028567547275313965
2020Q1,air_transport,Air transportation,0.0027442180475883704,-0.021230859337424912,0.006669747838586204
2020Q1,rail_transport,Rail transportation,-0.0009086371945578875,-0.047274676525133195,-0.05907055930386529
2020Q1,water_transport,Water transportation,0.002679049400081901,0.051373355945872175,0.00706318918804949
2020Q1,truck_transport,Truck transportation,0.00964323525515598,-0.005761137169115999,-0.038758715247529496
2020Q1,transit_ground,Transit and ground passenger transportation,-0.019625095568944928,-0.06346231319765941,0.00852209944751392
2020Q1,pipeline,Pipeline transportation,0.002250040946714993,-0.07222959267696165,-0.04086405860417908
2020Q1,other_transport_support,Other transportation and support activities,0.002967729531964211,-0.06160034337486119,-0.02067026369784941
2020Q1,warehousing,Warehousing and storage,0.0019426039501772019,0.052290078553574995,0.03869905310827493
2020Q1,information,Information,-0.004315919498046994,0.031885468556177396,0.050242084301114875
2020Q1,credit_intermediation,"Federal Reserve banks, credit intermediation, and related activities",-0.008572206976128094,0.02214943751455915,0.042110493821810424
2020Q1,securities,"Securities, commodity contracts, and investments",-0.001142381454114924,-0.09197306708528524,0.005824806284238315
2020Q1,insurance,Insurance carriers and related activities,-0.016249394635893172,-0.0071387703278374915,0.0831165338002815
2020Q1,funds_trusts,"Funds, trusts, and other financial vehicles",-0.005389190448715109,-0.03650554619326666,0.010080120103558743
2020Q1,real_estate,Real estate,-0.002590112345136286,-0.01768736469499327,0.02309028200051566
2020Q1,rental_leasing,Rental and leasing services and lessors of intangible assets,0.002671700528095622,0.025084595912402734,0.037420484139520926
2020Q1,legal,Legal services,-0.0017165659076935902,-0.005446428444390555,0.01859278162595701
2020Q1,computer_systems,Computer systems design and related services,0.0050991771679380765,0.04794204685733583,0.05797014085639085
2020Q1,misc_professional,"Miscellaneous professional, scientific, and technical services",0.0014923723812003686,0.003381318381062795,0.04156775850048544
2020Q1,management_companies,Management of companies and enterprises,-9.367177026509133e-05,0.05253694852426765,0.0650329153605016
2020Q1,admin_support,Administrative and support services,0.004718204053318964,0.025460892734776683,0.002705486718269867
2020Q1,waste_remediation,Waste management and remediation services,0.003644045827439296,-0.0071009352919395195,0.028520325203251984
2020Q1,education,Educational services,0.0006800287391223181,-0.00649002922903511,0.008119566219163765
2020Q1,ambulatory_health,Ambulatory health care services,0.0033353438291884308,0.009826095739059224,0.018414528835303923
2020Q1,hospitals_nursing,"Hospitals, nursing and residential care facilities",-0.0001600566928663949,-0.00021567157071842336,0.023161235835135408
2020Q1,social_assistance,Social assistance,0.000766975737391068,0.007337830471936429,0.04091058197476749
2020Q1,performing_arts_museums,"Performing arts, spectator sports, museums, and related activities",-0.004201231801642613,-0.020097623177432654,0.013085607510098018
2020Q1,amusement_recreation,"Amusements, gambling, and recreation industries",-0.0037012599686665204,-0.0055976404551445185,0.04407935955447262
2020Q1,accommodation,Accommodation,0.0013050307236416592,0.006600554808772659,0.020748493239941324
2020Q1,food_services,Food services and drinking places,0.0009792132000766007,-0.008042564556876235,0.009985269151754128
2020Q1,other_services,"Other services, except government",0.0009537011191108474,-0.008692407423285992,0.005564559449420914
2020Q2,oil_gas_extraction,Oil and gas extraction,0.011289312117590655,0.1103874614836788,0.05359206883758105
2020Q2,mining_except_oil_gas,"Mining, except oil and gas",0.0030371246923533435,-0.033560661621406425,-0.042105169672910114
2020Q2,support_mining,Support activities for mining,0.017309310827540128,0.06011196752465124,-0.18991433816031
2020Q2,utilities,Utilities,0.019367160475646905,0.051895834065276564,-0.002414327490500301
2020Q2,construction,Construction,0.0030811282739776347,-0.013091870871947686,0.011672233232510099
2020Q2,wood_products,Wood products,0.0021988499645156367,0.09603783162382114,0.07818116462976277
2020Q2,nonmetallic_mineral,Nonmetallic mineral products,0.0012313738452384426,-0.010620832208327591,0.006767044493317442
2020Q2,primary_metals,Primary metals,0.006967997766362866,0.28932830912798857,0.005251992824688578
2020Q2,fabricated_metal,Fabricated metal products,0.002567449690870638,-0.020838015995378815,0.011280073670196344
2020Q2,machinery,Machinery,0.002839259277930578,-0.022612512864244694,-0.01419294990723563
2020Q2,computer_electronic,Computer and electronic products,0.0032036271061485766,-0.0024887556755257747,0.018572044559639567
2020Q2,electrical_equipment,"Electrical equipment, appliances, and components",-0.0005490920120391207,0.006497663802538425,0.015710690765571078
2020Q2,motor_vehicles,"Motor vehicles, bodies and trailers, and parts",0.0032939466570995196,-0.008680808948126647,-0.023129725631620968
2020Q2,other_transport_equipment,Other transportation equipment,0.013800284646762362,0.023591864325399704,-0.09030300727486362
2020Q2,furniture,Furniture and related products,-0.0021099130979139735,-0.07876520794112765,0.01626371766298984
2020Q2,misc_manufacturing,Miscellaneous manufacturing,0.0036491959633225546,-0.025490614722998232,-0.010471422363243499
2020Q2,food_beverage_tobacco,Food and beverage and tobacco products,0.0033547638170169924,0.0383810386795285,-0.014685250528559735
2020Q2,textiles,Textile mills and textile product mills,0.003783624369200031,-0.009143071933758913,-0.051717497753406616
2020Q2,apparel_leather,Apparel and leather and allied products,0.0029163698131807053,0.010427642802879975,-0.02039266731749645
2020Q2,paper,Paper products,-9.608681046396894e-05,0.00014257216679956433,0.016288947634181872
2020Q2,printing,Printing and related support activities,-0.003669521746763993,0.01833642508091792,0.022663272709386284
2020Q2,petroleum_coal,Petroleum and coal products,-0.030544498160744532,-0.032831918653123474,0.008382892048022894
2020Q2,chemicals,Chemical products,0.004930508564789937,0.012300641871133047,0.05084892237708294
2020Q2,plastics_rubber,Plastics and rubber products,0.0031887347228930774,-0.011631016211706167,0.005928245601332316
2020Q2,wholesale,Wholesale trade,0.0055518840682652615,-0.022637012848799327,-0.022348628093617373
2020Q2,retail,Retail trade,0.001139991195597767,0.06329439095074903,0.04351578181332538
2020Q2,air_transport,Air transportation,-0.002024767466318106,-0.029364787728297807,0.017747608448167362
2020Q2,rail_transport,Rail transportation,-0.002585981445711538,-0.0154591699956678,-0.08436603224851691
2020Q2,water_transport,Water transportation,0.005958648966630467,0.06899302843803291,-0.009972636059592532
2020Q2,truck_transport,Truck transportation,0.008349954283678268,0.008890741220136895,-0.03817070519169907
2020Q2,transit_ground,Transit and ground passenger transportation,-0.015986707189964755,-0.034404269342017346,0.043628408684406095
2020Q2,pipeline,Pipeline transportation,0.006904658654479978,-0.07258380858459264,-0.05650543027871069
2020Q2,other_transport_support,Other transportation and support activities,0.0040787445585814125,-0.05090786829854088,-0.0365769863329477
2020Q2,warehousing,Warehousing and storage,4.423921962563859e-05,0.0540375580637679,0.06194816089175781
2020Q2,information,Information,-0.003758257705523238,0.027908639147023205,0.04921455036142963
2020Q2,credit_intermediation,"Federal Reserve banks, credit intermediation, and related activities",0.012512075843344794,0.05383143032282186,0.012666068515266415
2020Q2,securities,"Securities, commodity contracts, and investments",0.003772109761902148,-0.09197306708528524,0.017904433895980176
2020Q2,insurance,Insurance carriers and related activities,-0.003235575575717853,0.03910604057722512,0.0652202242513642
2020Q2,funds_trusts,"Funds, trusts, and other financial vehicles",0.0008341339864768871,0.012669505966411603,0.05844288589759716
2020Q2,real_estate,Real estate,-0.004643103231203982,-0.02305705733888211,0.026715648212852994
2020Q2,rental_leasing,Rental and leasing services and lessors of intangible assets,-0.0023027059042850517,0.009808318004332876,0.03180394651529794
2020Q2,legal,Legal services,-0.0013357829018311174,-0.005446428444390555,0.020324621989298963
2020Q2,computer_systems,Computer systems design and related services,0.007587185896251847,0.04794204685733583,0.04007291680943914
2020Q2,misc_professional,"Miscellaneous professional, scientific, and technical services",0.002433009501053768,0.003381318381062795,0.03528480547976631
2020Q2,management_companies,Management of companies and enterprises,-0.0003267825242948136,0.06084265746259771,0.07866803210785522
2020Q2,admin_support,Administrative and support services,0.0036028101881201424,0.016189493007847725,0.00243814398450648
2020Q2,waste_remediation,Waste management and remediation services,0.0048792491723881615,-0.02957616333748065,0.001959860346563369
2020Q2,education,Educational services,-0.000892454129230863,-0.015573601150163765,0.016938245147305242
2020Q2,ambulatory_health,Ambulatory health care services,0.00061834589840018,0.004729448965250011,0.03243553670060684
2020Q2,hospitals_nursing,"Hospitals, nursing and residential care facilities",-0.0002749889244713227,0.006872679685358786,0.030105182085175652
2020Q2,social_assistance,Social assistance,0.0027669905649016155,0.003582747702498219,-0.006522875291468999
2020Q2,performing_arts_museums,"Performing arts, spectator sports, museums, and related activities",-0.000694760524674376,0.00029091311217025704,0.0052465838474575754
2020Q2,amusement_recreation,"Amusements, gambling, and recreation industries",-0.0009921118035796928,-0.03410990796949353,0.019154390402296828
2020Q2,accommodation,Accommodation,0.008036042228950768,-0.02804180530231867,-0.03439638366123232
2020Q2,food_services,Food services and drinking places,-3.234427552969987e-05,-0.015283920205703837,0.024076888533472784
2020Q2,other_services,"Other services, except government",5.6305792550240263e-05,-0.0171431973145412,0.01080277698676535
2020Q3,oil_gas_extraction,Oil and gas extraction,-0.1558551079535513,-0.005667271057550472,-0.14748281019087994
2020Q3,mining_except_oil_gas,"Mining, except oil and gas",0.01438386942849007,-0.10355724441576337,-0.18160832414553474
2020Q3,support_mining,Support activities for mining,-0.007519158322948416,-0.15131808048904583,-0.3702782394252935
2020Q3,utilities,Utilities,0.017744834640363694,0.04671013427706418,-0.002054402893450269
2020Q3,construction,Construction,-0.009582568174110795,0.00472188853773124,0.003162404862490309
2020Q3,wood_products,Wood products,-0.004716410729092652,-0.005836254855977103,-0.01886330230279276
2020Q3,nonmetallic_mineral,Nonmetallic mineral products,0.001977140824300977,0.02162396663331371,-0.029620498371048742
2020Q3,primary_metals,Primary metals,0.0010256037270672536,0.29446413710369584,-0.05391216032500035
2020Q3,fabricated_metal,Fabricated metal products,-0.002516157516546713,-0.12386968560973916,-0.11869635307530679
2020Q3,machinery,Machinery,0.00020611322465430293,-0.07956893506212764,-0.12788317183021702
2020Q3,computer_electronic,Computer and electronic products,-0.007381775786280298,-0.02635754882523169,0.006532385913259997
2020Q3,electrical_equipment,"Electrical equipment, appliances, and components",-0.00033189679177725306,-0.026271977291246505,-0.07411853665001056
2020Q3,motor_vehicles,"Motor vehicles, bodies and trailers, and parts",-0.006970372817678205,-0.3719630446242221,-0.3749585675580289
2020Q3,other_transport_equipment,Other transportation equipment,0.007447051096483415,-0.06420104681932233,-0.30780344632272094
2020Q3,furniture,Furniture and related products,0.0007036980251849956,0.0072043788082206,-0.09914557690484893
2020Q3,misc_manufacturing,Miscellaneous manufacturing,0.00029921404626984116,0.13133957422259687,0.02811342183165455
2020Q3,food_beverage_tobacco,Food and beverage and tobacco products,0.0032622139478426793,-0.025831653777159704,-0.02806947532050741
2020Q3,textiles,Textile mills and textile product mills,-0.005574648509022423,-0.07506009219299929,-0.1498566532301524
2020Q3,apparel_leather,Apparel and leather and allied products,-0.0029715930828060344,-0.012212572347572316,-0.09525859749206178
2020Q3,paper,Paper products,-0.004312393092482297,0.02730853459017475,0.02619383556387289
2020Q3,printing,Printing and related support activities,-0.008405778396398722,0.010835750147835312,-0.08085857449152445
2020Q3,petroleum_coal,Petroleum and coal products,-0.04627630954460438,-0.05158428746119382,-0.20431783393083536
2020Q3,chemicals,Chemical products,0.009200793536223717,0.05797769512379204,0.040598933816254235
2020Q3,plastics_rubber,Plastics and rubber products,0.002036435753134752,-0.0752990717927443,-0.08370194963409572
2020Q3,wholesale,Wholesale trade,0.004615858131941097,-0.053348911742391085,-0.1275170670285577
2020Q3,retail,Retail trade,-0.0019875142998636297,0.025854409117575194,-0.05829155607981917
2020Q3,air_transport,Air transportation,-0.0033886010194774385,-1.1609595799152215,-0.7892632352204618
2020Q3,rail_transport,Rail transportation,0.02231393340670712,-0.08055219260319431,-0.24380643972303395
2020Q3,water_transport,Water transportation,0.005451930448836781,0.08725493097393273,-0.3723328888148024
2020Q3,truck_transport,Truck transportation,0.009476579627828247,-0.012821583602784358,-0.13998813903811058
2020Q3,transit_ground,Transit and ground passenger transportation,-0.0013992587829221859,-0.011456422288027297,-0.3881953910719461
2020Q3,pipeline,Pipeline transportation,0.008186748991921733,-0.07990396560419233,-0.10325098682751588
2020Q3,other_transport_support,Other transportation and support activities,0.0008137599511015003,0.10880823232774385,0.028157335285763363
2020Q3,warehousing,Warehousing and storage,0.006412083686993489,0.07948365104349116,-0.04999099531756512
2020Q3,information,Information,0.004983677524952712,0.10731260947788379,-0.00910682072367508
2020Q3,credit_intermediation,"Federal Reserve banks, credit intermediation, and related activities",-0.004075429729865576,0.014401771131985408,0.031059236553223846
2020Q3,securities,"Securities, commodity contracts, and investments",0.00032370766181852306,-0.038730766894803696,0.041156356499513214
2020Q3,insurance,Insurance carriers and related activities,0.0007625657445275991,-0.03244389713851417,-0.002534217104542713
2020Q3,funds_trusts,"Funds, trusts, and other financial vehicles",-0.0014265492311509032,0.00689028577302674,0.04283472171918379
2020Q3,real_estate,Real estate,0.001963643238424684,0.03784918528163285,0.004474667690357315
2020Q3,rental_leasing,Rental and leasing services and lessors of intangible assets,-0.00022157544535306162,-0.06728783275754942,-0.2464483624448176
2020Q3,legal,Legal services,0.002884944214626761,-0.023513783522995577,-0.060005222211807596
2020Q3,computer_systems,Computer systems design and related services,-0.0012458665676794156,0.024567750763552613,-0.02423682685033257
2020Q3,misc_professional,"Miscellaneous professional, scientific, and technical services",0.008365211306846976,0.035633130158526385,-0.10250201209290644
2020Q3,management_companies,Management of companies and enterprises,-0.0001687258538283845,0.013865901173149646,-0.020939938738588126
2020Q3,admin_support,Administrative and support services,-0.006326200031493118,0.019777075947730798,-0.0882603283999065
2020Q3,waste_remediation,Waste management and remediation services,0.011687258672165746,-0.1448313444294802,-0.14922336514231416
2020Q3,education,Educational services,-0.0003670713214493637,-0.012719845076024312,-0.10454266214733465
2020Q3,ambulatory_health,Ambulatory health care services,-0.0013333867336652316,-0.1317735605998039,-0.19995935198107817
2020Q3,hospitals_nursing,"Hospitals, nursing and residential care facilities",-0.0014235813069947978,-0.07487597305499297,-0.06676230260106997
2020Q3,social_assistance,Social assistance,-0.0009759825266378308,-0.06231450458548253,-0.13683627353917338
2020Q3,performing_arts_museums,"Performing arts, spectator sports, museums, and related activities",-0.014008327824277411,-0.42358814787218724,-0.6166157528060153
2020Q3,amusement_recreation,"Amusements, gambling, and recreation industries",0.002106324505980417,-0.15048725563027546,-0.5550715788045322
2020Q3,accommodation,Accommodation,0.035539657754905085,-0.3218518471775402,-0.6538829027026158
2020Q3,food_services,Food services and drinking places,-0.003464108137425731,-0.07740049283772021,-0.36497376897807454
2020Q3,other_services,"Other services, except government",0.005487642214106608,-0.06196574181866852,-0.24286778685980992
2020Q4,oil_gas_extraction,Oil and gas extraction,-0.06032452088019824,-0.05838847063566732,-0.17182323417458722
2020Q4,mining_except_oil_gas,"Mining, except oil and gas",0.0004901159331387461,-0.11340148712923816,-0.12423685774488091
2020Q4,support_mining,Support activities for mining,0.01211475323851735,-0.20800133869831702,-0.4986235043330155
2020Q4,utilities,Utilities,0.010825017990389152,0.07044015974223941,0.020264918997056736
2020Q4,construction,Construction,-0.005082990539372473,0.025022247046033452,0.010060855121644563
2020Q4,wood_products,Wood products,0.006036173589235666,0.06317354679015026,0.01626782860716025
2020Q4,nonmetallic_mineral,Nonmetallic mineral products,0.006707998197422044,0.05374615295738169,-0.0045749807920654195
2020Q4,primary_metals,Primary metals,-0.001504622105627032,0.3103367106711991,0.0017371345925594195
2020Q4,fabricated_metal,Fabricated metal products,0.00025886522797971545,-0.032998386437450344,-0.06694234330817639
2020Q4,machinery,Machinery,-6.362982371369008e-05,-0.0014641804622493348,-0.05137429232012336
2020Q4,computer_electronic,Computer and electronic products,0.002873423668564634,0.050668110955288885,0.04270986048711278
2020Q4,electrical_equipment,"Electrical equipment, appliances, and components",-0.0027836172179862284,0.0018068580043064959,-0.048274573315061686
2020Q4,motor_vehicles,"Motor vehicles, bodies and trailers, and parts",0.008208869729584414,0.20523634042726302,0.06860427541468939
2020Q4,other_transport_equipment,Other transportation equipment,0.00630614224122969,-0.06420104681932233,-0.24075472656076458
2020Q4,furniture,Furniture and related products,0.00039257181305807354,0.07113991661529208,-0.034548708350978785
2020Q4,misc_manufacturing,Miscellaneous manufacturing,0.0011635277523920073,0.18326620220656212,0.15292408281874326
2020Q4,food_beverage_tobacco,Food and beverage and tobacco products,0.004810498697930071,-0.025831653777159704,-0.00583472255298878
2020Q4,textiles,Textile mills and textile product mills,0.0005611188092338321,0.02299188187321829,-0.078163585217634
2020Q4,apparel_leather,Apparel and leather and allied products,0.0008604099802372867,-0.012212572347572316,0.014169928874676163
2020Q4,paper,Paper products,-0.002223006754577317,0.04930946864468606,0.021023574357063035
2020Q4,printing,Printing and related support activities,0.004615432850029216,0.1219656458839558,-0.05214321850710568
2020Q4,petroleum_coal,Petroleum and coal products,0.01551412707751118,-0.025593323506052576,-0.13670649274564717
2020Q4,chemicals,Chemical products,0.0057053884059634075,0.042385623954503175,0.00974486406007391
2020Q4,plastics_rubber,Plastics and rubber products,0.0060648447424268,0.01621528638230199,-0.030444261338277157
2020Q4,wholesale,Wholesale trade,0.0010002276251786235,0.03532807213213133,-0.0213911260767492
2020Q4,retail,Retail trade,-0.0005197397853774766,0.03428189065195967,0.027348860768890315
2020Q4,air_transport,Air transportation,-0.015367212149506065,-0.7550942413802207,-0.6450685993206029
2020Q4,rail_transport,Rail transportation,-0.0005397099734560928,0.035413076855522176,-0.11572408403066936
2020Q4,water_transport,Water transportation,0.006625218248573386,-0.0334725110191702,-0.3843303113418898
2020Q4,truck_transport,Truck transportation,0.004317342455883,0.01528815807782696,-0.05515040111714331
2020Q4,transit_ground,Transit and ground passenger transportation,0.02802074880349109,0.06328655271562648,-0.39052576676450435
2020Q4,pipeline,Pipeline transportation,-0.010493176515706137,-0.03220419075847809,-0.04846112017400761
2020Q4,other_transport_support,Other transportation and support activities,-0.0017437943569700992,0.23852588078270973,0.16463216109537715
2020Q4,warehousing,Warehousing and storage,0.003674530999082229,0.09328388553919531,0.05782384510154692
2020Q4,information,Information,0.0065457503056818855,0.13680757531369514,0.015986483297923737
2020Q4,credit_intermediation,"Federal Reserve banks, credit intermediation, and related activities",0.012425656127854179,0.05208508813130439,0.017960657334842534
2020Q4,securities,"Securities, commodity contracts, and investments",0.005651635351988316,-0.038730766894803696,0.013119750600967262
2020Q4,insurance,Insurance carriers and related activities,0.001550127877516294,0.004426517930603433,0.027237057764833317
2020Q4,funds_trusts,"Funds, trusts, and other financial vehicles",0.0019846621232794404,0.07473131459146344,0.10456279784050793
2020Q4,real_estate,Real estate,-0.004139585971370319,0.0302949689997644,0.019848703367305154
2020Q4,rental_leasing,Rental and leasing services and lessors of intangible assets,0.007299303014836056,0.04236654885836435,-0.1428867444201054
2020Q4,legal,Legal services,0.010704371463100382,-0.023513783522995577,-0.09302778562315561
2020Q4,computer_systems,Computer systems design and related services,0.0007985230517536246,0.024567750763552613,-0.025821017025550952
2020Q4,misc_professional,"Miscellaneous professional, scientific, and technical services",0.007581186001006435,0.035633130158526385,-0.05067721441476647
2020Q4,management_companies,Management of companies and enterprises,-7.817065930040834e-05,0.03379920044074918,-0.008044926759959048
2020Q4,admin_support,Administrative and support services,-0.00014474321984198069,0.05469645650556735,-0.04659592753635522
2020Q4,waste_remediation,Waste management and remediation services,0.012094475145185468,-0.03344030330453078,-0.06485187313861751
2020Q4,education,Educational services,-0.0007457557511845458,0.002659017063157029,-0.06999602829310592
2020Q4,ambulatory_health,Ambulatory health care services,0.004465838853210113,0.013727505209663855,-0.04278614072257325
2020Q4,hospitals_nursing,"Hospitals, nursing and residential care facilities",-5.990369698032072e-05,-0.01329438449259497,-0.03649260873012505
2020Q4,social_assistance,Social assistance,-0.0007914168627057988,-0.005107163522154455,-0.04971962999345125
2020Q4,performing_arts_museums,"Performing arts, spectator sports, museums, and related activities",0.01758485031720175,-0.3203250699579293,-0.5997758862679404
2020Q4,amusement_recreation,"Amusements, gambling, and recreation industries",0.0042042811874852815,0.058118120448237116,-0.2716324251745186
2020Q4,accommodation,Accommodation,-0.005694731270600495,-0.020395164072982495,-0.3585805105910277
2020Q4,food_services,Food services and drinking places,0.0019015096347400617,0.020469813144592904,-0.1558758176776035
2020Q4,other_services,"Other services, except government",0.006515906399891136,-0.04602313454377914,-0.1526079060797485
2021Q1,oil_gas_extraction,Oil and gas extraction,-0.03721700291880814,-0.005686986986321675,-0.1694822288592116
2021Q1,mining_except_oil_gas,"Mining, except oil and gas",0.00606518109882509,-0.054647600071408876,-0.1070359693737033
2021Q1,support_mining,Support activities for mining,-0.009111496361346366,-0.13344473036195592,-0.36999080123593653
2021Q1,utilities,Utilities,-0.0020351773590935873,-0.009506133275155872,-0.018805089139712017
2021Q1,construction,Construction,-0.00583471441026262,0.03762776936574711,0.03029335098560515
2021Q1,wood_products,Wood products,0.0011129039390859186,-0.012172414178221463,0.009513576870482598
2021Q1,nonmetallic_mineral,Nonmetallic mineral products,-8.42900204587882e-05,0.08018235412044973,0.035387681030494944
2021Q1,primary_metals,Primary metals,-0.005343496397458555,0.1977434447152328,0.011390038620732179
2021Q1,fabricated_metal,Fabricated metal products,-0.002981753302370188,0.014758549660138764,-0.029470049414426325
2021Q1,machinery,Machinery,-0.005332268612670943,0.02193369880768205,0.0008433097875455431
2021Q1,computer_electronic,Computer and electronic products,-0.016351284245043174,0.054352149430064556,0.09515029545870357
2021Q1,electrical_equipment,"Electrical equipment, appliances, and components",-0.005709173918243021,0.036358953556832836,-0.021340008604842198
2021Q1,motor_vehicles,"Motor vehicles, bodies and trailers, and parts",0.0008310215287038181,0.21700076516059805,0.11160229434884661
2021Q1,other_transport_equipment,Other transportation equipment,-0.00340919569751727,-0.06420104681932233,-0.24037224221853382
2021Q1,furniture,Furniture and related products,0.0011272679688076465,0.10920797172070815,-0.03873848122286194
2021Q1,misc_manufacturing,Miscellaneous manufacturing,-0.002854413698661934,0.1987741954387491,0.1957934775128718
2021Q1,food_beverage_tobacco,Food and beverage and tobacco products,0.0021513816108658934,-0.025831653777159704,0.00027407657277778164
2021Q1,textiles,Textile mills and textile product mills,-0.0016857159286271656,0.04591583430305544,-0.019857969489742278
2021Q1,apparel_leather,Apparel and leather and allied products,0.001481183498144814,-0.012212572347572316,0.06162558294470344
2021Q1,paper,Paper products,-0.004310296013064235,0.09812653731197979,0.04658809835588529
2021Q1,printing,Printing and related support activities,0.005336481879794908,0.11093685186738031,-0.04519339048100568
2021Q1,petroleum_coal,Petroleum and coal products,0.0032215153144907194,-0.062216462269282326,-0.1422948519909708
2021Q1,chemicals,Chemical products,-0.004584607577069855,0.024774703454041702,0.030081239174428065
2021Q1,plastics_rubber,Plastics and rubber products,0.002204155634612223,0.03977385350394674,-0.010247570208416379
2021Q1,wholesale,Wholesale trade,-0.0036512346055276867,0.042892001059508,0.004157737313278842
2021Q1,retail,Retail trade,-0.0009856721772289467,0.019247742481445573,0.020607478335567864
2021Q1,air_transport,Air transportation,-0.03231299709958446,-0.658505260224176,-0.5997847893635971
2021Q1,rail_transport,Rail transportation,-0.013931252999159122,0.06377626221984962,-0.01854910964273715
2021Q1,water_transport,Water transportation,0.01058646565030516,0.03745910132929258,-0.34862770626404316
2021Q1,truck_transport,Truck transportation,-0.0004212101901246157,-0.020113214324316328,-0.03454174333026683
2021Q1,transit_ground,Transit and ground passenger transportation,0.0021283472053273134,-0.007900728967310554,-0.2790674798347432
2021Q1,pipeline,Pipeline transportation,-0.020430670296336273,-0.0800371206298642,-0.07999053111818888
2021Q1,other_transport_support,Other transportation and support activities,-0.006182062110835371,0.20169902768817094,0.21292286603141264
2021Q1,warehousing,Warehousing and storage,0.006242288072121779,0.003934260338411904,0.01630308824381488
2021Q1,information,Information,-0.00463979057137387,0.11322573732240399,0.03775797733579944
2021Q1,credit_intermediation,"Federal Reserve banks, credit intermediation, and related activities",0.004999393538487773,0.07199079428596979,0.051532484976205106
2021Q1,securities,"Securities, commodity contracts, and investments",0.002700646503151924,-0.038730766894803696,0.03048832762418785
2021Q1,insurance,Insurance carriers and related activities,-0.0001021612589019727,-0.002576750800955462,0.02841849793279083
2021Q1,funds_trusts,"Funds, trusts, and other financial vehicles",0.002185794672595609,0.08239563761721197,0.12207529570377096
2021Q1,real_estate,Real estate,-0.005206844120623444,0.017869996540168815,0.014065017720935602
2021Q1,rental_leasing,Rental and leasing services and lessors of intangible assets,0.006842168522890546,0.051603544810010595,-0.12020481255021587
2021Q1,legal,Legal services,0.004629023877839922,-0.023513783522995577,-0.04052689553882871
2021Q1,computer_systems,Computer systems design and related services,0.00021760199027459626,0.024567750763552613,-0.015390913441487464
2021Q1,misc_professional,"Miscellaneous professional, scientific, and technical services",0.0019387658597218305,0.035633130158526385,-0.02263099954153247
2021Q1,management_companies,Management of companies and enterprises,-0.0004402906256401051,0.04397920125186997,0.0012374619699562217
2021Q1,admin_support,Administrative and support services,-0.0007454936886628349,0.073727559382494,-0.005330137485700437
2021Q1,waste_remediation,Waste management and remediation services,0.00941696195814093,-0.018910750013754026,-0.05155141374563166
2021Q1,education,Educational services,-0.0032076480882915204,-0.011668889250888787,-0.0922223025744866
2021Q1,ambulatory_health,Ambulatory health care services,0.004092460955383986,0.02022204057913259,-0.022908318204248546
2021Q1,hospitals_nursing,"Hospitals, nursing and residential care facilities",-0.0009039519313369798,-0.004076317567701,-0.02386486550790734
2021Q1,social_assistance,Social assistance,-0.0018112764910904189,0.0012404320254955105,-0.016142599846211803
2021Q1,performing_arts_museums,"Performing arts, spectator sports, museums, and related activities",0.006518813013584257,-0.2512252277273601,-0.5017609352078589
2021Q1,amusement_recreation,"Amusements, gambling, and recreation industries",0.005188205498008136,0.012276314251222333,-0.2756604098501808
2021Q1,accommodation,Accommodation,-0.010744451050354237,-0.08507407111301384,-0.35670432170799093
2021Q1,food_services,Food services and drinking places,0.0021891083237400716,-0.023635602131431736,-0.17048725792171848
2021Q1,other_services,"Other services, except government",0.007036389875876264,-0.049810239164070534,-0.15610353281173772
2021Q2,oil_gas_extraction,Oil and gas extraction,0.045424009603323934,-0.023358491173739993,-0.19003763928355333
2021Q2,mining_except_oil_gas,"Mining, except oil and gas",0.0040971966758190925,-0.004854843585914578,-0.05090767418346431
2021Q2,support_mining,Support activities for mining,-0.0039015829935568347,-0.1155268330564824,-0.31871072841517334
2021Q2,utilities,Utilities,-0.0172833183139382,-0.03942459928688171,-0.00033581957651385164
2021Q2,construction,Construction,-0.004387717163208599,0.05356832635921422,0.016288223551770953
2021Q2,wood_products,Wood products,0.003885918311740011,-0.030581608979178332,0.006010511040514643
2021Q2,nonmetallic_mineral,Nonmetallic mineral products,-0.001961556309909379,0.10228390814570004,0.03800941492938792
2021Q2,primary_metals,Primary metals,-0.007664906325657486,0.08614555345120997,-0.03932666779641869
2021Q2,fabricated_metal,Fabricated metal products,-0.004490759791309751,0.07999348880474008,-0.0027987027324629654
2021Q2,machinery,Machinery,-0.004845595383217494,0.08718200065042335,0.025352345298392365
2021Q2,computer_electronic,Computer and electronic products,-0.002507712251832661,0.10358772248278124,0.10175665105408482
2021Q2,electrical_equipment,"Electrical equipment, appliances, and components",-0.010018286959544515,0.10634544799399114,0.03040403725740637
2021Q2,motor_vehicles,"Motor vehicles, bodies and trailers, and parts",0.0002685915724901372,0.27248196344647047,0.1500974601124494
2021Q2,other_transport_equipment,Other transportation equipment,-0.0019546662173478557,-0.06420104681932233,-0.19379102532779546
2021Q2,furniture,Furniture and related products,-0.006466770189353127,0.07441837279586419,-0.055864620443957236
2021Q2,misc_manufacturing,Miscellaneous manufacturing,0.001052376745961231,0.23681109375660914,0.2045616224648985
2021Q2,food_beverage_tobacco,Food and beverage and tobacco products,0.004759662901449566,-0.025831653777159704,-0.021200217309540692
2021Q2,textiles,Textile mills and textile product mills,-0.0016301606673020386,0.07855387080541913,-0.006284931875827682
2021Q2,apparel_leather,Apparel and leather and allied products,0.0008054723041439754,-0.012212572347572316,0.09541568649951238
2021Q2,paper,Paper products,-0.008327885843952165,0.06938762844304518,0.03194766973995811
2021Q2,printing,Printing and related support activities,0.004066827154767999,0.12721312081868505,-0.0518736948390206
2021Q2,petroleum_coal,Petroleum and coal products,0.01703012990656938,-0.01790661443835947,-0.10993391508703532
2021Q2,chemicals,Chemical products,-0.005250439162809262,-0.011306186058562442,-0.018655622130339
2021Q2,plastics_rubber,Plastics and rubber products,0.002185540306772038,0.06820836892321573,-0.035072722854762595
2021Q2,wholesale,Wholesale trade,-0.00746417471295166,0.05009405302310019,0.044269459661910426
2021Q2,retail,Retail trade,-0.00695551588802637,0.054335823616858715,0.10980106192727312
2021Q2,air_transport,Air transportation,-0.05522634745167243,-0.5474976590992311,-0.4501933196010304
2021Q2,rail_transport,Rail transportation,-0.012230082351276927,0.08666905700228571,-0.025232994853248036
2021Q2,water_transport,Water transportation,0.0036734178658152095,-0.22096069819244213,-0.317740345283296
2021Q2,truck_transport,Truck transportation,-0.00423935813642487,-0.04568483473006465,-0.025517897790799715
2021Q2,transit_ground,Transit and ground passenger transportation,-0.002277729372608339,-0.02994497013077546,-0.25501217510700147
2021Q2,pipeline,Pipeline transportation,-0.03092363377215701,0.09165040438638623,0.08128302867538761
2021Q2,other_transport_support,Other transportation and support activities,-0.01000737377142323,0.21766878301744216,0.24391615586499138
2021Q2,warehousing,Warehousing and storage,-0.0011752600183366768,0.04162247495681512,0.1154698043371083
2021Q2,information,Information,-0.010901835386181669,0.1467441653037885,0.0955807250493208
2021Q2,credit_intermediation,"Federal Reserve banks, credit intermediation, and related activities",0.0017106816921285128,0.1259760547537022,0.1107870533260833
2021Q2,securities,"Securities, commodity contracts, and investments",0.001848271658082129,-0.038730766894803696,0.07332059319012307
2021Q2,insurance,Insurance carriers and related activities,-0.006013956657911657,0.05907210833994894,0.08176323815748265
2021Q2,funds_trusts,"Funds, trusts, and other financial vehicles",0.0008992367331145112,0.11439835178363539,0.14371663870672569
2021Q2,real_estate,Real estate,-0.004384356103567688,0.028308747449680607,0.013358408941908984
2021Q2,rental_leasing,Rental and leasing services and lessors of intangible assets,0.0026360475981724862,0.08894388427680924,-0.07197755788131188
2021Q2,legal,Legal services,-0.0020606124251242863,-0.023513783522995577,0.02676906451591643
2021Q2,computer_systems,Computer systems design and related services,0.0013262854521344652,0.024567750763552613,0.0006672610549567359
2021Q2,misc_professional,"Miscellaneous professional, scientific, and technical services",-0.0002917465596805613,0.035633130158526385,0.011626691911694964
2021Q2,management_companies,Management of companies and enterprises,-0.0005739991373608921,0.08004074169271973,0.037954375730510526
2021Q2,admin_support,Administrative and support services,-0.001954192181323755,0.10835647188059554,0.06220385558019381
2021Q2,waste_remediation,Waste management and remediation services,0.008906941377603145,0.011660978301539743,-0.040792565464976005
2021Q2,education,Educational services,-0.0037621817668467283,0.007416307136264348,-0.060733019440791125
2021Q2,ambulatory_health,Ambulatory health care services,0.0036710995422763737,0.03275451266166462,-0.006970200194334364
2021Q2,hospitals_nursing,"Hospitals, nursing and residential care facilities",-0.00034415393924919213,0.027208681931604393,-0.016676253386276763
2021Q2,social_assistance,Social assistance,-0.0005905822821112364,-0.003371113689089909,-0.05471086299843164
2021Q2,performing_arts_museums,"Performing arts, spectator sports, museums, and related activities",-0.006481623038185391,-0.10378651985048089,-0.3842726233605207
2021Q2,amusement_recreation,"Amusements, gambling, and recreation industries",-0.005207391088174279,0.1631547456370226,-0.12567719666841748
2021Q2,accommodation,Accommodation,-0.028305924956099654,0.012737478847942709,-0.21575113951412062
2021Q2,food_services,Food services and drinking places,-0.0034626535620015525,0.08335764803919089,-0.02744974728064664
2021Q2,other_services,"Other services, except government",0.0024221881000154044,-0.04301785664539112,-0.11814176363217843
2021Q3,oil_gas_extraction,Oil and gas extraction,0.07811346591360412,-0.13093741180543048,0.04705545865073568
2021Q3,mining_except_oil_gas,"Mining, except oil and gas",-0.002369661259757627,0.03785049708866581,0.07317099016615791
2021Q3,support_mining,Support activities for mining,-0.02062884047445928,-0.07241958620263751,0.2517629079794783
2021Q3,utilities,Utilities,-0.04904683875932009,-0.028818496238717108,0.09158157993513583
2021Q3,construction,Construction,0.00456935588958296,0.045567105578805334,0.018208051138973724
2021Q3,wood_products,Wood products,0.031139684267919326,-0.007740016482107585,-3.4161561411116814e-05
2021Q3,nonmetallic_mineral,Nonmetallic mineral products,0.011307925031522337,0.044935045046445535,-0.00010358693297929378
2021Q3,primary_metals,Primary metals,0.004009949906688487,0.07863262036114362,0.11347068003256022
2021Q3,fabricated_metal,Fabricated metal products,-0.00819896971779846,0.1162837690737295,0.08122598457003405
2021Q3,machinery,Machinery,-0.009166585132091537,0.1488722366291899,0.16519431791168482
2021Q3,computer_electronic,Computer and electronic products,0.01596738533043629,0.12407454975045899,0.08987114377128091
2021Q3,electrical_equipment,"Electrical equipment, appliances, and components",-0.006237466426103483,0.15707467989896867,0.11106032103236685
2021Q3,motor_vehicles,"Motor vehicles, bodies and trailers, and parts",0.02182934455450035,0.627645748149679,0.48751704423541464
2021Q3,other_transport_equipment,Other transportation equipment,-0.006543227931649104,-0.24103143986634612,0.19621446003506637
2021Q3,furniture,Furniture and related products,-0.0019003199836451212,-0.048916753893033994,-0.06624365482233507
2021Q3,misc_manufacturing,Miscellaneous manufacturing,-0.019413934935978372,-0.017289510330084194,0.1395858186110217
2021Q3,food_beverage_tobacco,Food and beverage and tobacco products,-0.00017314885532873636,0.048032661044877425,-0.00477856171463964
2021Q3,textiles,Textile mills and textile product mills,0.004989931594166455,0.14055146974772978,0.12060228753438551
2021Q3,apparel_leather,Apparel and leather and allied products,0.02445683473722468,0.35091106621685525,0.21793775087188272
2021Q3,paper,Paper products,-0.007816751340013472,0.06440539096054727,0.017386126128229984
2021Q3,printing,Printing and related support activities,0.008644851877485593,0.13323883882631457,0.0742924010824253
2021Q3,petroleum_coal,Petroleum and coal products,0.0831584269781312,0.33414755420291226,0.18371440303898057
2021Q3,chemicals,Chemical products,-0.014143761054270176,-0.013994298122643006,0.007092488637638006
2021Q3,plastics_rubber,Plastics and rubber products,0.0033629737271289872,0.09337876812239317,-0.004803550694782555
2021Q3,wholesale,Wholesale trade,-0.015505159120769496,0.07532922644287883,0.2123557207634652
2021Q3,retail,Retail trade,-0.0015591535117050193,-0.0013224708457606781,0.15534514717789394
2021Q3,air_transport,Air transportation,-0.007740260004638375,0.7896762638618632,1.7394580863674851
2021Q3,rail_transport,Rail transportation,-0.03571530775653722,0.21211398806732762,0.22324790477347256
2021Q3,water_transport,Water transportation,0.00221581413612542,-0.2865978760362941,0.06709997488068331
2021Q3,truck_transport,Truck transportation,-0.007930351268142705,-0.019332957775733822,0.10345644014130073
2021Q3,transit_ground,Transit and ground passenger transportation,-0.01294108856223733,0.044728066744186584,0.41258917860976063
2021Q3,pipeline,Pipeline transportation,-0.026652267248257477,0.05429857783153642,0.05393242202541404
2021Q3,other_transport_support,Other transportation and support activities,-0.01279472308751628,0.017949704955366092,0.17148312879864003
2021Q3,warehousing,Warehousing and storage,-0.0008878706405253851,0.04363878063214421,0.18999858737109765
2021Q3,information,Information,-0.012292099441046422,0.10894670531474258,0.1794120645916304
2021Q3,credit_intermediation,"Federal Reserve banks, credit intermediation, and related activities",0.029116137950825127,0.13823215318007223,0.06023590514904753
2021Q3,securities,"Securities, commodity contracts, and investments",0.0005193412263687219,0.05263650552963795,0.01869936208292189
2021Q3,insurance,Insurance carriers and related activities,-0.011238553974788235,0.08128736458652888,0.12488672922136757
2021Q3,funds_trusts,"Funds, trusts, and other financial vehicles",-0.010837664183494217,0.005349892860164441,0.20037737467301353
2021Q3,real_estate,Real estate,-0.016650395613563185,-0.02943420480539495,0.0372699674767516
2021Q3,rental_leasing,Rental and leasing services and lessors of intangible assets,-0.002826741015429235,0.186930128710554,0.31705624805608057
2021Q3,legal,Legal services,-0.0014562141314145016,-0.02512050566838613,0.04737038014115713
2021Q3,computer_systems,Computer systems design and related services,0.0022822349859200203,0.009795519153457168,0.07096668576573628
2021Q3,misc_professional,"Miscellaneous professional, scientific, and technical services",-0.008536598086568953,-0.0021148754644033196,0.20162860723893372
2021Q3,management_companies,Management of companies and enterprises,-0.0001552311580363258,0.10131990148351586,0.08772056696557717
2021Q3,admin_support,Administrative and support services,0.001935412752082033,0.11428455438048318,0.21980986503171462
2021Q3,waste_remediation,Waste management and remediation services,-0.0013994809293260968,0.11379248790349647,0.11712380400115974
2021Q3,education,Educational services,-0.003632996632583596,-0.014333292154587838,0.07828147449231238
2021Q3,ambulatory_health,Ambulatory health care services,0.012009061038625701,0.14495692689205525,0.20430724491793195
2021Q3,hospitals_nursing,"Hospitals, nursing and residential care facilities",0.0004832898762932164,0.0888645962510575,0.058487648561713845
2021Q3,social_assistance,Social assistance,0.0015791602558281118,0.055730902913984484,0.1021552091319533
2021Q3,performing_arts_museums,"Performing arts, spectator sports, museums, and related activities",-0.01335167469398868,0.18330648206889769,0.6397665652277367
2021Q3,amusement_recreation,"Amusements, gambling, and recreation industries",-0.008148687019370632,0.23259851320632627,1.0770875170045993
2021Q3,accommodation,Accommodation,-0.026864816074677583,0.4717300759800392,1.5279817412654317
2021Q3,food_services,Food services and drinking places,-0.009643283900289873,0.13214042486420344,0.6775109616245367
2021Q3,other_services,"Other services, except government",-0.001717737763543642,0.0007494037119486538,0.17258792833808645
2021Q4,oil_gas_extraction,Oil and gas extraction,0.034190715869693106,-0.0963108758734016,0.052129526369371515
2021Q4,mining_except_oil_gas,"Mining, except oil and gas",0.003206643756816674,0.010062489357572634,0.009716534168473512
2021Q4,support_mining,Support activities for mining,-0.011885498986722622,0.0007234787643989176,0.35492990654205614
2021Q4,utilities,Utilities,-0.044055960481185596,-0.08038287341177969,0.03484259817702018
2021Q4,construction,Construction,-0.004012367979151166,-0.008194889692943418,-0.007545065680222618
2021Q4,wood_products,Wood products,0.015425533223886845,-0.08269766103943889,-0.023805371468433867
2021Q4,nonmetallic_mineral,Nonmetallic mineral products,6.938756000679502e-05,-0.030791497932339002,-0.04672020797548859
2021Q4,primary_metals,Primary metals,0.016683939358018124,-0.09611607257225534,-0.009501717446580682
2021Q4,fabricated_metal,Fabricated metal products,-0.010924445778149772,0.021082443700373904,-0.013714482845135767
2021Q4,machinery,Machinery,-0.01844924756968902,0.022128715575170745,0.06209849473438145
2021Q4,computer_electronic,Computer and electronic products,-0.0076579665853935275,0.07415721806374394,0.1053024260347768
2021Q4,electrical_equipment,"Electrical equipment, appliances, and components",-0.005394205157674414,0.08684642831622275,0.04467778812769918
2021Q4,motor_vehicles,"Motor vehicles, bodies and trailers, and parts",-0.018523829808944903,-0.00039403615805755376,-0.06151794814308953
2021Q4,other_transport_equipment,Other transportation equipment,-0.017085217370478578,-0.24103143986634612,0.19459025200475133
2021Q4,furniture,Furniture and related products,-0.01210449873673844,-0.10682321443008426,-0.06802767112629604
2021Q4,misc_manufacturing,Miscellaneous manufacturing,-0.02132514067343974,-0.037724977439692664,0.03224593935804276
2021Q4,food_beverage_tobacco,Food and beverage and tobacco products,-0.0028315377385096374,0.048032661044877425,-0.03567283977919167
2021Q4,textiles,Textile mills and textile product mills,-0.0009922079112959642,0.01367450552077804,-0.001320480654958378
2021Q4,apparel_leather,Apparel and leather and allied products,0.002314150255768671,0.35091106621685525,0.09802731411229137
2021Q4,paper,Paper products,-0.00608923029292191,0.009612879573800864,-0.02027612500722087
2021Q4,printing,Printing and related support activities,-0.007226602279293226,-0.005647181144034497,-0.013234450544947984
2021Q4,petroleum_coal,Petroleum and coal products,0.011090642133686213,0.07007196562545843,0.06796857512943855
2021Q4,chemicals,Chemical products,-0.015687150410525208,-0.030245882560679782,-0.01212674556074489
2021Q4,plastics_rubber,Plastics and rubber products,0.003083444034143401,-0.007348963069251567,-0.0724700924774977
2021Q4,wholesale,Wholesale trade,-0.014631381168606794,-0.03639029534967234,0.07940541083877095
2021Q4,retail,Retail trade,-0.0051370927449629344,-0.06708760964670707,0.022666370171118944
2021Q4,air_transport,Air transportation,-0.0023775731504147996,0.4587588972710655,0.9230543366556285
2021Q4,rail_transport,Rail transportation,-0.02398817961052288,0.051489408920471096,0.060823008439925275
2021Q4,water_transport,Water transportation,0.0022009263544309,-0.18519553179520357,0.13434852020139987
2021Q4,truck_transport,Truck transportation,-0.014630476458160152,-0.0868208949930632,0.05608336982848772
2021Q4,transit_ground,Transit and ground passenger transportation,-0.03301774133590393,0.028099468797505658,0.4368285586392122
2021Q4,pipeline,Pipeline transportation,-0.052226926421582776,-0.03259899509814155,0.04129127399248822
2021Q4,other_transport_support,Other transportation and support activities,-0.012746785567447072,-0.14633211171854535,0.046097157467288374
2021Q4,warehousing,Warehousing and storage,-0.0012326577811678056,-0.028358203621434732,0.1024496803457744
2021Q4,information,Information,-0.021630444989565678,0.06086481885856565,0.16409746974847184
2021Q4,credit_intermediation,"Federal Reserve banks, credit intermediation, and related activities",0.019440413561878034,0.1107613050658391,0.05447111096055912
2021Q4,securities,"Securities, commodity contracts, and investments",0.00037148643071530096,0.05263650552963795,0.09343718737163198
2021Q4,insurance,Insurance carriers and related activities,-0.014568387238663827,0.06107040819475874,0.11405161101246675
2021Q4,funds_trusts,"Funds, trusts, and other financial vehicles",-0.016494902163677494,0.04734703605022157,0.12461589634745152
2021Q4,real_estate,Real estate,-0.013096364964227725,-0.026425326506358367,0.02435757208745226
2021Q4,rental_leasing,Rental and leasing services and lessors of intangible assets,-0.01965855225557861,0.04073352912986389,0.1720794705068105
2021Q4,legal,Legal services,-0.015525219399217305,-0.02512050566838613,0.09950623209273246
2021Q4,computer_systems,Computer systems design and related services,0.001207246133790127,0.009795519153457168,0.08699495782856626
2021Q4,misc_professional,"Miscellaneous professional, scientific, and technical services",-0.008136158049207753,-0.0021148754644033196,0.14200153371523072
2021Q4,management_companies,Management of companies and enterprises,-0.0005457320590056269,0.10325704332760838,0.09580392896329837
2021Q4,admin_support,Administrative and support services,-0.0052073887513339745,0.09836863045328495,0.1953113011222185
2021Q4,waste_remediation,Waste management and remediation services,-0.013717725319551954,0.028824977541896786,0.07331579059966198
2021Q4,education,Educational services,-0.0029280217966475147,-0.02915172251851208,0.04889794913190415
2021Q4,ambulatory_health,Ambulatory health care services,-0.003605247676409712,-0.0066006846866898785,0.05130931642528602
2021Q4,hospitals_nursing,"Hospitals, nursing and residential care facilities",-0.0012986651005503086,0.042861873719757124,0.039286627461007306
2021Q4,social_assistance,Social assistance,0.0013975284163700794,-0.0015886029509824876,-0.0024953212726138707
2021Q4,performing_arts_museums,"Performing arts, spectator sports, museums, and related activities",-0.030581062959252364,0.05961740207621611,0.7057124759788291
2021Q4,amusement_recreation,"Amusements, gambling, and recreation industries",-0.011011651027808295,-0.014696996052213836,0.2966798601237366
2021Q4,accommodation,Accommodation,-0.008319015296220422,0.12981215192631304,0.5699278148488081
2021Q4,food_services,Food services and drinking places,-0.017536514671761927,0.018872389899294257,0.2980198131027101
2021Q4,other_services,"Other services, except government",-0.0024351513384345824,-0.024565747156439798,0.049657043504843346
2022Q1,oil_gas_extraction,Oil and gas extraction,0.035519187917950557,-0.0015433801024404613,0.04438737136348303
2022Q1,mining_except_oil_gas,"Mining, except oil and gas",0.005287901811311169,0.038833793081202356,0.012605974969721379
2022Q1,support_mining,Support activities for mining,-0.002570602213725917,0.05908350507989831,0.24670168327887843
2022Q1,utilities,Utilities,-0.02656257937002582,-0.07352062795982581,0.014092867821651645
2022Q1,construction,Construction,0.0005332584454313116,-0.05482687766796082,-0.04501021240113301
2022Q1,wood_products,Wood products,0.011424364970814671,-0.06872511481109304,-0.03121574303685648
2022Q1,nonmetallic_mineral,Nonmetallic mineral products,0.0010640334017942288,-0.0014895189586547472,-0.022425127830533187
2022Q1,primary_metals,Primary metals,0.025722167681028335,-0.17685294549051514,-0.05425784739058315
2022Q1,fabricated_metal,Fabricated metal products,-0.0003344498686706776,0.057404831115408166,-0.011142443411325309
2022Q1,machinery,Machinery,-0.004654281261404991,0.0866860204467518,0.044321416372537836
2022Q1,computer_electronic,Computer and electronic products,-0.0022133033050352746,0.009318301863049551,0.019137172037330563
2022Q1,electrical_equipment,"Electrical equipment, appliances, and components",-0.006746331124750621,0.021915040114907205,0.0356059122944401
2022Q1,motor_vehicles,"Motor vehicles, bodies and trailers, and parts",-0.020949486360484368,0.07469455589449144,0.0295819370899284
2022Q1,other_transport_equipment,Other transportation equipment,0.0006106130613550698,-0.24103143986634612,0.1382376029735839
2022Q1,furniture,Furniture and related products,-0.008900849994449678,-0.1550573706135976,-0.09607529443801488
2022Q1,misc_manufacturing,Miscellaneous manufacturing,-0.0033016410616626413,0.045529414307620725,0.030596337999098333
2022Q1,food_beverage_tobacco,Food and beverage and tobacco products,0.002932025408697164,0.048032661044877425,-0.02547639346283781
2022Q1,textiles,Textile mills and textile product mills,0.000311585051724933,-0.019214393442125305,-0.04450151566183902
2022Q1,apparel_leather,Apparel and leather and allied products,0.008203185946961539,0.35091106621685525,0.044383653416703917
2022Q1,paper,Paper products,-0.00430637368345127,-0.0910765485750875,-0.06816161661622244
2022Q1,printing,Printing and related support activities,-0.005617002067859839,1.727617528955479e-05,-0.012520281233099007
2022Q1,petroleum_coal,Petroleum and coal products,0.020427211573482706,0.08430096701279709,0.08360758338650953
2022Q1,chemicals,Chemical products,0.005691453823052917,0.018447415402653565,-0.010669278016467887
2022Q1,plastics_rubber,Plastics and rubber products,0.012425810822557615,0.004724196865533924,-0.07746522139816558
2022Q1,wholesale,Wholesale trade,-0.00710261863778594,-0.006534070001925333,0.07299979015530078
2022Q1,retail,Retail trade,-0.0014465931773225416,-0.045250562848147165,0.027819157278441642
2022Q1,air_transport,Air transportation,-0.0002402840372136214,0.3453824457824899,0.8329289231336825
2022Q1,rail_transport,Rail transportation,-0.01591390055085029,0.049199386025250216,0.03735336339776407
2022Q1,water_transport,Water transportation,-0.00047615969022189036,0.0022463944560210496,0.40009009769969306
2022Q1,truck_transport,Truck transportation,-0.006479455773504117,-0.06739714686753107,0.044685080439519576
2022Q1,transit_ground,Transit and ground passenger transportation,-0.01339465848602922,0.16826640985316965,0.3085872396886782
2022Q1,pipeline,Pipeline transportation,-0.038235229016209904,-0.030516920952596623,0.050286306760609856
2022Q1,other_transport_support,Other transportation and support activities,-0.007298097632605416,-0.14995235815742944,0.006019373985105547
2022Q1,warehousing,Warehousing and storage,-0.0023228604189048513,-0.12324804034002489,0.10459193877414963
2022Q1,information,Information,-0.005067927163812991,0.08572815019890774,0.1523985113126407
2022Q1,credit_intermediation,"Federal Reserve banks, credit intermediation, and related activities",0.007161264327162575,0.04697857161205625,0.023960081287204282
2022Q1,securities,"Securities, commodity contracts, and investments",-0.0004329090563356258,0.05263650552963795,0.06341100155871837
2022Q1,insurance,Insurance carriers and related activities,-0.010076516809398112,0.0730625399289938,0.09742419592741824
2022Q1,funds_trusts,"Funds, trusts, and other financial vehicles",-0.014990601060917152,0.007825830497554665,0.12636786323715898
2022Q1,real_estate,Real estate,-0.004376586751873801,-0.002253422299537723,0.028479819373335324
2022Q1,rental_leasing,Rental and leasing services and lessors of intangible assets,-0.007101336572242212,0.05337536678151864,0.15106965658695337
2022Q1,legal,Legal services,-0.005961533108638617,-0.02512050566838613,0.034970217671763004
2022Q1,computer_systems,Computer systems design and related services,0.0026857383502440213,0.009795519153457168,0.07623297099729442
2022Q1,misc_professional,"Miscellaneous professional, scientific, and technical services",0.0007628108175209147,-0.0021148754644033196,0.1280416888795568
2022Q1,management_companies,Management of companies and enterprises,0.00028130946996941797,0.04129037519158105,0.0167187197584997
2022Q1,admin_support,Administrative and support services,-0.004364932006443556,0.09435438302305396,0.18698495541562776
2022Q1,waste_remediation,Waste management and remediation services,-0.012231811952515714,0.04748384906237754,0.09262921871199059
2022Q1,education,Educational services,-0.0017597491833719336,-0.005873876224962931,0.08624475943302046
2022Q1,ambulatory_health,Ambulatory health care services,0.00019779968324606934,-0.004570038559244709,0.024564685324476754
2022Q1,hospitals_nursing,"Hospitals, nursing and residential care facilities",-0.0005928357799945688,0.04789364849912542,0.030871090640721466
2022Q1,social_assistance,Social assistance,0.0011955460274729601,0.015652752167041026,0.013646057607638928
2022Q1,performing_arts_museums,"Performing arts, spectator sports, museums, and related activities",-0.022945079404405017,-0.020753309815054636,0.5059922024833199
2022Q1,amusement_recreation,"Amusements, gambling, and recreation industries",-0.01148960553312428,0.020845559234413523,0.3079592599146661
2022Q1,accommodation,Accommodation,-0.0022005951616462516,0.22712208667309752,0.583169217729471
2022Q1,food_services,Food services and drinking places,-0.012757683084710009,0.0678229357043653,0.3090915300879731
2022Q1,other_services,"Other services, except government",-0.0013389444020088098,-0.002769946103835239,0.048374540188119486
2022Q2,oil_gas_extraction,Oil and gas extraction,0.008825210826713253,-0.1867813816174275,0.06811760568788583
2022Q2,mining_except_oil_gas,"Mining, except oil and gas",-0.00471244993573644,-0.037258789441671894,0.00035457254841841923
2022Q2,support_mining,Support activities for mining,0.0004359906526356441,-0.021360283512252044,0.16301987335073087
2022Q2,utilities,Utilities,-0.01827636439889435,-0.013344483210346068,0.006110495674924055
2022Q2,construction,Construction,-0.000559336895633672,-0.07704236077880744,-0.0658032086758461
2022Q2,wood_products,Wood products,-0.0023962514446232985,-0.26391273399747445,-0.11643894382359876
2022Q2,nonmetallic_mineral,Nonmetallic mineral products,0.0011336482454027408,-0.03979221288910765,-0.03173876414783339
2022Q2,primary_metals,Primary metals,0.02168476445609052,-0.10338906623527677,-0.02600186165000984
2022Q2,fabricated_metal,Fabricated metal products,0.0032429921899712333,-0.026006254771811576,-0.031206534506532435
2022Q2,machinery,Machinery,-0.0056995347656814965,0.023995842014556217,0.045725825050484614
2022Q2,computer_electronic,Computer and electronic products,-0.006106530783514086,-0.010158704365898793,0.01555078584781544
2022Q2,electrical_equipment,"Electrical equipment, appliances, and components",-0.005181763210417606,-0.08489229723167412,-0.024639320636593243
2022Q2,motor_vehicles,"Motor vehicles, bodies and trailers, and parts",-0.01879338889254585,0.13061266740537006,0.04498270935346649
2022Q2,other_transport_equipment,Other transportation equipment,-0.009488410888949084,-0.24103143986634612,0.19057181014804359
2022Q2,furniture,Furniture and related products,0.003815077405446704,-0.06550874175340793,-0.07609207018522068
2022Q2,misc_manufacturing,Miscellaneous manufacturing,-0.012803806797421019,-0.03265781087667605,0.021771312715219038
2022Q2,food_beverage_tobacco,Food and beverage and tobacco products,-0.008084670959059348,0.048032661044877425,-0.043213150092
2022Q2,textiles,Textile mills and textile product mills,-0.0016663504528702522,-0.03424988290112355,-0.045534746285155525
2022Q2,apparel_leather,Apparel and leather and allied products,-0.0007081110197998675,0.35091106621685525,0.05392843142745152
2022Q2,paper,Paper products,0.004879877042329589,-0.050973386772577234,-0.08140490749186402
2022Q2,printing,Printing and related support activities,-0.008530613455031505,-0.053031538152446885,-0.013427465888262824
2022Q2,petroleum_coal,Petroleum and coal products,-0.014067683198754927,-0.14290337574075848,0.07004409425965763
2022Q2,chemicals,Chemical products,-0.001865718343042777,0.024170846977475027,0.017988581045814245
2022Q2,plastics_rubber,Plastics and rubber products,0.011964959043469614,-0.06462832226361977,-0.06381025248661054
2022Q2,wholesale,Wholesale trade,-0.010727906606186915,-0.027756453972467805,0.07812048244377268
2022Q2,retail,Retail trade,-0.0009227515629146865,-0.12163674088953358,-0.03509893244013251
2022Q2,air_transport,Air transportation,0.0034555937170595956,0.29883079786038946,0.5344268292682928
2022Q2,rail_transport,Rail transportation,-0.023529832198777745,0.041143332433059045,0.05166775670372803
2022Q2,water_transport,Water transportation,0.0012498372744787906,0.22294147933720862,0.3559693934961179
2022Q2,truck_transport,Truck transportation,-0.0059498074308774185,-0.14918407251581037,0.00916804363611412
2022Q2,transit_ground,Transit and ground passenger transportation,-0.01881841679740706,0.27218211380188034,0.4587173217980065
2022Q2,pipeline,Pipeline transportation,-0.033382301652100044,-0.19805928909931445,-0.10664462543343278
2022Q2,other_transport_support,Other transportation and support activities,-0.007076677012772731,-0.17501193750295047,-0.005075404368595993
2022Q2,warehousing,Warehousing and storage,-0.0014118475176692277,-0.23081536389831167,0.008066058986527791
2022Q2,information,Information,-0.010304113655905889,0.07361788752123538,0.1308803514913519
2022Q2,credit_intermediation,"Federal Reserve banks, credit intermediation, and related activities",0.011901425277228705,0.004111994923064183,-0.027316679246079723
2022Q2,securities,"Securities, commodity contracts, and investments",0.007972824482831598,0.05263650552963795,-0.04375878606364947
2022Q2,insurance,Insurance carriers and related activities,-0.009971244134053286,0.020607582649761348,0.07176626138267372
2022Q2,funds_trusts,"Funds, trusts, and other financial vehicles",-0.0023370759348740056,0.005122546079126749,0.039232463319544
2022Q2,real_estate,Real estate,-0.005788169342141547,-0.003992488119757274,0.028235431961955992
2022Q2,rental_leasing,Rental and leasing services and lessors of intangible assets,-0.025075068322473193,0.011876974507903234,0.16374885591959032
2022Q2,legal,Legal services,-0.0001260783714822633,-0.02512050566838613,-0.012385208688025617
2022Q2,computer_systems,Computer systems design and related services,0.0020659596039522277,0.009795519153457168,0.06261010560532387
2022Q2,misc_professional,"Miscellaneous professional, scientific, and technical services",0.00044792447404559677,-0.0021148754644033196,0.1109739679071644
2022Q2,management_companies,Management of companies and enterprises,-0.0003532164945398847,0.027224587540915272,0.020745940740904745
2022Q2,admin_support,Administrative and support services,-0.0051808410119084936,0.059035873921361726,0.14732683170792704
2022Q2,waste_remediation,Waste management and remediation services,-0.012133613588522246,0.05075263015281139,0.08622785871501937
2022Q2,education,Educational services,-0.0014142529238888868,0.006257937507037606,0.08043358757644481
2022Q2,ambulatory_health,Ambulatory health care services,-0.003551368141615052,0.004293029279588682,0.05092767548539823
2022Q2,hospitals_nursing,"Hospitals, nursing and residential care facilities",-0.0007252863804615428,0.04810067432662975,0.03506378281095279
2022Q2,social_assistance,Social assistance,0.0004261913778980733,0.041833741693954304,0.04501399616946933
2022Q2,performing_arts_museums,"Performing arts, spectator sports, museums, and related activities",-0.006509318719911866,-0.0904554529370557,0.3028121773081185
2022Q2,amusement_recreation,"Amusements, gambling, and recreation industries",-0.002685392083379201,-0.07948222054976296,0.1620789134969598
2022Q2,accommodation,Accommodation,-0.0013790847194840306,0.09836569027728617,0.4636108579924225
2022Q2,food_services,Food services and drinking places,-0.005241256521893667,0.008626790253748923,0.19775815237825944
2022Q2,other_services,"Other services, except government",-0.0012486022961409882,0.01479608383136017,0.07195635153650426
2022Q3,oil_gas_extraction,Oil and gas extraction,0.03141511634395355,-0.39520840733989326,0.033923357629204176
2022Q3,mining_except_oil_gas,"Mining, except oil and gas",-0.014247960899701706,-0.09008174161963055,-0.005089510282586196
2022Q3,support_mining,Support activities for mining,0.014958119841484124,0.033399765006215124,0.08072631809232123
2022Q3,utilities,Utilities,-0.013639832334240098,-0.01929516343331132,0.01621176619593445
2022Q3,construction,Construction,-0.0020236191009654902,-0.15948266059242863,-0.0852802420741352
2022Q3,wood_products,Wood products,-0.006222944401902519,-0.16922880490563594,-0.04204669731686861
2022Q3,nonmetallic_mineral,Nonmetallic mineral products,-0.00584642220732598,-0.03218558444592038,-0.012859569190952436
2022Q3,primary_metals,Primary metals,-0.0031743856338219134,-0.07493878732521515,0.0013556321624894618
2022Q3,fabricated_metal,Fabricated metal products,0.005849218035476,-0.024405311132283183,-0.025492060028985963
2022Q3,machinery,Machinery,-0.0034502945191404177,-0.046042581011087845,0.016213943415353427
2022Q3,computer_electronic,Computer and electronic products,-0.030794394880288123,-0.07750025743991949,0.03192152085760136
2022Q3,electrical_equipment,"Electrical equipment, appliances, and components",-0.007017355750827292,-0.12839184361104425,-0.018777643747486916
2022Q3,motor_vehicles,"Motor vehicles, bodies and trailers, and parts",-0.01479708160028717,0.17607985569568402,0.1466980639052673
2022Q3,other_transport_equipment,Other transportation equipment,-0.021279136412243077,0.1411820428885264,0.11105053176793045
2022Q3,furniture,Furniture and related products,0.00020111806566505686,-0.0829890297763215,-0.031068050185674823
2022Q3,misc_manufacturing,Miscellaneous manufacturing,0.008037417478301861,0.04359185664180505,0.02595311096658315
2022Q3,food_beverage_tobacco,Food and beverage and tobacco products,-0.005639693368035187,0.05313934378690095,-0.05361303366459491
2022Q3,textiles,Textile mills and textile product mills,-0.0028599980518524137,-0.07380293942971132,-0.057569017401543854
2022Q3,apparel_leather,Apparel and leather and allied products,-0.004431367358319116,0.2287744631184835,0.08802904461132943
2022Q3,paper,Paper products,0.008468421877361937,-0.14108820241890932,-0.10381780427681508
2022Q3,printing,Printing and related support activities,-0.004795320526766317,-0.10034745340466711,-0.02327415062726157
2022Q3,petroleum_coal,Petroleum and coal products,0.026244302136711,-0.2472324125785114,0.044394078230021394
2022Q3,chemicals,Chemical products,-0.008436028862573386,-0.060398316739650536,-0.022745490562907644
2022Q3,plastics_rubber,Plastics and rubber products,0.006702172648581112,-0.08068218389527224,-0.0345143673170073
2022Q3,wholesale,Wholesale trade,-0.007270354547463748,-0.053317904799141606,0.04088482395823623
2022Q3,retail,Retail trade,-0.005613535933835373,-0.0851217369196561,-0.011935144795862995
2022Q3,air_transport,Air transportation,-0.008194679326331986,0.13736483383330184,0.5051443526621411
2022Q3,rail_transport,Rail transportation,-0.030690744401319192,0.02098234446122015,0.056899998601965596
2022Q3,water_transport,Water transportation,-0.005079279750517529,0.24313707646148577,0.4296447481290857
2022Q3,truck_transport,Truck transportation,-0.004613045324291548,-0.18926939671132942,-0.0014155014672880828
2022Q3,transit_ground,Transit and ground passenger transportation,-0.022851904359371566,0.18425637489375504,0.30814567505876744
2022Q3,pipeline,Pipeline transportation,-0.03430345676661073,-0.011083723469370754,0.0626331584614328
2022Q3,other_transport_support,Other transportation and support activities,0.002291438882685612,-0.020813254497524365,0.010457986329582836
2022Q3,warehousing,Warehousing and storage,-0.0007436035698027421,-0.11749203844233624,0.04323983729693315
2022Q3,information,Information,-0.016214932100046486,-0.00540798103949634,0.0852494679468021
2022Q3,credit_intermediation,"Federal Reserve banks, credit intermediation, and related activities",-0.003620531935655924,-0.006099321998145218,0.0007372332268908988
2022Q3,securities,"Securities, commodity contracts, and investments",-0.0023810579776538665,0.008109799151431908,0.03564834214448753
2022Q3,insurance,Insurance carriers and related activities,0.0028902635225738493,0.012373220140920613,0.012492903140112421
2022Q3,funds_trusts,"Funds, trusts, and other financial vehicles",0.01720593960682021,-0.0002833026569839051,-0.09874460629579218
2022Q3,real_estate,Real estate,-0.011860002951326942,0.00666337504893151,0.04183622804705078
2022Q3,rental_leasing,Rental and leasing services and lessors of intangible assets,-0.0033990152869858292,-0.09457218905541587,0.003543937305995115
2022Q3,legal,Legal services,-0.010389885924537101,0.0070099470139783435,0.055292972707253085
2022Q3,computer_systems,Computer systems design and related services,0.0009975116400806477,0.04990043110738669,0.05520122023568974
2022Q3,misc_professional,"Miscellaneous professional, scientific, and technical services",-0.0027991315018880136,0.08174340027477635,0.08370261073371643
2022Q3,management_companies,Management of companies and enterprises,0.00030609786422915175,0.043215078307562764,0.02643344227898159
2022Q3,admin_support,Administrative and support services,-0.00074275898446996,0.060555261927373864,0.12230865223823306
2022Q3,waste_remediation,Waste management and remediation services,-0.010284284966891183,0.04347907840714006,0.09856281872971717
2022Q3,education,Educational services,-0.0019006658048701525,-0.01947612198697609,0.05046473189030998
2022Q3,ambulatory_health,Ambulatory health care services,-0.003009976365120598,-0.01116814392035156,0.03300745179814335
2022Q3,hospitals_nursing,"Hospitals, nursing and residential care facilities",0.0009508095970357094,0.0374828681991122,0.013454978587279065
2022Q3,social_assistance,Social assistance,0.0030187615687502847,0.045772835207524426,0.015227647387884291
2022Q3,performing_arts_museums,"Performing arts, spectator sports, museums, and related activities",-0.017421415800097484,0.0982870054191536,0.5125719567131701
2022Q3,amusement_recreation,"Amusements, gambling, and recreation industries",-0.005692404965282644,-0.11319306919388673,0.05086264450613154
2022Q3,accommodation,Accommodation,0.0010559175202890514,-0.16502160923776546,0.07317928903322723
2022Q3,food_services,Food services and drinking places,-0.008486591461626225,-0.05077911886582883,0.09419209748699031
2022Q3,other_services,"Other services, except government",0.0047602433223852825,-0.00845178558827351,0.0040721095743252445
2022Q4,oil_gas_extraction,Oil and gas extraction,0.01862857387552669,-0.1913482987275213,0.08589977318774666
2022Q4,mining_except_oil_gas,"Mining, except oil and gas",-0.0012316228540180663,-0.06740460249455915,-0.009946830754525404
2022Q4,support_mining,Support activities for mining,0.011856819251276185,-0.051055704262517786,0.05729506414437924
2022Q4,utilities,Utilities,-0.010796513434970456,-0.046174356816156885,0.022154912865548937
2022Q4,construction,Construction,0.0031323762605390826,-0.17937026969863432,-0.09648068729531256
2022Q4,wood_products,Wood products,-0.008954395480305993,-0.07405755636443172,-0.0071352648361940885
2022Q4,nonmetallic_mineral,Nonmetallic mineral products,0.0026222255427225116,-0.05756313635953532,-0.043792578634584745
2022Q4,primary_metals,Primary metals,-0.00910527764981256,0.03272265301468381,0.06483578977299653
2022Q4,fabricated_metal,Fabricated metal products,0.016014704796555063,-0.02275446437093844,-0.0197930980020532
2022Q4,machinery,Machinery,0.016631377230763827,-0.0018800548891670257,-0.002550472811903348
2022Q4,computer_electronic,Computer and electronic products,-0.018393015837385174,-0.04429593046954763,0.04219727242140592
2022Q4,electrical_equipment,"Electrical equipment, appliances, and components",-0.0019440459363933016,-0.16943339392444756,-0.028916435993099898
2022Q4,motor_vehicles,"Motor vehicles, bodies and trailers, and parts",-0.006023244034971051,0.17174899623507806,0.20174976811812195
2022Q4,other_transport_equipment,Other transportation equipment,-0.013305429527210921,0.1411820428885264,0.1212983837733197
2022Q4,furniture,Furniture and related products,-0.001872701425097753,-0.16328440661994523,-0.04655882801770184
2022Q4,misc_manufacturing,Miscellaneous manufacturing,0.01633166169231076,0.023411680216994316,0.0027541802335544485
2022Q4,food_beverage_tobacco,Food and beverage and tobacco products,-0.007578745219243288,0.05313934378690095,-0.04286516483147906
2022Q4,textiles,Textile mills and textile product mills,0.0011954836306095201,-0.05328610072818688,-0.06726706693351125
2022Q4,apparel_leather,Apparel and leather and allied products,-0.0006218965185226799,0.2287744631184835,0.03748589372454747
2022Q4,paper,Paper products,-0.002923313803396277,-0.239944725247784,-0.11288393246526696
2022Q4,printing,Printing and related support activities,-0.0039056734484216593,-0.1010652898857673,-0.012785166350013588
2022Q4,petroleum_coal,Petroleum and coal products,0.03248983301638059,-0.006826880007395019,0.05626641300818003
2022Q4,chemicals,Chemical products,-0.007294630223791232,-0.0732813665836336,-0.0029400981245504276
2022Q4,plastics_rubber,Plastics and rubber products,0.005488975184264944,-0.1351896883662251,-0.05664596151200052
2022Q4,wholesale,Wholesale trade,-0.0019013480818861617,-0.02031890553986572,0.036924749607940344
2022Q4,retail,Retail trade,-0.0030776742758456266,-0.026241460253769226,0.01839469033184371
2022Q4,air_transport,Air transportation,-0.019502713160664126,-0.05291218137211199,0.29080127851868176
2022Q4,rail_transport,Rail transportation,-0.019038517406378797,0.025147609764545765,0.06871757274983081
2022Q4,water_transport,Water transportation,0.001216263346270438,0.1435300258105171,0.3566947118859687
2022Q4,truck_transport,Truck transportation,0.0006557653842291233,-0.1678664628448745,-0.009910997410310096
2022Q4,transit_ground,Transit and ground passenger transportation,-0.005989727201454853,0.09848214579306287,0.1752512843421934
2022Q4,pipeline,Pipeline transportation,-0.012781938983252084,0.029763536668179047,0.026930220217564305
2022Q4,other_transport_support,Other transportation and support activities,0.0029318374585018403,0.02944842524553473,0.0272744097719555
2022Q4,warehousing,Warehousing and storage,-0.001056889172867375,-0.09030624524300736,0.04748464018492604
2022Q4,information,Information,-0.003971269002101319,0.01503530659091964,0.06809113625174268
2022Q4,credit_intermediation,"Federal Reserve banks, credit intermediation, and related activities",-0.01950191009305574,-0.03030075239838192,0.00999230602300294
2022Q4,securities,"Securities, commodity contracts, and investments",-0.004584922706141664,0.008109799151431908,0.07573036602599803
2022Q4,insurance,Insurance carriers and related activities,0.003124187720722482,0.001341812952663705,0.007978504130589537
2022Q4,funds_trusts,"Funds, trusts, and other financial vehicles",0.0272280854159051,0.005073424363394549,-0.1416163496151377
2022Q4,real_estate,Real estate,-0.001209503961174585,0.01155296371211875,0.021978514417053674
2022Q4,rental_leasing,Rental and leasing services and lessors of intangible assets,-0.0021259522881004744,-0.07193502318516275,0.007042698766565492
2022Q4,legal,Legal services,-0.002831970842395004,0.0070099470139783435,-0.0030243156250996384
2022Q4,computer_systems,Computer systems design and related services,-0.0009001456326631352,0.04990043110738669,0.06895185258569447
2022Q4,misc_professional,"Miscellaneous professional, scientific, and technical services",-0.003442090371923029,0.08174340027477635,0.07973600329557629
2022Q4,management_companies,Management of companies and enterprises,-0.00036431681448469144,0.05564486011123215,0.06059664301973533
2022Q4,admin_support,Administrative and support services,0.003955548827786148,0.03882174979694739,0.05386941242272747
2022Q4,waste_remediation,Waste management and remediation services,-0.0019280582128437251,0.00027970239502892683,0.04905675427750977
2022Q4,education,Educational services,-0.0029096504324020167,-0.03228402832516767,0.050555066243818336
2022Q4,ambulatory_health,Ambulatory health care services,0.0023129714779715205,0.007016813746772228,0.020862888942830615
2022Q4,hospitals_nursing,"Hospitals, nursing and residential care facilities",0.0007618621621322957,0.01476734596999862,0.013853385547761166
2022Q4,social_assistance,Social assistance,0.0023608632619612005,0.04755554346844426,0.04194823725253172
2022Q4,performing_arts_museums,"Performing arts, spectator sports, museums, and related activities",0.016190611929679577,0.1007515585311022,0.26869866580071555
2022Q4,amusement_recreation,"Amusements, gambling, and recreation industries",-0.007063167540719395,-0.10163381595142104,0.04023417716085942
2022Q4,accommodation,Accommodation,0.003856947104369568,-0.13770687898772885,-0.022130558521543886
2022Q4,food_services,Food services and drinking places,-0.007487110717756568,-0.06323567507910297,0.055061528788287184
2022Q4,other_services,"Other services, except government",0.0012313627292261653,-0.01407771244622454,0.0184398653279505
2023Q1,oil_gas_extraction,Oil and gas extraction,0.00910487801651333,0.050961885085165054,0.060919014939585736
2023Q1,mining_except_oil_gas,"Mining, except oil and gas",0.007616388663859108,-0.13488375472360742,-0.05517926487853342
2023Q1,support_mining,Support activities for mining,0.006352337200527497,-0.09572499372140217,0.04291383394345827
2023Q1,utilities,Utilities,0.0015519924648871863,-0.03228615160936167,0.017841316561913123
2023Q1,construction,Construction,0.005551672651721434,-0.1511593558321803,-0.08223919279172365
2023Q1,wood_products,Wood products,0.0040908030899878545,0.012349234433871167,0.024605599029166925
2023Q1,nonmetallic_mineral,Nonmetallic mineral products,0.005084528991788878,-0.1270094005238835,-0.0705029670408236
2023Q1,primary_metals,Primary metals,-0.011610714079603124,0.24606305793196473,0.12552489284696078
2023Q1,fabricated_metal,Fabricated metal products,0.015208895151079121,-0.07070036767106179,-0.030927091693418896
2023Q1,machinery,Machinery,0.012302390266378305,-0.06645838806689491,0.00023837701709017445
2023Q1,computer_electronic,Computer and electronic products,-0.027550367295989253,-0.06410101678065092,0.05406775521114171
2023Q1,electrical_equipment,"Electrical equipment, appliances, and components",-0.0011933956974857496,-0.1656687261165431,-0.021982762063759598
2023Q1,motor_vehicles,"Motor vehicles, bodies and trailers, and parts",-0.0015555733155877688,0.05734752521572954,0.14013775094804637
2023Q1,other_transport_equipment,Other transportation equipment,-0.014305479016523737,0.1411820428885264,0.22162963268618419
2023Q1,furniture,Furniture and related products,-0.0017602851123464242,-0.20695256086580383,-0.04183605127486256
2023Q1,misc_manufacturing,Miscellaneous manufacturing,0.00308518034260033,-0.0692255529868487,-0.02212368226041639
2023Q1,food_beverage_tobacco,Food and beverage and tobacco products,-0.005721653655742898,0.05313934378690095,-0.03852109529861336
2023Q1,textiles,Textile mills and textile product mills,0.0021318173626312664,-0.04280894413353182,-0.08052564418276653
2023Q1,apparel_leather,Apparel and leather and allied products,-0.0025161507803209276,0.2287744631184835,0.07304116865869847
2023Q1,paper,Paper products,-4.4455965717754564e-05,-0.22852876977157965,-0.10455590413168558
2023Q1,printing,Printing and related support activities,-0.003967287902410632,-0.12981283208032646,-0.027231660889823317
2023Q1,petroleum_coal,Petroleum and coal products,0.03972863618277933,-0.05485025526064468,0.03779045366334621
2023Q1,chemicals,Chemical products,-0.0007445460424758688,-0.08803422007069979,-0.011042619819354949
2023Q1,plastics_rubber,Plastics and rubber products,-0.0007928311483641759,-0.18849344327843648,-0.052677524877268844
2023Q1,wholesale,Wholesale trade,0.002665895500796822,-0.030992534585597774,0.00972897124176031
2023Q1,retail,Retail trade,-0.0011998131687950553,-0.006283843535833826,0.00950172326158727
2023Q1,air_transport,Air transportation,-0.013920613657594894,-0.04038204476665235,0.1997601666720501
2023Q1,rail_transport,Rail transportation,-0.007615354592874879,-0.04497054284682659,0.00288942143101667
2023Q1,water_transport,Water transportation,0.012491612636449462,-0.1783133794343106,-0.10012983524355301
2023Q1,truck_transport,Truck transportation,0.005842013634631799,-0.13251330440095446,-0.04151709951144256
2023Q1,transit_ground,Transit and ground passenger transportation,-0.008542115068008005,0.09594724638877686,0.2006793497652246
2023Q1,pipeline,Pipeline transportation,-0.005524630057672009,0.08108985360638979,0.03641293387411215
2023Q1,other_transport_support,Other transportation and support activities,0.00972581707442867,0.0843279370401398,0.004695449056753231
2023Q1,warehousing,Warehousing and storage,-0.0015846116306263286,-0.1419296145496074,0.03954140034065312
2023Q1,information,Information,-0.0032693975948435705,-0.002717865744838001,0.04701376847812888
2023Q1,credit_intermediation,"Federal Reserve banks, credit intermediation, and related activities",-0.045780955212058105,-0.057869996091170814,0.04397887098038944
2023Q1,securities,"Securities, commodity contracts, and investments",-0.007920837033831604,0.008109799151431908,0.07820516325396176
2023Q1,insurance,Insurance carriers and related activities,-0.0025780040762853618,-0.051632378071146685,0.0016758479461222997
2023Q1,funds_trusts,"Funds, trusts, and other financial vehicles",0.017326164400015803,-0.033146306470113275,-0.18373733965961536
2023Q1,real_estate,Real estate,0.005515025435004817,-0.015557752436366982,0.0024724836745881884
2023Q1,rental_leasing,Rental and leasing services and lessors of intangible assets,-0.001724129370673011,-0.06959809211457145,-0.0101872369952547
2023Q1,legal,Legal services,0.0027884919502880745,0.0070099470139783435,-0.023668809088209675
2023Q1,computer_systems,Computer systems design and related services,-0.0016801073092673618,0.04990043110738669,0.09217533174911208
2023Q1,misc_professional,"Miscellaneous professional, scientific, and technical services",-0.004360135679293831,0.08174340027477635,0.07639280805395998
2023Q1,management_companies,Management of companies and enterprises,-0.0001301470628738699,0.03288019760764434,0.038342940168945905
2023Q1,admin_support,Administrative and support services,0.004899289916930172,0.019811627748538913,0.011222555332189854
2023Q1,waste_remediation,Waste management and remediation services,-0.0010023369809468163,-0.043234247937654,0.012379921526180393
2023Q1,education,Educational services,-0.000888096337331945,-0.014350759267924488,0.03443215103256447
2023Q1,ambulatory_health,Ambulatory health care services,0.002588128157431868,0.012243557046726382,0.025686143133559103
2023Q1,hospitals_nursing,"Hospitals, nursing and residential care facilities",0.0012601058782393398,-0.004125256823065015,0.009816941071516094
2023Q1,social_assistance,Social assistance,0.004257633564022145,0.03431823785970205,0.01711693945967263
2023Q1,performing_arts_museums,"Performing arts, spectator sports, museums, and related activities",-0.001323211471223884,0.10361167939346003,0.22157378719069643
2023Q1,amusement_recreation,"Amusements, gambling, and recreation industries",-0.010739370894934916,-0.12912409772525138,0.06713664291396548
2023Q1,accommodation,Accommodation,0.00254989798782973,-0.1589896073999427,-0.03029184052779932
2023Q1,food_services,Food services and drinking places,-0.009073335234586255,-0.06474807185898143,0.07437570847104169
2023Q1,other_services,"Other services, except government",0.0005805685297002872,-0.019453076499570083,0.02829254467858089
2023Q2,oil_gas_extraction,Oil and gas extraction,-0.0281021597460116,0.11360981986938629,0.08508159839201479
2023Q2,mining_except_oil_gas,"Mining, except oil and gas",0.018408453573363792,-0.0995411544700899,-0.05935289923496423
2023Q2,support_mining,Support activities for mining,0.005352260334379133,-0.1864291758160638,0.006232686980609525
2023Q2,utilities,Utilities,0.020853840629850184,-0.04937782964051935,-0.022772338027387762
2023Q2,construction,Construction,0.008399798629444316,-0.14151306439487965,-0.06579008411597043
2023Q2,wood_products,Wood products,-0.010134200993661385,0.08220086576441828,0.09270950061577032
2023Q2,nonmetallic_mineral,Nonmetallic mineral products,0.01207472979425775,-0.13741870402009948,-0.0905432776702525
2023Q2,primary_metals,Primary metals,-0.010890010507495246,0.22101602893452119,0.10573788150807895
2023Q2,fabricated_metal,Fabricated metal products,0.01673664499924643,-0.04857635529472846,-0.04434415005213632
2023Q2,machinery,Machinery,0.011685831439766675,-0.10314733720480478,-0.03461428249505494
2023Q2,computer_electronic,Computer and electronic products,-0.01464651179853671,-0.05765340287109637,0.017305908175502926
2023Q2,electrical_equipment,"Electrical equipment, appliances, and components",-0.002013132522880129,-0.136554559239592,-0.00041255460281508505
2023Q2,motor_vehicles,"Motor vehicles, bodies and trailers, and parts",-0.0007521341630721684,-0.02754033705608136,0.12328822436807063
2023Q2,other_transport_equipment,Other transportation equipment,-0.0022038944458579734,0.1411820428885264,0.11284971544066802
2023Q2,furniture,Furniture and related products,3.374864907063069e-05,-0.22132080495391032,-0.06391784658472066
2023Q2,misc_manufacturing,Miscellaneous manufacturing,0.008962213850187056,-0.05267689837747288,-0.03380520135436926
2023Q2,food_beverage_tobacco,Food and beverage and tobacco products,0.006647695215124649,0.05313934378690095,-0.019707508667222484
2023Q2,textiles,Textile mills and textile product mills,0.0016941825122678555,-0.07344550442762035,-0.07700350015909818
2023Q2,apparel_leather,Apparel and leather and allied products,0.0026872643785775113,0.2287744631184835,0.0333285721087464
2023Q2,paper,Paper products,-0.0032430354542207773,-0.18939408619730327,-0.0692515768339369
2023Q2,printing,Printing and related support activities,-0.0011283327569575896,-0.1315224198600552,-0.042682144232277563
2023Q2,petroleum_coal,Petroleum and coal products,0.036520244767908855,-0.07427042828109824,0.007727015527516645
2023Q2,chemicals,Chemical products,0.0020449050740407038,-0.028248015711982155,0.028640809876295137
2023Q2,plastics_rubber,Plastics and rubber products,0.0027822814822450193,-0.11247650477700541,-0.04693507975490563
2023Q2,wholesale,Wholesale trade,0.011153355486018562,-0.025979965511682662,-0.03538307609819613
2023Q2,retail,Retail trade,0.005179116497152136,0.061056787179486156,0.02020158572376518
2023Q2,air_transport,Air transportation,-0.0004886429035748097,0.04789096307160649,0.2007855095040021
2023Q2,rail_transport,Rail transportation,0.0030533566323540096,-0.12330130596980088,-0.017293019095504625
2023Q2,water_transport,Water transportation,0.015910197826286054,-0.09095551654981862,-0.08090734768587116
2023Q2,truck_transport,Truck transportation,0.011206274136432798,0.01763408878307974,-0.014972206102841334
2023Q2,transit_ground,Transit and ground passenger transportation,0.008574132760917397,0.09972956338619084,0.1546958341773006
2023Q2,pipeline,Pipeline transportation,0.003069313121786821,0.05424371592639429,0.011058701392493653
2023Q2,other_transport_support,Other transportation and support activities,0.016166971761962898,0.07833956754764793,-0.04841418230144434
2023Q2,warehousing,Warehousing and storage,-0.001694814501467818,-0.1437980119834879,0.006584979061872831
2023Q2,information,Information,0.01139749739985052,0.0413475574961757,0.03306742108849936
2023Q2,credit_intermediation,"Federal Reserve banks, credit intermediation, and related activities",-0.06226253451370878,-0.07806892357363195,0.06088190227569368
2023Q2,securities,"Securities, commodity contracts, and investments",-0.011324402655032678,0.008109799151431908,0.20255733039656154
2023Q2,insurance,Insurance carriers and related activities,-0.004102829930602986,-0.040382130043184854,0.012155850667572077
2023Q2,funds_trusts,"Funds, trusts, and other financial vehicles",0.008773769349642108,0.025072007485520364,-0.14645215743181217
2023Q2,real_estate,Real estate,0.010706400408770134,-0.013698518429097426,-0.00029148068785733727
2023Q2,rental_leasing,Rental and leasing services and lessors of intangible assets,0.014730144477241192,-0.03450323190059676,-0.020230382741370123
2023Q2,legal,Legal services,0.008966333194541487,0.0070099470139783435,-0.04008158170148912
2023Q2,computer_systems,Computer systems design and related services,-0.0029707477105334334,0.04990043110738669,0.09406592603541952
2023Q2,misc_professional,"Miscellaneous professional, scientific, and technical services",0.0022563168250061827,0.08174340027477635,0.05765376189294469
2023Q2,management_companies,Management of companies and enterprises,0.0001738926446274297,0.03278813442225141,0.025287979221877865
2023Q2,admin_support,Administrative and support services,0.002182361021925844,0.013085072361467064,0.008691231234342789
2023Q2,waste_remediation,Waste management and remediation services,0.001973415905576925,-0.057062613361550135,0.022222222222222143
2023Q2,education,Educational services,-0.0010680394286648742,-0.030001596776782286,0.030366786951151692
2023Q2,ambulatory_health,Ambulatory health care services,0.0020228703106650037,0.042666015953811295,0.05987668864104134
2023Q2,hospitals_nursing,"Hospitals, nursing and residential care facilities",0.0008626449484992471,-0.009002981389880026,0.023657469218216987
2023Q2,social_assistance,Social assistance,0.0016174723304429456,-0.007454078998974296,0.042184211306435904
2023Q2,performing_arts_museums,"Performing arts, spectator sports, museums, and related activities",0.007460058496508493,0.11494938994157936,0.21264808703218407
2023Q2,amusement_recreation,"Amusements, gambling, and recreation industries",0.00023341264791154614,-0.039445400056773466,0.05805937130215577
2023Q2,accommodation,Accommodation,0.005962317665185457,-0.028540737761598906,0.05052001515557891
2023Q2,food_services,Food services and drinking places,-0.0031526577515844367,-0.02883951606087257,0.09290988601333439
2023Q2,other_services,"Other services, except government",0.0027265214527025794,-0.025127521679684434,0.01595075135037427
2023Q3,oil_gas_extraction,Oil and gas extraction,-0.019566457750810007,0.3733303860308588,0.012326299682102304
2023Q3,mining_except_oil_gas,"Mining, except oil and gas",-0.0005343457914886995,0.0015376841853803002,0.05602577123921493
2023Q3,support_mining,Support activities for mining,0.014125393032128397,-0.1025897385303347,0.018786369559887994
2023Q3,utilities,Utilities,0.06802323033880664,0.10719711166468716,-0.041373244519204655
2023Q3,construction,Construction,0.01033057414296129,-0.041326817040613355,-0.0037250901211065557
2023Q3,wood_products,Wood products,-0.012180165654743225,0.09624132639826491,0.11680475584468741
2023Q3,nonmetallic_mineral,Nonmetallic mineral products,0.007983837238872221,-0.16027179484702245,-0.06400359916650877
2023Q3,primary_metals,Primary metals,0.004264949359405773,0.09918623764905753,0.06384256626094875
2023Q3,fabricated_metal,Fabricated metal products,0.011119163679917762,-0.08648207697399823,-0.038165655734014314
2023Q3,machinery,Machinery,0.00982849926977361,-0.10007289226236737,-0.037128895288522035
2023Q3,computer_electronic,Computer and electronic products,-0.00036023252937206207,-0.038419307107596695,-0.01046371918297817
2023Q3,electrical_equipment,"Electrical equipment, appliances, and components",0.004700277487815513,0.015726522569171873,0.047166209697011796
2023Q3,motor_vehicles,"Motor vehicles, bodies and trailers, and parts",0.007486562180270218,0.05015816471170052,0.1112677437544436
2023Q3,other_transport_equipment,Other transportation equipment,-0.007308934358651098,0.07958459549005109,0.2518642241744391
2023Q3,furniture,Furniture and related products,6.591841993738856e-05,-0.1670792482876935,-0.04773366046056615
2023Q3,misc_manufacturing,Miscellaneous manufacturing,0.01167759484005984,-0.015948722139101514,-0.023992910771621245
2023Q3,food_beverage_tobacco,Food and beverage and tobacco products,0.008609723513210293,0.01097365571078264,0.003060057547673578
2023Q3,textiles,Textile mills and textile product mills,0.002472192638480933,-0.046966664975130155,-0.07146874121285973
2023Q3,apparel_leather,Apparel and leather and allied products,0.005185802542234733,0.021503538180609863,-0.03583727938011194
2023Q3,paper,Paper products,-0.00010487523701654955,-0.0716336040500945,-0.013247520785335087
2023Q3,printing,Printing and related support activities,0.010988480654505722,-0.05477604875714765,-0.05765214156962606
2023Q3,petroleum_coal,Petroleum and coal products,0.013695648274731548,0.03262561154634813,-0.008187995016369687
2023Q3,chemicals,Chemical products,-0.0033366781227727738,-0.0063126779177562625,0.06268876669993073
2023Q3,plastics_rubber,Plastics and rubber products,0.005484467986899971,-0.12457188832124491,-0.053133638366963165
2023Q3,wholesale,Wholesale trade,0.01619176612545431,-0.023063074973661002,-0.06991090684124135
2023Q3,retail,Retail trade,0.011050470935758783,0.07091863449697447,0.014850671538537918
2023Q3,air_transport,Air transportation,0.04533532459124612,0.04534237473965875,0.0031797011864238556
2023Q3,rail_transport,Rail transportation,0.018415738158216677,-0.12368977722279212,-0.08751778418806211
2023Q3,water_transport,Water transportation,-0.006689606811979165,-0.2068595143227734,-0.02336961711066554
2023Q3,truck_transport,Truck transportation,0.028304301813705163,0.028924922912280458,-0.05390580070376538
2023Q3,transit_ground,Transit and ground passenger transportation,-0.009308660383774398,0.0824713618483328,0.19097545903030166
2023Q3,pipeline,Pipeline transportation,0.008978349640786587,0.06594707372536275,0.0032070861331703338
2023Q3,other_transport_support,Other transportation and support activities,0.029723976353101672,0.0878854581717442,-0.04058028182903595
2023Q3,warehousing,Warehousing and storage,0.0011064607282548107,-0.08804884494672553,-0.06739225076186328
2023Q3,information,Information,0.010102289776093398,0.04966478676830397,0.027406118981144534
2023Q3,credit_intermediation,"Federal Reserve banks, credit intermediation, and related activities",-0.03409267986600384,-0.10148990678308742,0.009847317508961506
2023Q3,securities,"Securities, commodity contracts, and investments",-0.0046428653921582776,0.09373305747615975,0.24604061012590828
2023Q3,insurance,Insurance carriers and related activities,-0.03007669749819053,-0.04917157812270877,0.1147470188467361
2023Q3,funds_trusts,"Funds, trusts, and other financial vehicles",0.05612132200747352,0.03156405568144657,-0.08876599188603085
2023Q3,real_estate,Real estate,0.014494580463821127,-0.010116731007528721,-0.0033891729967178152
2023Q3,rental_leasing,Rental and leasing services and lessors of intangible assets,0.009037585100331869,-0.012924863526938156,0.01576019089523628
2023Q3,legal,Legal services,0.002369690348724862,-0.0466301136323261,-0.02848870188033903
2023Q3,computer_systems,Computer systems design and related services,0.00045943506329071404,0.028299051073657083,0.0973099546401004
2023Q3,misc_professional,"Miscellaneous professional, scientific, and technical services",0.004821471027596613,-0.010334794855190631,0.04282889886553942
2023Q3,management_companies,Management of companies and enterprises,8.100221558998699e-05,0.0017948218422368586,0.017288998793790755
2023Q3,admin_support,Administrative and support services,0.005070789776061679,-0.0024510857112746837,-0.022635043295326618
2023Q3,waste_remediation,Waste management and remediation services,0.0035919689390194465,-0.13368098530231803,-0.019647381598476787
2023Q3,education,Educational services,0.0008487700709076257,-0.011194732302609905,0.038634256006744305
2023Q3,ambulatory_health,Ambulatory health care services,0.0007972005949837269,0.04304225520531476,0.07562042798135815
2023Q3,hospitals_nursing,"Hospitals, nursing and residential care facilities",0.001137992974808183,-0.010125673141437768,0.036059953288264834
2023Q3,social_assistance,Social assistance,0.00244417931166796,-0.025182849104894323,0.029503823081528324
2023Q3,performing_arts_museums,"Performing arts, spectator sports, museums, and related activities",0.03378854841807494,0.08765666786751547,0.06492703231306729
2023Q3,amusement_recreation,"Amusements, gambling, and recreation industries",0.0021201796775217052,-0.041646424327908264,0.051015547711811715
2023Q3,accommodation,Accommodation,0.018509507612215093,-0.013352102423314477,-0.011602201909582055
2023Q3,food_services,Food services and drinking places,0.005315036570637172,-0.05432624335680873,0.012775976170931846
2023Q3,other_services,"Other services, except government",0.0005712290961044086,-0.04086934483096327,0.029531963295710284
2023Q4,oil_gas_extraction,Oil and gas extraction,0.01785806307736354,0.32269155552886686,0.0019961888444071096
2023Q4,mining_except_oil_gas,"Mining, except oil and gas",0.007914612816028122,0.0357275744327352,0.040332854745101177
2023Q4,support_mining,Support activities for mining,0.013284168490650672,-0.16549597683058387,-0.08584363358251301
2023Q4,utilities,Utilities,0.030241556450053775,0.06848453647928844,-0.00046417072081594846
2023Q4,construction,Construction,0.005296254146684359,0.03257056224381861,0.060510509826334546
2023Q4,wood_products,Wood products,0.0005283383688617638,0.0627170512712918,0.05293488593155904
2023Q4,nonmetallic_mineral,Nonmetallic mineral products,0.008473375938993805,-0.1007115211240916,-0.030054532781171872
2023Q4,primary_metals,Primary metals,0.005907023716160753,0.10153945961312649,0.0432230013538375
2023Q4,fabricated_metal,Fabricated metal products,0.01130475074246659,-0.02128981136670372,-0.0140849649826702
2023Q4,machinery,Machinery,0.009407456969150324,-0.09421668615316733,-0.03684266130621128
2023Q4,computer_electronic,Computer and electronic products,0.0064551162631983905,-0.015153384831508663,-0.022307117639563168
2023Q4,electrical_equipment,"Electrical equipment, appliances, and components",0.002492470084135584,0.006012802925600081,0.042836309035837905
2023Q4,motor_vehicles,"Motor vehicles, bodies and trailers, and parts",0.004555620513329833,0.07976188399413982,0.09390242439150231
2023Q4,other_transport_equipment,Other transportation equipment,-0.00035376549189886086,0.07958459549005109,0.14583519385581067
2023Q4,furniture,Furniture and related products,0.0009139556693570777,-0.08191714961911874,-0.049976396538158885
2023Q4,misc_manufacturing,Miscellaneous manufacturing,0.016254890528289823,0.009430448984886278,-0.024612245645972197
2023Q4,food_beverage_tobacco,Food and beverage and tobacco products,0.00925189117190256,0.01097365571078264,0.0021404470004597886
2023Q4,textiles,Textile mills and textile product mills,0.004355188310273969,-0.005526052984527721,-0.056505648145908416
2023Q4,apparel_leather,Apparel and leather and allied products,0.0010118554987123968,0.021503538180609863,-0.03703908452650784
2023Q4,paper,Paper products,0.0032123241660671487,0.023061676668982463,0.026021534616604836
2023Q4,printing,Printing and related support activities,0.007075400259691278,-0.05525153347235966,-0.052784531499518006
2023Q4,petroleum_coal,Petroleum and coal products,0.055100039781178084,0.014736127704562589,-0.043776308859374446
2023Q4,chemicals,Chemical products,0.011947902362607676,0.06329568886938522,0.06889993235156378
2023Q4,plastics_rubber,Plastics and rubber products,0.007849277686335296,0.005760701112767284,0.008562784750859809
2023Q4,wholesale,Wholesale trade,0.012824464845774819,-0.03456823091364336,-0.05817610999440548
2023Q4,retail,Retail trade,0.010548391315939543,0.10150981756659613,0.04110617483438905
2023Q4,air_transport,Air transportation,0.016570611181018186,-0.02117831212755091,0.00822543792840813
2023Q4,rail_transport,Rail transportation,0.01607913690101631,-0.10530095179536404,-0.10300183467138568
2023Q4,water_transport,Water transportation,0.006071446814686715,-0.08744517155052862,-0.059959996363305734
2023Q4,truck_transport,Truck transportation,0.020034805219812574,0.07249838950307348,-0.027785117127716363
2023Q4,transit_ground,Transit and ground passenger transportation,0.006294951712252417,0.05940388592031013,0.10566387756285156
2023Q4,pipeline,Pipeline transportation,0.023193024697886755,0.03325880943427322,-0.02202144597264588
2023Q4,other_transport_support,Other transportation and support activities,0.024279090762342942,0.09854179345088314,-0.012670281332831212
2023Q4,warehousing,Warehousing and storage,0.001254158617075337,-0.06275028237806321,-0.08426883997176837
2023Q4,information,Information,0.010999084058837927,0.08907562911364811,0.03937107944825913
2023Q4,credit_intermediation,"Federal Reserve banks, credit intermediation, and related activities",0.0001789782287220376,-0.017024999686868443,-0.01772144035795542
2023Q4,securities,"Securities, commodity contracts, and investments",-0.0037928104527562637,0.09373305747615975,0.20768380171530287
2023Q4,insurance,Insurance carriers and related activities,-0.03570604018285298,-0.0726193923883313,0.13382674587236365
2023Q4,funds_trusts,"Funds, trusts, and other financial vehicles",0.05016611082250502,0.028193396203670514,0.005578348406425793
2023Q4,real_estate,Real estate,0.01580544493095526,-0.0031340512298025603,0.00040735822685045164
2023Q4,rental_leasing,Rental and leasing services and lessors of intangible assets,0.01832995712977792,-0.00333246424930344,0.008783778415185406
2023Q4,legal,Legal services,0.00824479305276693,-0.0466301136323261,-0.040624795280995496
2023Q4,computer_systems,Computer systems design and related services,0.002415096376270673,0.028299051073657083,0.05631059164628072
2023Q4,misc_professional,"Miscellaneous professional, scientific, and technical services",0.006683520665888759,-0.010334794855190631,0.02397582162869072
2023Q4,management_companies,Management of companies and enterprises,-2.86556807269564e-05,0.006162639775866969,0.02146668979785238
2023Q4,admin_support,Administrative and support services,0.0017863694558787058,-0.009937824641796144,-0.01449019922465089
2023Q4,waste_remediation,Waste management and remediation services,0.002675455168822366,-0.11240812099530546,-0.012160388149763168
2023Q4,education,Educational services,0.0005338170152340144,-0.012892154619419768,0.025248854827343292
2023Q4,ambulatory_health,Ambulatory health care services,2.3910792068176923e-05,0.03540724496130255,0.0772513909856043
2023Q4,hospitals_nursing,"Hospitals, nursing and residential care facilities",0.0011023527630946023,-0.02097159513297236,0.02603091758497933
2023Q4,social_assistance,Social assistance,0.0032688718626013025,-0.015896427942508666,0.024370260955194567
2023Q4,performing_arts_museums,"Performing arts, spectator sports, museums, and related activities",0.03698463858022605,-0.0008185647694380906,-0.03742192809294198
2023Q4,amusement_recreation,"Amusements, gambling, and recreation industries",-0.0016222761663095692,-0.04769009020710164,0.053850251553714035
2023Q4,accommodation,Accommodation,0.012019675930262486,-0.027459556851011178,-0.006652737871339687
2023Q4,food_services,Food services and drinking places,0.0016682143796732662,-0.04204881101693397,0.039187887418328016
2023Q4,other_services,"Other services, except government",0.0038074248672654576,-0.05841091693922741,-0.018861636625957634
2024Q1,oil_gas_extraction,Oil and gas extraction,0.024357377819982817,0.21580068011092737,0.009984498191455637
2024Q1,mining_except_oil_gas,"Mining, except oil and gas",0.007255405656622083,0.03940870151059958,0.03803392023287322
2024Q1,support_mining,Support activities for mining,0.017587973016318592,-0.19124979774957723,-0.13422348880344925
2024Q1,utilities,Utilities,0.023663908438397496,0.051198802216682215,0.0013876418251570488
2024Q1,construction,Construction,-0.003830255730373794,0.04169019563938588,0.11290431863047878
2024Q1,wood_products,Wood products,0.006646564767072066,0.09222036112527647,0.021152249441770854
2024Q1,nonmetallic_mineral,Nonmetallic mineral products,0.00575458277729432,-0.07678961809056864,-0.030148219791847453
2024Q1,primary_metals,Primary metals,0.0048548703485921385,0.04713499010874957,0.015328303949253552
2024Q1,fabricated_metal,Fabricated metal products,0.008074929743084339,0.014263980019218471,0.0029786134897513694
2024Q1,machinery,Machinery,0.008746620215765721,-0.04946585734712771,-0.03700897804111358
2024Q1,computer_electronic,Computer and electronic products,0.010793153061459282,0.005205882298413939,-0.027944953900753244
2024Q1,electrical_equipment,"Electrical equipment, appliances, and components",0.0059008955685080355,0.01674821256041115,0.013013692886910011
2024Q1,motor_vehicles,"Motor vehicles, bodies and trailers, and parts",0.007087276873689305,0.0918020942993187,0.045192882383164434
2024Q1,other_transport_equipment,Other transportation equipment,0.00012458646410465346,0.07958459549005109,0.07980904836929903
2024Q1,furniture,Furniture and related products,0.00033700445282527913,-0.018452831119294924,-0.03917733896915021
2024Q1,misc_manufacturing,Miscellaneous manufacturing,0.021393825973016672,0.05055802969313858,-0.025508082858470504
2024Q1,food_beverage_tobacco,Food and beverage and tobacco products,0.007686421350530312,0.01097365571078264,0.0017359021649443473
2024Q1,textiles,Textile mills and textile product mills,0.0020008394288194287,0.014418061908335333,-0.03611475531572561
2024Q1,apparel_leather,Apparel and leather and allied products,0.0018171683270964412,0.021503538180609863,-0.057074039166404855
2024Q1,paper,Paper products,-0.004414943651139286,0.020734476880740167,0.0419437273462151
2024Q1,printing,Printing and related support activities,0.005485940135630862,-0.04467501297643311,-0.05476895259481762
2024Q1,petroleum_coal,Petroleum and coal products,0.028715920648266086,0.2897300372261793,-0.0009602562919850399
2024Q1,chemicals,Chemical products,-0.0005775048325375454,0.05301368715796056,0.05922875346633738
2024Q1,plastics_rubber,Plastics and rubber products,0.0034687552028617175,0.044198021146105056,0.016906273128938887
2024Q1,wholesale,Wholesale trade,0.008162322169791736,-0.04586364961756189,-0.04378881842441007
2024Q1,retail,Retail trade,0.006020388758244177,0.08430691619504829,0.04996291247105589
2024Q1,air_transport,Air transportation,0.008389306642479416,-0.02207995549804961,0.024569248603041105
2024Q1,rail_transport,Rail transportation,0.0050622050913229355,-0.0847473616859389,-0.06280710680287593
2024Q1,water_transport,Water transportation,0.007514300661170675,0.09867077999699722,0.04691590742486129
2024Q1,truck_transport,Truck transportation,0.010265441142653153,0.07295272016088397,-0.0024321729364095157
2024Q1,transit_ground,Transit and ground passenger transportation,0.001159113521053079,0.04782120803838498,0.07453494672205174
2024Q1,pipeline,Pipeline transportation,0.008937796420863897,0.004501769359931115,0.009580838323353325
2024Q1,other_transport_support,Other transportation and support activities,0.01879658233842707,0.05920216159204801,-0.019184737824041176
2024Q1,warehousing,Warehousing and storage,0.0011930301954377574,0.042501264743553396,-0.024051681529283164
2024Q1,information,Information,0.0037243863050036574,0.08870615361597282,0.0488597151634258
2024Q1,credit_intermediation,"Federal Reserve banks, credit intermediation, and related activities",0.028529155911073245,0.05184471212725394,-0.038142130149062314
2024Q1,securities,"Securities, commodity contracts, and investments",-0.0022166443801975196,0.09373305747615975,0.16604487745749674
2024Q1,insurance,Insurance carriers and related activities,-0.038383928968505204,-0.0755213549505437,0.1436479342556527
2024Q1,funds_trusts,"Funds, trusts, and other financial vehicles",0.04665867485415742,0.06676305449276818,0.0662282097521305
2024Q1,real_estate,Real estate,0.011022498687570326,-0.0032988967241771748,0.007921620662288076
2024Q1,rental_leasing,Rental and leasing services and lessors of intangible assets,0.008502810454832865,-0.036725475465064855,0.019525628025644393
2024Q1,legal,Legal services,-0.001179954131227845,-0.0466301136323261,0.005931433099494177
2024Q1,computer_systems,Computer systems design and related services,0.0008892764660520386,0.028299051073657083,0.0677595963746287
2024Q1,misc_professional,"Miscellaneous professional, scientific, and technical services",0.006795053294787107,-0.010334794855190631,0.012262768557025128
2024Q1,management_companies,Management of companies and enterprises,-8.989487314857436e-05,0.0021687132083522504,0.02424314309952269
2024Q1,admin_support,Administrative and support services,-0.0003182359617865671,0.0009897949660293461,0.002709213609316752
2024Q1,waste_remediation,Waste management and remediation services,0.0017630621532983282,-0.10333379167009701,-0.008841111933974188
2024Q1,education,Educational services,0.0005622492424248171,0.009311526484187985,0.03174019946404405
2024Q1,ambulatory_health,Ambulatory health care services,-0.001135909961176823,0.03859208223511553,0.09055348469907565
2024Q1,hospitals_nursing,"Hospitals, nursing and residential care facilities",0.0005788800076846484,-0.015178825936191586,0.03843029621145999
2024Q1,social_assistance,Social assistance,0.0004993118906176514,-0.02974224096334255,0.045786561898653044
2024Q1,performing_arts_museums,"Performing arts, spectator sports, museums, and related activities",0.041183669662232636,-0.11942265395752882,-0.0827231465080972
2024Q1,amusement_recreation,"Amusements, gambling, and recreation industries",0.001769287571875347,-0.056417886061552854,0.011614939866522622
2024Q1,accommodation,Accommodation,0.006139031964848107,0.02437728539301464,0.0457416414593832
2024Q1,food_services,Food services and drinking places,0.0004333002216259374,-0.028218810959471374,0.041577762126199014
2024Q1,other_services,"Other services, except government",0.0015676783797691496,-0.04488034162921352,-0.005406406867358382
2024Q2,oil_gas_extraction,Oil and gas extraction,0.04424924516745604,0.1609958524469177,-0.01123383889301266
2024Q2,mining_except_oil_gas,"Mining, except oil and gas",0.020207325385119823,-0.013945165005987364,-0.05173459768720312
2024Q2,support_mining,Support activities for mining,0.021048878113840208,-0.1272571391183925,-0.15898160902873437
2024Q2,utilities,Utilities,0.012659314162689062,0.0408966108972583,0.019437121971730864
2024Q2,construction,Construction,-0.0035286401133845235,0.05127890735507322,0.11327934060420475
2024Q2,wood_products,Wood products,0.003044885081760512,0.038674115281823636,0.013598133463755602
2024Q2,nonmetallic_mineral,Nonmetallic mineral products,0.004451741874849979,-0.0701142086574805,-0.043181894779414254
2024Q2,primary_metals,Primary metals,0.0025230158057643615,-0.08489889586993171,-0.012294294143703643
2024Q2,fabricated_metal,Fabricated metal products,0.004286398516171713,-0.023621104175039556,-0.009259564589420122
2024Q2,machinery,Machinery,0.01000531317322137,-0.001881001823809778,-0.027391695695882956
2024Q2,computer_electronic,Computer and electronic products,0.007887656477359645,0.012794658595437483,-0.01069086701784705
2024Q2,electrical_equipment,"Electrical equipment, appliances, and components",0.004862064594601034,0.02547721912488606,0.0011225753198513821
2024Q2,motor_vehicles,"Motor vehicles, bodies and trailers, and parts",0.0061704757824462275,0.14348252569157885,0.054374555592574536
2024Q2,other_transport_equipment,Other transportation equipment,0.0020202377715045905,0.07958459549005109,0.048624643692075864
2024Q2,furniture,Furniture and related products,-0.000671922112098336,0.009457560232074301,-0.009075787671785962
2024Q2,misc_manufacturing,Miscellaneous manufacturing,0.019435089935997796,0.0515331461171712,-0.020170405146930914
2024Q2,food_beverage_tobacco,Food and beverage and tobacco products,0.002593527231529766,0.01097365571078264,-0.002464066148965993
2024Q2,textiles,Textile mills and textile product mills,0.001306590487815576,0.022309184937408084,-0.026449872621010062
2024Q2,apparel_leather,Apparel and leather and allied products,-0.0076275573929347334,0.021503538180609863,-0.0003847633705271747
2024Q2,paper,Paper products,-0.012247205940427552,-0.0007316025762178891,0.026183513942243275
2024Q2,printing,Printing and related support activities,0.0061283625876649706,0.007418229315781808,-0.02648750687456336
2024Q2,petroleum_coal,Petroleum and coal products,0.015149541015578472,0.2829811494055858,0.04389305154332246
2024Q2,chemicals,Chemical products,0.019217679393504272,0.09952344008794223,0.05429809011145892
2024Q2,plastics_rubber,Plastics and rubber products,0.003220056851370362,0.04155306237708703,0.014421450893561838
2024Q2,wholesale,Wholesale trade,0.005292058250223386,-0.030721299166042295,-0.03003452527509809
2024Q2,retail,Retail trade,0.004051975787393969,0.0737351259808728,0.041729237876803715
2024Q2,air_transport,Air transportation,-0.0012276573978007577,-0.012413334740599346,0.061181958202243925
2024Q2,rail_transport,Rail transportation,0.006680405321877914,-0.04113136490278597,-0.049058940736153356
2024Q2,water_transport,Water transportation,0.0011134643438359682,0.03324058798906746,0.055003738118124534
2024Q2,truck_transport,Truck transportation,0.008873986646125681,0.07375610137624145,-0.020247939085016653
2024Q2,transit_ground,Transit and ground passenger transportation,-0.004927716938179838,0.09879288974548459,0.11114664108508543
2024Q2,pipeline,Pipeline transportation,0.005382583139153629,-0.00020101105553415731,0.015870294162475318
2024Q2,other_transport_support,Other transportation and support activities,0.010958031884342606,-0.0192681396417977,-0.03964642710822186
2024Q2,warehousing,Warehousing and storage,-0.00019262331480545195,0.0751118807368717,0.04711747146359713
2024Q2,information,Information,0.0020379153574179854,0.06098121111591732,0.04524707187858534
2024Q2,credit_intermediation,"Federal Reserve banks, credit intermediation, and related activities",0.03158809443864835,0.047244932171804345,-0.05236053188719747
2024Q2,securities,"Securities, commodity contracts, and investments",-0.0016977308945391421,0.09373305747615975,0.1485921555006089
2024Q2,insurance,Insurance carriers and related activities,-0.020320278500875977,-0.03272862960556159,0.10583907491187938
2024Q2,funds_trusts,"Funds, trusts, and other financial vehicles",0.02933723980277686,0.06934885680945026,0.061205556972887765
2024Q2,real_estate,Real estate,0.005789943585388979,-0.005638727374518877,0.01294522664672959
2024Q2,rental_leasing,Rental and leasing services and lessors of intangible assets,0.008524901712891608,-0.006490033938308101,0.01398447017362181
2024Q2,legal,Legal services,0.0030109215894354446,-0.0466301136323261,-0.01248036689412313
2024Q2,computer_systems,Computer systems design and related services,0.0013428117470255518,0.028299051073657083,0.04261196494741082
2024Q2,misc_professional,"Miscellaneous professional, scientific, and technical services",0.002144188121370544,-0.010334794855190631,0.027407881098070686
2024Q2,management_companies,Management of companies and enterprises,-0.0002717330601082063,0.016691617201504725,0.03225961863987448
2024Q2,admin_support,Administrative and support services,0.0024271144650697962,-0.0004166574362973887,-0.016964785936018467
2024Q2,waste_remediation,Waste management and remediation services,0.004808359422245001,-0.06411809000030248,-0.009939355634809521
2024Q2,education,Educational services,-5.209433827524368e-05,-0.003087378858204203,0.028211987642953185
2024Q2,ambulatory_health,Ambulatory health care services,-0.0016092710429093104,-0.0002233581161568491,0.05858730912348231
2024Q2,hospitals_nursing,"Hospitals, nursing and residential care facilities",-0.0006776595640716476,-0.02455292671127661,0.046153474786974735
2024Q2,social_assistance,Social assistance,0.0032202716496480543,-0.004761535347552618,0.022120833431578335
2024Q2,performing_arts_museums,"Performing arts, spectator sports, museums, and related activities",0.021768813816202714,-0.13710191356864673,-0.05136570001592311
2024Q2,amusement_recreation,"Amusements, gambling, and recreation industries",-0.0003315174033350493,-0.04468443664353939,0.039210415595343884
2024Q2,accommodation,Accommodation,-0.0002667878408629809,0.004066253146128893,0.038304825549119625
2024Q2,food_services,Food services and drinking places,-0.0007880331265366775,-0.050834176331070104,0.007767435696153457
2024Q2,other_services,"Other services, except government",0.00017740392020115792,-0.039311252214462675,0.0036606550010396255
2024Q3,oil_gas_extraction,Oil and gas extraction,0.012185076736015432,-0.010408158248735139,0.025635970771413774
2024Q3,mining_except_oil_gas,"Mining, except oil and gas",-0.0018371415621636356,-0.06042803817740375,-0.02841366863968886
2024Q3,support_mining,Support activities for mining,-0.009590123540623219,-0.03196897471329248,-0.0333539162148081
2024Q3,utilities,Utilities,-0.03759427829343637,-0.09285777694865133,0.02990916624427764
2024Q3,construction,Construction,-0.001307301016697321,0.034964052479138696,0.07938573982974084
2024Q3,wood_products,Wood products,-0.004306983096896172,-0.0287300507655036,0.004524922610398718
2024Q3,nonmetallic_mineral,Nonmetallic mineral products,0.007377055028974205,-0.0554484384288668,-0.046882784594208915
2024Q3,primary_metals,Primary metals,-0.007291340342062927,0.09124707781353816,0.03075304461821715
2024Q3,fabricated_metal,Fabricated metal products,0.0007340935402091464,-0.02971620715258515,0.02338882578685242
2024Q3,machinery,Machinery,0.015396412787999303,0.0013703929448846666,-0.025063135582008678
2024Q3,computer_electronic,Computer and electronic products,-0.004764147776482985,-0.026392385149833757,-0.008868711669072993
2024Q3,electrical_equipment,"Electrical equipment, appliances, and components",0.003355447641368775,-0.03458500085747232,-0.018986498859644763
2024Q3,motor_vehicles,"Motor vehicles, bodies and trailers, and parts",0.005527507789063288,0.061102594206689786,0.03113190517632325
2024Q3,other_transport_equipment,Other transportation equipment,0.0013010332291395754,0.03220981629148668,-0.045040297419601805
2024Q3,furniture,Furniture and related products,0.0021161774389481525,0.028826950535185046,-0.008616765298822937
2024Q3,misc_manufacturing,Miscellaneous manufacturing,0.013935607203613143,0.026814347113167488,-0.01509509973875045
2024Q3,food_beverage_tobacco,Food and beverage and tobacco products,0.0035395799482287327,-0.08128476378036112,0.0031806746003955055
2024Q3,textiles,Textile mills and textile product mills,0.0047438191740491464,0.06426739634634321,-0.02232109192368603
2024Q3,apparel_leather,Apparel and leather and allied products,-0.01928083806901984,-0.03785537430937343,0.1120503428195736
2024Q3,paper,Paper products,-0.006130530688814945,0.014629105008632516,0.009585111593087614
2024Q3,printing,Printing and related support activities,-0.004381739662007639,-0.014698404784443527,0.00874067811962198
2024Q3,petroleum_coal,Petroleum and coal products,0.010942402620614161,0.23066849005825196,0.02027833168733073
2024Q3,chemicals,Chemical products,0.018932624624893202,0.11542817683366731,0.05913476235311377
2024Q3,plastics_rubber,Plastics and rubber products,0.003399948221868232,0.04291576872586648,0.030164263094343058
2024Q3,wholesale,Wholesale trade,-0.00022586285335016165,-0.002908456089395018,0.006348814676114367
2024Q3,retail,Retail trade,0.004835802989543114,0.08963788521999927,0.04907964782435048
2024Q3,air_transport,Air transportation,-0.012858848811994256,0.017153946051034187,0.08129935251068088
2024Q3,rail_transport,Rail transportation,-0.003104427275356758,-0.021858753342979462,-0.009851113847531678
2024Q3,water_transport,Water transportation,-0.004439045639903577,0.024211849893067225,0.05801638330177883
2024Q3,truck_transport,Truck transportation,-0.0019462336460442098,0.0692793946242906,0.012124940518911664
2024Q3,transit_ground,Transit and ground passenger transportation,-0.016504028921329378,0.10283483098724934,0.2060897222036877
2024Q3,pipeline,Pipeline transportation,-0.00945772698146119,-0.06448491983047008,-0.0025043042729692155
2024Q3,other_transport_support,Other transportation and support activities,0.0026688816867993237,-0.13497369468945702,-0.07910505234443321
2024Q3,warehousing,Warehousing and storage,0.0008520854387592709,0.008906608893813634,-0.03170480127090247
2024Q3,information,Information,0.0013762670914635455,0.06167714176641946,0.04628761775990031
2024Q3,credit_intermediation,"Federal Reserve banks, credit intermediation, and related activities",0.03271889665170835,0.07969155140189177,-0.026456435471314488
2024Q3,securities,"Securities, commodity contracts, and investments",0.00018008715144462312,0.006017990775491466,0.027293105323447975
2024Q3,insurance,Insurance carriers and related activities,-0.0015275016368794248,-0.010058852379232788,0.02872295194964991
2024Q3,funds_trusts,"Funds, trusts, and other financial vehicles",-0.0016678077043245712,6.607804187723325e-05,0.08026897965790747
2024Q3,real_estate,Real estate,0.002808629117466821,-0.0007843221055936944,0.01582995198082271
2024Q3,rental_leasing,Rental and leasing services and lessors of intangible assets,-0.0012691599593201985,0.03285461404071827,0.037735640769946954
2024Q3,legal,Legal services,-0.00098104347431327,-0.014905800395155759,0.012764129581375183
2024Q3,computer_systems,Computer systems design and related services,0.0023393076766809323,0.06550634032388389,0.023941994672980194
2024Q3,misc_professional,"Miscellaneous professional, scientific, and technical services",0.00011885191342989043,0.020330091053762087,0.038331490330646645
2024Q3,management_companies,Management of companies and enterprises,-0.00024270650782568653,0.02465136741305653,0.03571493806575177
2024Q3,admin_support,Administrative and support services,0.007521007448827749,0.027133057492868182,-0.02616113545100629
2024Q3,waste_remediation,Waste management and remediation services,0.0007089698894427732,-0.053798744312774496,0.009465067830252138
2024Q3,education,Educational services,-0.0005491542894843215,0.003318838025632024,0.0294310039323209
2024Q3,ambulatory_health,Ambulatory health care services,-0.002533923658841475,0.014762212264167244,0.07760350652824899
2024Q3,hospitals_nursing,"Hospitals, nursing and residential care facilities",-4.2590772910036656e-05,-0.015511156092422203,0.04256579330553478
2024Q3,social_assistance,Social assistance,0.002903497759229351,0.01571549279392826,0.028934820788462545
2024Q3,performing_arts_museums,"Performing arts, spectator sports, museums, and related activities",0.020777666806991835,-0.007362312649421737,0.015541785556013377
2024Q3,amusement_recreation,"Amusements, gambling, and recreation industries",0.000667905261512905,-0.028522657373431057,0.020958605664487928
2024Q3,accommodation,Accommodation,0.0015891394128320635,0.028819966785868806,0.05331102409742461
2024Q3,food_services,Food services and drinking places,-0.00044377629210035074,-0.027042322656950606,0.006609682380640081
2024Q3,other_services,"Other services, except government",-0.0004898386941130928,-0.031289007104040235,0.01619353055728734
2024Q4,oil_gas_extraction,Oil and gas extraction,-0.02233693501293127,-0.047480032675470255,-0.0076563893072478795
2024Q4,mining_except_oil_gas,"Mining, except oil and gas",-0.005483874499114694,-0.05391675173066709,-0.007416444601406225
2024Q4,support_mining,Support activities for mining,-0.00531112087201846,-0.05657022253423779,-0.044686571956015775
2024Q4,utilities,Utilities,0.004818747509314603,-0.0006325691093764792,-0.0002594252943592945
2024Q4,construction,Construction,0.00014119745627771962,0.012933609021669923,0.05110163820964586
2024Q4,wood_products,Wood products,-0.011381514690197492,-0.01525731091089164,0.014106085382697975
2024Q4,nonmetallic_mineral,Nonmetallic mineral products,0.005129442308695831,-0.0469639506351955,-0.036363019335352575
2024Q4,primary_metals,Primary metals,-0.011562322346862122,0.11775549704512497,0.025082173436675737
2024Q4,fabricated_metal,Fabricated metal products,-0.0005810095941689575,-0.0356338669214688,0.005624971030902648
2024Q4,machinery,Machinery,0.011293786335495437,0.010859894836433877,-0.02693172962402035
2024Q4,computer_electronic,Computer and electronic products,-0.007909132128727875,-0.03540543611591891,-0.010096480920279594
2024Q4,electrical_equipment,"Electrical equipment, appliances, and components",0.0027417589682058596,0.021824830469077426,-0.009905059044551745
2024Q4,motor_vehicles,"Motor vehicles, bodies and trailers, and parts",0.008418745951864634,0.052636551686038625,-0.026852251120712878
2024Q4,other_transport_equipment,Other transportation equipment,-0.02245466247414299,0.03220981629148668,0.13868354374721759
2024Q4,furniture,Furniture and related products,-0.00044612193217986873,0.00830207857986071,0.005470477710713073
2024Q4,misc_manufacturing,Miscellaneous manufacturing,0.009612126705318996,0.03860674594513171,-0.003129391118665281
2024Q4,food_beverage_tobacco,Food and beverage and tobacco products,0.001560409011636954,-0.08128476378036112,-0.00047210841678768656
2024Q4,textiles,Textile mills and textile product mills,0.001030189129174075,0.031536899668733284,-0.011409819512810837
2024Q4,apparel_leather,Apparel and leather and allied products,-0.011870221324559532,-0.03785537430937343,0.08255995589451448
2024Q4,paper,Paper products,-0.01094554806167547,-0.04172744661471164,0.009750860743733325
2024Q4,printing,Printing and related support activities,-0.002932297815567919,0.010324813554254375,0.024568091737012576
2024Q4,petroleum_coal,Petroleum and coal products,-0.03098407978547474,0.12904905919681223,-0.0071355444457490425
2024Q4,chemicals,Chemical products,0.017399272311081515,0.08346931894178786,0.038414384961176884
2024Q4,plastics_rubber,Plastics and rubber products,-0.0049239458566406324,-0.01781810957257272,0.0035596089343057358
2024Q4,wholesale,Wholesale trade,-0.0010841591731237665,0.009439949934377091,0.017063603560971252
2024Q4,retail,Retail trade,0.0018827675403655098,0.08266544870166229,0.05339999825644637
2024Q4,air_transport,Air transportation,0.00041904140619833385,0.03671422987385679,0.06927300279467863
2024Q4,rail_transport,Rail transportation,-0.0041258619260904905,-0.011511175148475944,-0.0023045058036786914
2024Q4,water_transport,Water transportation,-0.01874563198969567,0.03504413875209076,0.12581080574406656
2024Q4,truck_transport,Truck transportation,0.0014384803280520497,0.04929469450151532,-0.00305449826305082
2024Q4,transit_ground,Transit and ground passenger transportation,-0.01634095970923094,0.14742229618498637,0.21706194486928165
2024Q4,pipeline,Pipeline transportation,-0.006669918490297688,-0.008597038597291965,0.04915508449155093
2024Q4,other_transport_support,Other transportation and support activities,0.004618752302827961,-0.14989851396846235,-0.08548228502553368
2024Q4,warehousing,Warehousing and storage,-0.00040631519258194776,-0.009908199246658403,0.012856903050557866
2024Q4,information,Information,-0.005222363852762313,0.03268539894807954,0.04506149184388608
2024Q4,credit_intermediation,"Federal Reserve banks, credit intermediation, and related activities",0.021373045987084893,0.04823774012560976,-0.0207929108313053
2024Q4,securities,"Securities, commodity contracts, and investments",0.0005994962757423193,0.006017990775491466,-0.0030688149748258065
2024Q4,insurance,Insurance carriers and related activities,-0.0030934410095806164,-0.012630361489540812,0.035081382125581095
2024Q4,funds_trusts,"Funds, trusts, and other financial vehicles",0.01034538079371563,-0.0037536070582787962,0.04875416087645035
2024Q4,real_estate,Real estate,0.004686307119406319,-0.004257838909159043,0.009008620385198007
2024Q4,rental_leasing,Rental and leasing services and lessors of intangible assets,-0.0006393832731549365,0.02993610429540555,0.014890182212589087
2024Q4,legal,Legal services,-0.003644202768066096,-0.014905800395155759,0.028612407552626173
2024Q4,computer_systems,Computer systems design and related services,0.0009965858335702488,0.06550634032388389,0.051884750268122115
2024Q4,misc_professional,"Miscellaneous professional, scientific, and technical services",-0.0013134049740999854,0.020330091053762087,0.04379242334317324
2024Q4,management_companies,Management of companies and enterprises,-0.0003674943200971323,0.02297551192436085,0.04133695264021364
2024Q4,admin_support,Administrative and support services,0.004124038966554638,0.024419962944678998,-0.007368629493784695
2024Q4,waste_remediation,Waste management and remediation services,-0.0005202171578807813,-0.017596382002452185,0.03994423316476792
2024Q4,education,Educational services,0.0009277349765237086,0.0131031746527411,0.024413803035833626
2024Q4,ambulatory_health,Ambulatory health care services,-0.003235132268645441,0.0161286837025421,0.08202118834949124
2024Q4,hospitals_nursing,"Hospitals, nursing and residential care facilities",-0.0017674621816632097,-0.009959335591601736,0.064292733987521
2024Q4,social_assistance,Social assistance,0.004370223557397357,0.020533605344706753,0.0016694304186617437
2024Q4,performing_arts_museums,"Performing arts, spectator sports, museums, and related activities",0.0037812738382527744,0.04320755304791541,0.11878442512944476
2024Q4,amusement_recreation,"Amusements, gambling, and recreation industries",0.004736742487703435,-0.025110009684825692,-0.017361735433170766
2024Q4,accommodation,Accommodation,0.0039316714615111326,0.02420455446999782,0.019425987293055114
2024Q4,food_services,Food services and drinking places,-0.0007808161401249153,-0.03344707360872602,-0.0009227081841265417
2024Q4,other_services,"Other services, except government",-0.003757476205612509,-0.0020215225593826986,0.057616005335812126
2025Q1,oil_gas_extraction,Oil and gas extraction,-0.03875814325416227,-0.04342074414804714,0.0015769402809682198
2025Q1,mining_except_oil_gas,"Mining, except oil and gas",-0.00041518853727101623,-0.041676947563513145,-0.01874679541958635
2025Q1,support_mining,Support activities for mining,0.003420590408018176,0.04633919933788042,-0.03435819381024863
2025Q1,utilities,Utilities,-0.002337186248158485,-0.00436074727703531,0.016203879195112902
2025Q1,construction,Construction,0.002017778676071391,0.020285459233337636,0.03147016494682808
2025Q1,wood_products,Wood products,-0.008834337121547353,-0.03371911014187307,-0.008248108037073987
2025Q1,nonmetallic_mineral,Nonmetallic mineral products,0.005849207250204769,-0.03963829891372495,-0.03771899690827896
2025Q1,primary_metals,Primary metals,-0.010970617772362107,0.09390164927875803,0.026036451830370178
2025Q1,fabricated_metal,Fabricated metal products,-0.0014131492817401892,-0.022815790335522217,-0.00856082571389305
2025Q1,machinery,Machinery,-0.0016496655223678935,-0.03581080491046652,-0.026034604488480384
2025Q1,computer_electronic,Computer and electronic products,-0.003574211927543758,-0.004336628091315892,-0.012532072025519536
2025Q1,electrical_equipment,"Electrical equipment, appliances, and components",-0.0013319774453630917,0.037797573046576986,0.005846974880592937
2025Q1,motor_vehicles,"Motor vehicles, bodies and trailers, and parts",0.003851096645117527,0.09894106113919704,0.01491313460187249
2025Q1,other_transport_equipment,Other transportation equipment,-0.020370164902656085,0.03220981629148668,0.04448371403015039
2025Q1,furniture,Furniture and related products,0.0009021479059095755,0.019852163169951934,-0.019096735924601704
2025Q1,misc_manufacturing,Miscellaneous manufacturing,0.009711594156046888,0.044582213573829035,-0.003715722763079854
2025Q1,food_beverage_tobacco,Food and beverage and tobacco products,0.0004237770961906806,-0.08128476378036112,-9.556585301750964e-05
2025Q1,textiles,Textile mills and textile product mills,0.0006828128333159211,0.02823483709550677,0.005464342634521557
2025Q1,apparel_leather,Apparel and leather and allied products,-0.007228047021206607,-0.03785537430937343,-0.006608695652173924
2025Q1,paper,Paper products,-0.003727535091767542,-0.017173268597608978,-0.0021273632092793093
2025Q1,printing,Printing and related support activities,-0.003042841425535736,0.03020359228312768,0.027206725257928888
2025Q1,petroleum_coal,Petroleum and coal products,-0.0169293997124024,0.02641340789421049,0.008618479806833612
2025Q1,chemicals,Chemical products,0.008173374245194043,0.06307636431579026,0.046067210340415166
2025Q1,plastics_rubber,Plastics and rubber products,-0.0026881587519188427,-0.014301635829846839,-0.016931750794367262
2025Q1,wholesale,Wholesale trade,-0.0015330454158969942,0.014832839295288365,0.020229527688438997
2025Q1,retail,Retail trade,-0.0019350410891872394,0.06538397152250044,0.05083256110796608
2025Q1,air_transport,Air transportation,-0.006038116846537156,-0.027197869356795853,0.056060680095169735
2025Q1,rail_transport,Rail transportation,0.0012779884362763005,-0.012716153958556027,-0.02514878892733563
2025Q1,water_transport,Water transportation,-0.018405537188792676,0.08290504207440193,0.11849884008082023
2025Q1,truck_transport,Truck transportation,0.0008461446191543043,0.13462494875282238,0.03719852377676691
2025Q1,transit_ground,Transit and ground passenger transportation,0.000798590440981406,0.14321760522029595,0.1705827937095281
2025Q1,pipeline,Pipeline transportation,0.002381254660849763,-0.029992859667856784,0.011105092091007629
2025Q1,other_transport_support,Other transportation and support activities,0.005572390629959262,-0.11237032005901378,-0.07452609994982873
2025Q1,warehousing,Warehousing and storage,-0.0013598508701081966,-0.04103473829498786,0.033122639039533164
2025Q1,information,Information,-0.0049985749666544566,0.0371641728071468,0.03906864696607304
2025Q1,credit_intermediation,"Federal Reserve banks, credit intermediation, and related activities",0.015804766472143128,0.04485972205955592,-0.00831266108803963
2025Q1,securities,"Securities, commodity contracts, and investments",-1.201585113432338e-05,0.006017990775491466,-0.004441363836915291
2025Q1,insurance,Insurance carriers and related activities,-0.0011482687283225212,0.01152092660275356,0.041596503082545144
2025Q1,funds_trusts,"Funds, trusts, and other financial vehicles",0.019702449130469264,-0.06756620530032903,0.048305916232367796
2025Q1,real_estate,Real estate,0.002237215775625745,0.008790680000777644,0.012191093351917148
2025Q1,rental_leasing,Rental and leasing services and lessors of intangible assets,-0.006967040340330688,0.03993324084852887,0.03761587137458222
2025Q1,legal,Legal services,-0.002034385572977082,-0.014905800395155759,-0.0018394863106340198
2025Q1,computer_systems,Computer systems design and related services,0.003729324668902606,0.06550634032388389,0.024634940042921993
2025Q1,misc_professional,"Miscellaneous professional, scientific, and technical services",-0.00024644539023840895,0.020330091053762087,0.045503053390508974
2025Q1,management_companies,Management of companies and enterprises,-0.00040464641324276795,0.01615680767820023,0.035408548293275555
2025Q1,admin_support,Administrative and support services,0.00047958109762616385,0.013020484589515989,-0.00571003447584939
2025Q1,waste_remediation,Waste management and remediation services,-0.0030627441121156562,-0.026617100758944825,0.04751618109786926
2025Q1,education,Educational services,-0.0005868499153332957,-0.014195126108984506,0.020548385184013807
2025Q1,ambulatory_health,Ambulatory health care services,-0.0027626882862260005,0.013052854849029922,0.07174481254256393
2025Q1,hospitals_nursing,"Hospitals, nursing and residential care facilities",-0.0008368763820145453,-0.0020796129121464875,0.0502186187038296
2025Q1,social_assistance,Social assistance,0.004326154233223009,0.029589108874334663,0.007928128183754657
2025Q1,performing_arts_museums,"Performing arts, spectator sports, museums, and related activities",-0.0025821881398985225,0.09014607682097045,0.1537198957564858
2025Q1,amusement_recreation,"Amusements, gambling, and recreation industries",0.0008775862467026718,-0.011907672350616962,0.022412467862917174
2025Q1,accommodation,Accommodation,0.0013466991855048405,-0.037907700354399484,-0.018769378233780998
2025Q1,food_services,Food services and drinking places,0.0011970758616827032,-0.004766107350805249,-0.0028955295358097377
2025Q1,other_services,"Other services, except government",-0.0022371804260946926,-0.024652532198337972,0.02511343455185644
2025Q2,oil_gas_extraction,Oil and gas extraction,-0.016307143913529665,-0.02362163322783092,0.01481996985159495
2025Q2,mining_except_oil_gas,"Mining, except oil and gas",-0.005948381269737957,-0.021787183379799242,0.004685043160157942
2025Q2,support_mining,Support activities for mining,-0.005480444239527316,-0.03564797520417948,-0.03962779081360335
2025Q2,utilities,Utilities,-0.021401862062562726,0.00524648530588689,0.047780955258886815
2025Q2,construction,Construction,0.0014342144749015517,0.0027062019329478085,0.011375427827939877
2025Q2,wood_products,Wood products,0.0005366940459497482,0.017189659909872125,-0.02337315139620777
2025Q2,nonmetallic_mineral,Nonmetallic mineral products,0.005903881976421721,-0.02202705570805672,-0.030093246679853025
2025Q2,primary_metals,Primary metals,-0.005104170997335358,0.25605019302421134,0.05694478319643159
2025Q2,fabricated_metal,Fabricated metal products,-0.0013054512905250337,-0.006234556605415619,0.004276826074627538
2025Q2,machinery,Machinery,-0.00036470105997005176,-0.021736533406027554,-0.016773403767759376
2025Q2,computer_electronic,Computer and electronic products,-0.0008979097169073691,0.028424478447615836,0.0032764927103188235
2025Q2,electrical_equipment,"Electrical equipment, appliances, and components",-0.0019725843683470468,0.02473745362235106,-0.010217994978300227
2025Q2,motor_vehicles,"Motor vehicles, bodies and trailers, and parts",0.005584217746043479,0.022854535662565754,-0.045182685075865314
2025Q2,other_transport_equipment,Other transportation equipment,-0.023859449986803477,0.03220981629148668,0.2241872646333749
2025Q2,furniture,Furniture and related products,-8.738315127801433e-05,0.0019726860202653805,-0.024499722521463818
2025Q2,misc_manufacturing,Miscellaneous manufacturing,-0.0011956140964686224,0.012091903337290688,0.0028966709900561938
2025Q2,food_beverage_tobacco,Food and beverage and tobacco products,-0.0019529041965714866,-0.08128476378036112,-0.008574130322036688
2025Q2,textiles,Textile mills and textile product mills,3.856311474417784e-05,0.021342756183745547,-0.0030345176381337824
2025Q2,apparel_leather,Apparel and leather and allied products,-0.003609968691954124,-0.03785537430937343,0.00034308259713533573
2025Q2,paper,Paper products,0.0008285498379914102,-0.008524833690292702,-0.013382628945898256
2025Q2,printing,Printing and related support activities,0.0007983257416372402,0.0325839847310142,0.0022218191711254054
2025Q2,petroleum_coal,Petroleum and coal products,-0.03317736024423176,0.09387322197847155,-0.02050107846661653
2025Q2,chemicals,Chemical products,-0.003819066588219844,0.020874711656002094,0.03479329927428498
2025Q2,plastics_rubber,Plastics and rubber products,-0.005199041432420878,-0.010165529971017637,-0.009672212068252417
2025Q2,wholesale,Wholesale trade,-0.003609438211188115,-0.009225620380982109,0.018911936419138797
2025Q2,retail,Retail trade,-0.000899399596316186,0.03686426832270713,0.03453073671600304
2025Q2,air_transport,Air transportation,-0.0003156189803154019,0.031905174919090416,0.05648798657594356
2025Q2,rail_transport,Rail transportation,-0.0003757973887345001,-0.011494297893473103,-0.034553943777103524
2025Q2,water_transport,Water transportation,-0.013470537142967809,0.0587706499301762,0.08869830600142947
2025Q2,truck_transport,Truck transportation,-0.0011032438617243068,0.047996694464998844,0.01580359517308394
2025Q2,transit_ground,Transit and ground passenger transportation,-0.004243389475900333,0.07538498841017992,0.13366878715194486
2025Q2,pipeline,Pipeline transportation,0.003327267012500801,-0.06831681766639774,0.0022339599780389907
2025Q2,other_transport_support,Other transportation and support activities,0.008916138140583563,-0.04376084597064817,-0.045815709969788565
2025Q2,warehousing,Warehousing and storage,-0.0007944222873081247,-0.051540838283904454,-0.0015877844471319236
2025Q2,information,Information,-0.004648338393960394,0.055456961855838,0.056120875134860304
2025Q2,credit_intermediation,"Federal Reserve banks, credit intermediation, and related activities",0.01225993144202564,0.021134817748537326,-0.015583057895088515
2025Q2,securities,"Securities, commodity contracts, and investments",-0.0005479812220977251,0.006017990775491466,0.008539088648330306
2025Q2,insurance,Insurance carriers and related activities,0.006048959056491943,0.007880900008913972,0.01225322637463755
2025Q2,funds_trusts,"Funds, trusts, and other financial vehicles",0.01958322940950847,-0.08926175910152691,0.039380486200703224
2025Q2,real_estate,Real estate,0.003681489265243365,0.016893727786465352,0.014945986435104697
2025Q2,rental_leasing,Rental and leasing services and lessors of intangible assets,-0.0009625264011571821,0.013461321005835244,0.022127350806516732
2025Q2,legal,Legal services,-0.0067248864423575805,-0.014905800395155759,0.0034811867470405655
2025Q2,computer_systems,Computer systems design and related services,0.0013695883854959318,0.06550634032388389,0.03257582543465354
2025Q2,misc_professional,"Miscellaneous professional, scientific, and technical services",0.00032321322497341765,0.020330091053762087,0.03174555748555452
2025Q2,management_companies,Management of companies and enterprises,-0.0005391083863774057,-0.018656198886331247,0.018787556480778456
2025Q2,admin_support,Administrative and support services,0.0002828768316178176,0.015041050612682579,-0.001879248804974365
2025Q2,waste_remediation,Waste management and remediation services,-0.0011577924045549082,-0.04861185083700826,0.01854741413978922
2025Q2,education,Educational services,-0.0013627361251386666,-0.019690783739835634,0.01355976990964236
2025Q2,ambulatory_health,Ambulatory health care services,-0.0019407812725099616,0.00680459212564215,0.0550037283458753
2025Q2,hospitals_nursing,"Hospitals, nursing and residential care facilities",-0.0010714849616164784,-0.009140009315539654,0.044430997626302204
2025Q2,social_assistance,Social assistance,0.003969612356992273,0.027160920175173037,0.006132057983909922
2025Q2,performing_arts_museums,"Performing arts, spectator sports, museums, and related activities",-0.009778000983387991,-0.03125187704943176,0.07180169096234068
2025Q2,amusement_recreation,"Amusements, gambling, and recreation industries",0.003070364330012218,-0.027632983080216108,-0.006261020134511575
2025Q2,accommodation,Accommodation,0.008914168274510637,-0.08460386927890692,-0.0825202958630018
2025Q2,food_services,Food services and drinking places,-0.0009987255756873509,-0.007475831241734834,0.011683916201077338
2025Q2,other_services,"Other services, except government",-0.00012139355141008168,-0.04110063918566537,-0.006360640564689657
2025Q3,oil_gas_extraction,Oil and gas extraction,-0.016307143913529665,-0.02362163322783092,0.01481996985159495
2025Q3,mining_except_oil_gas,"Mining, except oil and gas",-0.005948381269737957,-0.021787183379799242,0.004685043160157942
2025Q3,support_mining,Support activities for mining,-0.005480444239527316,-0.03564797520417948,-0.03962779081360335
2025Q3,utilities,Utilities,-0.021401862062562726,0.00524648530588689,0.047780955258886815
2025Q3,construction,Construction,0.0014342144749015517,0.0027062019329478085,0.011375427827939877
2025Q3,wood_products,Wood products,0.0005366940459497482,0.017189659909872125,-0.02337315139620777
2025Q3,nonmetallic_mineral,Nonmetallic mineral products,0.005903881976421721,-0.02202705570805672,-0.030093246679853025
2025Q3,primary_metals,Primary metals,-0.005104170997335358,0.25605019302421134,0.05694478319643159
2025Q3,fabricated_metal,Fabricated metal products,-0.0013054512905250337,-0.006234556605415619,0.004276826074627538
2025Q3,machinery,Machinery,-0.00036470105997005176,-0.021736533406027554,-0.016773403767759376
2025Q3,computer_electronic,Computer and electronic products,-0.0008979097169073691,0.028424478447615836,0.0032764927103188235
2025Q3,electrical_equipment,"Electrical equipment, appliances, and components",-0.0019725843683470468,0.02473745362235106,-0.010217994978300227
2025Q3,motor_vehicles,"Motor vehicles, bodies and trailers, and parts",0.005584217746043479,0.022854535662565754,-0.045182685075865314
2025Q3,other_transport_equipment,Other transportation equipment,-0.023859449986803477,-0.04443594970164269,0.2241872646333749
2025Q3,furniture,Furniture and related products,-8.738315127801433e-05,0.0019726860202653805,-0.024499722521463818
2025Q3,misc_manufacturing,Miscellaneous manufacturing,-0.0011956140964686224,0.012091903337290688,0.0028966709900561938
2025Q3,food_beverage_tobacco,Food and beverage and tobacco products,-0.0019529041965714866,0.021420911636933476,-0.008574130322036688
2025Q3,textiles,Textile mills and textile product mills,3.856311474417784e-05,0.021342756183745547,-0.0030345176381337824
2025Q3,apparel_leather,Apparel and leather and allied products,-0.003609968691954124,0.014192914393264547,0.00034308259713533573
2025Q3,paper,Paper products,0.0008285498379914102,-0.008524833690292702,-0.013382628945898256
2025Q3,printing,Printing and related support activities,0.0007983257416372402,0.0325839847310142,0.0022218191711254054
2025Q3,petroleum_coal,Petroleum and coal products,-0.03317736024423176,0.09387322197847155,-0.02050107846661653
2025Q3,chemicals,Chemical products,-0.003819066588219844,0.020874711656002094,0.03479329927428498
2025Q3,plastics_rubber,Plastics and rubber products,-0.005199041432420878,-0.010165529971017637,-0.009672212068252417
2025Q3,wholesale,Wholesale trade,-0.003609438211188115,-0.009225620380982109,0.018911936419138797
2025Q3,retail,Retail trade,-0.000899399596316186,0.03686426832270713,0.03453073671600304
2025Q3,air_transport,Air transportation,-0.0003156189803154019,0.031905174919090416,0.05648798657594356
2025Q3,rail_transport,Rail transportation,-0.0003757973887345001,-0.011494297893473103,-0.034553943777103524
2025Q3,water_transport,Water transportation,-0.013470537142967809,0.0587706499301762,0.08869830600142947
2025Q3,truck_transport,Truck transportation,-0.0011032438617243068,0.047996694464998844,0.01580359517308394
2025Q3,transit_ground,Transit and ground passenger transportation,-0.004243389475900333,0.07538498841017992,0.13366878715194486
2025Q3,pipeline,Pipeline transportation,0.003327267012500801,-0.06831681766639774,0.0022339599780389907
2025Q3,other_transport_support,Other transportation and support activities,0.008916138140583563,-0.04376084597064817,-0.045815709969788565
2025Q3,warehousing,Warehousing and storage,-0.0007944222873081247,-0.051540838283904454,-0.0015877844471319236
2025Q3,information,Information,-0.004648338393960394,0.055456961855838,0.056120875134860304
2025Q3,credit_intermediation,"Federal Reserve banks, credit intermediation, and related activities",0.01225993144202564,0.021134817748537326,-0.015583057895088515
2025Q3,securities,"Securities, commodity contracts, and investments",-0.0005479812220977251,-0.0847814985237627,0.008539088648330306
2025Q3,insurance,Insurance carriers and related activities,0.006048959056491943,0.007880900008913972,0.01225322637463755
2025Q3,funds_trusts,"Funds, trusts, and other financial vehicles",0.01958322940950847,-0.08926175910152691,0.039380486200703224
2025Q3,real_estate,Real estate,0.003681489265243365,0.016893727786465352,0.014945986435104697
2025Q3,rental_leasing,Rental and leasing services and lessors of intangible assets,-0.0009625264011571821,0.013461321005835244,0.022127350806516732
2025Q3,legal,Legal services,-0.0067248864423575805,-0.03292679393168837,0.0034811867470405655
2025Q3,computer_systems,Computer systems design and related services,0.0013695883854959318,0.0736436505893239,0.03257582543465354
2025Q3,misc_professional,"Miscellaneous professional, scientific, and technical services",0.00032321322497341765,0.039240592110876306,0.03174555748555452
2025Q3,management_companies,Management of companies and enterprises,-0.0005391083863774057,-0.018656198886331247,0.018787556480778456
2025Q3,admin_support,Administrative and support services,0.0002828768316178176,0.015041050612682579,-0.001879248804974365
2025Q3,waste_remediation,Waste management and remediation services,-0.0011577924045549082,-0.04861185083700826,0.01854741413978922
2025Q3,education,Educational services,-0.0013627361251386666,-0.019690783739835634,0.01355976990964236
2025Q3,ambulatory_health,Ambulatory health care services,-0.0019407812725099616,0.00680459212564215,0.0550037283458753
2025Q3,hospitals_nursing,"Hospitals, nursing and residential care facilities",-0.0010714849616164784,-0.009140009315539654,0.044430997626302204
2025Q3,social_assistance,Social assistance,0.003969612356992273,0.027160920175173037,0.006132057983909922
2025Q3,performing_arts_museums,"Performing arts, spectator sports, museums, and related activities",-0.009778000983387991,-0.03125187704943176,0.07180169096234068
2025Q3,amusement_recreation,"Amusements, gambling, and recreation industries",0.003070364330012218,-0.027632983080216108,-0.006261020134511575
2025Q3,accommodation,Accommodation,0.008914168274510637,-0.08460386927890692,-0.0825202958630018
2025Q3,food_services,Food services and drinking places,-0.0009987255756873509,-0.007475831241734834,0.011683916201077338
2025Q3,other_services,"Other services, except government",-0.00012139355141008168,-0.04110063918566537,-0.006360640564689657
2025Q4,oil_gas_extraction,Oil and gas extraction,-0.016307143913529665,-0.02362163322783092,0.01481996985159495
2025Q4,mining_except_oil_gas,"Mining, except oil and gas",-0.005948381269737957,-0.021787183379799242,0.004685043160157942
2025Q4,support_mining,Support activities for mining,-0.005480444239527316,-0.03564797520417948,-0.03962779081360335
2025Q4,utilities,Utilities,-0.021401862062562726,0.00524648530588689,0.047780955258886815
2025Q4,construction,Construction,0.0014342144749015517,0.0027062019329478085,0.011375427827939877
2025Q4,wood_products,Wood products,0.0005366940459497482,0.017189659909872125,-0.02337315139620777
2025Q4,nonmetallic_mineral,Nonmetallic mineral products,0.005903881976421721,-0.02202705570805672,-0.030093246679853025
2025Q4,primary_metals,Primary metals,-0.005104170997335358,0.25605019302421134,0.05694478319643159
2025Q4,fabricated_metal,Fabricated metal products,-0.0013054512905250337,-0.006234556605415619,0.004276826074627538
2025Q4,machinery,Machinery,-0.00036470105997005176,-0.021736533406027554,-0.016773403767759376
2025Q4,computer_electronic,Computer and electronic products,-0.0008979097169073691,0.028424478447615836,0.0032764927103188235
2025Q4,electrical_equipment,"Electrical equipment, appliances, and components",-0.0019725843683470468,0.02473745362235106,-0.010217994978300227
2025Q4,motor_vehicles,"Motor vehicles, bodies and trailers, and parts",0.005584217746043479,0.022854535662565754,-0.045182685075865314
2025Q4,other_transport_equipment,Other transportation equipment,-0.023859449986803477,-0.04443594970164269,0.2241872646333749
2025Q4,furniture,Furniture and related products,-8.738315127801433e-05,0.0019726860202653805,-0.024499722521463818
2025Q4,misc_manufacturing,Miscellaneous manufacturing,-0.0011956140964686224,0.012091903337290688,0.0028966709900561938
2025Q4,food_beverage_tobacco,Food and beverage and tobacco products,-0.0019529041965714866,0.021420911636933476,-0.008574130322036688
2025Q4,textiles,Textile mills and textile product mills,3.856311474417784e-05,0.021342756183745547,-0.0030345176381337824
2025Q4,apparel_leather,Apparel and leather and allied products,-0.003609968691954124,0.014192914393264547,0.00034308259713533573
2025Q4,paper,Paper products,0.0008285498379914102,-0.008524833690292702,-0.013382628945898256
2025Q4,printing,Printing and related support activities,0.0007983257416372402,0.0325839847310142,0.0022218191711254054
2025Q4,petroleum_coal,Petroleum and coal products,-0.03317736024423176,0.09387322197847155,-0.02050107846661653
2025Q4,chemicals,Chemical products,-0.003819066588219844,0.020874711656002094,0.03479329927428498
2025Q4,plastics_rubber,Plastics and rubber products,-0.005199041432420878,-0.010165529971017637,-0.009672212068252417
2025Q4,wholesale,Wholesale trade,-0.003609438211188115,-0.009225620380982109,0.018911936419138797
2025Q4,retail,Retail trade,-0.000899399596316186,0.03686426832270713,0.03453073671600304
2025Q4,air_transport,Air transportation,-0.0003156189803154019,0.031905174919090416,0.05648798657594356
2025Q4,rail_transport,Rail transportation,-0.0003757973887345001,-0.011494297893473103,-0.034553943777103524
2025Q4,water_transport,Water transportation,-0.013470537142967809,0.0587706499301762,0.08869830600142947
2025Q4,truck_transport,Truck transportation,-0.0011032438617243068,0.047996694464998844,0.01580359517308394
2025Q4,transit_ground,Transit and ground passenger transportation,-0.004243389475900333,0.07538498841017992,0.13366878715194486
2025Q4,pipeline,Pipeline transportation,0.003327267012500801,-0.06831681766639774,0.0022339599780389907
2025Q4,other_transport_support,Other transportation and support activities,0.008916138140583563,-0.04376084597064817,-0.045815709969788565
2025Q4,warehousing,Warehousing and storage,-0.0007944222873081247,-0.051540838283904454,-0.0015877844471319236
2025Q4,information,Information,-0.004648338393960394,0.055456961855838,0.056120875134860304
2025Q4,credit_intermediation,"Federal Reserve banks, credit intermediation, and related activities",0.01225993144202564,0.021134817748537326,-0.015583057895088515
2025Q4,securities,"Securities, commodity contracts, and investments",-0.0005479812220977251,-0.0847814985237627,0.008539088648330306
2025Q4,insurance,Insurance carriers and related activities,0.006048959056491943,0.007880900008913972,0.01225322637463755
2025Q4,funds_trusts,"Funds, trusts, and other financial vehicles",0.01958322940950847,-0.08926175910152691,0.039380486200703224
2025Q4,real_estate,Real estate,0.003681489265243365,0.016893727786465352,0.014945986435104697
2025Q4,rental_leasing,Rental and leasing services and lessors of intangible assets,-0.0009625264011571821,0.013461321005835244,0.022127350806516732
2025Q4,legal,Legal services,-0.0067248864423575805,-0.03292679393168837,0.0034811867470405655
2025Q4,computer_systems,Computer systems design and related services,0.0013695883854959318,0.0736436505893239,0.03257582543465354
2025Q4,misc_professional,"Miscellaneous professional, scientific, and technical services",0.00032321322497341765,0.039240592110876306,0.03174555748555452
2025Q4,management_companies,Management of companies and enterprises,-0.0005391083863774057,-0.018656198886331247,0.018787556480778456
2025Q4,admin_support,Administrative and support services,0.0002828768316178176,0.015041050612682579,-0.001879248804974365
2025Q4,waste_remediation,Waste management and remediation services,-0.0011577924045549082,-0.04861185083700826,0.01854741413978922
2025Q4,education,Educational services,-0.0013627361251386666,-0.019690783739835634,0.01355976990964236
2025Q4,ambulatory_health,Ambulatory health care services,-0.0019407812725099616,0.00680459212564215,0.0550037283458753
2025Q4,hospitals_nursing,"Hospitals, nursing and residential care facilities",-0.0010714849616164784,-0.009140009315539654,0.044430997626302204
2025Q4,social_assistance,Social assistance,0.003969612356992273,0.027160920175173037,0.006132057983909922
2025Q4,performing_arts_museums,"Performing arts, spectator sports, museums, and related activities",-0.009778000983387991,-0.03125187704943176,0.07180169096234068
2025Q4,amusement_recreation,"Amusements, gambling, and recreation industries",0.003070364330012218,-0.027632983080216108,-0.006261020134511575
2025Q4,accommodation,Accommodation,0.008914168274510637,-0.08460386927890692,-0.0825202958630018
2025Q4,food_services,Food services and drinking places,-0.0009987255756873509,-0.007475831241734834,0.011683916201077338
2025Q4,other_services,"Other services, except government",-0.00012139355141008168,-0.04110063918566537,-0.006360640564689657
