month,node_key,node_name,employment
2003-01,oil_gas_extraction,Oil and gas extraction,119058
2003-01,mining_except_oil_gas,"Mining, except oil and gas",194840
2003-01,support_mining,Support activities for mining,171400
2003-01,utilities,Utilities,578815
2003-01,construction,Construction,6250393
2003-01,wood_products,Wood products,529550
2003-01,nonmetallic_mineral,Nonmetallic mineral products,486229
2003-01,primary_metals,Primary metals,492742
2003-01,fabricated_metal,Fabricated metal products,1499805
2003-01,machinery,Machinery,1172153
2003-01,computer_electronic,Computer and electronic products,1402887
2003-01,electrical_equipment,"Electrical equipment, appliances, and components",473711
2003-01,motor_vehicles,"Motor vehicles, bodies and trailers, and parts",1126948
2003-01,other_transport_equipment,Other transportation equipment,651766
2003-01,furniture,Furniture and related products,579703
2003-01,misc_manufacturing,Miscellaneous manufacturing,666821
2003-01,food_beverage_tobacco,Food and beverage and tobacco products,1696630
2003-01,textiles,Textile mills and textile product mills,461877
2003-01,apparel_leather,Apparel and leather and allied products,367239
2003-01,paper,Paper products,525433
2003-01,printing,Printing and related support activities,683374
2003-01,petroleum_coal,Petroleum and coal products,112770
2003-01,chemicals,Chemical products,912108
2003-01,plastics_rubber,Plastics and rubber products,825230
2003-01,wholesale,Wholesale trade,5556856
2003-01,retail,Retail trade,14733677
2003-01,air_transport,Air transportation,552907
2003-01,rail_transport,Rail transportation,372
2003-01,water_transport,Water transportation,52062
2003-01,truck_transport,Truck transportation,1294083
2003-01,transit_ground,Transit and ground passenger transportation,386201
2003-01,pipeline,Pipeline transportation,41457
2003-01,other_transport_support,Other transportation and support activities,531212
2003-01,warehousing,Warehousing and storage,515743
2003-01,information,Information,3213956
2003-01,credit_intermediation,"Federal Reserve banks, credit intermediation, and related activities",2748189
2003-01,securities,"Securities, commodity contracts, and investments",763073
2003-01,insurance,Insurance carriers and related activities,2128259
2003-01,funds_trusts,"Funds, trusts, and other financial vehicles",83633
2003-01,real_estate,Real estate,1342489
2003-01,rental_leasing,Rental and leasing services and lessors of intangible assets,650384
2003-01,legal,Legal services,1118856
2003-01,computer_systems,Computer systems design and related services,1111395
2003-01,misc_professional,"Miscellaneous professional, scientific, and technical services",4407925
2003-01,management_companies,Management of companies and enterprises,1667885
2003-01,admin_support,Administrative and support services,6840450
2003-01,waste_remediation,Waste management and remediation services,312630
2003-01,education,Educational services,1964968
2003-01,ambulatory_health,Ambulatory health care services,4677206
2003-01,hospitals_nursing,"Hospitals, nursing and residential care facilities",6920618
2003-01,social_assistance,Social assistance,1939371
2003-01,performing_arts_museums,"Performing arts, spectator sports, museums, and related activities",439192
2003-01,amusement_recreation,"Amusements, gambling, and recreation industries",1151614
2003-01,accommodation,Accommodation,1683004
2003-01,food_services,Food services and drinking places,8192937
2003-01,other_services,"Other services, except government",4160467
2003-02,oil_gas_extraction,Oil and gas extraction,119206
2003-02,mining_except_oil_gas,"Mining, except oil and gas",193260
2003-02,support_mining,Support activities for mining,172756
2003-02,utilities,Utilities,577803
2003-02,construction,Construction,6177730
2003-02,wood_products,Wood products,526945
2003-02,nonmetallic_mineral,Nonmetallic mineral products,482171
2003-02,primary_metals,Primary metals,489675
2003-02,fabricated_metal,Fabricated metal products,1492372
2003-02,machinery,Machinery,1169171
2003-02,computer_electronic,Computer and electronic products,1389889
2003-02,electrical_equipment,"Electrical equipment, appliances, and components",471757
2003-02,motor_vehicles,"Motor vehicles, bodies and trailers, and parts",1126753
2003-02,other_transport_equipment,Other transportation equipment,650733
2003-02,furniture,Furniture and related products,577546
2003-02,misc_manufacturing,Miscellaneous manufacturing,666554
2003-02,food_beverage_tobacco,Food and beverage and tobacco products,1690871
2003-02,textiles,Textile mills and textile product mills,460102
2003-02,apparel_leather,Apparel and leather and allied products,368663
2003-02,paper,Paper products,523015
2003-02,printing,Printing and related support activities,680478
2003-02,petroleum_coal,Petroleum and coal products,113369
2003-02,chemicals,Chemical products,911809
2003-02,plastics_rubber,Plastics and rubber products,823900
2003-02,wholesale,Wholesale trade,5555692
2003-02,retail,Retail trade,14531790
2003-02,air_transport,Air transportation,547315
2003-02,rail_transport,Rail transportation,380
2003-02,water_transport,Water transportation,51664
2003-02,truck_transport,Truck transportation,1287738
2003-02,transit_ground,Transit and ground passenger transportation,387267
2003-02,pipeline,Pipeline transportation,41144
2003-02,other_transport_support,Other transportation and support activities,531306
2003-02,warehousing,Warehousing and storage,515801
2003-02,information,Information,3221068
2003-02,credit_intermediation,"Federal Reserve banks, credit intermediation, and related activities",2759034
2003-02,securities,"Securities, commodity contracts, and investments",761445
2003-02,insurance,Insurance carriers and related activities,2130684
2003-02,funds_trusts,"Funds, trusts, and other financial vehicles",83040
2003-02,real_estate,Real estate,1345268
2003-02,rental_leasing,Rental and leasing services and lessors of intangible assets,647846
2003-02,legal,Legal services,1120796
2003-02,computer_systems,Computer systems design and related services,1109304
2003-02,misc_professional,"Miscellaneous professional, scientific, and technical services",4438879
2003-02,management_companies,Management of companies and enterprises,1662591
2003-02,admin_support,Administrative and support services,6857164
2003-02,waste_remediation,Waste management and remediation services,311689
2003-02,education,Educational services,2040438
2003-02,ambulatory_health,Ambulatory health care services,4690210
2003-02,hospitals_nursing,"Hospitals, nursing and residential care facilities",6928647
2003-02,social_assistance,Social assistance,1948744
2003-02,performing_arts_museums,"Performing arts, spectator sports, museums, and related activities",451614
2003-02,amusement_recreation,"Amusements, gambling, and recreation industries",1155130
2003-02,accommodation,Accommodation,1697467
2003-02,food_services,Food services and drinking places,8218848
2003-02,other_services,"Other services, except government",4171215
2003-03,oil_gas_extraction,Oil and gas extraction,119649
2003-03,mining_except_oil_gas,"Mining, except oil and gas",195731
2003-03,support_mining,Support activities for mining,174276
2003-03,utilities,Utilities,578774
2003-03,construction,Construction,6284600
2003-03,wood_products,Wood products,526524
2003-03,nonmetallic_mineral,Nonmetallic mineral products,485306
2003-03,primary_metals,Primary metals,487141
2003-03,fabricated_metal,Fabricated metal products,1489795
2003-03,machinery,Machinery,1168041
2003-03,computer_electronic,Computer and electronic products,1382431
2003-03,electrical_equipment,"Electrical equipment, appliances, and components",468566
2003-03,motor_vehicles,"Motor vehicles, bodies and trailers, and parts",1127612
2003-03,other_transport_equipment,Other transportation equipment,650690
2003-03,furniture,Furniture and related products,578144
2003-03,misc_manufacturing,Miscellaneous manufacturing,667408
2003-03,food_beverage_tobacco,Food and beverage and tobacco products,1684652
2003-03,textiles,Textile mills and textile product mills,458481
2003-03,apparel_leather,Apparel and leather and allied products,369768
2003-03,paper,Paper products,520693
2003-03,printing,Printing and related support activities,681435
2003-03,petroleum_coal,Petroleum and coal products,114562
2003-03,chemicals,Chemical products,912269
2003-03,plastics_rubber,Plastics and rubber products,823298
2003-03,wholesale,Wholesale trade,5573144
2003-03,retail,Retail trade,14583807
2003-03,air_transport,Air transportation,542990
2003-03,rail_transport,Rail transportation,351
2003-03,water_transport,Water transportation,51453
2003-03,truck_transport,Truck transportation,1295000
2003-03,transit_ground,Transit and ground passenger transportation,389605
2003-03,pipeline,Pipeline transportation,40698
2003-03,other_transport_support,Other transportation and support activities,533772
2003-03,warehousing,Warehousing and storage,514815
2003-03,information,Information,3210821
2003-03,credit_intermediation,"Federal Reserve banks, credit intermediation, and related activities",2769892
2003-03,securities,"Securities, commodity contracts, and investments",757403
2003-03,insurance,Insurance carriers and related activities,2134939
2003-03,funds_trusts,"Funds, trusts, and other financial vehicles",83165
2003-03,real_estate,Real estate,1354974
2003-03,rental_leasing,Rental and leasing services and lessors of intangible assets,651625
2003-03,legal,Legal services,1126650
2003-03,computer_systems,Computer systems design and related services,1107625
2003-03,misc_professional,"Miscellaneous professional, scientific, and technical services",4437513
2003-03,management_companies,Management of companies and enterprises,1666947
2003-03,admin_support,Administrative and support services,6967350
2003-03,waste_remediation,Waste management and remediation services,312230
2003-03,education,Educational services,2051368
2003-03,ambulatory_health,Ambulatory health care services,4714831
2003-03,hospitals_nursing,"Hospitals, nursing and residential care facilities",6952207
2003-03,social_assistance,Social assistance,1961868
2003-03,performing_arts_museums,"Performing arts, spectator sports, museums, and related activities",467881
2003-03,amusement_recreation,"Amusements, gambling, and recreation industries",1195179
2003-03,accommodation,Accommodation,1718852
2003-03,food_services,Food services and drinking places,8349519
2003-03,other_services,"Other services, except government",4244962
2003-04,oil_gas_extraction,Oil and gas extraction,119407
2003-04,mining_except_oil_gas,"Mining, except oil and gas",198592
2003-04,support_mining,Support activities for mining,175615
2003-04,utilities,Utilities,575980
2003-04,construction,Construction,6493074
2003-04,wood_products,Wood products,530053
2003-04,nonmetallic_mineral,Nonmetallic mineral products,494764
2003-04,primary_metals,Primary metals,483555
2003-04,fabricated_metal,Fabricated metal products,1481176
2003-04,machinery,Machinery,1159517
2003-04,computer_electronic,Computer and electronic products,1369278
2003-04,electrical_equipment,"Electrical equipment, appliances, and components",463175
2003-04,motor_vehicles,"Motor vehicles, bodies and trailers, and parts",1103523
2003-04,other_transport_equipment,Other transportation equipment,643973
2003-04,furniture,Furniture and related products,570068
2003-04,misc_manufacturing,Miscellaneous manufacturing,666002
2003-04,food_beverage_tobacco,Food and beverage and tobacco products,1683307
2003-04,textiles,Textile mills and textile product mills,456002
2003-04,apparel_leather,Apparel and leather and allied products,364529
2003-04,paper,Paper products,518033
2003-04,printing,Printing and related support activities,677170
2003-04,petroleum_coal,Petroleum and coal products,116251
2003-04,chemicals,Chemical products,908396
2003-04,plastics_rubber,Plastics and rubber products,820353
2003-04,wholesale,Wholesale trade,5582111
2003-04,retail,Retail trade,14641530
2003-04,air_transport,Air transportation,533284
2003-04,rail_transport,Rail transportation,359
2003-04,water_transport,Water transportation,52705
2003-04,truck_transport,Truck transportation,1305569
2003-04,transit_ground,Transit and ground passenger transportation,389769
2003-04,pipeline,Pipeline transportation,40640
2003-04,other_transport_support,Other transportation and support activities,533292
2003-04,warehousing,Warehousing and storage,513197
2003-04,information,Information,3180033
2003-04,credit_intermediation,"Federal Reserve banks, credit intermediation, and related activities",2780512
2003-04,securities,"Securities, commodity contracts, and investments",756100
2003-04,insurance,Insurance carriers and related activities,2136230
2003-04,funds_trusts,"Funds, trusts, and other financial vehicles",82591
2003-04,real_estate,Real estate,1363507
2003-04,rental_leasing,Rental and leasing services and lessors of intangible assets,658252
2003-04,legal,Legal services,1132493
2003-04,computer_systems,Computer systems design and related services,1103399
2003-04,misc_professional,"Miscellaneous professional, scientific, and technical services",4438594
2003-04,management_companies,Management of companies and enterprises,1658465
2003-04,admin_support,Administrative and support services,7132756
2003-04,waste_remediation,Waste management and remediation services,314122
2003-04,education,Educational services,2069851
2003-04,ambulatory_health,Ambulatory health care services,4739943
2003-04,hospitals_nursing,"Hospitals, nursing and residential care facilities",6943606
2003-04,social_assistance,Social assistance,1969251
2003-04,performing_arts_museums,"Performing arts, spectator sports, museums, and related activities",504037
2003-04,amusement_recreation,"Amusements, gambling, and recreation industries",1273253
2003-04,accommodation,Accommodation,1727319
2003-04,food_services,Food services and drinking places,8514222
2003-04,other_services,"Other services, except government",4260969
2003-05,oil_gas_extraction,Oil and gas extraction,119847
2003-05,mining_except_oil_gas,"Mining, except oil and gas",202127
2003-05,support_mining,Support activities for mining,178495
2003-05,utilities,Utilities,576576
2003-05,construction,Construction,6720286
2003-05,wood_products,Wood products,535156
2003-05,nonmetallic_mineral,Nonmetallic mineral products,501460
2003-05,primary_metals,Primary metals,479275
2003-05,fabricated_metal,Fabricated metal products,1479938
2003-05,machinery,Machinery,1154893
2003-05,computer_electronic,Computer and electronic products,1360116
2003-05,electrical_equipment,"Electrical equipment, appliances, and components",459530
2003-05,motor_vehicles,"Motor vehicles, bodies and trailers, and parts",1115778
2003-05,other_transport_equipment,Other transportation equipment,642715
2003-05,furniture,Furniture and related products,571794
2003-05,misc_manufacturing,Miscellaneous manufacturing,665675
2003-05,food_beverage_tobacco,Food and beverage and tobacco products,1688340
2003-05,textiles,Textile mills and textile product mills,453234
2003-05,apparel_leather,Apparel and leather and allied products,363702
2003-05,paper,Paper products,515632
2003-05,printing,Printing and related support activities,675887
2003-05,petroleum_coal,Petroleum and coal products,117547
2003-05,chemicals,Chemical products,907078
2003-05,plastics_rubber,Plastics and rubber products,820365
2003-05,wholesale,Wholesale trade,5601621
2003-05,retail,Retail trade,14769621
2003-05,air_transport,Air transportation,525180
2003-05,rail_transport,Rail transportation,356
2003-05,water_transport,Water transportation,54059
2003-05,truck_transport,Truck transportation,1322717
2003-05,transit_ground,Transit and ground passenger transportation,392197
2003-05,pipeline,Pipeline transportation,40579
2003-05,other_transport_support,Other transportation and support activities,539361
2003-05,warehousing,Warehousing and storage,515316
2003-05,information,Information,3198315
2003-05,credit_intermediation,"Federal Reserve banks, credit intermediation, and related activities",2796714
2003-05,securities,"Securities, commodity contracts, and investments",755395
2003-05,insurance,Insurance carriers and related activities,2141531
2003-05,funds_trusts,"Funds, trusts, and other financial vehicles",83152
2003-05,real_estate,Real estate,1377196
2003-05,rental_leasing,Rental and leasing services and lessors of intangible assets,668261
2003-05,legal,Legal services,1141064
2003-05,computer_systems,Computer systems design and related services,1102264
2003-05,misc_professional,"Miscellaneous professional, scientific, and technical services",4332485
2003-05,management_companies,Management of companies and enterprises,1661114
2003-05,admin_support,Administrative and support services,7266947
2003-05,waste_remediation,Waste management and remediation services,321081
2003-05,education,Educational services,2050318
2003-05,ambulatory_health,Ambulatory health care services,4767780
2003-05,hospitals_nursing,"Hospitals, nursing and residential care facilities",6956113
2003-05,social_assistance,Social assistance,1982963
2003-05,performing_arts_museums,"Performing arts, spectator sports, museums, and related activities",521549
2003-05,amusement_recreation,"Amusements, gambling, and recreation industries",1385135
2003-05,accommodation,Accommodation,1774826
2003-05,food_services,Food services and drinking places,8683310
2003-05,other_services,"Other services, except government",4295061
2003-06,oil_gas_extraction,Oil and gas extraction,121132
2003-06,mining_except_oil_gas,"Mining, except oil and gas",204841
2003-06,support_mining,Support activities for mining,180814
2003-06,utilities,Utilities,578520
2003-06,construction,Construction,6860452
2003-06,wood_products,Wood products,539910
2003-06,nonmetallic_mineral,Nonmetallic mineral products,505625
2003-06,primary_metals,Primary metals,477138
2003-06,fabricated_metal,Fabricated metal products,1483092
2003-06,machinery,Machinery,1151670
2003-06,computer_electronic,Computer and electronic products,1357989
2003-06,electrical_equipment,"Electrical equipment, appliances, and components",457985
2003-06,motor_vehicles,"Motor vehicles, bodies and trailers, and parts",1120805
2003-06,other_transport_equipment,Other transportation equipment,641060
2003-06,furniture,Furniture and related products,572107
2003-06,misc_manufacturing,Miscellaneous manufacturing,667946
2003-06,food_beverage_tobacco,Food and beverage and tobacco products,1711226
2003-06,textiles,Textile mills and textile product mills,449755
2003-06,apparel_leather,Apparel and leather and allied products,361890
2003-06,paper,Paper products,516264
2003-06,printing,Printing and related support activities,675790
2003-06,petroleum_coal,Petroleum and coal products,118401
2003-06,chemicals,Chemical products,908985
2003-06,plastics_rubber,Plastics and rubber products,820276
2003-06,wholesale,Wholesale trade,5622509
2003-06,retail,Retail trade,14877838
2003-06,air_transport,Air transportation,522651
2003-06,rail_transport,Rail transportation,361
2003-06,water_transport,Water transportation,53979
2003-06,truck_transport,Truck transportation,1337454
2003-06,transit_ground,Transit and ground passenger transportation,372908
2003-06,pipeline,Pipeline transportation,40656
2003-06,other_transport_support,Other transportation and support activities,544253
2003-06,warehousing,Warehousing and storage,514504
2003-06,information,Information,3184941
2003-06,credit_intermediation,"Federal Reserve banks, credit intermediation, and related activities",2817529
2003-06,securities,"Securities, commodity contracts, and investments",757502
2003-06,insurance,Insurance carriers and related activities,2149506
2003-06,funds_trusts,"Funds, trusts, and other financial vehicles",83866
2003-06,real_estate,Real estate,1400034
2003-06,rental_leasing,Rental and leasing services and lessors of intangible assets,676031
2003-06,legal,Legal services,1163393
2003-06,computer_systems,Computer systems design and related services,1101783
2003-06,misc_professional,"Miscellaneous professional, scientific, and technical services",4348607
2003-06,management_companies,Management of companies and enterprises,1667353
2003-06,admin_support,Administrative and support services,7303972
2003-06,waste_remediation,Waste management and remediation services,325393
2003-06,education,Educational services,1969149
2003-06,ambulatory_health,Ambulatory health care services,4793474
2003-06,hospitals_nursing,"Hospitals, nursing and residential care facilities",6989717
2003-06,social_assistance,Social assistance,1963448
2003-06,performing_arts_museums,"Performing arts, spectator sports, museums, and related activities",533476
2003-06,amusement_recreation,"Amusements, gambling, and recreation industries",1504699
2003-06,accommodation,Accommodation,1838988
2003-06,food_services,Food services and drinking places,8787028
2003-06,other_services,"Other services, except government",4345955
2003-07,oil_gas_extraction,Oil and gas extraction,121696
2003-07,mining_except_oil_gas,"Mining, except oil and gas",204027
2003-07,support_mining,Support activities for mining,181506
2003-07,utilities,Utilities,577871
2003-07,construction,Construction,6930556
2003-07,wood_products,Wood products,539291
2003-07,nonmetallic_mineral,Nonmetallic mineral products,501342
2003-07,primary_metals,Primary metals,463673
2003-07,fabricated_metal,Fabricated metal products,1462460
2003-07,machinery,Machinery,1134934
2003-07,computer_electronic,Computer and electronic products,1346176
2003-07,electrical_equipment,"Electrical equipment, appliances, and components",451797
2003-07,motor_vehicles,"Motor vehicles, bodies and trailers, and parts",1051317
2003-07,other_transport_equipment,Other transportation equipment,637645
2003-07,furniture,Furniture and related products,566560
2003-07,misc_manufacturing,Miscellaneous manufacturing,659752
2003-07,food_beverage_tobacco,Food and beverage and tobacco products,1725505
2003-07,textiles,Textile mills and textile product mills,437172
2003-07,apparel_leather,Apparel and leather and allied products,348110
2003-07,paper,Paper products,512242
2003-07,printing,Printing and related support activities,669050
2003-07,petroleum_coal,Petroleum and coal products,118698
2003-07,chemicals,Chemical products,907879
2003-07,plastics_rubber,Plastics and rubber products,805743
2003-07,wholesale,Wholesale trade,5606205
2003-07,retail,Retail trade,14833956
2003-07,air_transport,Air transportation,523468
2003-07,rail_transport,Rail transportation,336
2003-07,water_transport,Water transportation,54582
2003-07,truck_transport,Truck transportation,1336052
2003-07,transit_ground,Transit and ground passenger transportation,312126
2003-07,pipeline,Pipeline transportation,40429
2003-07,other_transport_support,Other transportation and support activities,542397
2003-07,warehousing,Warehousing and storage,517628
2003-07,information,Information,3163814
2003-07,credit_intermediation,"Federal Reserve banks, credit intermediation, and related activities",2831094
2003-07,securities,"Securities, commodity contracts, and investments",760247
2003-07,insurance,Insurance carriers and related activities,2145134
2003-07,funds_trusts,"Funds, trusts, and other financial vehicles",84132
2003-07,real_estate,Real estate,1406429
2003-07,rental_leasing,Rental and leasing services and lessors of intangible assets,677370
2003-07,legal,Legal services,1165613
2003-07,computer_systems,Computer systems design and related services,1103325
2003-07,misc_professional,"Miscellaneous professional, scientific, and technical services",4332498
2003-07,management_companies,Management of companies and enterprises,1662122
2003-07,admin_support,Administrative and support services,7306550
2003-07,waste_remediation,Waste management and remediation services,323159
2003-07,education,Educational services,1888198
2003-07,ambulatory_health,Ambulatory health care services,4797031
2003-07,hospitals_nursing,"Hospitals, nursing and residential care facilities",7001496
2003-07,social_assistance,Social assistance,1929454
2003-07,performing_arts_museums,"Performing arts, spectator sports, museums, and related activities",538512
2003-07,amusement_recreation,"Amusements, gambling, and recreation industries",1548039
2003-07,accommodation,Accommodation,1881611
2003-07,food_services,Food services and drinking places,8741201
2003-07,other_services,"Other services, except government",4313275
2003-08,oil_gas_extraction,Oil and gas extraction,121654
2003-08,mining_except_oil_gas,"Mining, except oil and gas",203765
2003-08,support_mining,Support activities for mining,183562
2003-08,utilities,Utilities,576902
2003-08,construction,Construction,6989317
2003-08,wood_products,Wood products,540777
2003-08,nonmetallic_mineral,Nonmetallic mineral products,503683
2003-08,primary_metals,Primary metals,469849
2003-08,fabricated_metal,Fabricated metal products,1466461
2003-08,machinery,Machinery,1131321
2003-08,computer_electronic,Computer and electronic products,1339006
2003-08,electrical_equipment,"Electrical equipment, appliances, and components",451658
2003-08,motor_vehicles,"Motor vehicles, bodies and trailers, and parts",1113656
2003-08,other_transport_equipment,Other transportation equipment,639141
2003-08,furniture,Furniture and related products,566996
2003-08,misc_manufacturing,Miscellaneous manufacturing,662260
2003-08,food_beverage_tobacco,Food and beverage and tobacco products,1752779
2003-08,textiles,Textile mills and textile product mills,435932
2003-08,apparel_leather,Apparel and leather and allied products,349233
2003-08,paper,Paper products,510398
2003-08,printing,Printing and related support activities,668116
2003-08,petroleum_coal,Petroleum and coal products,118392
2003-08,chemicals,Chemical products,906381
2003-08,plastics_rubber,Plastics and rubber products,809740
2003-08,wholesale,Wholesale trade,5603873
2003-08,retail,Retail trade,14919338
2003-08,air_transport,Air transportation,520421
2003-08,rail_transport,Rail transportation,399
2003-08,water_transport,Water transportation,54479
2003-08,truck_transport,Truck transportation,1345632
2003-08,transit_ground,Transit and ground passenger transportation,315719
2003-08,pipeline,Pipeline transportation,40153
2003-08,other_transport_support,Other transportation and support activities,547196
2003-08,warehousing,Warehousing and storage,519935
2003-08,information,Information,3179288
2003-08,credit_intermediation,"Federal Reserve banks, credit intermediation, and related activities",2841814
2003-08,securities,"Securities, commodity contracts, and investments",759231
2003-08,insurance,Insurance carriers and related activities,2147531
2003-08,funds_trusts,"Funds, trusts, and other financial vehicles",84147
2003-08,real_estate,Real estate,1411358
2003-08,rental_leasing,Rental and leasing services and lessors of intangible assets,678002
2003-08,legal,Legal services,1163024
2003-08,computer_systems,Computer systems design and related services,1105299
2003-08,misc_professional,"Miscellaneous professional, scientific, and technical services",4344487
2003-08,management_companies,Management of companies and enterprises,1660092
2003-08,admin_support,Administrative and support services,7432999
2003-08,waste_remediation,Waste management and remediation services,323327
2003-08,education,Educational services,1874555
2003-08,ambulatory_health,Ambulatory health care services,4819268
2003-08,hospitals_nursing,"Hospitals, nursing and residential care facilities",7009226
2003-08,social_assistance,Social assistance,1943687
2003-08,performing_arts_museums,"Performing arts, spectator sports, museums, and related activities",539984
2003-08,amusement_recreation,"Amusements, gambling, and recreation industries",1520966
2003-08,accommodation,Accommodation,1884087
2003-08,food_services,Food services and drinking places,8803100
2003-08,other_services,"Other services, except government",4303992
2003-09,oil_gas_extraction,Oil and gas extraction,120361
2003-09,mining_except_oil_gas,"Mining, except oil and gas",203114
2003-09,support_mining,Support activities for mining,183462
2003-09,utilities,Utilities,572987
2003-09,construction,Construction,6935284
2003-09,wood_products,Wood products,538239
2003-09,nonmetallic_mineral,Nonmetallic mineral products,501642
2003-09,primary_metals,Primary metals,467567
2003-09,fabricated_metal,Fabricated metal products,1466402
2003-09,machinery,Machinery,1128736
2003-09,computer_electronic,Computer and electronic products,1330587
2003-09,electrical_equipment,"Electrical equipment, appliances, and components",450485
2003-09,motor_vehicles,"Motor vehicles, bodies and trailers, and parts",1111623
2003-09,other_transport_equipment,Other transportation equipment,637956
2003-09,furniture,Furniture and related products,565395
2003-09,misc_manufacturing,Miscellaneous manufacturing,659909
2003-09,food_beverage_tobacco,Food and beverage and tobacco products,1753767
2003-09,textiles,Textile mills and textile product mills,434620
2003-09,apparel_leather,Apparel and leather and allied products,345447
2003-09,paper,Paper products,509268
2003-09,printing,Printing and related support activities,665606
2003-09,petroleum_coal,Petroleum and coal products,116754
2003-09,chemicals,Chemical products,902397
2003-09,plastics_rubber,Plastics and rubber products,808514
2003-09,wholesale,Wholesale trade,5587864
2003-09,retail,Retail trade,14904293
2003-09,air_transport,Air transportation,520081
2003-09,rail_transport,Rail transportation,425
2003-09,water_transport,Water transportation,54173
2003-09,truck_transport,Truck transportation,1342289
2003-09,transit_ground,Transit and ground passenger transportation,385076
2003-09,pipeline,Pipeline transportation,39668
2003-09,other_transport_support,Other transportation and support activities,543569
2003-09,warehousing,Warehousing and storage,524229
2003-09,information,Information,3136173
2003-09,credit_intermediation,"Federal Reserve banks, credit intermediation, and related activities",2825360
2003-09,securities,"Securities, commodity contracts, and investments",752476
2003-09,insurance,Insurance carriers and related activities,2138726
2003-09,funds_trusts,"Funds, trusts, and other financial vehicles",83781
2003-09,real_estate,Real estate,1396197
2003-09,rental_leasing,Rental and leasing services and lessors of intangible assets,667331
2003-09,legal,Legal services,1149622
2003-09,computer_systems,Computer systems design and related services,1099560
2003-09,misc_professional,"Miscellaneous professional, scientific, and technical services",4323818
2003-09,management_companies,Management of companies and enterprises,1652194
2003-09,admin_support,Administrative and support services,7466121
2003-09,waste_remediation,Waste management and remediation services,320170
2003-09,education,Educational services,2005524
2003-09,ambulatory_health,Ambulatory health care services,4819545
2003-09,hospitals_nursing,"Hospitals, nursing and residential care facilities",7001003
2003-09,social_assistance,Social assistance,1961430
2003-09,performing_arts_museums,"Performing arts, spectator sports, museums, and related activities",514521
2003-09,amusement_recreation,"Amusements, gambling, and recreation industries",1381415
2003-09,accommodation,Accommodation,1806938
2003-09,food_services,Food services and drinking places,8746958
2003-09,other_services,"Other services, except government",4271530
2003-10,oil_gas_extraction,Oil and gas extraction,120553
2003-10,mining_except_oil_gas,"Mining, except oil and gas",202641
2003-10,support_mining,Support activities for mining,183590
2003-10,utilities,Utilities,572888
2003-10,construction,Construction,6921633
2003-10,wood_products,Wood products,536610
2003-10,nonmetallic_mineral,Nonmetallic mineral products,500234
2003-10,primary_metals,Primary metals,462416
2003-10,fabricated_metal,Fabricated metal products,1463091
2003-10,machinery,Machinery,1125899
2003-10,computer_electronic,Computer and electronic products,1323271
2003-10,electrical_equipment,"Electrical equipment, appliances, and components",448566
2003-10,motor_vehicles,"Motor vehicles, bodies and trailers, and parts",1104583
2003-10,other_transport_equipment,Other transportation equipment,638556
2003-10,furniture,Furniture and related products,564981
2003-10,misc_manufacturing,Miscellaneous manufacturing,660176
2003-10,food_beverage_tobacco,Food and beverage and tobacco products,1737311
2003-10,textiles,Textile mills and textile product mills,428596
2003-10,apparel_leather,Apparel and leather and allied products,341136
2003-10,paper,Paper products,507875
2003-10,printing,Printing and related support activities,664266
2003-10,petroleum_coal,Petroleum and coal products,114552
2003-10,chemicals,Chemical products,897361
2003-10,plastics_rubber,Plastics and rubber products,806809
2003-10,wholesale,Wholesale trade,5586971
2003-10,retail,Retail trade,15098957
2003-10,air_transport,Air transportation,511482
2003-10,rail_transport,Rail transportation,450
2003-10,water_transport,Water transportation,53241
2003-10,truck_transport,Truck transportation,1339620
2003-10,transit_ground,Transit and ground passenger transportation,391108
2003-10,pipeline,Pipeline transportation,39583
2003-10,other_transport_support,Other transportation and support activities,542300
2003-10,warehousing,Warehousing and storage,528496
2003-10,information,Information,3146059
2003-10,credit_intermediation,"Federal Reserve banks, credit intermediation, and related activities",2818238
2003-10,securities,"Securities, commodity contracts, and investments",751585
2003-10,insurance,Insurance carriers and related activities,2131212
2003-10,funds_trusts,"Funds, trusts, and other financial vehicles",85084
2003-10,real_estate,Real estate,1390211
2003-10,rental_leasing,Rental and leasing services and lessors of intangible assets,663469
2003-10,legal,Legal services,1153688
2003-10,computer_systems,Computer systems design and related services,1112587
2003-10,misc_professional,"Miscellaneous professional, scientific, and technical services",4354093
2003-10,management_companies,Management of companies and enterprises,1652522
2003-10,admin_support,Administrative and support services,7481190
2003-10,waste_remediation,Waste management and remediation services,319304
2003-10,education,Educational services,2083058
2003-10,ambulatory_health,Ambulatory health care services,4838237
2003-10,hospitals_nursing,"Hospitals, nursing and residential care facilities",6995939
2003-10,social_assistance,Social assistance,1969609
2003-10,performing_arts_museums,"Performing arts, spectator sports, museums, and related activities",503322
2003-10,amusement_recreation,"Amusements, gambling, and recreation industries",1290740
2003-10,accommodation,Accommodation,1759966
2003-10,food_services,Food services and drinking places,8637541
2003-10,other_services,"Other services, except government",4245714
2003-11,oil_gas_extraction,Oil and gas extraction,120282
2003-11,mining_except_oil_gas,"Mining, except oil and gas",201304
2003-11,support_mining,Support activities for mining,183623
2003-11,utilities,Utilities,571905
2003-11,construction,Construction,6810410
2003-11,wood_products,Wood products,534199
2003-11,nonmetallic_mineral,Nonmetallic mineral products,497446
2003-11,primary_metals,Primary metals,460339
2003-11,fabricated_metal,Fabricated metal products,1462417
2003-11,machinery,Machinery,1124509
2003-11,computer_electronic,Computer and electronic products,1321783
2003-11,electrical_equipment,"Electrical equipment, appliances, and components",447586
2003-11,motor_vehicles,"Motor vehicles, bodies and trailers, and parts",1111475
2003-11,other_transport_equipment,Other transportation equipment,640163
2003-11,furniture,Furniture and related products,564510
2003-11,misc_manufacturing,Miscellaneous manufacturing,660194
2003-11,food_beverage_tobacco,Food and beverage and tobacco products,1718882
2003-11,textiles,Textile mills and textile product mills,426433
2003-11,apparel_leather,Apparel and leather and allied products,339183
2003-11,paper,Paper products,505375
2003-11,printing,Printing and related support activities,663481
2003-11,petroleum_coal,Petroleum and coal products,113881
2003-11,chemicals,Chemical products,894788
2003-11,plastics_rubber,Plastics and rubber products,806094
2003-11,wholesale,Wholesale trade,5588381
2003-11,retail,Retail trade,15488016
2003-11,air_transport,Air transportation,511569
2003-11,rail_transport,Rail transportation,458
2003-11,water_transport,Water transportation,52104
2003-11,truck_transport,Truck transportation,1333339
2003-11,transit_ground,Transit and ground passenger transportation,391110
2003-11,pipeline,Pipeline transportation,39487
2003-11,other_transport_support,Other transportation and support activities,540974
2003-11,warehousing,Warehousing and storage,528391
2003-11,information,Information,3171881
2003-11,credit_intermediation,"Federal Reserve banks, credit intermediation, and related activities",2820396
2003-11,securities,"Securities, commodity contracts, and investments",751902
2003-11,insurance,Insurance carriers and related activities,2131640
2003-11,funds_trusts,"Funds, trusts, and other financial vehicles",85054
2003-11,real_estate,Real estate,1386426
2003-11,rental_leasing,Rental and leasing services and lessors of intangible assets,660272
2003-11,legal,Legal services,1154544
2003-11,computer_systems,Computer systems design and related services,1114578
2003-11,misc_professional,"Miscellaneous professional, scientific, and technical services",4390612
2003-11,management_companies,Management of companies and enterprises,1653395
2003-11,admin_support,Administrative and support services,7447652
2003-11,waste_remediation,Waste management and remediation services,318094
2003-11,education,Educational services,2107120
2003-11,ambulatory_health,Ambulatory health care services,4854612
2003-11,hospitals_nursing,"Hospitals, nursing and residential care facilities",7010466
2003-11,social_assistance,Social assistance,1976156
2003-11,performing_arts_museums,"Performing arts, spectator sports, museums, and related activities",482886
2003-11,amusement_recreation,"Amusements, gambling, and recreation industries",1204171
2003-11,accommodation,Accommodation,1722252
2003-11,food_services,Food services and drinking places,8620001
2003-11,other_services,"Other services, except government",4239776
2003-12,oil_gas_extraction,Oil and gas extraction,121089
2003-12,mining_except_oil_gas,"Mining, except oil and gas",198841
2003-12,support_mining,Support activities for mining,185118
2003-12,utilities,Utilities,571505
2003-12,construction,Construction,6694583
2003-12,wood_products,Wood products,534191
2003-12,nonmetallic_mineral,Nonmetallic mineral products,492236
2003-12,primary_metals,Primary metals,460775
2003-12,fabricated_metal,Fabricated metal products,1467215
2003-12,machinery,Machinery,1129251
2003-12,computer_electronic,Computer and electronic products,1324819
2003-12,electrical_equipment,"Electrical equipment, appliances, and components",449069
2003-12,motor_vehicles,"Motor vehicles, bodies and trailers, and parts",1112402
2003-12,other_transport_equipment,Other transportation equipment,642975
2003-12,furniture,Furniture and related products,566137
2003-12,misc_manufacturing,Miscellaneous manufacturing,660340
2003-12,food_beverage_tobacco,Food and beverage and tobacco products,1710601
2003-12,textiles,Textile mills and textile product mills,424480
2003-12,apparel_leather,Apparel and leather and allied products,336957
2003-12,paper,Paper products,505192
2003-12,printing,Printing and related support activities,663182
2003-12,petroleum_coal,Petroleum and coal products,111320
2003-12,chemicals,Chemical products,896337
2003-12,plastics_rubber,Plastics and rubber products,805281
2003-12,wholesale,Wholesale trade,5603157
2003-12,retail,Retail trade,15786359
2003-12,air_transport,Air transportation,512918
2003-12,rail_transport,Rail transportation,470
2003-12,water_transport,Water transportation,52892
2003-12,truck_transport,Truck transportation,1329763
2003-12,transit_ground,Transit and ground passenger transportation,391564
2003-12,pipeline,Pipeline transportation,39407
2003-12,other_transport_support,Other transportation and support activities,548268
2003-12,warehousing,Warehousing and storage,527409
2003-12,information,Information,3162669
2003-12,credit_intermediation,"Federal Reserve banks, credit intermediation, and related activities",2830041
2003-12,securities,"Securities, commodity contracts, and investments",757452
2003-12,insurance,Insurance carriers and related activities,2139948
2003-12,funds_trusts,"Funds, trusts, and other financial vehicles",85131
2003-12,real_estate,Real estate,1401131
2003-12,rental_leasing,Rental and leasing services and lessors of intangible assets,664356
2003-12,legal,Legal services,1164311
2003-12,computer_systems,Computer systems design and related services,1122243
2003-12,misc_professional,"Miscellaneous professional, scientific, and technical services",4467226
2003-12,management_companies,Management of companies and enterprises,1656959
2003-12,admin_support,Administrative and support services,7393947
2003-12,waste_remediation,Waste management and remediation services,317395
2003-12,education,Educational services,2089408
2003-12,ambulatory_health,Ambulatory health care services,4888696
2003-12,hospitals_nursing,"Hospitals, nursing and residential care facilities",7024460
2003-12,social_assistance,Social assistance,1981885
2003-12,performing_arts_museums,"Performing arts, spectator sports, museums, and related activities",486975
2003-12,amusement_recreation,"Amusements, gambling, and recreation industries",1208539
2003-12,accommodation,Accommodation,1721062
2003-12,food_services,Food services and drinking places,8632993
2003-12,other_services,"Other services, except government",4281058
2004-01,oil_gas_extraction,Oil and gas extraction,119911
2004-01,mining_except_oil_gas,"Mining, except oil and gas",192501
2004-01,support_mining,Support activities for mining,183576
2004-01,utilities,Utilities,564166
2004-01,construction,Construction,6353341
2004-01,wood_products,Wood products,528066
2004-01,nonmetallic_mineral,Nonmetallic mineral products,477285
2004-01,primary_metals,Primary metals,461104
2004-01,fabricated_metal,Fabricated metal products,1459747
2004-01,machinery,Machinery,1121666
2004-01,computer_electronic,Computer and electronic products,1308257
2004-01,electrical_equipment,"Electrical equipment, appliances, and components",444212
2004-01,motor_vehicles,"Motor vehicles, bodies and trailers, and parts",1103984
2004-01,other_transport_equipment,Other transportation equipment,639194
2004-01,furniture,Furniture and related products,564009
2004-01,misc_manufacturing,Miscellaneous manufacturing,647534
2004-01,food_beverage_tobacco,Food and beverage and tobacco products,1667046
2004-01,textiles,Textile mills and textile product mills,417994
2004-01,apparel_leather,Apparel and leather and allied products,327888
2004-01,paper,Paper products,499555
2004-01,printing,Printing and related support activities,659964
2004-01,petroleum_coal,Petroleum and coal products,107826
2004-01,chemicals,Chemical products,884595
2004-01,plastics_rubber,Plastics and rubber products,796038
2004-01,wholesale,Wholesale trade,5537371
2004-01,retail,Retail trade,14827075
2004-01,air_transport,Air transportation,509458
2004-01,rail_transport,Rail transportation,548
2004-01,water_transport,Water transportation,51695
2004-01,truck_transport,Truck transportation,1296285
2004-01,transit_ground,Transit and ground passenger transportation,383796
2004-01,pipeline,Pipeline transportation,38335
2004-01,other_transport_support,Other transportation and support activities,536923
2004-01,warehousing,Warehousing and storage,543720
2004-01,information,Information,3114806
2004-01,credit_intermediation,"Federal Reserve banks, credit intermediation, and related activities",2805152
2004-01,securities,"Securities, commodity contracts, and investments",748145
2004-01,insurance,Insurance carriers and related activities,2121929
2004-01,funds_trusts,"Funds, trusts, and other financial vehicles",84466
2004-01,real_estate,Real estate,1362789
2004-01,rental_leasing,Rental and leasing services and lessors of intangible assets,646802
2004-01,legal,Legal services,1138921
2004-01,computer_systems,Computer systems design and related services,1113338
2004-01,misc_professional,"Miscellaneous professional, scientific, and technical services",4403234
2004-01,management_companies,Management of companies and enterprises,1689612
2004-01,admin_support,Administrative and support services,6950974
2004-01,waste_remediation,Waste management and remediation services,315038
2004-01,education,Educational services,2017920
2004-01,ambulatory_health,Ambulatory health care services,4826552
2004-01,hospitals_nursing,"Hospitals, nursing and residential care facilities",6984560
2004-01,social_assistance,Social assistance,1970230
2004-01,performing_arts_museums,"Performing arts, spectator sports, museums, and related activities",435426
2004-01,amusement_recreation,"Amusements, gambling, and recreation industries",1172775
2004-01,accommodation,Accommodation,1680302
2004-01,food_services,Food services and drinking places,8401282
2004-01,other_services,"Other services, except government",4192094
2004-02,oil_gas_extraction,Oil and gas extraction,119665
2004-02,mining_except_oil_gas,"Mining, except oil and gas",191425
2004-02,support_mining,Support activities for mining,184996
2004-02,utilities,Utilities,563869
2004-02,construction,Construction,6330641
2004-02,wood_products,Wood products,529477
2004-02,nonmetallic_mineral,Nonmetallic mineral products,475768
2004-02,primary_metals,Primary metals,460909
2004-02,fabricated_metal,Fabricated metal products,1462914
2004-02,machinery,Machinery,1124787
2004-02,computer_electronic,Computer and electronic products,1309081
2004-02,electrical_equipment,"Electrical equipment, appliances, and components",443999
2004-02,motor_vehicles,"Motor vehicles, bodies and trailers, and parts",1112060
2004-02,other_transport_equipment,Other transportation equipment,642358
2004-02,furniture,Furniture and related products,565084
2004-02,misc_manufacturing,Miscellaneous manufacturing,649300
2004-02,food_beverage_tobacco,Food and beverage and tobacco products,1657681
2004-02,textiles,Textile mills and textile product mills,416453
2004-02,apparel_leather,Apparel and leather and allied products,331897
2004-02,paper,Paper products,497213
2004-02,printing,Printing and related support activities,658606
2004-02,petroleum_coal,Petroleum and coal products,108072
2004-02,chemicals,Chemical products,884722
2004-02,plastics_rubber,Plastics and rubber products,797107
2004-02,wholesale,Wholesale trade,5544676
2004-02,retail,Retail trade,14637333
2004-02,air_transport,Air transportation,509762
2004-02,rail_transport,Rail transportation,538
2004-02,water_transport,Water transportation,51897
2004-02,truck_transport,Truck transportation,1296333
2004-02,transit_ground,Transit and ground passenger transportation,386456
2004-02,pipeline,Pipeline transportation,38210
2004-02,other_transport_support,Other transportation and support activities,538669
2004-02,warehousing,Warehousing and storage,543209
2004-02,information,Information,3109481
2004-02,credit_intermediation,"Federal Reserve banks, credit intermediation, and related activities",2806896
2004-02,securities,"Securities, commodity contracts, and investments",752166
2004-02,insurance,Insurance carriers and related activities,2123222
2004-02,funds_trusts,"Funds, trusts, and other financial vehicles",84587
2004-02,real_estate,Real estate,1366420
2004-02,rental_leasing,Rental and leasing services and lessors of intangible assets,646052
2004-02,legal,Legal services,1139244
2004-02,computer_systems,Computer systems design and related services,1118769
2004-02,misc_professional,"Miscellaneous professional, scientific, and technical services",4457408
2004-02,management_companies,Management of companies and enterprises,1685723
2004-02,admin_support,Administrative and support services,7003042
2004-02,waste_remediation,Waste management and remediation services,313981
2004-02,education,Educational services,2099681
2004-02,ambulatory_health,Ambulatory health care services,4843873
2004-02,hospitals_nursing,"Hospitals, nursing and residential care facilities",6990332
2004-02,social_assistance,Social assistance,1983239
2004-02,performing_arts_museums,"Performing arts, spectator sports, museums, and related activities",447270
2004-02,amusement_recreation,"Amusements, gambling, and recreation industries",1183344
2004-02,accommodation,Accommodation,1695644
2004-02,food_services,Food services and drinking places,8456280
2004-02,other_services,"Other services, except government",4212853
2004-03,oil_gas_extraction,Oil and gas extraction,120051
2004-03,mining_except_oil_gas,"Mining, except oil and gas",195341
2004-03,support_mining,Support activities for mining,188031
2004-03,utilities,Utilities,565392
2004-03,construction,Construction,6516436
2004-03,wood_products,Wood products,533688
2004-03,nonmetallic_mineral,Nonmetallic mineral products,483833
2004-03,primary_metals,Primary metals,462153
2004-03,fabricated_metal,Fabricated metal products,1471784
2004-03,machinery,Machinery,1130216
2004-03,computer_electronic,Computer and electronic products,1312440
2004-03,electrical_equipment,"Electrical equipment, appliances, and components",443366
2004-03,motor_vehicles,"Motor vehicles, bodies and trailers, and parts",1116046
2004-03,other_transport_equipment,Other transportation equipment,643675
2004-03,furniture,Furniture and related products,568796
2004-03,misc_manufacturing,Miscellaneous manufacturing,650767
2004-03,food_beverage_tobacco,Food and beverage and tobacco products,1656785
2004-03,textiles,Textile mills and textile product mills,417496
2004-03,apparel_leather,Apparel and leather and allied products,334333
2004-03,paper,Paper products,494897
2004-03,printing,Printing and related support activities,660810
2004-03,petroleum_coal,Petroleum and coal products,109224
2004-03,chemicals,Chemical products,887977
2004-03,plastics_rubber,Plastics and rubber products,800685
2004-03,wholesale,Wholesale trade,5581021
2004-03,retail,Retail trade,14722053
2004-03,air_transport,Air transportation,511474
2004-03,rail_transport,Rail transportation,517
2004-03,water_transport,Water transportation,52766
2004-03,truck_transport,Truck transportation,1309407
2004-03,transit_ground,Transit and ground passenger transportation,390005
2004-03,pipeline,Pipeline transportation,37757
2004-03,other_transport_support,Other transportation and support activities,541753
2004-03,warehousing,Warehousing and storage,546201
2004-03,information,Information,3115301
2004-03,credit_intermediation,"Federal Reserve banks, credit intermediation, and related activities",2816313
2004-03,securities,"Securities, commodity contracts, and investments",754341
2004-03,insurance,Insurance carriers and related activities,2128855
2004-03,funds_trusts,"Funds, trusts, and other financial vehicles",85343
2004-03,real_estate,Real estate,1376286
2004-03,rental_leasing,Rental and leasing services and lessors of intangible assets,650507
2004-03,legal,Legal services,1144616
2004-03,computer_systems,Computer systems design and related services,1123512
2004-03,misc_professional,"Miscellaneous professional, scientific, and technical services",4471094
2004-03,management_companies,Management of companies and enterprises,1693811
2004-03,admin_support,Administrative and support services,7159284
2004-03,waste_remediation,Waste management and remediation services,316920
2004-03,education,Educational services,2117895
2004-03,ambulatory_health,Ambulatory health care services,4872599
2004-03,hospitals_nursing,"Hospitals, nursing and residential care facilities",7016730
2004-03,social_assistance,Social assistance,2001104
2004-03,performing_arts_museums,"Performing arts, spectator sports, museums, and related activities",461534
2004-03,amusement_recreation,"Amusements, gambling, and recreation industries",1228135
2004-03,accommodation,Accommodation,1717930
2004-03,food_services,Food services and drinking places,8620042
2004-03,other_services,"Other services, except government",4263948
2004-04,oil_gas_extraction,Oil and gas extraction,120121
2004-04,mining_except_oil_gas,"Mining, except oil and gas",202534
2004-04,support_mining,Support activities for mining,189349
2004-04,utilities,Utilities,564208
2004-04,construction,Construction,6772595
2004-04,wood_products,Wood products,540942
2004-04,nonmetallic_mineral,Nonmetallic mineral products,496029
2004-04,primary_metals,Primary metals,463952
2004-04,fabricated_metal,Fabricated metal products,1478783
2004-04,machinery,Machinery,1130651
2004-04,computer_electronic,Computer and electronic products,1312657
2004-04,electrical_equipment,"Electrical equipment, appliances, and components",443322
2004-04,motor_vehicles,"Motor vehicles, bodies and trailers, and parts",1124184
2004-04,other_transport_equipment,Other transportation equipment,645553
2004-04,furniture,Furniture and related products,569657
2004-04,misc_manufacturing,Miscellaneous manufacturing,651496
2004-04,food_beverage_tobacco,Food and beverage and tobacco products,1653333
2004-04,textiles,Textile mills and textile product mills,419585
2004-04,apparel_leather,Apparel and leather and allied products,333247
2004-04,paper,Paper products,491112
2004-04,printing,Printing and related support activities,660375
2004-04,petroleum_coal,Petroleum and coal products,110963
2004-04,chemicals,Chemical products,882479
2004-04,plastics_rubber,Plastics and rubber products,802711
2004-04,wholesale,Wholesale trade,5612729
2004-04,retail,Retail trade,14799057
2004-04,air_transport,Air transportation,512138
2004-04,rail_transport,Rail transportation,494
2004-04,water_transport,Water transportation,54054
2004-04,truck_transport,Truck transportation,1331782
2004-04,transit_ground,Transit and ground passenger transportation,387275
2004-04,pipeline,Pipeline transportation,37666
2004-04,other_transport_support,Other transportation and support activities,548709
2004-04,warehousing,Warehousing and storage,546619
2004-04,information,Information,3099814
2004-04,credit_intermediation,"Federal Reserve banks, credit intermediation, and related activities",2824387
2004-04,securities,"Securities, commodity contracts, and investments",757313
2004-04,insurance,Insurance carriers and related activities,2123708
2004-04,funds_trusts,"Funds, trusts, and other financial vehicles",84637
2004-04,real_estate,Real estate,1392690
2004-04,rental_leasing,Rental and leasing services and lessors of intangible assets,661401
2004-04,legal,Legal services,1150541
2004-04,computer_systems,Computer systems design and related services,1129535
2004-04,misc_professional,"Miscellaneous professional, scientific, and technical services",4497118
2004-04,management_companies,Management of companies and enterprises,1689172
2004-04,admin_support,Administrative and support services,7401752
2004-04,waste_remediation,Waste management and remediation services,321401
2004-04,education,Educational services,2130671
2004-04,ambulatory_health,Ambulatory health care services,4893528
2004-04,hospitals_nursing,"Hospitals, nursing and residential care facilities",7020256
2004-04,social_assistance,Social assistance,2017643
2004-04,performing_arts_museums,"Performing arts, spectator sports, museums, and related activities",506124
2004-04,amusement_recreation,"Amusements, gambling, and recreation industries",1319259
2004-04,accommodation,Accommodation,1748392
2004-04,food_services,Food services and drinking places,8775999
2004-04,other_services,"Other services, except government",4277635
2004-05,oil_gas_extraction,Oil and gas extraction,120470
2004-05,mining_except_oil_gas,"Mining, except oil and gas",206273
2004-05,support_mining,Support activities for mining,191702
2004-05,utilities,Utilities,564693
2004-05,construction,Construction,6944989
2004-05,wood_products,Wood products,546692
2004-05,nonmetallic_mineral,Nonmetallic mineral products,502461
2004-05,primary_metals,Primary metals,465853
2004-05,fabricated_metal,Fabricated metal products,1487165
2004-05,machinery,Machinery,1133748
2004-05,computer_electronic,Computer and electronic products,1315174
2004-05,electrical_equipment,"Electrical equipment, appliances, and components",443243
2004-05,motor_vehicles,"Motor vehicles, bodies and trailers, and parts",1123237
2004-05,other_transport_equipment,Other transportation equipment,646759
2004-05,furniture,Furniture and related products,570388
2004-05,misc_manufacturing,Miscellaneous manufacturing,653326
2004-05,food_beverage_tobacco,Food and beverage and tobacco products,1664934
2004-05,textiles,Textile mills and textile product mills,418833
2004-05,apparel_leather,Apparel and leather and allied products,334513
2004-05,paper,Paper products,490914
2004-05,printing,Printing and related support activities,660319
2004-05,petroleum_coal,Petroleum and coal products,112722
2004-05,chemicals,Chemical products,882802
2004-05,plastics_rubber,Plastics and rubber products,805441
2004-05,wholesale,Wholesale trade,5637473
2004-05,retail,Retail trade,14948792
2004-05,air_transport,Air transportation,514079
2004-05,rail_transport,Rail transportation,490
2004-05,water_transport,Water transportation,55379
2004-05,truck_transport,Truck transportation,1346498
2004-05,transit_ground,Transit and ground passenger transportation,394843
2004-05,pipeline,Pipeline transportation,37543
2004-05,other_transport_support,Other transportation and support activities,555283
2004-05,warehousing,Warehousing and storage,546129
2004-05,information,Information,3104632
2004-05,credit_intermediation,"Federal Reserve banks, credit intermediation, and related activities",2827388
2004-05,securities,"Securities, commodity contracts, and investments",759092
2004-05,insurance,Insurance carriers and related activities,2123851
2004-05,funds_trusts,"Funds, trusts, and other financial vehicles",84369
2004-05,real_estate,Real estate,1403979
2004-05,rental_leasing,Rental and leasing services and lessors of intangible assets,669839
2004-05,legal,Legal services,1154977
2004-05,computer_systems,Computer systems design and related services,1132128
2004-05,misc_professional,"Miscellaneous professional, scientific, and technical services",4393647
2004-05,management_companies,Management of companies and enterprises,1694632
2004-05,admin_support,Administrative and support services,7550088
2004-05,waste_remediation,Waste management and remediation services,325445
2004-05,education,Educational services,2110935
2004-05,ambulatory_health,Ambulatory health care services,4915240
2004-05,hospitals_nursing,"Hospitals, nursing and residential care facilities",7037392
2004-05,social_assistance,Social assistance,2030216
2004-05,performing_arts_museums,"Performing arts, spectator sports, museums, and related activities",522986
2004-05,amusement_recreation,"Amusements, gambling, and recreation industries",1413200
2004-05,accommodation,Accommodation,1793695
2004-05,food_services,Food services and drinking places,8949319
2004-05,other_services,"Other services, except government",4306865
2004-06,oil_gas_extraction,Oil and gas extraction,121876
2004-06,mining_except_oil_gas,"Mining, except oil and gas",209085
2004-06,support_mining,Support activities for mining,194833
2004-06,utilities,Utilities,567408
2004-06,construction,Construction,7111872
2004-06,wood_products,Wood products,554869
2004-06,nonmetallic_mineral,Nonmetallic mineral products,507506
2004-06,primary_metals,Primary metals,467912
2004-06,fabricated_metal,Fabricated metal products,1500736
2004-06,machinery,Machinery,1140132
2004-06,computer_electronic,Computer and electronic products,1322597
2004-06,electrical_equipment,"Electrical equipment, appliances, and components",446289
2004-06,motor_vehicles,"Motor vehicles, bodies and trailers, and parts",1122394
2004-06,other_transport_equipment,Other transportation equipment,649822
2004-06,furniture,Furniture and related products,573739
2004-06,misc_manufacturing,Miscellaneous manufacturing,655876
2004-06,food_beverage_tobacco,Food and beverage and tobacco products,1687033
2004-06,textiles,Textile mills and textile product mills,419295
2004-06,apparel_leather,Apparel and leather and allied products,335622
2004-06,paper,Paper products,493907
2004-06,printing,Printing and related support activities,662191
2004-06,petroleum_coal,Petroleum and coal products,113747
2004-06,chemicals,Chemical products,886069
2004-06,plastics_rubber,Plastics and rubber products,810078
2004-06,wholesale,Wholesale trade,5673381
2004-06,retail,Retail trade,15056710
2004-06,air_transport,Air transportation,515264
2004-06,rail_transport,Rail transportation,481
2004-06,water_transport,Water transportation,56129
2004-06,truck_transport,Truck transportation,1362677
2004-06,transit_ground,Transit and ground passenger transportation,375013
2004-06,pipeline,Pipeline transportation,37707
2004-06,other_transport_support,Other transportation and support activities,559784
2004-06,warehousing,Warehousing and storage,551455
2004-06,information,Information,3107206
2004-06,credit_intermediation,"Federal Reserve banks, credit intermediation, and related activities",2839019
2004-06,securities,"Securities, commodity contracts, and investments",765997
2004-06,insurance,Insurance carriers and related activities,2132719
2004-06,funds_trusts,"Funds, trusts, and other financial vehicles",85189
2004-06,real_estate,Real estate,1425732
2004-06,rental_leasing,Rental and leasing services and lessors of intangible assets,682638
2004-06,legal,Legal services,1176687
2004-06,computer_systems,Computer systems design and related services,1135887
2004-06,misc_professional,"Miscellaneous professional, scientific, and technical services",4426614
2004-06,management_companies,Management of companies and enterprises,1706424
2004-06,admin_support,Administrative and support services,7645234
2004-06,waste_remediation,Waste management and remediation services,331375
2004-06,education,Educational services,2028704
2004-06,ambulatory_health,Ambulatory health care services,4935275
2004-06,hospitals_nursing,"Hospitals, nursing and residential care facilities",7075274
2004-06,social_assistance,Social assistance,2010764
2004-06,performing_arts_museums,"Performing arts, spectator sports, museums, and related activities",532448
2004-06,amusement_recreation,"Amusements, gambling, and recreation industries",1548236
2004-06,accommodation,Accommodation,1861995
2004-06,food_services,Food services and drinking places,9032708
2004-06,other_services,"Other services, except government",4356673
2004-07,oil_gas_extraction,Oil and gas extraction,122269
2004-07,mining_except_oil_gas,"Mining, except oil and gas",210489
2004-07,support_mining,Support activities for mining,195992
2004-07,utilities,Utilities,566834
2004-07,construction,Construction,7222246
2004-07,wood_products,Wood products,558760
2004-07,nonmetallic_mineral,Nonmetallic mineral products,508597
2004-07,primary_metals,Primary metals,465915
2004-07,fabricated_metal,Fabricated metal products,1497179
2004-07,machinery,Machinery,1142110
2004-07,computer_electronic,Computer and electronic products,1320739
2004-07,electrical_equipment,"Electrical equipment, appliances, and components",443870
2004-07,motor_vehicles,"Motor vehicles, bodies and trailers, and parts",1045863
2004-07,other_transport_equipment,Other transportation equipment,654324
2004-07,furniture,Furniture and related products,570855
2004-07,misc_manufacturing,Miscellaneous manufacturing,654144
2004-07,food_beverage_tobacco,Food and beverage and tobacco products,1716095
2004-07,textiles,Textile mills and textile product mills,413978
2004-07,apparel_leather,Apparel and leather and allied products,327559
2004-07,paper,Paper products,494589
2004-07,printing,Printing and related support activities,659282
2004-07,petroleum_coal,Petroleum and coal products,115420
2004-07,chemicals,Chemical products,885089
2004-07,plastics_rubber,Plastics and rubber products,803013
2004-07,wholesale,Wholesale trade,5685085
2004-07,retail,Retail trade,15014852
2004-07,air_transport,Air transportation,518102
2004-07,rail_transport,Rail transportation,451
2004-07,water_transport,Water transportation,56652
2004-07,truck_transport,Truck transportation,1373041
2004-07,transit_ground,Transit and ground passenger transportation,317465
2004-07,pipeline,Pipeline transportation,37430
2004-07,other_transport_support,Other transportation and support activities,567274
2004-07,warehousing,Warehousing and storage,554023
2004-07,information,Information,3101525
2004-07,credit_intermediation,"Federal Reserve banks, credit intermediation, and related activities",2849863
2004-07,securities,"Securities, commodity contracts, and investments",774258
2004-07,insurance,Insurance carriers and related activities,2132659
2004-07,funds_trusts,"Funds, trusts, and other financial vehicles",85935
2004-07,real_estate,Real estate,1440113
2004-07,rental_leasing,Rental and leasing services and lessors of intangible assets,681851
2004-07,legal,Legal services,1178820
2004-07,computer_systems,Computer systems design and related services,1144100
2004-07,misc_professional,"Miscellaneous professional, scientific, and technical services",4437662
2004-07,management_companies,Management of companies and enterprises,1702623
2004-07,admin_support,Administrative and support services,7657485
2004-07,waste_remediation,Waste management and remediation services,334207
2004-07,education,Educational services,1947052
2004-07,ambulatory_health,Ambulatory health care services,4958781
2004-07,hospitals_nursing,"Hospitals, nursing and residential care facilities",7086051
2004-07,social_assistance,Social assistance,1983773
2004-07,performing_arts_museums,"Performing arts, spectator sports, museums, and related activities",540626
2004-07,amusement_recreation,"Amusements, gambling, and recreation industries",1585503
2004-07,accommodation,Accommodation,1912802
2004-07,food_services,Food services and drinking places,9013468
2004-07,other_services,"Other services, except government",4348271
2004-08,oil_gas_extraction,Oil and gas extraction,122072
2004-08,mining_except_oil_gas,"Mining, except oil and gas",211208
2004-08,support_mining,Support activities for mining,198349
2004-08,utilities,Utilities,565306
2004-08,construction,Construction,7232783
2004-08,wood_products,Wood products,560123
2004-08,nonmetallic_mineral,Nonmetallic mineral products,509993
2004-08,primary_metals,Primary metals,468086
2004-08,fabricated_metal,Fabricated metal products,1500887
2004-08,machinery,Machinery,1141787
2004-08,computer_electronic,Computer and electronic products,1321992
2004-08,electrical_equipment,"Electrical equipment, appliances, and components",443305
2004-08,motor_vehicles,"Motor vehicles, bodies and trailers, and parts",1122776
2004-08,other_transport_equipment,Other transportation equipment,654836
2004-08,furniture,Furniture and related products,571644
2004-08,misc_manufacturing,Miscellaneous manufacturing,657210
2004-08,food_beverage_tobacco,Food and beverage and tobacco products,1724934
2004-08,textiles,Textile mills and textile product mills,413547
2004-08,apparel_leather,Apparel and leather and allied products,326547
2004-08,paper,Paper products,493544
2004-08,printing,Printing and related support activities,658861
2004-08,petroleum_coal,Petroleum and coal products,115429
2004-08,chemicals,Chemical products,882251
2004-08,plastics_rubber,Plastics and rubber products,808158
2004-08,wholesale,Wholesale trade,5682197
2004-08,retail,Retail trade,15053029
2004-08,air_transport,Air transportation,517338
2004-08,rail_transport,Rail transportation,450
2004-08,water_transport,Water transportation,56980
2004-08,truck_transport,Truck transportation,1378389
2004-08,transit_ground,Transit and ground passenger transportation,319038
2004-08,pipeline,Pipeline transportation,37393
2004-08,other_transport_support,Other transportation and support activities,568198
2004-08,warehousing,Warehousing and storage,557238
2004-08,information,Information,3102351
2004-08,credit_intermediation,"Federal Reserve banks, credit intermediation, and related activities",2853087
2004-08,securities,"Securities, commodity contracts, and investments",774762
2004-08,insurance,Insurance carriers and related activities,2129834
2004-08,funds_trusts,"Funds, trusts, and other financial vehicles",86079
2004-08,real_estate,Real estate,1442153
2004-08,rental_leasing,Rental and leasing services and lessors of intangible assets,681981
2004-08,legal,Legal services,1170908
2004-08,computer_systems,Computer systems design and related services,1146950
2004-08,misc_professional,"Miscellaneous professional, scientific, and technical services",4454356
2004-08,management_companies,Management of companies and enterprises,1702755
2004-08,admin_support,Administrative and support services,7739152
2004-08,waste_remediation,Waste management and remediation services,333031
2004-08,education,Educational services,1931566
2004-08,ambulatory_health,Ambulatory health care services,4972681
2004-08,hospitals_nursing,"Hospitals, nursing and residential care facilities",7088160
2004-08,social_assistance,Social assistance,1992123
2004-08,performing_arts_museums,"Performing arts, spectator sports, museums, and related activities",537270
2004-08,amusement_recreation,"Amusements, gambling, and recreation industries",1558648
2004-08,accommodation,Accommodation,1910242
2004-08,food_services,Food services and drinking places,9061385
2004-08,other_services,"Other services, except government",4330379
2004-09,oil_gas_extraction,Oil and gas extraction,121200
2004-09,mining_except_oil_gas,"Mining, except oil and gas",210298
2004-09,support_mining,Support activities for mining,198987
2004-09,utilities,Utilities,562087
2004-09,construction,Construction,7190795
2004-09,wood_products,Wood products,558941
2004-09,nonmetallic_mineral,Nonmetallic mineral products,508617
2004-09,primary_metals,Primary metals,468765
2004-09,fabricated_metal,Fabricated metal products,1500442
2004-09,machinery,Machinery,1141790
2004-09,computer_electronic,Computer and electronic products,1315505
2004-09,electrical_equipment,"Electrical equipment, appliances, and components",443469
2004-09,motor_vehicles,"Motor vehicles, bodies and trailers, and parts",1121231
2004-09,other_transport_equipment,Other transportation equipment,656439
2004-09,furniture,Furniture and related products,569747
2004-09,misc_manufacturing,Miscellaneous manufacturing,655518
2004-09,food_beverage_tobacco,Food and beverage and tobacco products,1717926
2004-09,textiles,Textile mills and textile product mills,412378
2004-09,apparel_leather,Apparel and leather and allied products,324238
2004-09,paper,Paper products,494431
2004-09,printing,Printing and related support activities,656162
2004-09,petroleum_coal,Petroleum and coal products,114229
2004-09,chemicals,Chemical products,877022
2004-09,plastics_rubber,Plastics and rubber products,807538
2004-09,wholesale,Wholesale trade,5659252
2004-09,retail,Retail trade,14983105
2004-09,air_transport,Air transportation,515032
2004-09,rail_transport,Rail transportation,450
2004-09,water_transport,Water transportation,56277
2004-09,truck_transport,Truck transportation,1376709
2004-09,transit_ground,Transit and ground passenger transportation,389221
2004-09,pipeline,Pipeline transportation,37117
2004-09,other_transport_support,Other transportation and support activities,565299
2004-09,warehousing,Warehousing and storage,562074
2004-09,information,Information,3063834
2004-09,credit_intermediation,"Federal Reserve banks, credit intermediation, and related activities",2836911
2004-09,securities,"Securities, commodity contracts, and investments",767320
2004-09,insurance,Insurance carriers and related activities,2123159
2004-09,funds_trusts,"Funds, trusts, and other financial vehicles",86015
2004-09,real_estate,Real estate,1423941
2004-09,rental_leasing,Rental and leasing services and lessors of intangible assets,673874
2004-09,legal,Legal services,1154686
2004-09,computer_systems,Computer systems design and related services,1143045
2004-09,misc_professional,"Miscellaneous professional, scientific, and technical services",4437207
2004-09,management_companies,Management of companies and enterprises,1693938
2004-09,admin_support,Administrative and support services,7725838
2004-09,waste_remediation,Waste management and remediation services,331191
2004-09,education,Educational services,2063669
2004-09,ambulatory_health,Ambulatory health care services,4960739
2004-09,hospitals_nursing,"Hospitals, nursing and residential care facilities",7079676
2004-09,social_assistance,Social assistance,2016757
2004-09,performing_arts_museums,"Performing arts, spectator sports, museums, and related activities",521211
2004-09,amusement_recreation,"Amusements, gambling, and recreation industries",1434854
2004-09,accommodation,Accommodation,1830924
2004-09,food_services,Food services and drinking places,8992015
2004-09,other_services,"Other services, except government",4290925
2004-10,oil_gas_extraction,Oil and gas extraction,122362
2004-10,mining_except_oil_gas,"Mining, except oil and gas",208542
2004-10,support_mining,Support activities for mining,200867
2004-10,utilities,Utilities,561578
2004-10,construction,Construction,7191113
2004-10,wood_products,Wood products,556637
2004-10,nonmetallic_mineral,Nonmetallic mineral products,507034
2004-10,primary_metals,Primary metals,468497
2004-10,fabricated_metal,Fabricated metal products,1500226
2004-10,machinery,Machinery,1141280
2004-10,computer_electronic,Computer and electronic products,1313449
2004-10,electrical_equipment,"Electrical equipment, appliances, and components",443463
2004-10,motor_vehicles,"Motor vehicles, bodies and trailers, and parts",1119226
2004-10,other_transport_equipment,Other transportation equipment,656317
2004-10,furniture,Furniture and related products,566722
2004-10,misc_manufacturing,Miscellaneous manufacturing,654656
2004-10,food_beverage_tobacco,Food and beverage and tobacco products,1702486
2004-10,textiles,Textile mills and textile product mills,408318
2004-10,apparel_leather,Apparel and leather and allied products,319781
2004-10,paper,Paper products,490241
2004-10,printing,Printing and related support activities,654798
2004-10,petroleum_coal,Petroleum and coal products,114127
2004-10,chemicals,Chemical products,874479
2004-10,plastics_rubber,Plastics and rubber products,806280
2004-10,wholesale,Wholesale trade,5686756
2004-10,retail,Retail trade,15158708
2004-10,air_transport,Air transportation,512039
2004-10,rail_transport,Rail transportation,418
2004-10,water_transport,Water transportation,56210
2004-10,truck_transport,Truck transportation,1380170
2004-10,transit_ground,Transit and ground passenger transportation,398978
2004-10,pipeline,Pipeline transportation,37302
2004-10,other_transport_support,Other transportation and support activities,569605
2004-10,warehousing,Warehousing and storage,569967
2004-10,information,Information,3073807
2004-10,credit_intermediation,"Federal Reserve banks, credit intermediation, and related activities",2841285
2004-10,securities,"Securities, commodity contracts, and investments",773446
2004-10,insurance,Insurance carriers and related activities,2125973
2004-10,funds_trusts,"Funds, trusts, and other financial vehicles",85905
2004-10,real_estate,Real estate,1426027
2004-10,rental_leasing,Rental and leasing services and lessors of intangible assets,671198
2004-10,legal,Legal services,1162949
2004-10,computer_systems,Computer systems design and related services,1163972
2004-10,misc_professional,"Miscellaneous professional, scientific, and technical services",4489984
2004-10,management_companies,Management of companies and enterprises,1693750
2004-10,admin_support,Administrative and support services,7788173
2004-10,waste_remediation,Waste management and remediation services,329819
2004-10,education,Educational services,2157280
2004-10,ambulatory_health,Ambulatory health care services,5001623
2004-10,hospitals_nursing,"Hospitals, nursing and residential care facilities",7085985
2004-10,social_assistance,Social assistance,2033985
2004-10,performing_arts_museums,"Performing arts, spectator sports, museums, and related activities",500299
2004-10,amusement_recreation,"Amusements, gambling, and recreation industries",1325829
2004-10,accommodation,Accommodation,1779649
2004-10,food_services,Food services and drinking places,8887355
2004-10,other_services,"Other services, except government",4293141
2004-11,oil_gas_extraction,Oil and gas extraction,122735
2004-11,mining_except_oil_gas,"Mining, except oil and gas",207593
2004-11,support_mining,Support activities for mining,201907
2004-11,utilities,Utilities,561061
2004-11,construction,Construction,7114199
2004-11,wood_products,Wood products,554413
2004-11,nonmetallic_mineral,Nonmetallic mineral products,504887
2004-11,primary_metals,Primary metals,469266
2004-11,fabricated_metal,Fabricated metal products,1499717
2004-11,machinery,Machinery,1142750
2004-11,computer_electronic,Computer and electronic products,1312500
2004-11,electrical_equipment,"Electrical equipment, appliances, and components",443301
2004-11,motor_vehicles,"Motor vehicles, bodies and trailers, and parts",1117880
2004-11,other_transport_equipment,Other transportation equipment,658884
2004-11,furniture,Furniture and related products,565311
2004-11,misc_manufacturing,Miscellaneous manufacturing,656914
2004-11,food_beverage_tobacco,Food and beverage and tobacco products,1682864
2004-11,textiles,Textile mills and textile product mills,406258
2004-11,apparel_leather,Apparel and leather and allied products,317461
2004-11,paper,Paper products,489118
2004-11,printing,Printing and related support activities,655186
2004-11,petroleum_coal,Petroleum and coal products,113813
2004-11,chemicals,Chemical products,875580
2004-11,plastics_rubber,Plastics and rubber products,804024
2004-11,wholesale,Wholesale trade,5696103
2004-11,retail,Retail trade,15612002
2004-11,air_transport,Air transportation,511309
2004-11,rail_transport,Rail transportation,444
2004-11,water_transport,Water transportation,55697
2004-11,truck_transport,Truck transportation,1377703
2004-11,transit_ground,Transit and ground passenger transportation,398633
2004-11,pipeline,Pipeline transportation,37204
2004-11,other_transport_support,Other transportation and support activities,567430
2004-11,warehousing,Warehousing and storage,574541
2004-11,information,Information,3105725
2004-11,credit_intermediation,"Federal Reserve banks, credit intermediation, and related activities",2849918
2004-11,securities,"Securities, commodity contracts, and investments",775126
2004-11,insurance,Insurance carriers and related activities,2127870
2004-11,funds_trusts,"Funds, trusts, and other financial vehicles",86963
2004-11,real_estate,Real estate,1424802
2004-11,rental_leasing,Rental and leasing services and lessors of intangible assets,667532
2004-11,legal,Legal services,1164121
2004-11,computer_systems,Computer systems design and related services,1169850
2004-11,misc_professional,"Miscellaneous professional, scientific, and technical services",4534480
2004-11,management_companies,Management of companies and enterprises,1698957
2004-11,admin_support,Administrative and support services,7745281
2004-11,waste_remediation,Waste management and remediation services,328703
2004-11,education,Educational services,2186994
2004-11,ambulatory_health,Ambulatory health care services,5017464
2004-11,hospitals_nursing,"Hospitals, nursing and residential care facilities",7098952
2004-11,social_assistance,Social assistance,2044773
2004-11,performing_arts_museums,"Performing arts, spectator sports, museums, and related activities",482885
2004-11,amusement_recreation,"Amusements, gambling, and recreation industries",1248988
2004-11,accommodation,Accommodation,1745793
2004-11,food_services,Food services and drinking places,8866100
2004-11,other_services,"Other services, except government",4286990
2004-12,oil_gas_extraction,Oil and gas extraction,123418
2004-12,mining_except_oil_gas,"Mining, except oil and gas",205405
2004-12,support_mining,Support activities for mining,203741
2004-12,utilities,Utilities,560573
2004-12,construction,Construction,7015764
2004-12,wood_products,Wood products,553067
2004-12,nonmetallic_mineral,Nonmetallic mineral products,499824
2004-12,primary_metals,Primary metals,469501
2004-12,fabricated_metal,Fabricated metal products,1504975
2004-12,machinery,Machinery,1150335
2004-12,computer_electronic,Computer and electronic products,1314842
2004-12,electrical_equipment,"Electrical equipment, appliances, and components",444244
2004-12,motor_vehicles,"Motor vehicles, bodies and trailers, and parts",1120641
2004-12,other_transport_equipment,Other transportation equipment,663571
2004-12,furniture,Furniture and related products,566622
2004-12,misc_manufacturing,Miscellaneous manufacturing,656732
2004-12,food_beverage_tobacco,Food and beverage and tobacco products,1678376
2004-12,textiles,Textile mills and textile product mills,404061
2004-12,apparel_leather,Apparel and leather and allied products,314267
2004-12,paper,Paper products,490567
2004-12,printing,Printing and related support activities,655205
2004-12,petroleum_coal,Petroleum and coal products,112053
2004-12,chemicals,Chemical products,878517
2004-12,plastics_rubber,Plastics and rubber products,803543
2004-12,wholesale,Wholesale trade,5714399
2004-12,retail,Retail trade,15915510
2004-12,air_transport,Air transportation,512162
2004-12,rail_transport,Rail transportation,478
2004-12,water_transport,Water transportation,55892
2004-12,truck_transport,Truck transportation,1380300
2004-12,transit_ground,Transit and ground passenger transportation,399505
2004-12,pipeline,Pipeline transportation,37313
2004-12,other_transport_support,Other transportation and support activities,571891
2004-12,warehousing,Warehousing and storage,574080
2004-12,information,Information,3097108
2004-12,credit_intermediation,"Federal Reserve banks, credit intermediation, and related activities",2865920
2004-12,securities,"Securities, commodity contracts, and investments",780453
2004-12,insurance,Insurance carriers and related activities,2140690
2004-12,funds_trusts,"Funds, trusts, and other financial vehicles",87071
2004-12,real_estate,Real estate,1440128
2004-12,rental_leasing,Rental and leasing services and lessors of intangible assets,671109
2004-12,legal,Legal services,1173426
2004-12,computer_systems,Computer systems design and related services,1177630
2004-12,misc_professional,"Miscellaneous professional, scientific, and technical services",4615002
2004-12,management_companies,Management of companies and enterprises,1707045
2004-12,admin_support,Administrative and support services,7676067
2004-12,waste_remediation,Waste management and remediation services,328969
2004-12,education,Educational services,2158417
2004-12,ambulatory_health,Ambulatory health care services,5052151
2004-12,hospitals_nursing,"Hospitals, nursing and residential care facilities",7119343
2004-12,social_assistance,Social assistance,2050947
2004-12,performing_arts_museums,"Performing arts, spectator sports, museums, and related activities",481615
2004-12,amusement_recreation,"Amusements, gambling, and recreation industries",1246579
2004-12,accommodation,Accommodation,1743118
2004-12,food_services,Food services and drinking places,8899679
2004-12,other_services,"Other services, except government",4296216
2005-01,oil_gas_extraction,Oil and gas extraction,122863
2005-01,mining_except_oil_gas,"Mining, except oil and gas",198045
2005-01,support_mining,Support activities for mining,206343
2005-01,utilities,Utilities,548599
2005-01,construction,Construction,6625110
2005-01,wood_products,Wood products,543764
2005-01,nonmetallic_mineral,Nonmetallic mineral products,482157
2005-01,primary_metals,Primary metals,465865
2005-01,fabricated_metal,Fabricated metal products,1495754
2005-01,machinery,Machinery,1145321
2005-01,computer_electronic,Computer and electronic products,1308096
2005-01,electrical_equipment,"Electrical equipment, appliances, and components",438768
2005-01,motor_vehicles,"Motor vehicles, bodies and trailers, and parts",1095515
2005-01,other_transport_equipment,Other transportation equipment,661112
2005-01,furniture,Furniture and related products,562775
2005-01,misc_manufacturing,Miscellaneous manufacturing,644041
2005-01,food_beverage_tobacco,Food and beverage and tobacco products,1642149
2005-01,textiles,Textile mills and textile product mills,395972
2005-01,apparel_leather,Apparel and leather and allied products,300500
2005-01,paper,Paper products,488889
2005-01,printing,Printing and related support activities,645383
2005-01,petroleum_coal,Petroleum and coal products,107823
2005-01,chemicals,Chemical products,873548
2005-01,plastics_rubber,Plastics and rubber products,798385
2005-01,wholesale,Wholesale trade,5639697
2005-01,retail,Retail trade,14998194
2005-01,air_transport,Air transportation,507464
2005-01,rail_transport,Rail transportation,534
2005-01,water_transport,Water transportation,55409
2005-01,truck_transport,Truck transportation,1339875
2005-01,transit_ground,Transit and ground passenger transportation,392488
2005-01,pipeline,Pipeline transportation,37503
2005-01,other_transport_support,Other transportation and support activities,558521
2005-01,warehousing,Warehousing and storage,571559
2005-01,information,Information,3037821
2005-01,credit_intermediation,"Federal Reserve banks, credit intermediation, and related activities",2846818
2005-01,securities,"Securities, commodity contracts, and investments",777618
2005-01,insurance,Insurance carriers and related activities,2114877
2005-01,funds_trusts,"Funds, trusts, and other financial vehicles",86670
2005-01,real_estate,Real estate,1400395
2005-01,rental_leasing,Rental and leasing services and lessors of intangible assets,652974
2005-01,legal,Legal services,1148774
2005-01,computer_systems,Computer systems design and related services,1164994
2005-01,misc_professional,"Miscellaneous professional, scientific, and technical services",4619595
2005-01,management_companies,Management of companies and enterprises,1729552
2005-01,admin_support,Administrative and support services,7194454
2005-01,waste_remediation,Waste management and remediation services,326070
2005-01,education,Educational services,2078590
2005-01,ambulatory_health,Ambulatory health care services,4984830
2005-01,hospitals_nursing,"Hospitals, nursing and residential care facilities",7055801
2005-01,social_assistance,Social assistance,2045040
2005-01,performing_arts_museums,"Performing arts, spectator sports, museums, and related activities",437664
2005-01,amusement_recreation,"Amusements, gambling, and recreation industries",1188363
2005-01,accommodation,Accommodation,1701868
2005-01,food_services,Food services and drinking places,8631790
2005-01,other_services,"Other services, except government",4212816
2005-02,oil_gas_extraction,Oil and gas extraction,122990
2005-02,mining_except_oil_gas,"Mining, except oil and gas",198931
2005-02,support_mining,Support activities for mining,208858
2005-02,utilities,Utilities,547550
2005-02,construction,Construction,6655621
2005-02,wood_products,Wood products,544745
2005-02,nonmetallic_mineral,Nonmetallic mineral products,482971
2005-02,primary_metals,Primary metals,466520
2005-02,fabricated_metal,Fabricated metal products,1498073
2005-02,machinery,Machinery,1149639
2005-02,computer_electronic,Computer and electronic products,1309083
2005-02,electrical_equipment,"Electrical equipment, appliances, and components",437428
2005-02,motor_vehicles,"Motor vehicles, bodies and trailers, and parts",1112528
2005-02,other_transport_equipment,Other transportation equipment,663955
2005-02,furniture,Furniture and related products,563290
2005-02,misc_manufacturing,Miscellaneous manufacturing,645719
2005-02,food_beverage_tobacco,Food and beverage and tobacco products,1638190
2005-02,textiles,Textile mills and textile product mills,394574
2005-02,apparel_leather,Apparel and leather and allied products,301206
2005-02,paper,Paper products,486934
2005-02,printing,Printing and related support activities,644095
2005-02,petroleum_coal,Petroleum and coal products,108261
2005-02,chemicals,Chemical products,873757
2005-02,plastics_rubber,Plastics and rubber products,798429
2005-02,wholesale,Wholesale trade,5654173
2005-02,retail,Retail trade,14824903
2005-02,air_transport,Air transportation,504268
2005-02,rail_transport,Rail transportation,538
2005-02,water_transport,Water transportation,55618
2005-02,truck_transport,Truck transportation,1342965
2005-02,transit_ground,Transit and ground passenger transportation,394889
2005-02,pipeline,Pipeline transportation,37432
2005-02,other_transport_support,Other transportation and support activities,561810
2005-02,warehousing,Warehousing and storage,571614
2005-02,information,Information,3042421
2005-02,credit_intermediation,"Federal Reserve banks, credit intermediation, and related activities",2851123
2005-02,securities,"Securities, commodity contracts, and investments",783028
2005-02,insurance,Insurance carriers and related activities,2121690
2005-02,funds_trusts,"Funds, trusts, and other financial vehicles",87961
2005-02,real_estate,Real estate,1404850
2005-02,rental_leasing,Rental and leasing services and lessors of intangible assets,655546
2005-02,legal,Legal services,1149060
2005-02,computer_systems,Computer systems design and related services,1172938
2005-02,misc_professional,"Miscellaneous professional, scientific, and technical services",4677486
2005-02,management_companies,Management of companies and enterprises,1729593
2005-02,admin_support,Administrative and support services,7275231
2005-02,waste_remediation,Waste management and remediation services,326239
2005-02,education,Educational services,2167976
2005-02,ambulatory_health,Ambulatory health care services,5008199
2005-02,hospitals_nursing,"Hospitals, nursing and residential care facilities",7067511
2005-02,social_assistance,Social assistance,2058970
2005-02,performing_arts_museums,"Performing arts, spectator sports, museums, and related activities",441864
2005-02,amusement_recreation,"Amusements, gambling, and recreation industries",1202265
2005-02,accommodation,Accommodation,1717059
2005-02,food_services,Food services and drinking places,8708893
2005-02,other_services,"Other services, except government",4242690
2005-03,oil_gas_extraction,Oil and gas extraction,123383
2005-03,mining_except_oil_gas,"Mining, except oil and gas",201766
2005-03,support_mining,Support activities for mining,211854
2005-03,utilities,Utilities,550528
2005-03,construction,Construction,6801693
2005-03,wood_products,Wood products,548696
2005-03,nonmetallic_mineral,Nonmetallic mineral products,489703
2005-03,primary_metals,Primary metals,467362
2005-03,fabricated_metal,Fabricated metal products,1506425
2005-03,machinery,Machinery,1154370
2005-03,computer_electronic,Computer and electronic products,1307897
2005-03,electrical_equipment,"Electrical equipment, appliances, and components",437002
2005-03,motor_vehicles,"Motor vehicles, bodies and trailers, and parts",1112721
2005-03,other_transport_equipment,Other transportation equipment,666559
2005-03,furniture,Furniture and related products,565456
2005-03,misc_manufacturing,Miscellaneous manufacturing,646579
2005-03,food_beverage_tobacco,Food and beverage and tobacco products,1639195
2005-03,textiles,Textile mills and textile product mills,394312
2005-03,apparel_leather,Apparel and leather and allied products,302588
2005-03,paper,Paper products,486718
2005-03,printing,Printing and related support activities,645508
2005-03,petroleum_coal,Petroleum and coal products,109075
2005-03,chemicals,Chemical products,874861
2005-03,plastics_rubber,Plastics and rubber products,799912
2005-03,wholesale,Wholesale trade,5678735
2005-03,retail,Retail trade,14899159
2005-03,air_transport,Air transportation,502779
2005-03,rail_transport,Rail transportation,569
2005-03,water_transport,Water transportation,55918
2005-03,truck_transport,Truck transportation,1354022
2005-03,transit_ground,Transit and ground passenger transportation,396702
2005-03,pipeline,Pipeline transportation,37453
2005-03,other_transport_support,Other transportation and support activities,563864
2005-03,warehousing,Warehousing and storage,575094
2005-03,information,Information,3044649
2005-03,credit_intermediation,"Federal Reserve banks, credit intermediation, and related activities",2855271
2005-03,securities,"Securities, commodity contracts, and investments",780283
2005-03,insurance,Insurance carriers and related activities,2124720
2005-03,funds_trusts,"Funds, trusts, and other financial vehicles",87408
2005-03,real_estate,Real estate,1412666
2005-03,rental_leasing,Rental and leasing services and lessors of intangible assets,660311
2005-03,legal,Legal services,1152068
2005-03,computer_systems,Computer systems design and related services,1173664
2005-03,misc_professional,"Miscellaneous professional, scientific, and technical services",4678881
2005-03,management_companies,Management of companies and enterprises,1731845
2005-03,admin_support,Administrative and support services,7396759
2005-03,waste_remediation,Waste management and remediation services,328346
2005-03,education,Educational services,2181887
2005-03,ambulatory_health,Ambulatory health care services,5027410
2005-03,hospitals_nursing,"Hospitals, nursing and residential care facilities",7089432
2005-03,social_assistance,Social assistance,2071128
2005-03,performing_arts_museums,"Performing arts, spectator sports, museums, and related activities",461120
2005-03,amusement_recreation,"Amusements, gambling, and recreation industries",1240888
2005-03,accommodation,Accommodation,1742470
2005-03,food_services,Food services and drinking places,8880527
2005-03,other_services,"Other services, except government",4284985
2005-04,oil_gas_extraction,Oil and gas extraction,123074
2005-04,mining_except_oil_gas,"Mining, except oil and gas",209319
2005-04,support_mining,Support activities for mining,215441
2005-04,utilities,Utilities,549773
2005-04,construction,Construction,7109345
2005-04,wood_products,Wood products,554786
2005-04,nonmetallic_mineral,Nonmetallic mineral products,502444
2005-04,primary_metals,Primary metals,465564
2005-04,fabricated_metal,Fabricated metal products,1511525
2005-04,machinery,Machinery,1157107
2005-04,computer_electronic,Computer and electronic products,1305991
2005-04,electrical_equipment,"Electrical equipment, appliances, and components",434535
2005-04,motor_vehicles,"Motor vehicles, bodies and trailers, and parts",1108774
2005-04,other_transport_equipment,Other transportation equipment,670007
2005-04,furniture,Furniture and related products,566378
2005-04,misc_manufacturing,Miscellaneous manufacturing,646360
2005-04,food_beverage_tobacco,Food and beverage and tobacco products,1639503
2005-04,textiles,Textile mills and textile product mills,391792
2005-04,apparel_leather,Apparel and leather and allied products,302180
2005-04,paper,Paper products,484216
2005-04,printing,Printing and related support activities,646820
2005-04,petroleum_coal,Petroleum and coal products,110728
2005-04,chemicals,Chemical products,873410
2005-04,plastics_rubber,Plastics and rubber products,800575
2005-04,wholesale,Wholesale trade,5729288
2005-04,retail,Retail trade,15016880
2005-04,air_transport,Air transportation,500895
2005-04,rail_transport,Rail transportation,583
2005-04,water_transport,Water transportation,57806
2005-04,truck_transport,Truck transportation,1374441
2005-04,transit_ground,Transit and ground passenger transportation,401205
2005-04,pipeline,Pipeline transportation,37713
2005-04,other_transport_support,Other transportation and support activities,571166
2005-04,warehousing,Warehousing and storage,575555
2005-04,information,Information,3046709
2005-04,credit_intermediation,"Federal Reserve banks, credit intermediation, and related activities",2862932
2005-04,securities,"Securities, commodity contracts, and investments",783818
2005-04,insurance,Insurance carriers and related activities,2128362
2005-04,funds_trusts,"Funds, trusts, and other financial vehicles",87544
2005-04,real_estate,Real estate,1435764
2005-04,rental_leasing,Rental and leasing services and lessors of intangible assets,673540
2005-04,legal,Legal services,1159318
2005-04,computer_systems,Computer systems design and related services,1182912
2005-04,misc_professional,"Miscellaneous professional, scientific, and technical services",4719428
2005-04,management_companies,Management of companies and enterprises,1735006
2005-04,admin_support,Administrative and support services,7648425
2005-04,waste_remediation,Waste management and remediation services,334400
2005-04,education,Educational services,2208902
2005-04,ambulatory_health,Ambulatory health care services,5071220
2005-04,hospitals_nursing,"Hospitals, nursing and residential care facilities",7102810
2005-04,social_assistance,Social assistance,2095428
2005-04,performing_arts_museums,"Performing arts, spectator sports, museums, and related activities",505853
2005-04,amusement_recreation,"Amusements, gambling, and recreation industries",1338182
2005-04,accommodation,Accommodation,1781614
2005-04,food_services,Food services and drinking places,9078493
2005-04,other_services,"Other services, except government",4325959
2005-05,oil_gas_extraction,Oil and gas extraction,123807
2005-05,mining_except_oil_gas,"Mining, except oil and gas",213093
2005-05,support_mining,Support activities for mining,218431
2005-05,utilities,Utilities,550616
2005-05,construction,Construction,7285970
2005-05,wood_products,Wood products,558214
2005-05,nonmetallic_mineral,Nonmetallic mineral products,508277
2005-05,primary_metals,Primary metals,464846
2005-05,fabricated_metal,Fabricated metal products,1514456
2005-05,machinery,Machinery,1157925
2005-05,computer_electronic,Computer and electronic products,1305668
2005-05,electrical_equipment,"Electrical equipment, appliances, and components",433966
2005-05,motor_vehicles,"Motor vehicles, bodies and trailers, and parts",1114433
2005-05,other_transport_equipment,Other transportation equipment,671729
2005-05,furniture,Furniture and related products,566309
2005-05,misc_manufacturing,Miscellaneous manufacturing,647477
2005-05,food_beverage_tobacco,Food and beverage and tobacco products,1649014
2005-05,textiles,Textile mills and textile product mills,390399
2005-05,apparel_leather,Apparel and leather and allied products,301062
2005-05,paper,Paper products,484349
2005-05,printing,Printing and related support activities,646645
2005-05,petroleum_coal,Petroleum and coal products,112470
2005-05,chemicals,Chemical products,873684
2005-05,plastics_rubber,Plastics and rubber products,801762
2005-05,wholesale,Wholesale trade,5754844
2005-05,retail,Retail trade,15131442
2005-05,air_transport,Air transportation,502122
2005-05,rail_transport,Rail transportation,565
2005-05,water_transport,Water transportation,59373
2005-05,truck_transport,Truck transportation,1387034
2005-05,transit_ground,Transit and ground passenger transportation,402175
2005-05,pipeline,Pipeline transportation,37784
2005-05,other_transport_support,Other transportation and support activities,579073
2005-05,warehousing,Warehousing and storage,575942
2005-05,information,Information,3055630
2005-05,credit_intermediation,"Federal Reserve banks, credit intermediation, and related activities",2870097
2005-05,securities,"Securities, commodity contracts, and investments",784746
2005-05,insurance,Insurance carriers and related activities,2131031
2005-05,funds_trusts,"Funds, trusts, and other financial vehicles",87578
2005-05,real_estate,Real estate,1448963
2005-05,rental_leasing,Rental and leasing services and lessors of intangible assets,677194
2005-05,legal,Legal services,1162677
2005-05,computer_systems,Computer systems design and related services,1186402
2005-05,misc_professional,"Miscellaneous professional, scientific, and technical services",4602582
2005-05,management_companies,Management of companies and enterprises,1737352
2005-05,admin_support,Administrative and support services,7763386
2005-05,waste_remediation,Waste management and remediation services,337144
2005-05,education,Educational services,2185585
2005-05,ambulatory_health,Ambulatory health care services,5092869
2005-05,hospitals_nursing,"Hospitals, nursing and residential care facilities",7117244
2005-05,social_assistance,Social assistance,2107510
2005-05,performing_arts_museums,"Performing arts, spectator sports, museums, and related activities",524437
2005-05,amusement_recreation,"Amusements, gambling, and recreation industries",1429243
2005-05,accommodation,Accommodation,1822992
2005-05,food_services,Food services and drinking places,9221384
2005-05,other_services,"Other services, except government",4354425
2005-06,oil_gas_extraction,Oil and gas extraction,126320
2005-06,mining_except_oil_gas,"Mining, except oil and gas",217324
2005-06,support_mining,Support activities for mining,222063
2005-06,utilities,Utilities,552716
2005-06,construction,Construction,7457535
2005-06,wood_products,Wood products,566664
2005-06,nonmetallic_mineral,Nonmetallic mineral products,514035
2005-06,primary_metals,Primary metals,465297
2005-06,fabricated_metal,Fabricated metal products,1523520
2005-06,machinery,Machinery,1164161
2005-06,computer_electronic,Computer and electronic products,1312099
2005-06,electrical_equipment,"Electrical equipment, appliances, and components",434388
2005-06,motor_vehicles,"Motor vehicles, bodies and trailers, and parts",1103858
2005-06,other_transport_equipment,Other transportation equipment,676314
2005-06,furniture,Furniture and related products,568917
2005-06,misc_manufacturing,Miscellaneous manufacturing,650500
2005-06,food_beverage_tobacco,Food and beverage and tobacco products,1673729
2005-06,textiles,Textile mills and textile product mills,389980
2005-06,apparel_leather,Apparel and leather and allied products,300149
2005-06,paper,Paper products,486524
2005-06,printing,Printing and related support activities,647808
2005-06,petroleum_coal,Petroleum and coal products,114328
2005-06,chemicals,Chemical products,877713
2005-06,plastics_rubber,Plastics and rubber products,803872
2005-06,wholesale,Wholesale trade,5780344
2005-06,retail,Retail trade,15215983
2005-06,air_transport,Air transportation,502798
2005-06,rail_transport,Rail transportation,551
2005-06,water_transport,Water transportation,60665
2005-06,truck_transport,Truck transportation,1402431
2005-06,transit_ground,Transit and ground passenger transportation,382163
2005-06,pipeline,Pipeline transportation,38039
2005-06,other_transport_support,Other transportation and support activities,583450
2005-06,warehousing,Warehousing and storage,580322
2005-06,information,Information,3068994
2005-06,credit_intermediation,"Federal Reserve banks, credit intermediation, and related activities",2887699
2005-06,securities,"Securities, commodity contracts, and investments",793608
2005-06,insurance,Insurance carriers and related activities,2139589
2005-06,funds_trusts,"Funds, trusts, and other financial vehicles",88460
2005-06,real_estate,Real estate,1471251
2005-06,rental_leasing,Rental and leasing services and lessors of intangible assets,688158
2005-06,legal,Legal services,1185389
2005-06,computer_systems,Computer systems design and related services,1189531
2005-06,misc_professional,"Miscellaneous professional, scientific, and technical services",4637727
2005-06,management_companies,Management of companies and enterprises,1749341
2005-06,admin_support,Administrative and support services,7839148
2005-06,waste_remediation,Waste management and remediation services,341582
2005-06,education,Educational services,2079174
2005-06,ambulatory_health,Ambulatory health care services,5110187
2005-06,hospitals_nursing,"Hospitals, nursing and residential care facilities",7157060
2005-06,social_assistance,Social assistance,2087775
2005-06,performing_arts_museums,"Performing arts, spectator sports, museums, and related activities",531859
2005-06,amusement_recreation,"Amusements, gambling, and recreation industries",1570198
2005-06,accommodation,Accommodation,1893742
2005-06,food_services,Food services and drinking places,9314890
2005-06,other_services,"Other services, except government",4394243
2005-07,oil_gas_extraction,Oil and gas extraction,127449
2005-07,mining_except_oil_gas,"Mining, except oil and gas",217602
2005-07,support_mining,Support activities for mining,226064
2005-07,utilities,Utilities,553097
2005-07,construction,Construction,7574708
2005-07,wood_products,Wood products,566829
2005-07,nonmetallic_mineral,Nonmetallic mineral products,514854
2005-07,primary_metals,Primary metals,461377
2005-07,fabricated_metal,Fabricated metal products,1516687
2005-07,machinery,Machinery,1160063
2005-07,computer_electronic,Computer and electronic products,1312754
2005-07,electrical_equipment,"Electrical equipment, appliances, and components",432293
2005-07,motor_vehicles,"Motor vehicles, bodies and trailers, and parts",1039785
2005-07,other_transport_equipment,Other transportation equipment,678848
2005-07,furniture,Furniture and related products,564706
2005-07,misc_manufacturing,Miscellaneous manufacturing,646889
2005-07,food_beverage_tobacco,Food and beverage and tobacco products,1696933
2005-07,textiles,Textile mills and textile product mills,384443
2005-07,apparel_leather,Apparel and leather and allied products,295393
2005-07,paper,Paper products,483976
2005-07,printing,Printing and related support activities,647058
2005-07,petroleum_coal,Petroleum and coal products,115475
2005-07,chemicals,Chemical products,875425
2005-07,plastics_rubber,Plastics and rubber products,797644
2005-07,wholesale,Wholesale trade,5795103
2005-07,retail,Retail trade,15254482
2005-07,air_transport,Air transportation,504141
2005-07,rail_transport,Rail transportation,556
2005-07,water_transport,Water transportation,60939
2005-07,truck_transport,Truck transportation,1410088
2005-07,transit_ground,Transit and ground passenger transportation,323267
2005-07,pipeline,Pipeline transportation,38310
2005-07,other_transport_support,Other transportation and support activities,587108
2005-07,warehousing,Warehousing and storage,582147
2005-07,information,Information,3065855
2005-07,credit_intermediation,"Federal Reserve banks, credit intermediation, and related activities",2907815
2005-07,securities,"Securities, commodity contracts, and investments",804647
2005-07,insurance,Insurance carriers and related activities,2145407
2005-07,funds_trusts,"Funds, trusts, and other financial vehicles",89154
2005-07,real_estate,Real estate,1487962
2005-07,rental_leasing,Rental and leasing services and lessors of intangible assets,682611
2005-07,legal,Legal services,1187653
2005-07,computer_systems,Computer systems design and related services,1198965
2005-07,misc_professional,"Miscellaneous professional, scientific, and technical services",4662431
2005-07,management_companies,Management of companies and enterprises,1752186
2005-07,admin_support,Administrative and support services,7846015
2005-07,waste_remediation,Waste management and remediation services,345045
2005-07,education,Educational services,2004189
2005-07,ambulatory_health,Ambulatory health care services,5134421
2005-07,hospitals_nursing,"Hospitals, nursing and residential care facilities",7173563
2005-07,social_assistance,Social assistance,2058458
2005-07,performing_arts_museums,"Performing arts, spectator sports, museums, and related activities",537299
2005-07,amusement_recreation,"Amusements, gambling, and recreation industries",1607331
2005-07,accommodation,Accommodation,1948007
2005-07,food_services,Food services and drinking places,9241630
2005-07,other_services,"Other services, except government",4385304
2005-08,oil_gas_extraction,Oil and gas extraction,127411
2005-08,mining_except_oil_gas,"Mining, except oil and gas",217402
2005-08,support_mining,Support activities for mining,229765
2005-08,utilities,Utilities,552597
2005-08,construction,Construction,7620327
2005-08,wood_products,Wood products,567283
2005-08,nonmetallic_mineral,Nonmetallic mineral products,515862
2005-08,primary_metals,Primary metals,463169
2005-08,fabricated_metal,Fabricated metal products,1522164
2005-08,machinery,Machinery,1160545
2005-08,computer_electronic,Computer and electronic products,1312003
2005-08,electrical_equipment,"Electrical equipment, appliances, and components",431589
2005-08,motor_vehicles,"Motor vehicles, bodies and trailers, and parts",1092996
2005-08,other_transport_equipment,Other transportation equipment,678461
2005-08,furniture,Furniture and related products,567197
2005-08,misc_manufacturing,Miscellaneous manufacturing,649759
2005-08,food_beverage_tobacco,Food and beverage and tobacco products,1713432
2005-08,textiles,Textile mills and textile product mills,383919
2005-08,apparel_leather,Apparel and leather and allied products,296184
2005-08,paper,Paper products,482337
2005-08,printing,Printing and related support activities,647062
2005-08,petroleum_coal,Petroleum and coal products,115568
2005-08,chemicals,Chemical products,873791
2005-08,plastics_rubber,Plastics and rubber products,801087
2005-08,wholesale,Wholesale trade,5797424
2005-08,retail,Retail trade,15294483
2005-08,air_transport,Air transportation,502019
2005-08,rail_transport,Rail transportation,543
2005-08,water_transport,Water transportation,61373
2005-08,truck_transport,Truck transportation,1416064
2005-08,transit_ground,Transit and ground passenger transportation,323908
2005-08,pipeline,Pipeline transportation,38175
2005-08,other_transport_support,Other transportation and support activities,590679
2005-08,warehousing,Warehousing and storage,585965
2005-08,information,Information,3067224
2005-08,credit_intermediation,"Federal Reserve banks, credit intermediation, and related activities",2917217
2005-08,securities,"Securities, commodity contracts, and investments",806174
2005-08,insurance,Insurance carriers and related activities,2148115
2005-08,funds_trusts,"Funds, trusts, and other financial vehicles",88672
2005-08,real_estate,Real estate,1491627
2005-08,rental_leasing,Rental and leasing services and lessors of intangible assets,681994
2005-08,legal,Legal services,1181681
2005-08,computer_systems,Computer systems design and related services,1204953
2005-08,misc_professional,"Miscellaneous professional, scientific, and technical services",4682539
2005-08,management_companies,Management of companies and enterprises,1752372
2005-08,admin_support,Administrative and support services,7959547
2005-08,waste_remediation,Waste management and remediation services,343783
2005-08,education,Educational services,1996897
2005-08,ambulatory_health,Ambulatory health care services,5152410
2005-08,hospitals_nursing,"Hospitals, nursing and residential care facilities",7180166
2005-08,social_assistance,Social assistance,2071546
2005-08,performing_arts_museums,"Performing arts, spectator sports, museums, and related activities",538836
2005-08,amusement_recreation,"Amusements, gambling, and recreation industries",1580481
2005-08,accommodation,Accommodation,1942010
2005-08,food_services,Food services and drinking places,9291559
2005-08,other_services,"Other services, except government",4372446
2005-09,oil_gas_extraction,Oil and gas extraction,126738
2005-09,mining_except_oil_gas,"Mining, except oil and gas",216744
2005-09,support_mining,Support activities for mining,232420
2005-09,utilities,Utilities,550164
2005-09,construction,Construction,7605362
2005-09,wood_products,Wood products,565635
2005-09,nonmetallic_mineral,Nonmetallic mineral products,513888
2005-09,primary_metals,Primary metals,464437
2005-09,fabricated_metal,Fabricated metal products,1522440
2005-09,machinery,Machinery,1159229
2005-09,computer_electronic,Computer and electronic products,1305343
2005-09,electrical_equipment,"Electrical equipment, appliances, and components",430769
2005-09,motor_vehicles,"Motor vehicles, bodies and trailers, and parts",1099879
2005-09,other_transport_equipment,Other transportation equipment,655603
2005-09,furniture,Furniture and related products,565180
2005-09,misc_manufacturing,Miscellaneous manufacturing,647773
2005-09,food_beverage_tobacco,Food and beverage and tobacco products,1709032
2005-09,textiles,Textile mills and textile product mills,380563
2005-09,apparel_leather,Apparel and leather and allied products,295311
2005-09,paper,Paper products,479299
2005-09,printing,Printing and related support activities,643938
2005-09,petroleum_coal,Petroleum and coal products,114448
2005-09,chemicals,Chemical products,869593
2005-09,plastics_rubber,Plastics and rubber products,800980
2005-09,wholesale,Wholesale trade,5785460
2005-09,retail,Retail trade,15218181
2005-09,air_transport,Air transportation,495884
2005-09,rail_transport,Rail transportation,570
2005-09,water_transport,Water transportation,60608
2005-09,truck_transport,Truck transportation,1416811
2005-09,transit_ground,Transit and ground passenger transportation,398210
2005-09,pipeline,Pipeline transportation,37959
2005-09,other_transport_support,Other transportation and support activities,586365
2005-09,warehousing,Warehousing and storage,590152
2005-09,information,Information,3054959
2005-09,credit_intermediation,"Federal Reserve banks, credit intermediation, and related activities",2912420
2005-09,securities,"Securities, commodity contracts, and investments",797513
2005-09,insurance,Insurance carriers and related activities,2143282
2005-09,funds_trusts,"Funds, trusts, and other financial vehicles",88860
2005-09,real_estate,Real estate,1478531
2005-09,rental_leasing,Rental and leasing services and lessors of intangible assets,671971
2005-09,legal,Legal services,1166327
2005-09,computer_systems,Computer systems design and related services,1204717
2005-09,misc_professional,"Miscellaneous professional, scientific, and technical services",4672794
2005-09,management_companies,Management of companies and enterprises,1746488
2005-09,admin_support,Administrative and support services,8024364
2005-09,waste_remediation,Waste management and remediation services,344635
2005-09,education,Educational services,2138963
2005-09,ambulatory_health,Ambulatory health care services,5148276
2005-09,hospitals_nursing,"Hospitals, nursing and residential care facilities",7181474
2005-09,social_assistance,Social assistance,2098197
2005-09,performing_arts_museums,"Performing arts, spectator sports, museums, and related activities",527940
2005-09,amusement_recreation,"Amusements, gambling, and recreation industries",1437024
2005-09,accommodation,Accommodation,1865747
2005-09,food_services,Food services and drinking places,9199153
2005-09,other_services,"Other services, except government",4339390
2005-10,oil_gas_extraction,Oil and gas extraction,128177
2005-10,mining_except_oil_gas,"Mining, except oil and gas",216263
2005-10,support_mining,Support activities for mining,233535
2005-10,utilities,Utilities,550655
2005-10,construction,Construction,7557946
2005-10,wood_products,Wood products,564158
2005-10,nonmetallic_mineral,Nonmetallic mineral products,511162
2005-10,primary_metals,Primary metals,463391
2005-10,fabricated_metal,Fabricated metal products,1521881
2005-10,machinery,Machinery,1157728
2005-10,computer_electronic,Computer and electronic products,1303161
2005-10,electrical_equipment,"Electrical equipment, appliances, and components",429751
2005-10,motor_vehicles,"Motor vehicles, bodies and trailers, and parts",1095216
2005-10,other_transport_equipment,Other transportation equipment,675598
2005-10,furniture,Furniture and related products,562723
2005-10,misc_manufacturing,Miscellaneous manufacturing,648150
2005-10,food_beverage_tobacco,Food and beverage and tobacco products,1691242
2005-10,textiles,Textile mills and textile product mills,376335
2005-10,apparel_leather,Apparel and leather and allied products,290461
2005-10,paper,Paper products,477492
2005-10,printing,Printing and related support activities,642369
2005-10,petroleum_coal,Petroleum and coal products,113484
2005-10,chemicals,Chemical products,866528
2005-10,plastics_rubber,Plastics and rubber products,797989
2005-10,wholesale,Wholesale trade,5789150
2005-10,retail,Retail trade,15330020
2005-10,air_transport,Air transportation,490910
2005-10,rail_transport,Rail transportation,492
2005-10,water_transport,Water transportation,59452
2005-10,truck_transport,Truck transportation,1406984
2005-10,transit_ground,Transit and ground passenger transportation,401062
2005-10,pipeline,Pipeline transportation,38095
2005-10,other_transport_support,Other transportation and support activities,587373
2005-10,warehousing,Warehousing and storage,595311
2005-10,information,Information,3044991
2005-10,credit_intermediation,"Federal Reserve banks, credit intermediation, and related activities",2917517
2005-10,securities,"Securities, commodity contracts, and investments",801515
2005-10,insurance,Insurance carriers and related activities,2147994
2005-10,funds_trusts,"Funds, trusts, and other financial vehicles",90222
2005-10,real_estate,Real estate,1473911
2005-10,rental_leasing,Rental and leasing services and lessors of intangible assets,664048
2005-10,legal,Legal services,1171294
2005-10,computer_systems,Computer systems design and related services,1220746
2005-10,misc_professional,"Miscellaneous professional, scientific, and technical services",4715341
2005-10,management_companies,Management of companies and enterprises,1744896
2005-10,admin_support,Administrative and support services,7979892
2005-10,waste_remediation,Waste management and remediation services,344171
2005-10,education,Educational services,2224946
2005-10,ambulatory_health,Ambulatory health care services,5162802
2005-10,hospitals_nursing,"Hospitals, nursing and residential care facilities",7168121
2005-10,social_assistance,Social assistance,2107634
2005-10,performing_arts_museums,"Performing arts, spectator sports, museums, and related activities",501656
2005-10,amusement_recreation,"Amusements, gambling, and recreation industries",1330242
2005-10,accommodation,Accommodation,1800672
2005-10,food_services,Food services and drinking places,9041695
2005-10,other_services,"Other services, except government",4312943
2005-11,oil_gas_extraction,Oil and gas extraction,128783
2005-11,mining_except_oil_gas,"Mining, except oil and gas",215914
2005-11,support_mining,Support activities for mining,235378
2005-11,utilities,Utilities,550466
2005-11,construction,Construction,7531124
2005-11,wood_products,Wood products,564040
2005-11,nonmetallic_mineral,Nonmetallic mineral products,510743
2005-11,primary_metals,Primary metals,464000
2005-11,fabricated_metal,Fabricated metal products,1525615
2005-11,machinery,Machinery,1159949
2005-11,computer_electronic,Computer and electronic products,1303095
2005-11,electrical_equipment,"Electrical equipment, appliances, and components",430648
2005-11,motor_vehicles,"Motor vehicles, bodies and trailers, and parts",1102500
2005-11,other_transport_equipment,Other transportation equipment,679410
2005-11,furniture,Furniture and related products,562413
2005-11,misc_manufacturing,Miscellaneous manufacturing,650387
2005-11,food_beverage_tobacco,Food and beverage and tobacco products,1675483
2005-11,textiles,Textile mills and textile product mills,375258
2005-11,apparel_leather,Apparel and leather and allied products,288690
2005-11,paper,Paper products,476534
2005-11,printing,Printing and related support activities,642057
2005-11,petroleum_coal,Petroleum and coal products,113576
2005-11,chemicals,Chemical products,867127
2005-11,plastics_rubber,Plastics and rubber products,797819
2005-11,wholesale,Wholesale trade,5801723
2005-11,retail,Retail trade,15792194
2005-11,air_transport,Air transportation,491231
2005-11,rail_transport,Rail transportation,476
2005-11,water_transport,Water transportation,58809
2005-11,truck_transport,Truck transportation,1409458
2005-11,transit_ground,Transit and ground passenger transportation,401217
2005-11,pipeline,Pipeline transportation,38249
2005-11,other_transport_support,Other transportation and support activities,585914
2005-11,warehousing,Warehousing and storage,602741
2005-11,information,Information,3069820
2005-11,credit_intermediation,"Federal Reserve banks, credit intermediation, and related activities",2927637
2005-11,securities,"Securities, commodity contracts, and investments",803167
2005-11,insurance,Insurance carriers and related activities,2152158
2005-11,funds_trusts,"Funds, trusts, and other financial vehicles",90484
2005-11,real_estate,Real estate,1473227
2005-11,rental_leasing,Rental and leasing services and lessors of intangible assets,662067
2005-11,legal,Legal services,1172968
2005-11,computer_systems,Computer systems design and related services,1228049
2005-11,misc_professional,"Miscellaneous professional, scientific, and technical services",4760102
2005-11,management_companies,Management of companies and enterprises,1751754
2005-11,admin_support,Administrative and support services,7975769
2005-11,waste_remediation,Waste management and remediation services,344041
2005-11,education,Educational services,2249975
2005-11,ambulatory_health,Ambulatory health care services,5183976
2005-11,hospitals_nursing,"Hospitals, nursing and residential care facilities",7183774
2005-11,social_assistance,Social assistance,2120118
2005-11,performing_arts_museums,"Performing arts, spectator sports, museums, and related activities",488538
2005-11,amusement_recreation,"Amusements, gambling, and recreation industries",1259027
2005-11,accommodation,Accommodation,1766698
2005-11,food_services,Food services and drinking places,9045753
2005-11,other_services,"Other services, except government",4321249
2005-12,oil_gas_extraction,Oil and gas extraction,128818
2005-12,mining_except_oil_gas,"Mining, except oil and gas",213443
2005-12,support_mining,Support activities for mining,239177
2005-12,utilities,Utilities,550355
2005-12,construction,Construction,7407063
2005-12,wood_products,Wood products,563936
2005-12,nonmetallic_mineral,Nonmetallic mineral products,503295
2005-12,primary_metals,Primary metals,466199
2005-12,fabricated_metal,Fabricated metal products,1532278
2005-12,machinery,Machinery,1165894
2005-12,computer_electronic,Computer and electronic products,1310142
2005-12,electrical_equipment,"Electrical equipment, appliances, and components",432975
2005-12,motor_vehicles,"Motor vehicles, bodies and trailers, and parts",1098301
2005-12,other_transport_equipment,Other transportation equipment,683898
2005-12,furniture,Furniture and related products,562839
2005-12,misc_manufacturing,Miscellaneous manufacturing,650168
2005-12,food_beverage_tobacco,Food and beverage and tobacco products,1667412
2005-12,textiles,Textile mills and textile product mills,374273
2005-12,apparel_leather,Apparel and leather and allied products,286596
2005-12,paper,Paper products,477792
2005-12,printing,Printing and related support activities,641915
2005-12,petroleum_coal,Petroleum and coal products,111656
2005-12,chemicals,Chemical products,869587
2005-12,plastics_rubber,Plastics and rubber products,798834
2005-12,wholesale,Wholesale trade,5827686
2005-12,retail,Retail trade,16100163
2005-12,air_transport,Air transportation,488895
2005-12,rail_transport,Rail transportation,462
2005-12,water_transport,Water transportation,59382
2005-12,truck_transport,Truck transportation,1407910
2005-12,transit_ground,Transit and ground passenger transportation,402895
2005-12,pipeline,Pipeline transportation,38209
2005-12,other_transport_support,Other transportation and support activities,591280
2005-12,warehousing,Warehousing and storage,601096
2005-12,information,Information,3078099
2005-12,credit_intermediation,"Federal Reserve banks, credit intermediation, and related activities",2943405
2005-12,securities,"Securities, commodity contracts, and investments",809347
2005-12,insurance,Insurance carriers and related activities,2163954
2005-12,funds_trusts,"Funds, trusts, and other financial vehicles",91492
2005-12,real_estate,Real estate,1489431
2005-12,rental_leasing,Rental and leasing services and lessors of intangible assets,664111
2005-12,legal,Legal services,1182212
2005-12,computer_systems,Computer systems design and related services,1234736
2005-12,misc_professional,"Miscellaneous professional, scientific, and technical services",4854191
2005-12,management_companies,Management of companies and enterprises,1758187
2005-12,admin_support,Administrative and support services,7893386
2005-12,waste_remediation,Waste management and remediation services,342699
2005-12,education,Educational services,2214999
2005-12,ambulatory_health,Ambulatory health care services,5218908
2005-12,hospitals_nursing,"Hospitals, nursing and residential care facilities",7200828
2005-12,social_assistance,Social assistance,2126600
2005-12,performing_arts_museums,"Performing arts, spectator sports, museums, and related activities",483210
2005-12,amusement_recreation,"Amusements, gambling, and recreation industries",1252427
2005-12,accommodation,Accommodation,1753574
2005-12,food_services,Food services and drinking places,9065428
2005-12,other_services,"Other services, except government",4341728
2006-01,oil_gas_extraction,Oil and gas extraction,128594
2006-01,mining_except_oil_gas,"Mining, except oil and gas",208271
2006-01,support_mining,Support activities for mining,239015
2006-01,utilities,Utilities,543143
2006-01,construction,Construction,7107922
2006-01,wood_products,Wood products,558426
2006-01,nonmetallic_mineral,Nonmetallic mineral products,493913
2006-01,primary_metals,Primary metals,464371
2006-01,fabricated_metal,Fabricated metal products,1521030
2006-01,machinery,Machinery,1163437
2006-01,computer_electronic,Computer and electronic products,1295077
2006-01,electrical_equipment,"Electrical equipment, appliances, and components",431569
2006-01,motor_vehicles,"Motor vehicles, bodies and trailers, and parts",1085807
2006-01,other_transport_equipment,Other transportation equipment,682509
2006-01,furniture,Furniture and related products,557036
2006-01,misc_manufacturing,Miscellaneous manufacturing,644111
2006-01,food_beverage_tobacco,Food and beverage and tobacco products,1639686
2006-01,textiles,Textile mills and textile product mills,366764
2006-01,apparel_leather,Apparel and leather and allied products,276496
2006-01,paper,Paper products,475064
2006-01,printing,Printing and related support activities,632808
2006-01,petroleum_coal,Petroleum and coal products,107926
2006-01,chemicals,Chemical products,861488
2006-01,plastics_rubber,Plastics and rubber products,795409
2006-01,wholesale,Wholesale trade,5768838
2006-01,retail,Retail trade,15202792
2006-01,air_transport,Air transportation,484682
2006-01,rail_transport,Rail transportation,428
2006-01,water_transport,Water transportation,58040
2006-01,truck_transport,Truck transportation,1377508
2006-01,transit_ground,Transit and ground passenger transportation,400829
2006-01,pipeline,Pipeline transportation,37964
2006-01,other_transport_support,Other transportation and support activities,577020
2006-01,warehousing,Warehousing and storage,619045
2006-01,information,Information,3018475
2006-01,credit_intermediation,"Federal Reserve banks, credit intermediation, and related activities",2923846
2006-01,securities,"Securities, commodity contracts, and investments",799845
2006-01,insurance,Insurance carriers and related activities,2139440
2006-01,funds_trusts,"Funds, trusts, and other financial vehicles",90397
2006-01,real_estate,Real estate,1447525
2006-01,rental_leasing,Rental and leasing services and lessors of intangible assets,648028
2006-01,legal,Legal services,1160058
2006-01,computer_systems,Computer systems design and related services,1236676
2006-01,misc_professional,"Miscellaneous professional, scientific, and technical services",4844691
2006-01,management_companies,Management of companies and enterprises,1774151
2006-01,admin_support,Administrative and support services,7473009
2006-01,waste_remediation,Waste management and remediation services,336808
2006-01,education,Educational services,2138702
2006-01,ambulatory_health,Ambulatory health care services,5163276
2006-01,hospitals_nursing,"Hospitals, nursing and residential care facilities",7163356
2006-01,social_assistance,Social assistance,2129849
2006-01,performing_arts_museums,"Performing arts, spectator sports, museums, and related activities",445746
2006-01,amusement_recreation,"Amusements, gambling, and recreation industries",1208545
2006-01,accommodation,Accommodation,1717428
2006-01,food_services,Food services and drinking places,8856674
2006-01,other_services,"Other services, except government",4251346
2006-02,oil_gas_extraction,Oil and gas extraction,129507
2006-02,mining_except_oil_gas,"Mining, except oil and gas",209348
2006-02,support_mining,Support activities for mining,243825
2006-02,utilities,Utilities,543115
2006-02,construction,Construction,7148468
2006-02,wood_products,Wood products,557348
2006-02,nonmetallic_mineral,Nonmetallic mineral products,494555
2006-02,primary_metals,Primary metals,464755
2006-02,fabricated_metal,Fabricated metal products,1526158
2006-02,machinery,Machinery,1167884
2006-02,computer_electronic,Computer and electronic products,1299004
2006-02,electrical_equipment,"Electrical equipment, appliances, and components",430928
2006-02,motor_vehicles,"Motor vehicles, bodies and trailers, and parts",1077812
2006-02,other_transport_equipment,Other transportation equipment,689715
2006-02,furniture,Furniture and related products,558121
2006-02,misc_manufacturing,Miscellaneous manufacturing,644949
2006-02,food_beverage_tobacco,Food and beverage and tobacco products,1636555
2006-02,textiles,Textile mills and textile product mills,364817
2006-02,apparel_leather,Apparel and leather and allied products,278573
2006-02,paper,Paper products,473130
2006-02,printing,Printing and related support activities,632600
2006-02,petroleum_coal,Petroleum and coal products,107801
2006-02,chemicals,Chemical products,861651
2006-02,plastics_rubber,Plastics and rubber products,795695
2006-02,wholesale,Wholesale trade,5789311
2006-02,retail,Retail trade,14979710
2006-02,air_transport,Air transportation,481274
2006-02,rail_transport,Rail transportation,423
2006-02,water_transport,Water transportation,58016
2006-02,truck_transport,Truck transportation,1378887
2006-02,transit_ground,Transit and ground passenger transportation,403217
2006-02,pipeline,Pipeline transportation,37953
2006-02,other_transport_support,Other transportation and support activities,580319
2006-02,warehousing,Warehousing and storage,617884
2006-02,information,Information,3032058
2006-02,credit_intermediation,"Federal Reserve banks, credit intermediation, and related activities",2930221
2006-02,securities,"Securities, commodity contracts, and investments",803762
2006-02,insurance,Insurance carriers and related activities,2144154
2006-02,funds_trusts,"Funds, trusts, and other financial vehicles",90684
2006-02,real_estate,Real estate,1453369
2006-02,rental_leasing,Rental and leasing services and lessors of intangible assets,649336
2006-02,legal,Legal services,1159776
2006-02,computer_systems,Computer systems design and related services,1244603
2006-02,misc_professional,"Miscellaneous professional, scientific, and technical services",4915961
2006-02,management_companies,Management of companies and enterprises,1773843
2006-02,admin_support,Administrative and support services,7542365
2006-02,waste_remediation,Waste management and remediation services,336464
2006-02,education,Educational services,2233540
2006-02,ambulatory_health,Ambulatory health care services,5187123
2006-02,hospitals_nursing,"Hospitals, nursing and residential care facilities",7174209
2006-02,social_assistance,Social assistance,2148054
2006-02,performing_arts_museums,"Performing arts, spectator sports, museums, and related activities",457695
2006-02,amusement_recreation,"Amusements, gambling, and recreation industries",1222476
2006-02,accommodation,Accommodation,1732643
2006-02,food_services,Food services and drinking places,8953103
2006-02,other_services,"Other services, except government",4276898
2006-03,oil_gas_extraction,Oil and gas extraction,130037
2006-03,mining_except_oil_gas,"Mining, except oil and gas",212522
2006-03,support_mining,Support activities for mining,248515
2006-03,utilities,Utilities,544538
2006-03,construction,Construction,7299087
2006-03,wood_products,Wood products,561547
2006-03,nonmetallic_mineral,Nonmetallic mineral products,501094
2006-03,primary_metals,Primary metals,462806
2006-03,fabricated_metal,Fabricated metal products,1534872
2006-03,machinery,Machinery,1173102
2006-03,computer_electronic,Computer and electronic products,1299727
2006-03,electrical_equipment,"Electrical equipment, appliances, and components",431258
2006-03,motor_vehicles,"Motor vehicles, bodies and trailers, and parts",1082384
2006-03,other_transport_equipment,Other transportation equipment,683971
2006-03,furniture,Furniture and related products,561740
2006-03,misc_manufacturing,Miscellaneous manufacturing,646477
2006-03,food_beverage_tobacco,Food and beverage and tobacco products,1637321
2006-03,textiles,Textile mills and textile product mills,364900
2006-03,apparel_leather,Apparel and leather and allied products,280573
2006-03,paper,Paper products,471696
2006-03,printing,Printing and related support activities,634913
2006-03,petroleum_coal,Petroleum and coal products,109031
2006-03,chemicals,Chemical products,862264
2006-03,plastics_rubber,Plastics and rubber products,798810
2006-03,wholesale,Wholesale trade,5822119
2006-03,retail,Retail trade,15093919
2006-03,air_transport,Air transportation,481976
2006-03,rail_transport,Rail transportation,429
2006-03,water_transport,Water transportation,58902
2006-03,truck_transport,Truck transportation,1392219
2006-03,transit_ground,Transit and ground passenger transportation,406308
2006-03,pipeline,Pipeline transportation,38151
2006-03,other_transport_support,Other transportation and support activities,583832
2006-03,warehousing,Warehousing and storage,620887
2006-03,information,Information,3037124
2006-03,credit_intermediation,"Federal Reserve banks, credit intermediation, and related activities",2937301
2006-03,securities,"Securities, commodity contracts, and investments",805609
2006-03,insurance,Insurance carriers and related activities,2149473
2006-03,funds_trusts,"Funds, trusts, and other financial vehicles",91368
2006-03,real_estate,Real estate,1463573
2006-03,rental_leasing,Rental and leasing services and lessors of intangible assets,655047
2006-03,legal,Legal services,1162750
2006-03,computer_systems,Computer systems design and related services,1248803
2006-03,misc_professional,"Miscellaneous professional, scientific, and technical services",4930446
2006-03,management_companies,Management of companies and enterprises,1779971
2006-03,admin_support,Administrative and support services,7701311
2006-03,waste_remediation,Waste management and remediation services,339279
2006-03,education,Educational services,2257280
2006-03,ambulatory_health,Ambulatory health care services,5213478
2006-03,hospitals_nursing,"Hospitals, nursing and residential care facilities",7202855
2006-03,social_assistance,Social assistance,2165135
2006-03,performing_arts_museums,"Performing arts, spectator sports, museums, and related activities",477688
2006-03,amusement_recreation,"Amusements, gambling, and recreation industries",1263641
2006-03,accommodation,Accommodation,1761306
2006-03,food_services,Food services and drinking places,9130752
2006-03,other_services,"Other services, except government",4326368
2006-04,oil_gas_extraction,Oil and gas extraction,131379
2006-04,mining_except_oil_gas,"Mining, except oil and gas",217790
2006-04,support_mining,Support activities for mining,251772
2006-04,utilities,Utilities,544205
2006-04,construction,Construction,7495533
2006-04,wood_products,Wood products,561220
2006-04,nonmetallic_mineral,Nonmetallic mineral products,510754
2006-04,primary_metals,Primary metals,464773
2006-04,fabricated_metal,Fabricated metal products,1538475
2006-04,machinery,Machinery,1174751
2006-04,computer_electronic,Computer and electronic products,1300170
2006-04,electrical_equipment,"Electrical equipment, appliances, and components",430251
2006-04,motor_vehicles,"Motor vehicles, bodies and trailers, and parts",1091140
2006-04,other_transport_equipment,Other transportation equipment,685855
2006-04,furniture,Furniture and related products,561521
2006-04,misc_manufacturing,Miscellaneous manufacturing,646436
2006-04,food_beverage_tobacco,Food and beverage and tobacco products,1633137
2006-04,textiles,Textile mills and textile product mills,361968
2006-04,apparel_leather,Apparel and leather and allied products,279273
2006-04,paper,Paper products,469451
2006-04,printing,Printing and related support activities,633159
2006-04,petroleum_coal,Petroleum and coal products,111037
2006-04,chemicals,Chemical products,861263
2006-04,plastics_rubber,Plastics and rubber products,799669
2006-04,wholesale,Wholesale trade,5854327
2006-04,retail,Retail trade,15132243
2006-04,air_transport,Air transportation,478081
2006-04,rail_transport,Rail transportation,401
2006-04,water_transport,Water transportation,59879
2006-04,truck_transport,Truck transportation,1405416
2006-04,transit_ground,Transit and ground passenger transportation,404489
2006-04,pipeline,Pipeline transportation,38215
2006-04,other_transport_support,Other transportation and support activities,587397
2006-04,warehousing,Warehousing and storage,620522
2006-04,information,Information,3024654
2006-04,credit_intermediation,"Federal Reserve banks, credit intermediation, and related activities",2935886
2006-04,securities,"Securities, commodity contracts, and investments",809402
2006-04,insurance,Insurance carriers and related activities,2146038
2006-04,funds_trusts,"Funds, trusts, and other financial vehicles",91068
2006-04,real_estate,Real estate,1477334
2006-04,rental_leasing,Rental and leasing services and lessors of intangible assets,661252
2006-04,legal,Legal services,1164687
2006-04,computer_systems,Computer systems design and related services,1261076
2006-04,misc_professional,"Miscellaneous professional, scientific, and technical services",4960387
2006-04,management_companies,Management of companies and enterprises,1774864
2006-04,admin_support,Administrative and support services,7836090
2006-04,waste_remediation,Waste management and remediation services,342496
2006-04,education,Educational services,2265988
2006-04,ambulatory_health,Ambulatory health care services,5235317
2006-04,hospitals_nursing,"Hospitals, nursing and residential care facilities",7196491
2006-04,social_assistance,Social assistance,2174862
2006-04,performing_arts_museums,"Performing arts, spectator sports, museums, and related activities",514957
2006-04,amusement_recreation,"Amusements, gambling, and recreation industries",1352995
2006-04,accommodation,Accommodation,1782206
2006-04,food_services,Food services and drinking places,9252489
2006-04,other_services,"Other services, except government",4346172
2006-05,oil_gas_extraction,Oil and gas extraction,132447
2006-05,mining_except_oil_gas,"Mining, except oil and gas",221395
2006-05,support_mining,Support activities for mining,256810
2006-05,utilities,Utilities,545422
2006-05,construction,Construction,7697518
2006-05,wood_products,Wood products,563833
2006-05,nonmetallic_mineral,Nonmetallic mineral products,516984
2006-05,primary_metals,Primary metals,464185
2006-05,fabricated_metal,Fabricated metal products,1544567
2006-05,machinery,Machinery,1178866
2006-05,computer_electronic,Computer and electronic products,1301826
2006-05,electrical_equipment,"Electrical equipment, appliances, and components",430957
2006-05,motor_vehicles,"Motor vehicles, bodies and trailers, and parts",1079748
2006-05,other_transport_equipment,Other transportation equipment,687851
2006-05,furniture,Furniture and related products,562031
2006-05,misc_manufacturing,Miscellaneous manufacturing,648641
2006-05,food_beverage_tobacco,Food and beverage and tobacco products,1641174
2006-05,textiles,Textile mills and textile product mills,359632
2006-05,apparel_leather,Apparel and leather and allied products,278518
2006-05,paper,Paper products,468637
2006-05,printing,Printing and related support activities,633189
2006-05,petroleum_coal,Petroleum and coal products,113785
2006-05,chemicals,Chemical products,861810
2006-05,plastics_rubber,Plastics and rubber products,801294
2006-05,wholesale,Wholesale trade,5888455
2006-05,retail,Retail trade,15248868
2006-05,air_transport,Air transportation,479504
2006-05,rail_transport,Rail transportation,398
2006-05,water_transport,Water transportation,61290
2006-05,truck_transport,Truck transportation,1422874
2006-05,transit_ground,Transit and ground passenger transportation,410909
2006-05,pipeline,Pipeline transportation,38343
2006-05,other_transport_support,Other transportation and support activities,595387
2006-05,warehousing,Warehousing and storage,620807
2006-05,information,Information,3044769
2006-05,credit_intermediation,"Federal Reserve banks, credit intermediation, and related activities",2946717
2006-05,securities,"Securities, commodity contracts, and investments",812233
2006-05,insurance,Insurance carriers and related activities,2148417
2006-05,funds_trusts,"Funds, trusts, and other financial vehicles",91352
2006-05,real_estate,Real estate,1489729
2006-05,rental_leasing,Rental and leasing services and lessors of intangible assets,670801
2006-05,legal,Legal services,1169774
2006-05,computer_systems,Computer systems design and related services,1268225
2006-05,misc_professional,"Miscellaneous professional, scientific, and technical services",4852458
2006-05,management_companies,Management of companies and enterprises,1780184
2006-05,admin_support,Administrative and support services,8006370
2006-05,waste_remediation,Waste management and remediation services,346544
2006-05,education,Educational services,2252270
2006-05,ambulatory_health,Ambulatory health care services,5264823
2006-05,hospitals_nursing,"Hospitals, nursing and residential care facilities",7216102
2006-05,social_assistance,Social assistance,2189244
2006-05,performing_arts_museums,"Performing arts, spectator sports, museums, and related activities",537323
2006-05,amusement_recreation,"Amusements, gambling, and recreation industries",1436812
2006-05,accommodation,Accommodation,1828208
2006-05,food_services,Food services and drinking places,9422897
2006-05,other_services,"Other services, except government",4387785
2006-06,oil_gas_extraction,Oil and gas extraction,135065
2006-06,mining_except_oil_gas,"Mining, except oil and gas",224636
2006-06,support_mining,Support activities for mining,263518
2006-06,utilities,Utilities,549301
2006-06,construction,Construction,7882150
2006-06,wood_products,Wood products,569191
2006-06,nonmetallic_mineral,Nonmetallic mineral products,523087
2006-06,primary_metals,Primary metals,465645
2006-06,fabricated_metal,Fabricated metal products,1559105
2006-06,machinery,Machinery,1188231
2006-06,computer_electronic,Computer and electronic products,1312005
2006-06,electrical_equipment,"Electrical equipment, appliances, and components",434313
2006-06,motor_vehicles,"Motor vehicles, bodies and trailers, and parts",1087390
2006-06,other_transport_equipment,Other transportation equipment,692996
2006-06,furniture,Furniture and related products,564423
2006-06,misc_manufacturing,Miscellaneous manufacturing,651717
2006-06,food_beverage_tobacco,Food and beverage and tobacco products,1669499
2006-06,textiles,Textile mills and textile product mills,359213
2006-06,apparel_leather,Apparel and leather and allied products,280584
2006-06,paper,Paper products,470474
2006-06,printing,Printing and related support activities,635915
2006-06,petroleum_coal,Petroleum and coal products,115575
2006-06,chemicals,Chemical products,866248
2006-06,plastics_rubber,Plastics and rubber products,805546
2006-06,wholesale,Wholesale trade,5931198
2006-06,retail,Retail trade,15336574
2006-06,air_transport,Air transportation,480470
2006-06,rail_transport,Rail transportation,455
2006-06,water_transport,Water transportation,62630
2006-06,truck_transport,Truck transportation,1443893
2006-06,transit_ground,Transit and ground passenger transportation,388104
2006-06,pipeline,Pipeline transportation,38725
2006-06,other_transport_support,Other transportation and support activities,603728
2006-06,warehousing,Warehousing and storage,625005
2006-06,information,Information,3064300
2006-06,credit_intermediation,"Federal Reserve banks, credit intermediation, and related activities",2952931
2006-06,securities,"Securities, commodity contracts, and investments",822084
2006-06,insurance,Insurance carriers and related activities,2159759
2006-06,funds_trusts,"Funds, trusts, and other financial vehicles",92235
2006-06,real_estate,Real estate,1514400
2006-06,rental_leasing,Rental and leasing services and lessors of intangible assets,680618
2006-06,legal,Legal services,1192689
2006-06,computer_systems,Computer systems design and related services,1274439
2006-06,misc_professional,"Miscellaneous professional, scientific, and technical services",4920437
2006-06,management_companies,Management of companies and enterprises,1796405
2006-06,admin_support,Administrative and support services,8110634
2006-06,waste_remediation,Waste management and remediation services,352354
2006-06,education,Educational services,2143001
2006-06,ambulatory_health,Ambulatory health care services,5295424
2006-06,hospitals_nursing,"Hospitals, nursing and residential care facilities",7267849
2006-06,social_assistance,Social assistance,2174371
2006-06,performing_arts_museums,"Performing arts, spectator sports, museums, and related activities",549210
2006-06,amusement_recreation,"Amusements, gambling, and recreation industries",1592606
2006-06,accommodation,Accommodation,1909726
2006-06,food_services,Food services and drinking places,9526821
2006-06,other_services,"Other services, except government",4452001
2006-07,oil_gas_extraction,Oil and gas extraction,136655
2006-07,mining_except_oil_gas,"Mining, except oil and gas",226289
2006-07,support_mining,Support activities for mining,266526
2006-07,utilities,Utilities,551036
2006-07,construction,Construction,7868188
2006-07,wood_products,Wood products,566125
2006-07,nonmetallic_mineral,Nonmetallic mineral products,520569
2006-07,primary_metals,Primary metals,463246
2006-07,fabricated_metal,Fabricated metal products,1550904
2006-07,machinery,Machinery,1184414
2006-07,computer_electronic,Computer and electronic products,1310547
2006-07,electrical_equipment,"Electrical equipment, appliances, and components",432908
2006-07,motor_vehicles,"Motor vehicles, bodies and trailers, and parts",1014331
2006-07,other_transport_equipment,Other transportation equipment,693912
2006-07,furniture,Furniture and related products,560907
2006-07,misc_manufacturing,Miscellaneous manufacturing,645908
2006-07,food_beverage_tobacco,Food and beverage and tobacco products,1687384
2006-07,textiles,Textile mills and textile product mills,352363
2006-07,apparel_leather,Apparel and leather and allied products,274541
2006-07,paper,Paper products,468550
2006-07,printing,Printing and related support activities,633032
2006-07,petroleum_coal,Petroleum and coal products,116195
2006-07,chemicals,Chemical products,862550
2006-07,plastics_rubber,Plastics and rubber products,794124
2006-07,wholesale,Wholesale trade,5919525
2006-07,retail,Retail trade,15296267
2006-07,air_transport,Air transportation,482008
2006-07,rail_transport,Rail transportation,458
2006-07,water_transport,Water transportation,63453
2006-07,truck_transport,Truck transportation,1441988
2006-07,transit_ground,Transit and ground passenger transportation,327639
2006-07,pipeline,Pipeline transportation,39082
2006-07,other_transport_support,Other transportation and support activities,602492
2006-07,warehousing,Warehousing and storage,624685
2006-07,information,Information,3048379
2006-07,credit_intermediation,"Federal Reserve banks, credit intermediation, and related activities",2950059
2006-07,securities,"Securities, commodity contracts, and investments",832459
2006-07,insurance,Insurance carriers and related activities,2155266
2006-07,funds_trusts,"Funds, trusts, and other financial vehicles",92582
2006-07,real_estate,Real estate,1515152
2006-07,rental_leasing,Rental and leasing services and lessors of intangible assets,676618
2006-07,legal,Legal services,1188335
2006-07,computer_systems,Computer systems design and related services,1281195
2006-07,misc_professional,"Miscellaneous professional, scientific, and technical services",4915124
2006-07,management_companies,Management of companies and enterprises,1792639
2006-07,admin_support,Administrative and support services,8042212
2006-07,waste_remediation,Waste management and remediation services,353649
2006-07,education,Educational services,2051927
2006-07,ambulatory_health,Ambulatory health care services,5297693
2006-07,hospitals_nursing,"Hospitals, nursing and residential care facilities",7277066
2006-07,social_assistance,Social assistance,2133951
2006-07,performing_arts_museums,"Performing arts, spectator sports, museums, and related activities",547889
2006-07,amusement_recreation,"Amusements, gambling, and recreation industries",1624515
2006-07,accommodation,Accommodation,1947996
2006-07,food_services,Food services and drinking places,9456750
2006-07,other_services,"Other services, except government",4408114
2006-08,oil_gas_extraction,Oil and gas extraction,137991
2006-08,mining_except_oil_gas,"Mining, except oil and gas",225298
2006-08,support_mining,Support activities for mining,271098
2006-08,utilities,Utilities,549055
2006-08,construction,Construction,7907754
2006-08,wood_products,Wood products,562480
2006-08,nonmetallic_mineral,Nonmetallic mineral products,521111
2006-08,primary_metals,Primary metals,463955
2006-08,fabricated_metal,Fabricated metal products,1557738
2006-08,machinery,Machinery,1184108
2006-08,computer_electronic,Computer and electronic products,1310541
2006-08,electrical_equipment,"Electrical equipment, appliances, and components",433756
2006-08,motor_vehicles,"Motor vehicles, bodies and trailers, and parts",1060377
2006-08,other_transport_equipment,Other transportation equipment,693968
2006-08,furniture,Furniture and related products,560140
2006-08,misc_manufacturing,Miscellaneous manufacturing,647821
2006-08,food_beverage_tobacco,Food and beverage and tobacco products,1702734
2006-08,textiles,Textile mills and textile product mills,351651
2006-08,apparel_leather,Apparel and leather and allied products,274723
2006-08,paper,Paper products,468056
2006-08,printing,Printing and related support activities,633050
2006-08,petroleum_coal,Petroleum and coal products,116585
2006-08,chemicals,Chemical products,861071
2006-08,plastics_rubber,Plastics and rubber products,797984
2006-08,wholesale,Wholesale trade,5923488
2006-08,retail,Retail trade,15339736
2006-08,air_transport,Air transportation,482738
2006-08,rail_transport,Rail transportation,526
2006-08,water_transport,Water transportation,63749
2006-08,truck_transport,Truck transportation,1450165
2006-08,transit_ground,Transit and ground passenger transportation,329827
2006-08,pipeline,Pipeline transportation,39292
2006-08,other_transport_support,Other transportation and support activities,605543
2006-08,warehousing,Warehousing and storage,629867
2006-08,information,Information,3049890
2006-08,credit_intermediation,"Federal Reserve banks, credit intermediation, and related activities",2954038
2006-08,securities,"Securities, commodity contracts, and investments",835691
2006-08,insurance,Insurance carriers and related activities,2151912
2006-08,funds_trusts,"Funds, trusts, and other financial vehicles",92392
2006-08,real_estate,Real estate,1517632
2006-08,rental_leasing,Rental and leasing services and lessors of intangible assets,677590
2006-08,legal,Legal services,1181226
2006-08,computer_systems,Computer systems design and related services,1287437
2006-08,misc_professional,"Miscellaneous professional, scientific, and technical services",4944097
2006-08,management_companies,Management of companies and enterprises,1791793
2006-08,admin_support,Administrative and support services,8158609
2006-08,waste_remediation,Waste management and remediation services,352858
2006-08,education,Educational services,2050691
2006-08,ambulatory_health,Ambulatory health care services,5320671
2006-08,hospitals_nursing,"Hospitals, nursing and residential care facilities",7290643
2006-08,social_assistance,Social assistance,2149288
2006-08,performing_arts_museums,"Performing arts, spectator sports, museums, and related activities",553047
2006-08,amusement_recreation,"Amusements, gambling, and recreation industries",1596974
2006-08,accommodation,Accommodation,1947404
2006-08,food_services,Food services and drinking places,9507469
2006-08,other_services,"Other services, except government",4401674
2006-09,oil_gas_extraction,Oil and gas extraction,137653
2006-09,mining_except_oil_gas,"Mining, except oil and gas",224167
2006-09,support_mining,Support activities for mining,274846
2006-09,utilities,Utilities,547431
2006-09,construction,Construction,7856289
2006-09,wood_products,Wood products,554930
2006-09,nonmetallic_mineral,Nonmetallic mineral products,518245
2006-09,primary_metals,Primary metals,463429
2006-09,fabricated_metal,Fabricated metal products,1556956
2006-09,machinery,Machinery,1181423
2006-09,computer_electronic,Computer and electronic products,1305391
2006-09,electrical_equipment,"Electrical equipment, appliances, and components",432373
2006-09,motor_vehicles,"Motor vehicles, bodies and trailers, and parts",1052222
2006-09,other_transport_equipment,Other transportation equipment,695034
2006-09,furniture,Furniture and related products,555672
2006-09,misc_manufacturing,Miscellaneous manufacturing,647517
2006-09,food_beverage_tobacco,Food and beverage and tobacco products,1704923
2006-09,textiles,Textile mills and textile product mills,347865
2006-09,apparel_leather,Apparel and leather and allied products,273699
2006-09,paper,Paper products,465689
2006-09,printing,Printing and related support activities,631085
2006-09,petroleum_coal,Petroleum and coal products,115053
2006-09,chemicals,Chemical products,857776
2006-09,plastics_rubber,Plastics and rubber products,794457
2006-09,wholesale,Wholesale trade,5916619
2006-09,retail,Retail trade,15270249
2006-09,air_transport,Air transportation,483150
2006-09,rail_transport,Rail transportation,494
2006-09,water_transport,Water transportation,63139
2006-09,truck_transport,Truck transportation,1453065
2006-09,transit_ground,Transit and ground passenger transportation,406263
2006-09,pipeline,Pipeline transportation,39013
2006-09,other_transport_support,Other transportation and support activities,604316
2006-09,warehousing,Warehousing and storage,634314
2006-09,information,Information,3034101
2006-09,credit_intermediation,"Federal Reserve banks, credit intermediation, and related activities",2943123
2006-09,securities,"Securities, commodity contracts, and investments",826361
2006-09,insurance,Insurance carriers and related activities,2148034
2006-09,funds_trusts,"Funds, trusts, and other financial vehicles",92337
2006-09,real_estate,Real estate,1502389
2006-09,rental_leasing,Rental and leasing services and lessors of intangible assets,669516
2006-09,legal,Legal services,1168273
2006-09,computer_systems,Computer systems design and related services,1282865
2006-09,misc_professional,"Miscellaneous professional, scientific, and technical services",4933647
2006-09,management_companies,Management of companies and enterprises,1785737
2006-09,admin_support,Administrative and support services,8187200
2006-09,waste_remediation,Waste management and remediation services,350840
2006-09,education,Educational services,2206378
2006-09,ambulatory_health,Ambulatory health care services,5326597
2006-09,hospitals_nursing,"Hospitals, nursing and residential care facilities",7291877
2006-09,social_assistance,Social assistance,2181009
2006-09,performing_arts_museums,"Performing arts, spectator sports, museums, and related activities",541227
2006-09,amusement_recreation,"Amusements, gambling, and recreation industries",1446722
2006-09,accommodation,Accommodation,1875424
2006-09,food_services,Food services and drinking places,9441542
2006-09,other_services,"Other services, except government",4380462
2006-10,oil_gas_extraction,Oil and gas extraction,138395
2006-10,mining_except_oil_gas,"Mining, except oil and gas",222035
2006-10,support_mining,Support activities for mining,276769
2006-10,utilities,Utilities,546932
2006-10,construction,Construction,7765537
2006-10,wood_products,Wood products,542337
2006-10,nonmetallic_mineral,Nonmetallic mineral products,513342
2006-10,primary_metals,Primary metals,461055
2006-10,fabricated_metal,Fabricated metal products,1550937
2006-10,machinery,Machinery,1178628
2006-10,computer_electronic,Computer and electronic products,1302460
2006-10,electrical_equipment,"Electrical equipment, appliances, and components",431411
2006-10,motor_vehicles,"Motor vehicles, bodies and trailers, and parts",1040510
2006-10,other_transport_equipment,Other transportation equipment,694697
2006-10,furniture,Furniture and related products,550276
2006-10,misc_manufacturing,Miscellaneous manufacturing,646874
2006-10,food_beverage_tobacco,Food and beverage and tobacco products,1688178
2006-10,textiles,Textile mills and textile product mills,342920
2006-10,apparel_leather,Apparel and leather and allied products,270573
2006-10,paper,Paper products,463968
2006-10,printing,Printing and related support activities,630841
2006-10,petroleum_coal,Petroleum and coal products,114860
2006-10,chemicals,Chemical products,854607
2006-10,plastics_rubber,Plastics and rubber products,786695
2006-10,wholesale,Wholesale trade,5921252
2006-10,retail,Retail trade,15425895
2006-10,air_transport,Air transportation,478107
2006-10,rail_transport,Rail transportation,514
2006-10,water_transport,Water transportation,61674
2006-10,truck_transport,Truck transportation,1442930
2006-10,transit_ground,Transit and ground passenger transportation,411450
2006-10,pipeline,Pipeline transportation,39103
2006-10,other_transport_support,Other transportation and support activities,600280
2006-10,warehousing,Warehousing and storage,643362
2006-10,information,Information,3023644
2006-10,credit_intermediation,"Federal Reserve banks, credit intermediation, and related activities",2944529
2006-10,securities,"Securities, commodity contracts, and investments",833956
2006-10,insurance,Insurance carriers and related activities,2147026
2006-10,funds_trusts,"Funds, trusts, and other financial vehicles",92391
2006-10,real_estate,Real estate,1496104
2006-10,rental_leasing,Rental and leasing services and lessors of intangible assets,662913
2006-10,legal,Legal services,1173512
2006-10,computer_systems,Computer systems design and related services,1299515
2006-10,misc_professional,"Miscellaneous professional, scientific, and technical services",4971193
2006-10,management_companies,Management of companies and enterprises,1784928
2006-10,admin_support,Administrative and support services,8142095
2006-10,waste_remediation,Waste management and remediation services,347696
2006-10,education,Educational services,2284478
2006-10,ambulatory_health,Ambulatory health care services,5349490
2006-10,hospitals_nursing,"Hospitals, nursing and residential care facilities",7287081
2006-10,social_assistance,Social assistance,2194500
2006-10,performing_arts_museums,"Performing arts, spectator sports, museums, and related activities",525214
2006-10,amusement_recreation,"Amusements, gambling, and recreation industries",1349666
2006-10,accommodation,Accommodation,1826954
2006-10,food_services,Food services and drinking places,9318863
2006-10,other_services,"Other services, except government",4371393
2006-11,oil_gas_extraction,Oil and gas extraction,139582
2006-11,mining_except_oil_gas,"Mining, except oil and gas",220998
2006-11,support_mining,Support activities for mining,277505
2006-11,utilities,Utilities,546925
2006-11,construction,Construction,7658018
2006-11,wood_products,Wood products,534918
2006-11,nonmetallic_mineral,Nonmetallic mineral products,510250
2006-11,primary_metals,Primary metals,460024
2006-11,fabricated_metal,Fabricated metal products,1548710
2006-11,machinery,Machinery,1178901
2006-11,computer_electronic,Computer and electronic products,1301100
2006-11,electrical_equipment,"Electrical equipment, appliances, and components",429526
2006-11,motor_vehicles,"Motor vehicles, bodies and trailers, and parts",1047335
2006-11,other_transport_equipment,Other transportation equipment,699070
2006-11,furniture,Furniture and related products,547431
2006-11,misc_manufacturing,Miscellaneous manufacturing,649115
2006-11,food_beverage_tobacco,Food and beverage and tobacco products,1675727
2006-11,textiles,Textile mills and textile product mills,341285
2006-11,apparel_leather,Apparel and leather and allied products,269045
2006-11,paper,Paper products,462742
2006-11,printing,Printing and related support activities,630077
2006-11,petroleum_coal,Petroleum and coal products,115179
2006-11,chemicals,Chemical products,854276
2006-11,plastics_rubber,Plastics and rubber products,775241
2006-11,wholesale,Wholesale trade,5930591
2006-11,retail,Retail trade,15932088
2006-11,air_transport,Air transportation,480394
2006-11,rail_transport,Rail transportation,501
2006-11,water_transport,Water transportation,60747
2006-11,truck_transport,Truck transportation,1437999
2006-11,transit_ground,Transit and ground passenger transportation,412418
2006-11,pipeline,Pipeline transportation,39002
2006-11,other_transport_support,Other transportation and support activities,599631
2006-11,warehousing,Warehousing and storage,651796
2006-11,information,Information,3042549
2006-11,credit_intermediation,"Federal Reserve banks, credit intermediation, and related activities",2947594
2006-11,securities,"Securities, commodity contracts, and investments",837271
2006-11,insurance,Insurance carriers and related activities,2150214
2006-11,funds_trusts,"Funds, trusts, and other financial vehicles",92570
2006-11,real_estate,Real estate,1492842
2006-11,rental_leasing,Rental and leasing services and lessors of intangible assets,661464
2006-11,legal,Legal services,1175294
2006-11,computer_systems,Computer systems design and related services,1307494
2006-11,misc_professional,"Miscellaneous professional, scientific, and technical services",5018511
2006-11,management_companies,Management of companies and enterprises,1790316
2006-11,admin_support,Administrative and support services,8118746
2006-11,waste_remediation,Waste management and remediation services,346602
2006-11,education,Educational services,2314104
2006-11,ambulatory_health,Ambulatory health care services,5370483
2006-11,hospitals_nursing,"Hospitals, nursing and residential care facilities",7308774
2006-11,social_assistance,Social assistance,2209869
2006-11,performing_arts_museums,"Performing arts, spectator sports, museums, and related activities",509877
2006-11,amusement_recreation,"Amusements, gambling, and recreation industries",1274949
2006-11,accommodation,Accommodation,1795350
2006-11,food_services,Food services and drinking places,9330058
2006-11,other_services,"Other services, except government",4379513
2006-12,oil_gas_extraction,Oil and gas extraction,140986
2006-12,mining_except_oil_gas,"Mining, except oil and gas",218163
2006-12,support_mining,Support activities for mining,279774
2006-12,utilities,Utilities,547144
2006-12,construction,Construction,7539315
2006-12,wood_products,Wood products,530485
2006-12,nonmetallic_mineral,Nonmetallic mineral products,505318
2006-12,primary_metals,Primary metals,459425
2006-12,fabricated_metal,Fabricated metal products,1551749
2006-12,machinery,Machinery,1182962
2006-12,computer_electronic,Computer and electronic products,1305048
2006-12,electrical_equipment,"Electrical equipment, appliances, and components",431163
2006-12,motor_vehicles,"Motor vehicles, bodies and trailers, and parts",1050098
2006-12,other_transport_equipment,Other transportation equipment,703554
2006-12,furniture,Furniture and related products,545131
2006-12,misc_manufacturing,Miscellaneous manufacturing,649026
2006-12,food_beverage_tobacco,Food and beverage and tobacco products,1667167
2006-12,textiles,Textile mills and textile product mills,339784
2006-12,apparel_leather,Apparel and leather and allied products,267616
2006-12,paper,Paper products,463607
2006-12,printing,Printing and related support activities,631454
2006-12,petroleum_coal,Petroleum and coal products,113647
2006-12,chemicals,Chemical products,857024
2006-12,plastics_rubber,Plastics and rubber products,774028
2006-12,wholesale,Wholesale trade,5956607
2006-12,retail,Retail trade,16182144
2006-12,air_transport,Air transportation,481488
2006-12,rail_transport,Rail transportation,515
2006-12,water_transport,Water transportation,60939
2006-12,truck_transport,Truck transportation,1437520
2006-12,transit_ground,Transit and ground passenger transportation,415168
2006-12,pipeline,Pipeline transportation,39273
2006-12,other_transport_support,Other transportation and support activities,607563
2006-12,warehousing,Warehousing and storage,653252
2006-12,information,Information,3066984
2006-12,credit_intermediation,"Federal Reserve banks, credit intermediation, and related activities",2956524
2006-12,securities,"Securities, commodity contracts, and investments",842914
2006-12,insurance,Insurance carriers and related activities,2161742
2006-12,funds_trusts,"Funds, trusts, and other financial vehicles",94410
2006-12,real_estate,Real estate,1508047
2006-12,rental_leasing,Rental and leasing services and lessors of intangible assets,663857
2006-12,legal,Legal services,1185281
2006-12,computer_systems,Computer systems design and related services,1314460
2006-12,misc_professional,"Miscellaneous professional, scientific, and technical services",5118799
2006-12,management_companies,Management of companies and enterprises,1798247
2006-12,admin_support,Administrative and support services,8028293
2006-12,waste_remediation,Waste management and remediation services,346349
2006-12,education,Educational services,2288034
2006-12,ambulatory_health,Ambulatory health care services,5406801
2006-12,hospitals_nursing,"Hospitals, nursing and residential care facilities",7333073
2006-12,social_assistance,Social assistance,2217653
2006-12,performing_arts_museums,"Performing arts, spectator sports, museums, and related activities",505230
2006-12,amusement_recreation,"Amusements, gambling, and recreation industries",1279326
2006-12,accommodation,Accommodation,1790324
2006-12,food_services,Food services and drinking places,9368667
2006-12,other_services,"Other services, except government",4396941
2007-01,oil_gas_extraction,Oil and gas extraction,140559
2007-01,mining_except_oil_gas,"Mining, except oil and gas",211289
2007-01,support_mining,Support activities for mining,279909
2007-01,utilities,Utilities,542472
2007-01,construction,Construction,7186059
2007-01,wood_products,Wood products,520656
2007-01,nonmetallic_mineral,Nonmetallic mineral products,493391
2007-01,primary_metals,Primary metals,459022
2007-01,fabricated_metal,Fabricated metal products,1546322
2007-01,machinery,Machinery,1177864
2007-01,computer_electronic,Computer and electronic products,1274126
2007-01,electrical_equipment,"Electrical equipment, appliances, and components",429873
2007-01,motor_vehicles,"Motor vehicles, bodies and trailers, and parts",1016577
2007-01,other_transport_equipment,Other transportation equipment,704282
2007-01,furniture,Furniture and related products,539372
2007-01,misc_manufacturing,Miscellaneous manufacturing,637513
2007-01,food_beverage_tobacco,Food and beverage and tobacco products,1638421
2007-01,textiles,Textile mills and textile product mills,338014
2007-01,apparel_leather,Apparel and leather and allied products,250495
2007-01,paper,Paper products,461461
2007-01,printing,Printing and related support activities,625279
2007-01,petroleum_coal,Petroleum and coal products,110588
2007-01,chemicals,Chemical products,854840
2007-01,plastics_rubber,Plastics and rubber products,749460
2007-01,wholesale,Wholesale trade,5891981
2007-01,retail,Retail trade,15372619
2007-01,air_transport,Air transportation,481018
2007-01,rail_transport,Rail transportation,491
2007-01,water_transport,Water transportation,60296
2007-01,truck_transport,Truck transportation,1408742
2007-01,transit_ground,Transit and ground passenger transportation,409788
2007-01,pipeline,Pipeline transportation,39722
2007-01,other_transport_support,Other transportation and support activities,591487
2007-01,warehousing,Warehousing and storage,652455
2007-01,information,Information,2988914
2007-01,credit_intermediation,"Federal Reserve banks, credit intermediation, and related activities",2933361
2007-01,securities,"Securities, commodity contracts, and investments",833080
2007-01,insurance,Insurance carriers and related activities,2145673
2007-01,funds_trusts,"Funds, trusts, and other financial vehicles",86396
2007-01,real_estate,Real estate,1461794
2007-01,rental_leasing,Rental and leasing services and lessors of intangible assets,644856
2007-01,legal,Legal services,1159917
2007-01,computer_systems,Computer systems design and related services,1322986
2007-01,misc_professional,"Miscellaneous professional, scientific, and technical services",5035528
2007-01,management_companies,Management of companies and enterprises,1825117
2007-01,admin_support,Administrative and support services,7609630
2007-01,waste_remediation,Waste management and remediation services,343066
2007-01,education,Educational services,2205724
2007-01,ambulatory_health,Ambulatory health care services,5340935
2007-01,hospitals_nursing,"Hospitals, nursing and residential care facilities",7302065
2007-01,social_assistance,Social assistance,2219056
2007-01,performing_arts_museums,"Performing arts, spectator sports, museums, and related activities",468528
2007-01,amusement_recreation,"Amusements, gambling, and recreation industries",1232836
2007-01,accommodation,Accommodation,1749980
2007-01,food_services,Food services and drinking places,9119189
2007-01,other_services,"Other services, except government",4314207
2007-02,oil_gas_extraction,Oil and gas extraction,140908
2007-02,mining_except_oil_gas,"Mining, except oil and gas",210050
2007-02,support_mining,Support activities for mining,282209
2007-02,utilities,Utilities,543167
2007-02,construction,Construction,7120208
2007-02,wood_products,Wood products,514975
2007-02,nonmetallic_mineral,Nonmetallic mineral products,487039
2007-02,primary_metals,Primary metals,458742
2007-02,fabricated_metal,Fabricated metal products,1547318
2007-02,machinery,Machinery,1180898
2007-02,computer_electronic,Computer and electronic products,1276181
2007-02,electrical_equipment,"Electrical equipment, appliances, and components",428237
2007-02,motor_vehicles,"Motor vehicles, bodies and trailers, and parts",1034260
2007-02,other_transport_equipment,Other transportation equipment,709007
2007-02,furniture,Furniture and related products,536748
2007-02,misc_manufacturing,Miscellaneous manufacturing,638613
2007-02,food_beverage_tobacco,Food and beverage and tobacco products,1636156
2007-02,textiles,Textile mills and textile product mills,336270
2007-02,apparel_leather,Apparel and leather and allied products,252431
2007-02,paper,Paper products,459458
2007-02,printing,Printing and related support activities,623711
2007-02,petroleum_coal,Petroleum and coal products,110423
2007-02,chemicals,Chemical products,856719
2007-02,plastics_rubber,Plastics and rubber products,756231
2007-02,wholesale,Wholesale trade,5907462
2007-02,retail,Retail trade,15125991
2007-02,air_transport,Air transportation,485830
2007-02,rail_transport,Rail transportation,477
2007-02,water_transport,Water transportation,59775
2007-02,truck_transport,Truck transportation,1406753
2007-02,transit_ground,Transit and ground passenger transportation,412268
2007-02,pipeline,Pipeline transportation,39878
2007-02,other_transport_support,Other transportation and support activities,593878
2007-02,warehousing,Warehousing and storage,651096
2007-02,information,Information,3009614
2007-02,credit_intermediation,"Federal Reserve banks, credit intermediation, and related activities",2937198
2007-02,securities,"Securities, commodity contracts, and investments",838325
2007-02,insurance,Insurance carriers and related activities,2150483
2007-02,funds_trusts,"Funds, trusts, and other financial vehicles",86606
2007-02,real_estate,Real estate,1466584
2007-02,rental_leasing,Rental and leasing services and lessors of intangible assets,648662
2007-02,legal,Legal services,1163455
2007-02,computer_systems,Computer systems design and related services,1332842
2007-02,misc_professional,"Miscellaneous professional, scientific, and technical services",5108346
2007-02,management_companies,Management of companies and enterprises,1825668
2007-02,admin_support,Administrative and support services,7667629
2007-02,waste_remediation,Waste management and remediation services,342587
2007-02,education,Educational services,2310982
2007-02,ambulatory_health,Ambulatory health care services,5365841
2007-02,hospitals_nursing,"Hospitals, nursing and residential care facilities",7315132
2007-02,social_assistance,Social assistance,2239584
2007-02,performing_arts_museums,"Performing arts, spectator sports, museums, and related activities",478893
2007-02,amusement_recreation,"Amusements, gambling, and recreation industries",1251133
2007-02,accommodation,Accommodation,1766574
2007-02,food_services,Food services and drinking places,9188747
2007-02,other_services,"Other services, except government",4346816
2007-03,oil_gas_extraction,Oil and gas extraction,141394
2007-03,mining_except_oil_gas,"Mining, except oil and gas",213714
2007-03,support_mining,Support activities for mining,285338
2007-03,utilities,Utilities,544736
2007-03,construction,Construction,7321288
2007-03,wood_products,Wood products,515771
2007-03,nonmetallic_mineral,Nonmetallic mineral products,493845
2007-03,primary_metals,Primary metals,458410
2007-03,fabricated_metal,Fabricated metal products,1552436
2007-03,machinery,Machinery,1184210
2007-03,computer_electronic,Computer and electronic products,1273367
2007-03,electrical_equipment,"Electrical equipment, appliances, and components",427132
2007-03,motor_vehicles,"Motor vehicles, bodies and trailers, and parts",1027301
2007-03,other_transport_equipment,Other transportation equipment,704904
2007-03,furniture,Furniture and related products,536261
2007-03,misc_manufacturing,Miscellaneous manufacturing,640660
2007-03,food_beverage_tobacco,Food and beverage and tobacco products,1638383
2007-03,textiles,Textile mills and textile product mills,335232
2007-03,apparel_leather,Apparel and leather and allied products,253173
2007-03,paper,Paper products,458210
2007-03,printing,Printing and related support activities,625304
2007-03,petroleum_coal,Petroleum and coal products,111729
2007-03,chemicals,Chemical products,858276
2007-03,plastics_rubber,Plastics and rubber products,756134
2007-03,wholesale,Wholesale trade,5940139
2007-03,retail,Retail trade,15252083
2007-03,air_transport,Air transportation,482590
2007-03,rail_transport,Rail transportation,481
2007-03,water_transport,Water transportation,60114
2007-03,truck_transport,Truck transportation,1421463
2007-03,transit_ground,Transit and ground passenger transportation,415114
2007-03,pipeline,Pipeline transportation,39857
2007-03,other_transport_support,Other transportation and support activities,599182
2007-03,warehousing,Warehousing and storage,652322
2007-03,information,Information,3016454
2007-03,credit_intermediation,"Federal Reserve banks, credit intermediation, and related activities",2932682
2007-03,securities,"Securities, commodity contracts, and investments",840019
2007-03,insurance,Insurance carriers and related activities,2155709
2007-03,funds_trusts,"Funds, trusts, and other financial vehicles",87659
2007-03,real_estate,Real estate,1476017
2007-03,rental_leasing,Rental and leasing services and lessors of intangible assets,654188
2007-03,legal,Legal services,1165605
2007-03,computer_systems,Computer systems design and related services,1331790
2007-03,misc_professional,"Miscellaneous professional, scientific, and technical services",5113003
2007-03,management_companies,Management of companies and enterprises,1829040
2007-03,admin_support,Administrative and support services,7825923
2007-03,waste_remediation,Waste management and remediation services,346712
2007-03,education,Educational services,2334464
2007-03,ambulatory_health,Ambulatory health care services,5393229
2007-03,hospitals_nursing,"Hospitals, nursing and residential care facilities",7345097
2007-03,social_assistance,Social assistance,2258441
2007-03,performing_arts_museums,"Performing arts, spectator sports, museums, and related activities",497948
2007-03,amusement_recreation,"Amusements, gambling, and recreation industries",1297945
2007-03,accommodation,Accommodation,1795212
2007-03,food_services,Food services and drinking places,9358214
2007-03,other_services,"Other services, except government",4402263
2007-04,oil_gas_extraction,Oil and gas extraction,142691
2007-04,mining_except_oil_gas,"Mining, except oil and gas",217502
2007-04,support_mining,Support activities for mining,287889
2007-04,utilities,Utilities,545749
2007-04,construction,Construction,7464283
2007-04,wood_products,Wood products,516977
2007-04,nonmetallic_mineral,Nonmetallic mineral products,500383
2007-04,primary_metals,Primary metals,457237
2007-04,fabricated_metal,Fabricated metal products,1547388
2007-04,machinery,Machinery,1184601
2007-04,computer_electronic,Computer and electronic products,1268468
2007-04,electrical_equipment,"Electrical equipment, appliances, and components",427240
2007-04,motor_vehicles,"Motor vehicles, bodies and trailers, and parts",1018799
2007-04,other_transport_equipment,Other transportation equipment,709282
2007-04,furniture,Furniture and related products,533544
2007-04,misc_manufacturing,Miscellaneous manufacturing,638998
2007-04,food_beverage_tobacco,Food and beverage and tobacco products,1633479
2007-04,textiles,Textile mills and textile product mills,331829
2007-04,apparel_leather,Apparel and leather and allied products,251272
2007-04,paper,Paper products,456219
2007-04,printing,Printing and related support activities,623751
2007-04,petroleum_coal,Petroleum and coal products,113416
2007-04,chemicals,Chemical products,858271
2007-04,plastics_rubber,Plastics and rubber products,755875
2007-04,wholesale,Wholesale trade,5956077
2007-04,retail,Retail trade,15244005
2007-04,air_transport,Air transportation,484471
2007-04,rail_transport,Rail transportation,531
2007-04,water_transport,Water transportation,61628
2007-04,truck_transport,Truck transportation,1426845
2007-04,transit_ground,Transit and ground passenger transportation,413201
2007-04,pipeline,Pipeline transportation,39995
2007-04,other_transport_support,Other transportation and support activities,604006
2007-04,warehousing,Warehousing and storage,651881
2007-04,information,Information,3012532
2007-04,credit_intermediation,"Federal Reserve banks, credit intermediation, and related activities",2921224
2007-04,securities,"Securities, commodity contracts, and investments",843305
2007-04,insurance,Insurance carriers and related activities,2154314
2007-04,funds_trusts,"Funds, trusts, and other financial vehicles",88724
2007-04,real_estate,Real estate,1480601
2007-04,rental_leasing,Rental and leasing services and lessors of intangible assets,655668
2007-04,legal,Legal services,1165516
2007-04,computer_systems,Computer systems design and related services,1347929
2007-04,misc_professional,"Miscellaneous professional, scientific, and technical services",5123179
2007-04,management_companies,Management of companies and enterprises,1827120
2007-04,admin_support,Administrative and support services,7949529
2007-04,waste_remediation,Waste management and remediation services,348901
2007-04,education,Educational services,2340428
2007-04,ambulatory_health,Ambulatory health care services,5411481
2007-04,hospitals_nursing,"Hospitals, nursing and residential care facilities",7345770
2007-04,social_assistance,Social assistance,2270444
2007-04,performing_arts_museums,"Performing arts, spectator sports, museums, and related activities",532123
2007-04,amusement_recreation,"Amusements, gambling, and recreation industries",1370099
2007-04,accommodation,Accommodation,1814169
2007-04,food_services,Food services and drinking places,9488872
2007-04,other_services,"Other services, except government",4414153
2007-05,oil_gas_extraction,Oil and gas extraction,143920
2007-05,mining_except_oil_gas,"Mining, except oil and gas",221553
2007-05,support_mining,Support activities for mining,290935
2007-05,utilities,Utilities,546632
2007-05,construction,Construction,7674950
2007-05,wood_products,Wood products,519295
2007-05,nonmetallic_mineral,Nonmetallic mineral products,506557
2007-05,primary_metals,Primary metals,456380
2007-05,fabricated_metal,Fabricated metal products,1551454
2007-05,machinery,Machinery,1185756
2007-05,computer_electronic,Computer and electronic products,1269339
2007-05,electrical_equipment,"Electrical equipment, appliances, and components",427665
2007-05,motor_vehicles,"Motor vehicles, bodies and trailers, and parts",1009099
2007-05,other_transport_equipment,Other transportation equipment,711621
2007-05,furniture,Furniture and related products,533168
2007-05,misc_manufacturing,Miscellaneous manufacturing,639813
2007-05,food_beverage_tobacco,Food and beverage and tobacco products,1645385
2007-05,textiles,Textile mills and textile product mills,332074
2007-05,apparel_leather,Apparel and leather and allied products,251135
2007-05,paper,Paper products,455655
2007-05,printing,Printing and related support activities,623957
2007-05,petroleum_coal,Petroleum and coal products,116413
2007-05,chemicals,Chemical products,858615
2007-05,plastics_rubber,Plastics and rubber products,757105
2007-05,wholesale,Wholesale trade,5987551
2007-05,retail,Retail trade,15413022
2007-05,air_transport,Air transportation,489970
2007-05,rail_transport,Rail transportation,591
2007-05,water_transport,Water transportation,63809
2007-05,truck_transport,Truck transportation,1445240
2007-05,transit_ground,Transit and ground passenger transportation,421296
2007-05,pipeline,Pipeline transportation,39993
2007-05,other_transport_support,Other transportation and support activities,610287
2007-05,warehousing,Warehousing and storage,652342
2007-05,information,Information,3037439
2007-05,credit_intermediation,"Federal Reserve banks, credit intermediation, and related activities",2916408
2007-05,securities,"Securities, commodity contracts, and investments",847514
2007-05,insurance,Insurance carriers and related activities,2154817
2007-05,funds_trusts,"Funds, trusts, and other financial vehicles",88969
2007-05,real_estate,Real estate,1494079
2007-05,rental_leasing,Rental and leasing services and lessors of intangible assets,665459
2007-05,legal,Legal services,1171259
2007-05,computer_systems,Computer systems design and related services,1356309
2007-05,misc_professional,"Miscellaneous professional, scientific, and technical services",5013000
2007-05,management_companies,Management of companies and enterprises,1833070
2007-05,admin_support,Administrative and support services,8124588
2007-05,waste_remediation,Waste management and remediation services,353715
2007-05,education,Educational services,2328987
2007-05,ambulatory_health,Ambulatory health care services,5441353
2007-05,hospitals_nursing,"Hospitals, nursing and residential care facilities",7369274
2007-05,social_assistance,Social assistance,2291121
2007-05,performing_arts_museums,"Performing arts, spectator sports, museums, and related activities",559287
2007-05,amusement_recreation,"Amusements, gambling, and recreation industries",1476588
2007-05,accommodation,Accommodation,1861129
2007-05,food_services,Food services and drinking places,9669049
2007-05,other_services,"Other services, except government",4461574
2007-06,oil_gas_extraction,Oil and gas extraction,147141
2007-06,mining_except_oil_gas,"Mining, except oil and gas",225775
2007-06,support_mining,Support activities for mining,295352
2007-06,utilities,Utilities,552277
2007-06,construction,Construction,7845843
2007-06,wood_products,Wood products,524496
2007-06,nonmetallic_mineral,Nonmetallic mineral products,511380
2007-06,primary_metals,Primary metals,458439
2007-06,fabricated_metal,Fabricated metal products,1562874
2007-06,machinery,Machinery,1191487
2007-06,computer_electronic,Computer and electronic products,1276622
2007-06,electrical_equipment,"Electrical equipment, appliances, and components",429527
2007-06,motor_vehicles,"Motor vehicles, bodies and trailers, and parts",1009620
2007-06,other_transport_equipment,Other transportation equipment,717712
2007-06,furniture,Furniture and related products,535525
2007-06,misc_manufacturing,Miscellaneous manufacturing,643806
2007-06,food_beverage_tobacco,Food and beverage and tobacco products,1678012
2007-06,textiles,Textile mills and textile product mills,331728
2007-06,apparel_leather,Apparel and leather and allied products,252823
2007-06,paper,Paper products,458348
2007-06,printing,Printing and related support activities,625494
2007-06,petroleum_coal,Petroleum and coal products,117676
2007-06,chemicals,Chemical products,864145
2007-06,plastics_rubber,Plastics and rubber products,760871
2007-06,wholesale,Wholesale trade,6029674
2007-06,retail,Retail trade,15496488
2007-06,air_transport,Air transportation,492641
2007-06,rail_transport,Rail transportation,606
2007-06,water_transport,Water transportation,64774
2007-06,truck_transport,Truck transportation,1463466
2007-06,transit_ground,Transit and ground passenger transportation,400441
2007-06,pipeline,Pipeline transportation,40462
2007-06,other_transport_support,Other transportation and support activities,621286
2007-06,warehousing,Warehousing and storage,655571
2007-06,information,Information,3058610
2007-06,credit_intermediation,"Federal Reserve banks, credit intermediation, and related activities",2912651
2007-06,securities,"Securities, commodity contracts, and investments",858916
2007-06,insurance,Insurance carriers and related activities,2166868
2007-06,funds_trusts,"Funds, trusts, and other financial vehicles",89560
2007-06,real_estate,Real estate,1519649
2007-06,rental_leasing,Rental and leasing services and lessors of intangible assets,675518
2007-06,legal,Legal services,1195070
2007-06,computer_systems,Computer systems design and related services,1361967
2007-06,misc_professional,"Miscellaneous professional, scientific, and technical services",5064141
2007-06,management_companies,Management of companies and enterprises,1849983
2007-06,admin_support,Administrative and support services,8203366
2007-06,waste_remediation,Waste management and remediation services,360488
2007-06,education,Educational services,2209211
2007-06,ambulatory_health,Ambulatory health care services,5476962
2007-06,hospitals_nursing,"Hospitals, nursing and residential care facilities",7427616
2007-06,social_assistance,Social assistance,2280687
2007-06,performing_arts_museums,"Performing arts, spectator sports, museums, and related activities",570199
2007-06,amusement_recreation,"Amusements, gambling, and recreation industries",1632975
2007-06,accommodation,Accommodation,1939126
2007-06,food_services,Food services and drinking places,9759281
2007-06,other_services,"Other services, except government",4525072
2007-07,oil_gas_extraction,Oil and gas extraction,148640
2007-07,mining_except_oil_gas,"Mining, except oil and gas",226324
2007-07,support_mining,Support activities for mining,297146
2007-07,utilities,Utilities,553569
2007-07,construction,Construction,7832593
2007-07,wood_products,Wood products,521771
2007-07,nonmetallic_mineral,Nonmetallic mineral products,507731
2007-07,primary_metals,Primary metals,454514
2007-07,fabricated_metal,Fabricated metal products,1555856
2007-07,machinery,Machinery,1185805
2007-07,computer_electronic,Computer and electronic products,1276363
2007-07,electrical_equipment,"Electrical equipment, appliances, and components",429039
2007-07,motor_vehicles,"Motor vehicles, bodies and trailers, and parts",943034
2007-07,other_transport_equipment,Other transportation equipment,716203
2007-07,furniture,Furniture and related products,531647
2007-07,misc_manufacturing,Miscellaneous manufacturing,639169
2007-07,food_beverage_tobacco,Food and beverage and tobacco products,1702315
2007-07,textiles,Textile mills and textile product mills,326274
2007-07,apparel_leather,Apparel and leather and allied products,247695
2007-07,paper,Paper products,457014
2007-07,printing,Printing and related support activities,622720
2007-07,petroleum_coal,Petroleum and coal products,118593
2007-07,chemicals,Chemical products,862863
2007-07,plastics_rubber,Plastics and rubber products,753581
2007-07,wholesale,Wholesale trade,6023369
2007-07,retail,Retail trade,15485966
2007-07,air_transport,Air transportation,492311
2007-07,rail_transport,Rail transportation,591
2007-07,water_transport,Water transportation,64947
2007-07,truck_transport,Truck transportation,1456534
2007-07,transit_ground,Transit and ground passenger transportation,337281
2007-07,pipeline,Pipeline transportation,40375
2007-07,other_transport_support,Other transportation and support activities,620687
2007-07,warehousing,Warehousing and storage,654703
2007-07,information,Information,3045914
2007-07,credit_intermediation,"Federal Reserve banks, credit intermediation, and related activities",2901913
2007-07,securities,"Securities, commodity contracts, and investments",870903
2007-07,insurance,Insurance carriers and related activities,2166446
2007-07,funds_trusts,"Funds, trusts, and other financial vehicles",89350
2007-07,real_estate,Real estate,1519306
2007-07,rental_leasing,Rental and leasing services and lessors of intangible assets,671191
2007-07,legal,Legal services,1192513
2007-07,computer_systems,Computer systems design and related services,1376075
2007-07,misc_professional,"Miscellaneous professional, scientific, and technical services",5060206
2007-07,management_companies,Management of companies and enterprises,1850507
2007-07,admin_support,Administrative and support services,8117510
2007-07,waste_remediation,Waste management and remediation services,360903
2007-07,education,Educational services,2121738
2007-07,ambulatory_health,Ambulatory health care services,5487172
2007-07,hospitals_nursing,"Hospitals, nursing and residential care facilities",7437774
2007-07,social_assistance,Social assistance,2235729
2007-07,performing_arts_museums,"Performing arts, spectator sports, museums, and related activities",569906
2007-07,amusement_recreation,"Amusements, gambling, and recreation industries",1663331
2007-07,accommodation,Accommodation,1976984
2007-07,food_services,Food services and drinking places,9671297
2007-07,other_services,"Other services, except government",4482694
2007-08,oil_gas_extraction,Oil and gas extraction,149533
2007-08,mining_except_oil_gas,"Mining, except oil and gas",226647
2007-08,support_mining,Support activities for mining,301020
2007-08,utilities,Utilities,553293
2007-08,construction,Construction,7863670
2007-08,wood_products,Wood products,520926
2007-08,nonmetallic_mineral,Nonmetallic mineral products,507908
2007-08,primary_metals,Primary metals,456112
2007-08,fabricated_metal,Fabricated metal products,1559950
2007-08,machinery,Machinery,1184503
2007-08,computer_electronic,Computer and electronic products,1272313
2007-08,electrical_equipment,"Electrical equipment, appliances, and components",427985
2007-08,motor_vehicles,"Motor vehicles, bodies and trailers, and parts",985147
2007-08,other_transport_equipment,Other transportation equipment,716478
2007-08,furniture,Furniture and related products,529096
2007-08,misc_manufacturing,Miscellaneous manufacturing,640468
2007-08,food_beverage_tobacco,Food and beverage and tobacco products,1713871
2007-08,textiles,Textile mills and textile product mills,326994
2007-08,apparel_leather,Apparel and leather and allied products,248053
2007-08,paper,Paper products,454928
2007-08,printing,Printing and related support activities,621658
2007-08,petroleum_coal,Petroleum and coal products,117705
2007-08,chemicals,Chemical products,860289
2007-08,plastics_rubber,Plastics and rubber products,755054
2007-08,wholesale,Wholesale trade,6017825
2007-08,retail,Retail trade,15485397
2007-08,air_transport,Air transportation,493236
2007-08,rail_transport,Rail transportation,595
2007-08,water_transport,Water transportation,65226
2007-08,truck_transport,Truck transportation,1463638
2007-08,transit_ground,Transit and ground passenger transportation,339970
2007-08,pipeline,Pipeline transportation,40560
2007-08,other_transport_support,Other transportation and support activities,623168
2007-08,warehousing,Warehousing and storage,658288
2007-08,information,Information,3054220
2007-08,credit_intermediation,"Federal Reserve banks, credit intermediation, and related activities",2881048
2007-08,securities,"Securities, commodity contracts, and investments",871653
2007-08,insurance,Insurance carriers and related activities,2164089
2007-08,funds_trusts,"Funds, trusts, and other financial vehicles",89147
2007-08,real_estate,Real estate,1521293
2007-08,rental_leasing,Rental and leasing services and lessors of intangible assets,671472
2007-08,legal,Legal services,1183794
2007-08,computer_systems,Computer systems design and related services,1384230
2007-08,misc_professional,"Miscellaneous professional, scientific, and technical services",5083769
2007-08,management_companies,Management of companies and enterprises,1848787
2007-08,admin_support,Administrative and support services,8221137
2007-08,waste_remediation,Waste management and remediation services,361767
2007-08,education,Educational services,2121943
2007-08,ambulatory_health,Ambulatory health care services,5510832
2007-08,hospitals_nursing,"Hospitals, nursing and residential care facilities",7454222
2007-08,social_assistance,Social assistance,2255528
2007-08,performing_arts_museums,"Performing arts, spectator sports, museums, and related activities",575940
2007-08,amusement_recreation,"Amusements, gambling, and recreation industries",1630527
2007-08,accommodation,Accommodation,1971770
2007-08,food_services,Food services and drinking places,9739410
2007-08,other_services,"Other services, except government",4476644
2007-09,oil_gas_extraction,Oil and gas extraction,148174
2007-09,mining_except_oil_gas,"Mining, except oil and gas",223793
2007-09,support_mining,Support activities for mining,299728
2007-09,utilities,Utilities,551756
2007-09,construction,Construction,7773772
2007-09,wood_products,Wood products,514537
2007-09,nonmetallic_mineral,Nonmetallic mineral products,504216
2007-09,primary_metals,Primary metals,454863
2007-09,fabricated_metal,Fabricated metal products,1557023
2007-09,machinery,Machinery,1179702
2007-09,computer_electronic,Computer and electronic products,1264062
2007-09,electrical_equipment,"Electrical equipment, appliances, and components",426734
2007-09,motor_vehicles,"Motor vehicles, bodies and trailers, and parts",981335
2007-09,other_transport_equipment,Other transportation equipment,717936
2007-09,furniture,Furniture and related products,524891
2007-09,misc_manufacturing,Miscellaneous manufacturing,638916
2007-09,food_beverage_tobacco,Food and beverage and tobacco products,1712039
2007-09,textiles,Textile mills and textile product mills,324764
2007-09,apparel_leather,Apparel and leather and allied products,245394
2007-09,paper,Paper products,452733
2007-09,printing,Printing and related support activities,618994
2007-09,petroleum_coal,Petroleum and coal products,117157
2007-09,chemicals,Chemical products,856508
2007-09,plastics_rubber,Plastics and rubber products,752411
2007-09,wholesale,Wholesale trade,6001007
2007-09,retail,Retail trade,15414040
2007-09,air_transport,Air transportation,494018
2007-09,rail_transport,Rail transportation,606
2007-09,water_transport,Water transportation,63964
2007-09,truck_transport,Truck transportation,1458017
2007-09,transit_ground,Transit and ground passenger transportation,417475
2007-09,pipeline,Pipeline transportation,40456
2007-09,other_transport_support,Other transportation and support activities,618198
2007-09,warehousing,Warehousing and storage,662645
2007-09,information,Information,3034370
2007-09,credit_intermediation,"Federal Reserve banks, credit intermediation, and related activities",2848289
2007-09,securities,"Securities, commodity contracts, and investments",861637
2007-09,insurance,Insurance carriers and related activities,2156475
2007-09,funds_trusts,"Funds, trusts, and other financial vehicles",89433
2007-09,real_estate,Real estate,1502353
2007-09,rental_leasing,Rental and leasing services and lessors of intangible assets,661805
2007-09,legal,Legal services,1166499
2007-09,computer_systems,Computer systems design and related services,1374936
2007-09,misc_professional,"Miscellaneous professional, scientific, and technical services",5048038
2007-09,management_companies,Management of companies and enterprises,1840018
2007-09,admin_support,Administrative and support services,8222949
2007-09,waste_remediation,Waste management and remediation services,358440
2007-09,education,Educational services,2282002
2007-09,ambulatory_health,Ambulatory health care services,5506437
2007-09,hospitals_nursing,"Hospitals, nursing and residential care facilities",7446658
2007-09,social_assistance,Social assistance,2283525
2007-09,performing_arts_museums,"Performing arts, spectator sports, museums, and related activities",557055
2007-09,amusement_recreation,"Amusements, gambling, and recreation industries",1474989
2007-09,accommodation,Accommodation,1895788
2007-09,food_services,Food services and drinking places,9645500
2007-09,other_services,"Other services, except government",4441072
2007-10,oil_gas_extraction,Oil and gas extraction,149045
2007-10,mining_except_oil_gas,"Mining, except oil and gas",222514
2007-10,support_mining,Support activities for mining,301840
2007-10,utilities,Utilities,552901
2007-10,construction,Construction,7698613
2007-10,wood_products,Wood products,505984
2007-10,nonmetallic_mineral,Nonmetallic mineral products,499275
2007-10,primary_metals,Primary metals,451445
2007-10,fabricated_metal,Fabricated metal products,1554402
2007-10,machinery,Machinery,1178453
2007-10,computer_electronic,Computer and electronic products,1262972
2007-10,electrical_equipment,"Electrical equipment, appliances, and components",425622
2007-10,motor_vehicles,"Motor vehicles, bodies and trailers, and parts",949426
2007-10,other_transport_equipment,Other transportation equipment,718839
2007-10,furniture,Furniture and related products,519892
2007-10,misc_manufacturing,Miscellaneous manufacturing,641263
2007-10,food_beverage_tobacco,Food and beverage and tobacco products,1697931
2007-10,textiles,Textile mills and textile product mills,320063
2007-10,apparel_leather,Apparel and leather and allied products,241796
2007-10,paper,Paper products,451308
2007-10,printing,Printing and related support activities,617126
2007-10,petroleum_coal,Petroleum and coal products,117221
2007-10,chemicals,Chemical products,855264
2007-10,plastics_rubber,Plastics and rubber products,748254
2007-10,wholesale,Wholesale trade,6021007
2007-10,retail,Retail trade,15517506
2007-10,air_transport,Air transportation,494782
2007-10,rail_transport,Rail transportation,598
2007-10,water_transport,Water transportation,64412
2007-10,truck_transport,Truck transportation,1447576
2007-10,transit_ground,Transit and ground passenger transportation,426124
2007-10,pipeline,Pipeline transportation,40613
2007-10,other_transport_support,Other transportation and support activities,615418
2007-10,warehousing,Warehousing and storage,666651
2007-10,information,Information,3014600
2007-10,credit_intermediation,"Federal Reserve banks, credit intermediation, and related activities",2831953
2007-10,securities,"Securities, commodity contracts, and investments",866454
2007-10,insurance,Insurance carriers and related activities,2158117
2007-10,funds_trusts,"Funds, trusts, and other financial vehicles",90220
2007-10,real_estate,Real estate,1497238
2007-10,rental_leasing,Rental and leasing services and lessors of intangible assets,655188
2007-10,legal,Legal services,1174128
2007-10,computer_systems,Computer systems design and related services,1399554
2007-10,misc_professional,"Miscellaneous professional, scientific, and technical services",5102093
2007-10,management_companies,Management of companies and enterprises,1842652
2007-10,admin_support,Administrative and support services,8199764
2007-10,waste_remediation,Waste management and remediation services,355892
2007-10,education,Educational services,2383856
2007-10,ambulatory_health,Ambulatory health care services,5543921
2007-10,hospitals_nursing,"Hospitals, nursing and residential care facilities",7450032
2007-10,social_assistance,Social assistance,2301247
2007-10,performing_arts_museums,"Performing arts, spectator sports, museums, and related activities",538681
2007-10,amusement_recreation,"Amusements, gambling, and recreation industries",1391655
2007-10,accommodation,Accommodation,1846097
2007-10,food_services,Food services and drinking places,9538112
2007-10,other_services,"Other services, except government",4457122
2007-11,oil_gas_extraction,Oil and gas extraction,149817
2007-11,mining_except_oil_gas,"Mining, except oil and gas",221727
2007-11,support_mining,Support activities for mining,304444
2007-11,utilities,Utilities,553767
2007-11,construction,Construction,7585496
2007-11,wood_products,Wood products,498481
2007-11,nonmetallic_mineral,Nonmetallic mineral products,496356
2007-11,primary_metals,Primary metals,451243
2007-11,fabricated_metal,Fabricated metal products,1553757
2007-11,machinery,Machinery,1180022
2007-11,computer_electronic,Computer and electronic products,1262288
2007-11,electrical_equipment,"Electrical equipment, appliances, and components",424859
2007-11,motor_vehicles,"Motor vehicles, bodies and trailers, and parts",971445
2007-11,other_transport_equipment,Other transportation equipment,723914
2007-11,furniture,Furniture and related products,516015
2007-11,misc_manufacturing,Miscellaneous manufacturing,642783
2007-11,food_beverage_tobacco,Food and beverage and tobacco products,1685694
2007-11,textiles,Textile mills and textile product mills,320202
2007-11,apparel_leather,Apparel and leather and allied products,240649
2007-11,paper,Paper products,450677
2007-11,printing,Printing and related support activities,616721
2007-11,petroleum_coal,Petroleum and coal products,116587
2007-11,chemicals,Chemical products,854867
2007-11,plastics_rubber,Plastics and rubber products,745763
2007-11,wholesale,Wholesale trade,6025979
2007-11,retail,Retail trade,16043004
2007-11,air_transport,Air transportation,495464
2007-11,rail_transport,Rail transportation,587
2007-11,water_transport,Water transportation,63044
2007-11,truck_transport,Truck transportation,1440598
2007-11,transit_ground,Transit and ground passenger transportation,426618
2007-11,pipeline,Pipeline transportation,40760
2007-11,other_transport_support,Other transportation and support activities,615121
2007-11,warehousing,Warehousing and storage,675206
2007-11,information,Information,3034135
2007-11,credit_intermediation,"Federal Reserve banks, credit intermediation, and related activities",2823840
2007-11,securities,"Securities, commodity contracts, and investments",870417
2007-11,insurance,Insurance carriers and related activities,2162366
2007-11,funds_trusts,"Funds, trusts, and other financial vehicles",90324
2007-11,real_estate,Real estate,1492439
2007-11,rental_leasing,Rental and leasing services and lessors of intangible assets,652324
2007-11,legal,Legal services,1174040
2007-11,computer_systems,Computer systems design and related services,1405750
2007-11,misc_professional,"Miscellaneous professional, scientific, and technical services",5139092
2007-11,management_companies,Management of companies and enterprises,1848586
2007-11,admin_support,Administrative and support services,8169850
2007-11,waste_remediation,Waste management and remediation services,354682
2007-11,education,Educational services,2396127
2007-11,ambulatory_health,Ambulatory health care services,5565528
2007-11,hospitals_nursing,"Hospitals, nursing and residential care facilities",7477017
2007-11,social_assistance,Social assistance,2317124
2007-11,performing_arts_museums,"Performing arts, spectator sports, museums, and related activities",526464
2007-11,amusement_recreation,"Amusements, gambling, and recreation industries",1310903
2007-11,accommodation,Accommodation,1821311
2007-11,food_services,Food services and drinking places,9526096
2007-11,other_services,"Other services, except government",4464641
2007-12,oil_gas_extraction,Oil and gas extraction,151144
2007-12,mining_except_oil_gas,"Mining, except oil and gas",218299
2007-12,support_mining,Support activities for mining,305353
2007-12,utilities,Utilities,554150
2007-12,construction,Construction,7386009
2007-12,wood_products,Wood products,494017
2007-12,nonmetallic_mineral,Nonmetallic mineral products,487579
2007-12,primary_metals,Primary metals,451789
2007-12,fabricated_metal,Fabricated metal products,1557460
2007-12,machinery,Machinery,1188227
2007-12,computer_electronic,Computer and electronic products,1264118
2007-12,electrical_equipment,"Electrical equipment, appliances, and components",426102
2007-12,motor_vehicles,"Motor vehicles, bodies and trailers, and parts",965153
2007-12,other_transport_equipment,Other transportation equipment,726058
2007-12,furniture,Furniture and related products,514118
2007-12,misc_manufacturing,Miscellaneous manufacturing,642436
2007-12,food_beverage_tobacco,Food and beverage and tobacco products,1681706
2007-12,textiles,Textile mills and textile product mills,319121
2007-12,apparel_leather,Apparel and leather and allied products,239970
2007-12,paper,Paper products,451085
2007-12,printing,Printing and related support activities,616531
2007-12,petroleum_coal,Petroleum and coal products,114516
2007-12,chemicals,Chemical products,857139
2007-12,plastics_rubber,Plastics and rubber products,744623
2007-12,wholesale,Wholesale trade,6044404
2007-12,retail,Retail trade,16258085
2007-12,air_transport,Air transportation,498089
2007-12,rail_transport,Rail transportation,552
2007-12,water_transport,Water transportation,63085
2007-12,truck_transport,Truck transportation,1431056
2007-12,transit_ground,Transit and ground passenger transportation,426899
2007-12,pipeline,Pipeline transportation,40964
2007-12,other_transport_support,Other transportation and support activities,618868
2007-12,warehousing,Warehousing and storage,673843
2007-12,information,Information,3050662
2007-12,credit_intermediation,"Federal Reserve banks, credit intermediation, and related activities",2817717
2007-12,securities,"Securities, commodity contracts, and investments",873772
2007-12,insurance,Insurance carriers and related activities,2171330
2007-12,funds_trusts,"Funds, trusts, and other financial vehicles",91125
2007-12,real_estate,Real estate,1503457
2007-12,rental_leasing,Rental and leasing services and lessors of intangible assets,652152
2007-12,legal,Legal services,1180140
2007-12,computer_systems,Computer systems design and related services,1411009
2007-12,misc_professional,"Miscellaneous professional, scientific, and technical services",5233035
2007-12,management_companies,Management of companies and enterprises,1854841
2007-12,admin_support,Administrative and support services,8069172
2007-12,waste_remediation,Waste management and remediation services,353216
2007-12,education,Educational services,2379206
2007-12,ambulatory_health,Ambulatory health care services,5593644
2007-12,hospitals_nursing,"Hospitals, nursing and residential care facilities",7502673
2007-12,social_assistance,Social assistance,2320123
2007-12,performing_arts_museums,"Performing arts, spectator sports, museums, and related activities",522867
2007-12,amusement_recreation,"Amusements, gambling, and recreation industries",1315914
2007-12,accommodation,Accommodation,1821147
2007-12,food_services,Food services and drinking places,9520862
2007-12,other_services,"Other services, except government",4475007
2008-01,oil_gas_extraction,Oil and gas extraction,152592
2008-01,mining_except_oil_gas,"Mining, except oil and gas",212148
2008-01,support_mining,Support activities for mining,309675
2008-01,utilities,Utilities,551466
2008-01,construction,Construction,6985442
2008-01,wood_products,Wood products,481663
2008-01,nonmetallic_mineral,Nonmetallic mineral products,470746
2008-01,primary_metals,Primary metals,449701
2008-01,fabricated_metal,Fabricated metal products,1546137
2008-01,machinery,Machinery,1184855
2008-01,computer_electronic,Computer and electronic products,1255141
2008-01,electrical_equipment,"Electrical equipment, appliances, and components",425525
2008-01,motor_vehicles,"Motor vehicles, bodies and trailers, and parts",940051
2008-01,other_transport_equipment,Other transportation equipment,727567
2008-01,furniture,Furniture and related products,507176
2008-01,misc_manufacturing,Miscellaneous manufacturing,634189
2008-01,food_beverage_tobacco,Food and beverage and tobacco products,1651274
2008-01,textiles,Textile mills and textile product mills,313310
2008-01,apparel_leather,Apparel and leather and allied products,233226
2008-01,paper,Paper products,449698
2008-01,printing,Printing and related support activities,606923
2008-01,petroleum_coal,Petroleum and coal products,112602
2008-01,chemicals,Chemical products,851129
2008-01,plastics_rubber,Plastics and rubber products,747672
2008-01,wholesale,Wholesale trade,5945069
2008-01,retail,Retail trade,15437910
2008-01,air_transport,Air transportation,496271
2008-01,rail_transport,Rail transportation,514
2008-01,water_transport,Water transportation,63358
2008-01,truck_transport,Truck transportation,1389947
2008-01,transit_ground,Transit and ground passenger transportation,422183
2008-01,pipeline,Pipeline transportation,40043
2008-01,other_transport_support,Other transportation and support activities,607694
2008-01,warehousing,Warehousing and storage,674534
2008-01,information,Information,2975358
2008-01,credit_intermediation,"Federal Reserve banks, credit intermediation, and related activities",2786749
2008-01,securities,"Securities, commodity contracts, and investments",866731
2008-01,insurance,Insurance carriers and related activities,2152559
2008-01,funds_trusts,"Funds, trusts, and other financial vehicles",88907
2008-01,real_estate,Real estate,1455799
2008-01,rental_leasing,Rental and leasing services and lessors of intangible assets,635996
2008-01,legal,Legal services,1156095
2008-01,computer_systems,Computer systems design and related services,1418367
2008-01,misc_professional,"Miscellaneous professional, scientific, and technical services",5219811
2008-01,management_companies,Management of companies and enterprises,1890630
2008-01,admin_support,Administrative and support services,7465111
2008-01,waste_remediation,Waste management and remediation services,348941
2008-01,education,Educational services,2288593
2008-01,ambulatory_health,Ambulatory health care services,5529226
2008-01,hospitals_nursing,"Hospitals, nursing and residential care facilities",7483744
2008-01,social_assistance,Social assistance,2314954
2008-01,performing_arts_museums,"Performing arts, spectator sports, museums, and related activities",482854
2008-01,amusement_recreation,"Amusements, gambling, and recreation industries",1269522
2008-01,accommodation,Accommodation,1778194
2008-01,food_services,Food services and drinking places,9269713
2008-01,other_services,"Other services, except government",4388203
2008-02,oil_gas_extraction,Oil and gas extraction,154048
2008-02,mining_except_oil_gas,"Mining, except oil and gas",212063
2008-02,support_mining,Support activities for mining,312101
2008-02,utilities,Utilities,552428
2008-02,construction,Construction,6942464
2008-02,wood_products,Wood products,474126
2008-02,nonmetallic_mineral,Nonmetallic mineral products,465157
2008-02,primary_metals,Primary metals,450301
2008-02,fabricated_metal,Fabricated metal products,1546103
2008-02,machinery,Machinery,1187844
2008-02,computer_electronic,Computer and electronic products,1252823
2008-02,electrical_equipment,"Electrical equipment, appliances, and components",424728
2008-02,motor_vehicles,"Motor vehicles, bodies and trailers, and parts",949883
2008-02,other_transport_equipment,Other transportation equipment,733852
2008-02,furniture,Furniture and related products,500857
2008-02,misc_manufacturing,Miscellaneous manufacturing,632665
2008-02,food_beverage_tobacco,Food and beverage and tobacco products,1650227
2008-02,textiles,Textile mills and textile product mills,311235
2008-02,apparel_leather,Apparel and leather and allied products,235846
2008-02,paper,Paper products,446627
2008-02,printing,Printing and related support activities,604904
2008-02,petroleum_coal,Petroleum and coal products,112143
2008-02,chemicals,Chemical products,851118
2008-02,plastics_rubber,Plastics and rubber products,743801
2008-02,wholesale,Wholesale trade,5950230
2008-02,retail,Retail trade,15178847
2008-02,air_transport,Air transportation,498753
2008-02,rail_transport,Rail transportation,528
2008-02,water_transport,Water transportation,62337
2008-02,truck_transport,Truck transportation,1384634
2008-02,transit_ground,Transit and ground passenger transportation,426341
2008-02,pipeline,Pipeline transportation,40165
2008-02,other_transport_support,Other transportation and support activities,610363
2008-02,warehousing,Warehousing and storage,672025
2008-02,information,Information,2997202
2008-02,credit_intermediation,"Federal Reserve banks, credit intermediation, and related activities",2787048
2008-02,securities,"Securities, commodity contracts, and investments",869099
2008-02,insurance,Insurance carriers and related activities,2159724
2008-02,funds_trusts,"Funds, trusts, and other financial vehicles",88900
2008-02,real_estate,Real estate,1458457
2008-02,rental_leasing,Rental and leasing services and lessors of intangible assets,638114
2008-02,legal,Legal services,1157404
2008-02,computer_systems,Computer systems design and related services,1426387
2008-02,misc_professional,"Miscellaneous professional, scientific, and technical services",5285224
2008-02,management_companies,Management of companies and enterprises,1892309
2008-02,admin_support,Administrative and support services,7501216
2008-02,waste_remediation,Waste management and remediation services,349143
2008-02,education,Educational services,2403512
2008-02,ambulatory_health,Ambulatory health care services,5557562
2008-02,hospitals_nursing,"Hospitals, nursing and residential care facilities",7500517
2008-02,social_assistance,Social assistance,2337571
2008-02,performing_arts_museums,"Performing arts, spectator sports, museums, and related activities",491950
2008-02,amusement_recreation,"Amusements, gambling, and recreation industries",1282836
2008-02,accommodation,Accommodation,1796803
2008-02,food_services,Food services and drinking places,9336512
2008-02,other_services,"Other services, except government",4421743
2008-03,oil_gas_extraction,Oil and gas extraction,154766
2008-03,mining_except_oil_gas,"Mining, except oil and gas",214106
2008-03,support_mining,Support activities for mining,314652
2008-03,utilities,Utilities,553895
2008-03,construction,Construction,7015698
2008-03,wood_products,Wood products,469287
2008-03,nonmetallic_mineral,Nonmetallic mineral products,467081
2008-03,primary_metals,Primary metals,449419
2008-03,fabricated_metal,Fabricated metal products,1546446
2008-03,machinery,Machinery,1188823
2008-03,computer_electronic,Computer and electronic products,1250650
2008-03,electrical_equipment,"Electrical equipment, appliances, and components",424515
2008-03,motor_vehicles,"Motor vehicles, bodies and trailers, and parts",923069
2008-03,other_transport_equipment,Other transportation equipment,731649
2008-03,furniture,Furniture and related products,497564
2008-03,misc_manufacturing,Miscellaneous manufacturing,632262
2008-03,food_beverage_tobacco,Food and beverage and tobacco products,1648295
2008-03,textiles,Textile mills and textile product mills,309309
2008-03,apparel_leather,Apparel and leather and allied products,235791
2008-03,paper,Paper products,446361
2008-03,printing,Printing and related support activities,603966
2008-03,petroleum_coal,Petroleum and coal products,113149
2008-03,chemicals,Chemical products,851472
2008-03,plastics_rubber,Plastics and rubber products,741332
2008-03,wholesale,Wholesale trade,5962944
2008-03,retail,Retail trade,15238354
2008-03,air_transport,Air transportation,501481
2008-03,rail_transport,Rail transportation,551
2008-03,water_transport,Water transportation,61883
2008-03,truck_transport,Truck transportation,1385364
2008-03,transit_ground,Transit and ground passenger transportation,428379
2008-03,pipeline,Pipeline transportation,40436
2008-03,other_transport_support,Other transportation and support activities,609784
2008-03,warehousing,Warehousing and storage,671401
2008-03,information,Information,3007840
2008-03,credit_intermediation,"Federal Reserve banks, credit intermediation, and related activities",2780700
2008-03,securities,"Securities, commodity contracts, and investments",866863
2008-03,insurance,Insurance carriers and related activities,2162562
2008-03,funds_trusts,"Funds, trusts, and other financial vehicles",89479
2008-03,real_estate,Real estate,1461372
2008-03,rental_leasing,Rental and leasing services and lessors of intangible assets,641178
2008-03,legal,Legal services,1158856
2008-03,computer_systems,Computer systems design and related services,1422832
2008-03,misc_professional,"Miscellaneous professional, scientific, and technical services",5274789
2008-03,management_companies,Management of companies and enterprises,1894562
2008-03,admin_support,Administrative and support services,7571411
2008-03,waste_remediation,Waste management and remediation services,350441
2008-03,education,Educational services,2411562
2008-03,ambulatory_health,Ambulatory health care services,5569737
2008-03,hospitals_nursing,"Hospitals, nursing and residential care facilities",7525292
2008-03,social_assistance,Social assistance,2349027
2008-03,performing_arts_museums,"Performing arts, spectator sports, museums, and related activities",507685
2008-03,amusement_recreation,"Amusements, gambling, and recreation industries",1324821
2008-03,accommodation,Accommodation,1819879
2008-03,food_services,Food services and drinking places,9468874
2008-03,other_services,"Other services, except government",4450274
2008-04,oil_gas_extraction,Oil and gas extraction,156284
2008-04,mining_except_oil_gas,"Mining, except oil and gas",220495
2008-04,support_mining,Support activities for mining,317557
2008-04,utilities,Utilities,554099
2008-04,construction,Construction,7143470
2008-04,wood_products,Wood products,465587
2008-04,nonmetallic_mineral,Nonmetallic mineral products,471175
2008-04,primary_metals,Primary metals,446875
2008-04,fabricated_metal,Fabricated metal products,1547019
2008-04,machinery,Machinery,1184139
2008-04,computer_electronic,Computer and electronic products,1248736
2008-04,electrical_equipment,"Electrical equipment, appliances, and components",423509
2008-04,motor_vehicles,"Motor vehicles, bodies and trailers, and parts",906641
2008-04,other_transport_equipment,Other transportation equipment,732599
2008-04,furniture,Furniture and related products,492204
2008-04,misc_manufacturing,Miscellaneous manufacturing,630311
2008-04,food_beverage_tobacco,Food and beverage and tobacco products,1642904
2008-04,textiles,Textile mills and textile product mills,308076
2008-04,apparel_leather,Apparel and leather and allied products,235912
2008-04,paper,Paper products,445037
2008-04,printing,Printing and related support activities,601718
2008-04,petroleum_coal,Petroleum and coal products,115316
2008-04,chemicals,Chemical products,850986
2008-04,plastics_rubber,Plastics and rubber products,737671
2008-04,wholesale,Wholesale trade,5973533
2008-04,retail,Retail trade,15199790
2008-04,air_transport,Air transportation,497408
2008-04,rail_transport,Rail transportation,572
2008-04,water_transport,Water transportation,63784
2008-04,truck_transport,Truck transportation,1392153
2008-04,transit_ground,Transit and ground passenger transportation,432706
2008-04,pipeline,Pipeline transportation,40531
2008-04,other_transport_support,Other transportation and support activities,613071
2008-04,warehousing,Warehousing and storage,666860
2008-04,information,Information,3004496
2008-04,credit_intermediation,"Federal Reserve banks, credit intermediation, and related activities",2768032
2008-04,securities,"Securities, commodity contracts, and investments",867141
2008-04,insurance,Insurance carriers and related activities,2158371
2008-04,funds_trusts,"Funds, trusts, and other financial vehicles",90095
2008-04,real_estate,Real estate,1466917
2008-04,rental_leasing,Rental and leasing services and lessors of intangible assets,646961
2008-04,legal,Legal services,1161207
2008-04,computer_systems,Computer systems design and related services,1440071
2008-04,misc_professional,"Miscellaneous professional, scientific, and technical services",5286577
2008-04,management_companies,Management of companies and enterprises,1894246
2008-04,admin_support,Administrative and support services,7705459
2008-04,waste_remediation,Waste management and remediation services,353386
2008-04,education,Educational services,2434282
2008-04,ambulatory_health,Ambulatory health care services,5596885
2008-04,hospitals_nursing,"Hospitals, nursing and residential care facilities",7526779
2008-04,social_assistance,Social assistance,2364661
2008-04,performing_arts_museums,"Performing arts, spectator sports, museums, and related activities",553443
2008-04,amusement_recreation,"Amusements, gambling, and recreation industries",1395856
2008-04,accommodation,Accommodation,1841453
2008-04,food_services,Food services and drinking places,9621497
2008-04,other_services,"Other services, except government",4482241
2008-05,oil_gas_extraction,Oil and gas extraction,157712
2008-05,mining_except_oil_gas,"Mining, except oil and gas",225367
2008-05,support_mining,Support activities for mining,322745
2008-05,utilities,Utilities,556440
2008-05,construction,Construction,7305163
2008-05,wood_products,Wood products,465397
2008-05,nonmetallic_mineral,Nonmetallic mineral products,476232
2008-05,primary_metals,Primary metals,446737
2008-05,fabricated_metal,Fabricated metal products,1548167
2008-05,machinery,Machinery,1185697
2008-05,computer_electronic,Computer and electronic products,1249904
2008-05,electrical_equipment,"Electrical equipment, appliances, and components",423948
2008-05,motor_vehicles,"Motor vehicles, bodies and trailers, and parts",905558
2008-05,other_transport_equipment,Other transportation equipment,734854
2008-05,furniture,Furniture and related products,490619
2008-05,misc_manufacturing,Miscellaneous manufacturing,630306
2008-05,food_beverage_tobacco,Food and beverage and tobacco products,1657081
2008-05,textiles,Textile mills and textile product mills,306979
2008-05,apparel_leather,Apparel and leather and allied products,236337
2008-05,paper,Paper products,444799
2008-05,printing,Printing and related support activities,599474
2008-05,petroleum_coal,Petroleum and coal products,117594
2008-05,chemicals,Chemical products,851241
2008-05,plastics_rubber,Plastics and rubber products,735498
2008-05,wholesale,Wholesale trade,5997991
2008-05,retail,Retail trade,15279774
2008-05,air_transport,Air transportation,495495
2008-05,rail_transport,Rail transportation,609
2008-05,water_transport,Water transportation,65772
2008-05,truck_transport,Truck transportation,1405762
2008-05,transit_ground,Transit and ground passenger transportation,434705
2008-05,pipeline,Pipeline transportation,40744
2008-05,other_transport_support,Other transportation and support activities,621563
2008-05,warehousing,Warehousing and storage,666609
2008-05,information,Information,3021292
2008-05,credit_intermediation,"Federal Reserve banks, credit intermediation, and related activities",2760126
2008-05,securities,"Securities, commodity contracts, and investments",867565
2008-05,insurance,Insurance carriers and related activities,2162083
2008-05,funds_trusts,"Funds, trusts, and other financial vehicles",89815
2008-05,real_estate,Real estate,1477103
2008-05,rental_leasing,Rental and leasing services and lessors of intangible assets,656330
2008-05,legal,Legal services,1166328
2008-05,computer_systems,Computer systems design and related services,1444469
2008-05,misc_professional,"Miscellaneous professional, scientific, and technical services",5161690
2008-05,management_companies,Management of companies and enterprises,1899549
2008-05,admin_support,Administrative and support services,7823590
2008-05,waste_remediation,Waste management and remediation services,357908
2008-05,education,Educational services,2397620
2008-05,ambulatory_health,Ambulatory health care services,5626694
2008-05,hospitals_nursing,"Hospitals, nursing and residential care facilities",7561055
2008-05,social_assistance,Social assistance,2380720
2008-05,performing_arts_museums,"Performing arts, spectator sports, museums, and related activities",575014
2008-05,amusement_recreation,"Amusements, gambling, and recreation industries",1519315
2008-05,accommodation,Accommodation,1886610
2008-05,food_services,Food services and drinking places,9770508
2008-05,other_services,"Other services, except government",4525483
2008-06,oil_gas_extraction,Oil and gas extraction,161300
2008-06,mining_except_oil_gas,"Mining, except oil and gas",228271
2008-06,support_mining,Support activities for mining,328800
2008-06,utilities,Utilities,562182
2008-06,construction,Construction,7390336
2008-06,wood_products,Wood products,465750
2008-06,nonmetallic_mineral,Nonmetallic mineral products,477891
2008-06,primary_metals,Primary metals,447998
2008-06,fabricated_metal,Fabricated metal products,1553005
2008-06,machinery,Machinery,1189748
2008-06,computer_electronic,Computer and electronic products,1254967
2008-06,electrical_equipment,"Electrical equipment, appliances, and components",425947
2008-06,motor_vehicles,"Motor vehicles, bodies and trailers, and parts",919848
2008-06,other_transport_equipment,Other transportation equipment,737949
2008-06,furniture,Furniture and related products,489380
2008-06,misc_manufacturing,Miscellaneous manufacturing,632101
2008-06,food_beverage_tobacco,Food and beverage and tobacco products,1677002
2008-06,textiles,Textile mills and textile product mills,304919
2008-06,apparel_leather,Apparel and leather and allied products,236519
2008-06,paper,Paper products,445599
2008-06,printing,Printing and related support activities,598071
2008-06,petroleum_coal,Petroleum and coal products,118678
2008-06,chemicals,Chemical products,854197
2008-06,plastics_rubber,Plastics and rubber products,736758
2008-06,wholesale,Wholesale trade,6011239
2008-06,retail,Retail trade,15343455
2008-06,air_transport,Air transportation,496677
2008-06,rail_transport,Rail transportation,619
2008-06,water_transport,Water transportation,66239
2008-06,truck_transport,Truck transportation,1414061
2008-06,transit_ground,Transit and ground passenger transportation,411698
2008-06,pipeline,Pipeline transportation,41113
2008-06,other_transport_support,Other transportation and support activities,625536
2008-06,warehousing,Warehousing and storage,667062
2008-06,information,Information,3031478
2008-06,credit_intermediation,"Federal Reserve banks, credit intermediation, and related activities",2756278
2008-06,securities,"Securities, commodity contracts, and investments",874235
2008-06,insurance,Insurance carriers and related activities,2167399
2008-06,funds_trusts,"Funds, trusts, and other financial vehicles",90606
2008-06,real_estate,Real estate,1494733
2008-06,rental_leasing,Rental and leasing services and lessors of intangible assets,660647
2008-06,legal,Legal services,1184324
2008-06,computer_systems,Computer systems design and related services,1443349
2008-06,misc_professional,"Miscellaneous professional, scientific, and technical services",5188188
2008-06,management_companies,Management of companies and enterprises,1909832
2008-06,admin_support,Administrative and support services,7838808
2008-06,waste_remediation,Waste management and remediation services,362232
2008-06,education,Educational services,2299063
2008-06,ambulatory_health,Ambulatory health care services,5639287
2008-06,hospitals_nursing,"Hospitals, nursing and residential care facilities",7598137
2008-06,social_assistance,Social assistance,2357249
2008-06,performing_arts_museums,"Performing arts, spectator sports, museums, and related activities",577073
2008-06,amusement_recreation,"Amusements, gambling, and recreation industries",1654878
2008-06,accommodation,Accommodation,1945955
2008-06,food_services,Food services and drinking places,9819690
2008-06,other_services,"Other services, except government",4564990
2008-07,oil_gas_extraction,Oil and gas extraction,163593
2008-07,mining_except_oil_gas,"Mining, except oil and gas",229433
2008-07,support_mining,Support activities for mining,334603
2008-07,utilities,Utilities,563040
2008-07,construction,Construction,7390446
2008-07,wood_products,Wood products,459768
2008-07,nonmetallic_mineral,Nonmetallic mineral products,472683
2008-07,primary_metals,Primary metals,445192
2008-07,fabricated_metal,Fabricated metal products,1542094
2008-07,machinery,Machinery,1186390
2008-07,computer_electronic,Computer and electronic products,1254733
2008-07,electrical_equipment,"Electrical equipment, appliances, and components",425382
2008-07,motor_vehicles,"Motor vehicles, bodies and trailers, and parts",836892
2008-07,other_transport_equipment,Other transportation equipment,736478
2008-07,furniture,Furniture and related products,483251
2008-07,misc_manufacturing,Miscellaneous manufacturing,627964
2008-07,food_beverage_tobacco,Food and beverage and tobacco products,1689150
2008-07,textiles,Textile mills and textile product mills,298522
2008-07,apparel_leather,Apparel and leather and allied products,232683
2008-07,paper,Paper products,442009
2008-07,printing,Printing and related support activities,592363
2008-07,petroleum_coal,Petroleum and coal products,119446
2008-07,chemicals,Chemical products,851649
2008-07,plastics_rubber,Plastics and rubber products,725712
2008-07,wholesale,Wholesale trade,5993727
2008-07,retail,Retail trade,15299216
2008-07,air_transport,Air transportation,492104
2008-07,rail_transport,Rail transportation,612
2008-07,water_transport,Water transportation,66664
2008-07,truck_transport,Truck transportation,1410805
2008-07,transit_ground,Transit and ground passenger transportation,347999
2008-07,pipeline,Pipeline transportation,41454
2008-07,other_transport_support,Other transportation and support activities,626830
2008-07,warehousing,Warehousing and storage,664281
2008-07,information,Information,3003223
2008-07,credit_intermediation,"Federal Reserve banks, credit intermediation, and related activities",2744796
2008-07,securities,"Securities, commodity contracts, and investments",880827
2008-07,insurance,Insurance carriers and related activities,2167099
2008-07,funds_trusts,"Funds, trusts, and other financial vehicles",91021
2008-07,real_estate,Real estate,1496350
2008-07,rental_leasing,Rental and leasing services and lessors of intangible assets,652892
2008-07,legal,Legal services,1180914
2008-07,computer_systems,Computer systems design and related services,1454952
2008-07,misc_professional,"Miscellaneous professional, scientific, and technical services",5179852
2008-07,management_companies,Management of companies and enterprises,1907151
2008-07,admin_support,Administrative and support services,7739615
2008-07,waste_remediation,Waste management and remediation services,365598
2008-07,education,Educational services,2199541
2008-07,ambulatory_health,Ambulatory health care services,5649543
2008-07,hospitals_nursing,"Hospitals, nursing and residential care facilities",7619155
2008-07,social_assistance,Social assistance,2321934
2008-07,performing_arts_museums,"Performing arts, spectator sports, museums, and related activities",579544
2008-07,amusement_recreation,"Amusements, gambling, and recreation industries",1689635
2008-07,accommodation,Accommodation,1982990
2008-07,food_services,Food services and drinking places,9723497
2008-07,other_services,"Other services, except government",4551160
2008-08,oil_gas_extraction,Oil and gas extraction,164194
2008-08,mining_except_oil_gas,"Mining, except oil and gas",230628
2008-08,support_mining,Support activities for mining,340887
2008-08,utilities,Utilities,562432
2008-08,construction,Construction,7376482
2008-08,wood_products,Wood products,455167
2008-08,nonmetallic_mineral,Nonmetallic mineral products,469907
2008-08,primary_metals,Primary metals,445783
2008-08,fabricated_metal,Fabricated metal products,1542021
2008-08,machinery,Machinery,1186191
2008-08,computer_electronic,Computer and electronic products,1251316
2008-08,electrical_equipment,"Electrical equipment, appliances, and components",424281
2008-08,motor_vehicles,"Motor vehicles, bodies and trailers, and parts",864386
2008-08,other_transport_equipment,Other transportation equipment,731009
2008-08,furniture,Furniture and related products,479057
2008-08,misc_manufacturing,Miscellaneous manufacturing,628292
2008-08,food_beverage_tobacco,Food and beverage and tobacco products,1707441
2008-08,textiles,Textile mills and textile product mills,298905
2008-08,apparel_leather,Apparel and leather and allied products,233786
2008-08,paper,Paper products,440435
2008-08,printing,Printing and related support activities,589859
2008-08,petroleum_coal,Petroleum and coal products,118245
2008-08,chemicals,Chemical products,849375
2008-08,plastics_rubber,Plastics and rubber products,724407
2008-08,wholesale,Wholesale trade,5980314
2008-08,retail,Retail trade,15297417
2008-08,air_transport,Air transportation,488773
2008-08,rail_transport,Rail transportation,608
2008-08,water_transport,Water transportation,66819
2008-08,truck_transport,Truck transportation,1414418
2008-08,transit_ground,Transit and ground passenger transportation,353131
2008-08,pipeline,Pipeline transportation,41639
2008-08,other_transport_support,Other transportation and support activities,627796
2008-08,warehousing,Warehousing and storage,667678
2008-08,information,Information,2998972
2008-08,credit_intermediation,"Federal Reserve banks, credit intermediation, and related activities",2735817
2008-08,securities,"Securities, commodity contracts, and investments",881191
2008-08,insurance,Insurance carriers and related activities,2161814
2008-08,funds_trusts,"Funds, trusts, and other financial vehicles",90466
2008-08,real_estate,Real estate,1494515
2008-08,rental_leasing,Rental and leasing services and lessors of intangible assets,649905
2008-08,legal,Legal services,1168974
2008-08,computer_systems,Computer systems design and related services,1459011
2008-08,misc_professional,"Miscellaneous professional, scientific, and technical services",5184920
2008-08,management_companies,Management of companies and enterprises,1903147
2008-08,admin_support,Administrative and support services,7804591
2008-08,waste_remediation,Waste management and remediation services,365451
2008-08,education,Educational services,2199140
2008-08,ambulatory_health,Ambulatory health care services,5673322
2008-08,hospitals_nursing,"Hospitals, nursing and residential care facilities",7637341
2008-08,social_assistance,Social assistance,2340489
2008-08,performing_arts_museums,"Performing arts, spectator sports, museums, and related activities",581148
2008-08,amusement_recreation,"Amusements, gambling, and recreation industries",1647224
2008-08,accommodation,Accommodation,1973701
2008-08,food_services,Food services and drinking places,9759606
2008-08,other_services,"Other services, except government",4537846
2008-09,oil_gas_extraction,Oil and gas extraction,162719
2008-09,mining_except_oil_gas,"Mining, except oil and gas",229374
2008-09,support_mining,Support activities for mining,343013
2008-09,utilities,Utilities,560025
2008-09,construction,Construction,7259429
2008-09,wood_products,Wood products,447973
2008-09,nonmetallic_mineral,Nonmetallic mineral products,463562
2008-09,primary_metals,Primary metals,444408
2008-09,fabricated_metal,Fabricated metal products,1533454
2008-09,machinery,Machinery,1178340
2008-09,computer_electronic,Computer and electronic products,1242754
2008-09,electrical_equipment,"Electrical equipment, appliances, and components",420838
2008-09,motor_vehicles,"Motor vehicles, bodies and trailers, and parts",856321
2008-09,other_transport_equipment,Other transportation equipment,727383
2008-09,furniture,Furniture and related products,471492
2008-09,misc_manufacturing,Miscellaneous manufacturing,625278
2008-09,food_beverage_tobacco,Food and beverage and tobacco products,1702938
2008-09,textiles,Textile mills and textile product mills,296131
2008-09,apparel_leather,Apparel and leather and allied products,231617
2008-09,paper,Paper products,438208
2008-09,printing,Printing and related support activities,585120
2008-09,petroleum_coal,Petroleum and coal products,118201
2008-09,chemicals,Chemical products,844980
2008-09,plastics_rubber,Plastics and rubber products,717838
2008-09,wholesale,Wholesale trade,5946730
2008-09,retail,Retail trade,15163544
2008-09,air_transport,Air transportation,484613
2008-09,rail_transport,Rail transportation,571
2008-09,water_transport,Water transportation,65196
2008-09,truck_transport,Truck transportation,1405448
2008-09,transit_ground,Transit and ground passenger transportation,428035
2008-09,pipeline,Pipeline transportation,41590
2008-09,other_transport_support,Other transportation and support activities,621631
2008-09,warehousing,Warehousing and storage,669922
2008-09,information,Information,2975516
2008-09,credit_intermediation,"Federal Reserve banks, credit intermediation, and related activities",2706089
2008-09,securities,"Securities, commodity contracts, and investments",863835
2008-09,insurance,Insurance carriers and related activities,2150845
2008-09,funds_trusts,"Funds, trusts, and other financial vehicles",90135
2008-09,real_estate,Real estate,1473176
2008-09,rental_leasing,Rental and leasing services and lessors of intangible assets,638527
2008-09,legal,Legal services,1152689
2008-09,computer_systems,Computer systems design and related services,1448233
2008-09,misc_professional,"Miscellaneous professional, scientific, and technical services",5144787
2008-09,management_companies,Management of companies and enterprises,1891720
2008-09,admin_support,Administrative and support services,7758114
2008-09,waste_remediation,Waste management and remediation services,361176
2008-09,education,Educational services,2357991
2008-09,ambulatory_health,Ambulatory health care services,5663408
2008-09,hospitals_nursing,"Hospitals, nursing and residential care facilities",7624729
2008-09,social_assistance,Social assistance,2363609
2008-09,performing_arts_museums,"Performing arts, spectator sports, museums, and related activities",559633
2008-09,amusement_recreation,"Amusements, gambling, and recreation industries",1482746
2008-09,accommodation,Accommodation,1888786
2008-09,food_services,Food services and drinking places,9645703
2008-09,other_services,"Other services, except government",4489979
2008-10,oil_gas_extraction,Oil and gas extraction,164234
2008-10,mining_except_oil_gas,"Mining, except oil and gas",228587
2008-10,support_mining,Support activities for mining,349342
2008-10,utilities,Utilities,559939
2008-10,construction,Construction,7143711
2008-10,wood_products,Wood products,436257
2008-10,nonmetallic_mineral,Nonmetallic mineral products,455019
2008-10,primary_metals,Primary metals,440497
2008-10,fabricated_metal,Fabricated metal products,1520594
2008-10,machinery,Machinery,1172389
2008-10,computer_electronic,Computer and electronic products,1235496
2008-10,electrical_equipment,"Electrical equipment, appliances, and components",418262
2008-10,motor_vehicles,"Motor vehicles, bodies and trailers, and parts",832599
2008-10,other_transport_equipment,Other transportation equipment,702325
2008-10,furniture,Furniture and related products,459225
2008-10,misc_manufacturing,Miscellaneous manufacturing,623230
2008-10,food_beverage_tobacco,Food and beverage and tobacco products,1689447
2008-10,textiles,Textile mills and textile product mills,290254
2008-10,apparel_leather,Apparel and leather and allied products,227435
2008-10,paper,Paper products,435284
2008-10,printing,Printing and related support activities,580115
2008-10,petroleum_coal,Petroleum and coal products,117909
2008-10,chemicals,Chemical products,841576
2008-10,plastics_rubber,Plastics and rubber products,708287
2008-10,wholesale,Wholesale trade,5934081
2008-10,retail,Retail trade,15197714
2008-10,air_transport,Air transportation,476528
2008-10,rail_transport,Rail transportation,525
2008-10,water_transport,Water transportation,65365
2008-10,truck_transport,Truck transportation,1391865
2008-10,transit_ground,Transit and ground passenger transportation,435131
2008-10,pipeline,Pipeline transportation,41743
2008-10,other_transport_support,Other transportation and support activities,619193
2008-10,warehousing,Warehousing and storage,672989
2008-10,information,Information,2951669
2008-10,credit_intermediation,"Federal Reserve banks, credit intermediation, and related activities",2691458
2008-10,securities,"Securities, commodity contracts, and investments",863888
2008-10,insurance,Insurance carriers and related activities,2152681
2008-10,funds_trusts,"Funds, trusts, and other financial vehicles",91048
2008-10,real_estate,Real estate,1463878
2008-10,rental_leasing,Rental and leasing services and lessors of intangible assets,628050
2008-10,legal,Legal services,1157899
2008-10,computer_systems,Computer systems design and related services,1464138
2008-10,misc_professional,"Miscellaneous professional, scientific, and technical services",5170618
2008-10,management_companies,Management of companies and enterprises,1889626
2008-10,admin_support,Administrative and support services,7658355
2008-10,waste_remediation,Waste management and remediation services,360028
2008-10,education,Educational services,2458386
2008-10,ambulatory_health,Ambulatory health care services,5699604
2008-10,hospitals_nursing,"Hospitals, nursing and residential care facilities",7639581
2008-10,social_assistance,Social assistance,2382836
2008-10,performing_arts_museums,"Performing arts, spectator sports, museums, and related activities",542484
2008-10,amusement_recreation,"Amusements, gambling, and recreation industries",1393085
2008-10,accommodation,Accommodation,1835966
2008-10,food_services,Food services and drinking places,9488750
2008-10,other_services,"Other services, except government",4492076
2008-11,oil_gas_extraction,Oil and gas extraction,164355
2008-11,mining_except_oil_gas,"Mining, except oil and gas",225892
2008-11,support_mining,Support activities for mining,347098
2008-11,utilities,Utilities,559609
2008-11,construction,Construction,6911876
2008-11,wood_products,Wood products,423516
2008-11,nonmetallic_mineral,Nonmetallic mineral products,444762
2008-11,primary_metals,Primary metals,433589
2008-11,fabricated_metal,Fabricated metal products,1500387
2008-11,machinery,Machinery,1163708
2008-11,computer_electronic,Computer and electronic products,1229237
2008-11,electrical_equipment,"Electrical equipment, appliances, and components",416014
2008-11,motor_vehicles,"Motor vehicles, bodies and trailers, and parts",822846
2008-11,other_transport_equipment,Other transportation equipment,721774
2008-11,furniture,Furniture and related products,446020
2008-11,misc_manufacturing,Miscellaneous manufacturing,619331
2008-11,food_beverage_tobacco,Food and beverage and tobacco products,1671139
2008-11,textiles,Textile mills and textile product mills,284435
2008-11,apparel_leather,Apparel and leather and allied products,221598
2008-11,paper,Paper products,432825
2008-11,printing,Printing and related support activities,574320
2008-11,petroleum_coal,Petroleum and coal products,116772
2008-11,chemicals,Chemical products,837970
2008-11,plastics_rubber,Plastics and rubber products,694927
2008-11,wholesale,Wholesale trade,5895296
2008-11,retail,Retail trade,15463852
2008-11,air_transport,Air transportation,473819
2008-11,rail_transport,Rail transportation,524
2008-11,water_transport,Water transportation,63960
2008-11,truck_transport,Truck transportation,1375681
2008-11,transit_ground,Transit and ground passenger transportation,435243
2008-11,pipeline,Pipeline transportation,41957
2008-11,other_transport_support,Other transportation and support activities,611214
2008-11,warehousing,Warehousing and storage,675945
2008-11,information,Information,2952193
2008-11,credit_intermediation,"Federal Reserve banks, credit intermediation, and related activities",2682477
2008-11,securities,"Securities, commodity contracts, and investments",859515
2008-11,insurance,Insurance carriers and related activities,2152437
2008-11,funds_trusts,"Funds, trusts, and other financial vehicles",90483
2008-11,real_estate,Real estate,1451557
2008-11,rental_leasing,Rental and leasing services and lessors of intangible assets,619858
2008-11,legal,Legal services,1156071
2008-11,computer_systems,Computer systems design and related services,1459556
2008-11,misc_professional,"Miscellaneous professional, scientific, and technical services",5178189
2008-11,management_companies,Management of companies and enterprises,1886854
2008-11,admin_support,Administrative and support services,7483798
2008-11,waste_remediation,Waste management and remediation services,355065
2008-11,education,Educational services,2479547
2008-11,ambulatory_health,Ambulatory health care services,5719958
2008-11,hospitals_nursing,"Hospitals, nursing and residential care facilities",7666113
2008-11,social_assistance,Social assistance,2392947
2008-11,performing_arts_museums,"Performing arts, spectator sports, museums, and related activities",524570
2008-11,amusement_recreation,"Amusements, gambling, and recreation industries",1293802
2008-11,accommodation,Accommodation,1787303
2008-11,food_services,Food services and drinking places,9411637
2008-11,other_services,"Other services, except government",4466796
2008-12,oil_gas_extraction,Oil and gas extraction,165169
2008-12,mining_except_oil_gas,"Mining, except oil and gas",221426
2008-12,support_mining,Support activities for mining,341541
2008-12,utilities,Utilities,560243
2008-12,construction,Construction,6634110
2008-12,wood_products,Wood products,410094
2008-12,nonmetallic_mineral,Nonmetallic mineral products,430821
2008-12,primary_metals,Primary metals,425907
2008-12,fabricated_metal,Fabricated metal products,1480413
2008-12,machinery,Machinery,1154309
2008-12,computer_electronic,Computer and electronic products,1223559
2008-12,electrical_equipment,"Electrical equipment, appliances, and components",410758
2008-12,motor_vehicles,"Motor vehicles, bodies and trailers, and parts",799604
2008-12,other_transport_equipment,Other transportation equipment,718366
2008-12,furniture,Furniture and related products,436900
2008-12,misc_manufacturing,Miscellaneous manufacturing,613301
2008-12,food_beverage_tobacco,Food and beverage and tobacco products,1656356
2008-12,textiles,Textile mills and textile product mills,280256
2008-12,apparel_leather,Apparel and leather and allied products,217318
2008-12,paper,Paper products,429355
2008-12,printing,Printing and related support activities,568779
2008-12,petroleum_coal,Petroleum and coal products,114923
2008-12,chemicals,Chemical products,835463
2008-12,plastics_rubber,Plastics and rubber products,683024
2008-12,wholesale,Wholesale trade,5867820
2008-12,retail,Retail trade,15595318
2008-12,air_transport,Air transportation,473322
2008-12,rail_transport,Rail transportation,526
2008-12,water_transport,Water transportation,63761
2008-12,truck_transport,Truck transportation,1355048
2008-12,transit_ground,Transit and ground passenger transportation,434264
2008-12,pipeline,Pipeline transportation,41974
2008-12,other_transport_support,Other transportation and support activities,612056
2008-12,warehousing,Warehousing and storage,670864
2008-12,information,Information,2950690
2008-12,credit_intermediation,"Federal Reserve banks, credit intermediation, and related activities",2681119
2008-12,securities,"Securities, commodity contracts, and investments",859312
2008-12,insurance,Insurance carriers and related activities,2155331
2008-12,funds_trusts,"Funds, trusts, and other financial vehicles",91612
2008-12,real_estate,Real estate,1456300
2008-12,rental_leasing,Rental and leasing services and lessors of intangible assets,615528
2008-12,legal,Legal services,1159953
2008-12,computer_systems,Computer systems design and related services,1455734
2008-12,misc_professional,"Miscellaneous professional, scientific, and technical services",5231533
2008-12,management_companies,Management of companies and enterprises,1885380
2008-12,admin_support,Administrative and support services,7284419
2008-12,waste_remediation,Waste management and remediation services,350508
2008-12,education,Educational services,2472361
2008-12,ambulatory_health,Ambulatory health care services,5747295
2008-12,hospitals_nursing,"Hospitals, nursing and residential care facilities",7689980
2008-12,social_assistance,Social assistance,2396694
2008-12,performing_arts_museums,"Performing arts, spectator sports, museums, and related activities",519498
2008-12,amusement_recreation,"Amusements, gambling, and recreation industries",1292913
2008-12,accommodation,Accommodation,1769290
2008-12,food_services,Food services and drinking places,9381279
2008-12,other_services,"Other services, except government",4448087
2009-01,oil_gas_extraction,Oil and gas extraction,162310
2009-01,mining_except_oil_gas,"Mining, except oil and gas",210804
2009-01,support_mining,Support activities for mining,322015
2009-01,utilities,Utilities,559435
2009-01,construction,Construction,6073728
2009-01,wood_products,Wood products,387324
2009-01,nonmetallic_mineral,Nonmetallic mineral products,406781
2009-01,primary_metals,Primary metals,407870
2009-01,fabricated_metal,Fabricated metal products,1428664
2009-01,machinery,Machinery,1124555
2009-01,computer_electronic,Computer and electronic products,1200502
2009-01,electrical_equipment,"Electrical equipment, appliances, and components",401522
2009-01,motor_vehicles,"Motor vehicles, bodies and trailers, and parts",700941
2009-01,other_transport_equipment,Other transportation equipment,713678
2009-01,furniture,Furniture and related products,418414
2009-01,misc_manufacturing,Miscellaneous manufacturing,601411
2009-01,food_beverage_tobacco,Food and beverage and tobacco products,1615832
2009-01,textiles,Textile mills and textile product mills,268593
2009-01,apparel_leather,Apparel and leather and allied products,207819
2009-01,paper,Paper products,424117
2009-01,printing,Printing and related support activities,555114
2009-01,petroleum_coal,Petroleum and coal products,111867
2009-01,chemicals,Chemical products,822387
2009-01,plastics_rubber,Plastics and rubber products,656698
2009-01,wholesale,Wholesale trade,5706518
2009-01,retail,Retail trade,14683421
2009-01,air_transport,Air transportation,466689
2009-01,rail_transport,Rail transportation,618
2009-01,water_transport,Water transportation,62565
2009-01,truck_transport,Truck transportation,1292797
2009-01,transit_ground,Transit and ground passenger transportation,428973
2009-01,pipeline,Pipeline transportation,41415
2009-01,other_transport_support,Other transportation and support activities,586317
2009-01,warehousing,Warehousing and storage,654833
2009-01,information,Information,2872530
2009-01,credit_intermediation,"Federal Reserve banks, credit intermediation, and related activities",2654060
2009-01,securities,"Securities, commodity contracts, and investments",839331
2009-01,insurance,Insurance carriers and related activities,2133137
2009-01,funds_trusts,"Funds, trusts, and other financial vehicles",88127
2009-01,real_estate,Real estate,1398047
2009-01,rental_leasing,Rental and leasing services and lessors of intangible assets,587788
2009-01,legal,Legal services,1131911
2009-01,computer_systems,Computer systems design and related services,1436699
2009-01,misc_professional,"Miscellaneous professional, scientific, and technical services",5138881
2009-01,management_companies,Management of companies and enterprises,1897494
2009-01,admin_support,Administrative and support services,6747896
2009-01,waste_remediation,Waste management and remediation services,344600
2009-01,education,Educational services,2377259
2009-01,ambulatory_health,Ambulatory health care services,5672410
2009-01,hospitals_nursing,"Hospitals, nursing and residential care facilities",7652940
2009-01,social_assistance,Social assistance,2379358
2009-01,performing_arts_museums,"Performing arts, spectator sports, museums, and related activities",472833
2009-01,amusement_recreation,"Amusements, gambling, and recreation industries",1241400
2009-01,accommodation,Accommodation,1711748
2009-01,food_services,Food services and drinking places,9063804
2009-01,other_services,"Other services, except government",4328187
2009-02,oil_gas_extraction,Oil and gas extraction,161495
2009-02,mining_except_oil_gas,"Mining, except oil and gas",207915
2009-02,support_mining,Support activities for mining,308850
2009-02,utilities,Utilities,559642
2009-02,construction,Construction,5935850
2009-02,wood_products,Wood products,371499
2009-02,nonmetallic_mineral,Nonmetallic mineral products,397215
2009-02,primary_metals,Primary metals,395517
2009-02,fabricated_metal,Fabricated metal products,1390572
2009-02,machinery,Machinery,1098136
2009-02,computer_electronic,Computer and electronic products,1184637
2009-02,electrical_equipment,"Electrical equipment, appliances, and components",392469
2009-02,motor_vehicles,"Motor vehicles, bodies and trailers, and parts",716781
2009-02,other_transport_equipment,Other transportation equipment,710990
2009-02,furniture,Furniture and related products,405752
2009-02,misc_manufacturing,Miscellaneous manufacturing,594075
2009-02,food_beverage_tobacco,Food and beverage and tobacco products,1609105
2009-02,textiles,Textile mills and textile product mills,260356
2009-02,apparel_leather,Apparel and leather and allied products,205934
2009-02,paper,Paper products,417074
2009-02,printing,Printing and related support activities,543943
2009-02,petroleum_coal,Petroleum and coal products,113025
2009-02,chemicals,Chemical products,817399
2009-02,plastics_rubber,Plastics and rubber products,645517
2009-02,wholesale,Wholesale trade,5659529
2009-02,retail,Retail trade,14415403
2009-02,air_transport,Air transportation,466092
2009-02,rail_transport,Rail transportation,616
2009-02,water_transport,Water transportation,62340
2009-02,truck_transport,Truck transportation,1274306
2009-02,transit_ground,Transit and ground passenger transportation,430153
2009-02,pipeline,Pipeline transportation,41483
2009-02,other_transport_support,Other transportation and support activities,579211
2009-02,warehousing,Warehousing and storage,646740
2009-02,information,Information,2865710
2009-02,credit_intermediation,"Federal Reserve banks, credit intermediation, and related activities",2647553
2009-02,securities,"Securities, commodity contracts, and investments",833501
2009-02,insurance,Insurance carriers and related activities,2129649
2009-02,funds_trusts,"Funds, trusts, and other financial vehicles",87585
2009-02,real_estate,Real estate,1391904
2009-02,rental_leasing,Rental and leasing services and lessors of intangible assets,579840
2009-02,legal,Legal services,1130507
2009-02,computer_systems,Computer systems design and related services,1430323
2009-02,misc_professional,"Miscellaneous professional, scientific, and technical services",5145551
2009-02,management_companies,Management of companies and enterprises,1885499
2009-02,admin_support,Administrative and support services,6664030
2009-02,waste_remediation,Waste management and remediation services,342139
2009-02,education,Educational services,2474371
2009-02,ambulatory_health,Ambulatory health care services,5691123
2009-02,hospitals_nursing,"Hospitals, nursing and residential care facilities",7657458
2009-02,social_assistance,Social assistance,2392791
2009-02,performing_arts_museums,"Performing arts, spectator sports, museums, and related activities",479079
2009-02,amusement_recreation,"Amusements, gambling, and recreation industries",1248948
2009-02,accommodation,Accommodation,1705880
2009-02,food_services,Food services and drinking places,9109948
2009-02,other_services,"Other services, except government",4346410
2009-03,oil_gas_extraction,Oil and gas extraction,161034
2009-03,mining_except_oil_gas,"Mining, except oil and gas",207435
2009-03,support_mining,Support activities for mining,296412
2009-03,utilities,Utilities,560775
2009-03,construction,Construction,5927257
2009-03,wood_products,Wood products,364488
2009-03,nonmetallic_mineral,Nonmetallic mineral products,393515
2009-03,primary_metals,Primary metals,382154
2009-03,fabricated_metal,Fabricated metal products,1357540
2009-03,machinery,Machinery,1072809
2009-03,computer_electronic,Computer and electronic products,1170831
2009-03,electrical_equipment,"Electrical equipment, appliances, and components",385171
2009-03,motor_vehicles,"Motor vehicles, bodies and trailers, and parts",703594
2009-03,other_transport_equipment,Other transportation equipment,702021
2009-03,furniture,Furniture and related products,399184
2009-03,misc_manufacturing,Miscellaneous manufacturing,589337
2009-03,food_beverage_tobacco,Food and beverage and tobacco products,1604271
2009-03,textiles,Textile mills and textile product mills,254625
2009-03,apparel_leather,Apparel and leather and allied products,203357
2009-03,paper,Paper products,411771
2009-03,printing,Printing and related support activities,537510
2009-03,petroleum_coal,Petroleum and coal products,112386
2009-03,chemicals,Chemical products,811443
2009-03,plastics_rubber,Plastics and rubber products,636954
2009-03,wholesale,Wholesale trade,5622441
2009-03,retail,Retail trade,14372972
2009-03,air_transport,Air transportation,465377
2009-03,rail_transport,Rail transportation,616
2009-03,water_transport,Water transportation,62106
2009-03,truck_transport,Truck transportation,1264909
2009-03,transit_ground,Transit and ground passenger transportation,431350
2009-03,pipeline,Pipeline transportation,41566
2009-03,other_transport_support,Other transportation and support activities,575863
2009-03,warehousing,Warehousing and storage,642980
2009-03,information,Information,2855390
2009-03,credit_intermediation,"Federal Reserve banks, credit intermediation, and related activities",2637314
2009-03,securities,"Securities, commodity contracts, and investments",824233
2009-03,insurance,Insurance carriers and related activities,2129242
2009-03,funds_trusts,"Funds, trusts, and other financial vehicles",87305
2009-03,real_estate,Real estate,1390739
2009-03,rental_leasing,Rental and leasing services and lessors of intangible assets,574688
2009-03,legal,Legal services,1128130
2009-03,computer_systems,Computer systems design and related services,1415316
2009-03,misc_professional,"Miscellaneous professional, scientific, and technical services",5089883
2009-03,management_companies,Management of companies and enterprises,1878484
2009-03,admin_support,Administrative and support services,6662957
2009-03,waste_remediation,Waste management and remediation services,341503
2009-03,education,Educational services,2483938
2009-03,ambulatory_health,Ambulatory health care services,5706774
2009-03,hospitals_nursing,"Hospitals, nursing and residential care facilities",7675446
2009-03,social_assistance,Social assistance,2402414
2009-03,performing_arts_museums,"Performing arts, spectator sports, museums, and related activities",494098
2009-03,amusement_recreation,"Amusements, gambling, and recreation industries",1279406
2009-03,accommodation,Accommodation,1705680
2009-03,food_services,Food services and drinking places,9244259
2009-03,other_services,"Other services, except government",4361271
2009-04,oil_gas_extraction,Oil and gas extraction,160163
2009-04,mining_except_oil_gas,"Mining, except oil and gas",209013
2009-04,support_mining,Support activities for mining,277095
2009-04,utilities,Utilities,560333
2009-04,construction,Construction,5950083
2009-04,wood_products,Wood products,361121
2009-04,nonmetallic_mineral,Nonmetallic mineral products,393641
2009-04,primary_metals,Primary metals,367765
2009-04,fabricated_metal,Fabricated metal products,1325935
2009-04,machinery,Machinery,1042530
2009-04,computer_electronic,Computer and electronic products,1148402
2009-04,electrical_equipment,"Electrical equipment, appliances, and components",377449
2009-04,motor_vehicles,"Motor vehicles, bodies and trailers, and parts",690637
2009-04,other_transport_equipment,Other transportation equipment,692061
2009-04,furniture,Furniture and related products,390032
2009-04,misc_manufacturing,Miscellaneous manufacturing,584075
2009-04,food_beverage_tobacco,Food and beverage and tobacco products,1605315
2009-04,textiles,Textile mills and textile product mills,250746
2009-04,apparel_leather,Apparel and leather and allied products,201227
2009-04,paper,Paper products,408272
2009-04,printing,Printing and related support activities,530264
2009-04,petroleum_coal,Petroleum and coal products,114456
2009-04,chemicals,Chemical products,804677
2009-04,plastics_rubber,Plastics and rubber products,628212
2009-04,wholesale,Wholesale trade,5591447
2009-04,retail,Retail trade,14345837
2009-04,air_transport,Air transportation,464310
2009-04,rail_transport,Rail transportation,619
2009-04,water_transport,Water transportation,62268
2009-04,truck_transport,Truck transportation,1251231
2009-04,transit_ground,Transit and ground passenger transportation,428053
2009-04,pipeline,Pipeline transportation,41344
2009-04,other_transport_support,Other transportation and support activities,570426
2009-04,warehousing,Warehousing and storage,634721
2009-04,information,Information,2826188
2009-04,credit_intermediation,"Federal Reserve banks, credit intermediation, and related activities",2630072
2009-04,securities,"Securities, commodity contracts, and investments",818728
2009-04,insurance,Insurance carriers and related activities,2117883
2009-04,funds_trusts,"Funds, trusts, and other financial vehicles",86755
2009-04,real_estate,Real estate,1392641
2009-04,rental_leasing,Rental and leasing services and lessors of intangible assets,574147
2009-04,legal,Legal services,1126362
2009-04,computer_systems,Computer systems design and related services,1415495
2009-04,misc_professional,"Miscellaneous professional, scientific, and technical services",5042614
2009-04,management_companies,Management of companies and enterprises,1861754
2009-04,admin_support,Administrative and support services,6703789
2009-04,waste_remediation,Waste management and remediation services,343272
2009-04,education,Educational services,2489396
2009-04,ambulatory_health,Ambulatory health care services,5731481
2009-04,hospitals_nursing,"Hospitals, nursing and residential care facilities",7672854
2009-04,social_assistance,Social assistance,2414274
2009-04,performing_arts_museums,"Performing arts, spectator sports, museums, and related activities",529590
2009-04,amusement_recreation,"Amusements, gambling, and recreation industries",1357676
2009-04,accommodation,Accommodation,1717842
2009-04,food_services,Food services and drinking places,9373019
2009-04,other_services,"Other services, except government",4369176
2009-05,oil_gas_extraction,Oil and gas extraction,159329
2009-05,mining_except_oil_gas,"Mining, except oil and gas",208836
2009-05,support_mining,Support activities for mining,270088
2009-05,utilities,Utilities,560553
2009-05,construction,Construction,6052545
2009-05,wood_products,Wood products,359834
2009-05,nonmetallic_mineral,Nonmetallic mineral products,394884
2009-05,primary_metals,Primary metals,357638
2009-05,fabricated_metal,Fabricated metal products,1306304
2009-05,machinery,Machinery,1021469
2009-05,computer_electronic,Computer and electronic products,1135519
2009-05,electrical_equipment,"Electrical equipment, appliances, and components",370644
2009-05,motor_vehicles,"Motor vehicles, bodies and trailers, and parts",651334
2009-05,other_transport_equipment,Other transportation equipment,682422
2009-05,furniture,Furniture and related products,387049
2009-05,misc_manufacturing,Miscellaneous manufacturing,580921
2009-05,food_beverage_tobacco,Food and beverage and tobacco products,1621032
2009-05,textiles,Textile mills and textile product mills,251004
2009-05,apparel_leather,Apparel and leather and allied products,200350
2009-05,paper,Paper products,404424
2009-05,printing,Printing and related support activities,524675
2009-05,petroleum_coal,Petroleum and coal products,115058
2009-05,chemicals,Chemical products,801215
2009-05,plastics_rubber,Plastics and rubber products,622914
2009-05,wholesale,Wholesale trade,5585562
2009-05,retail,Retail trade,14479738
2009-05,air_transport,Air transportation,464065
2009-05,rail_transport,Rail transportation,611
2009-05,water_transport,Water transportation,63193
2009-05,truck_transport,Truck transportation,1258681
2009-05,transit_ground,Transit and ground passenger transportation,436082
2009-05,pipeline,Pipeline transportation,41325
2009-05,other_transport_support,Other transportation and support activities,570508
2009-05,warehousing,Warehousing and storage,632014
2009-05,information,Information,2824061
2009-05,credit_intermediation,"Federal Reserve banks, credit intermediation, and related activities",2623848
2009-05,securities,"Securities, commodity contracts, and investments",812937
2009-05,insurance,Insurance carriers and related activities,2117419
2009-05,funds_trusts,"Funds, trusts, and other financial vehicles",86527
2009-05,real_estate,Real estate,1400347
2009-05,rental_leasing,Rental and leasing services and lessors of intangible assets,579955
2009-05,legal,Legal services,1128347
2009-05,computer_systems,Computer systems design and related services,1409893
2009-05,misc_professional,"Miscellaneous professional, scientific, and technical services",4878381
2009-05,management_companies,Management of companies and enterprises,1858275
2009-05,admin_support,Administrative and support services,6828252
2009-05,waste_remediation,Waste management and remediation services,345142
2009-05,education,Educational services,2455397
2009-05,ambulatory_health,Ambulatory health care services,5766205
2009-05,hospitals_nursing,"Hospitals, nursing and residential care facilities",7691141
2009-05,social_assistance,Social assistance,2433006
2009-05,performing_arts_museums,"Performing arts, spectator sports, museums, and related activities",556782
2009-05,amusement_recreation,"Amusements, gambling, and recreation industries",1476350
2009-05,accommodation,Accommodation,1757388
2009-05,food_services,Food services and drinking places,9551304
2009-05,other_services,"Other services, except government",4402394
2009-06,oil_gas_extraction,Oil and gas extraction,160789
2009-06,mining_except_oil_gas,"Mining, except oil and gas",209349
2009-06,support_mining,Support activities for mining,265546
2009-06,utilities,Utilities,563511
2009-06,construction,Construction,6114688
2009-06,wood_products,Wood products,359718
2009-06,nonmetallic_mineral,Nonmetallic mineral products,394625
2009-06,primary_metals,Primary metals,350843
2009-06,fabricated_metal,Fabricated metal products,1293105
2009-06,machinery,Machinery,1008546
2009-06,computer_electronic,Computer and electronic products,1129632
2009-06,electrical_equipment,"Electrical equipment, appliances, and components",369527
2009-06,motor_vehicles,"Motor vehicles, bodies and trailers, and parts",627886
2009-06,other_transport_equipment,Other transportation equipment,680458
2009-06,furniture,Furniture and related products,384045
2009-06,misc_manufacturing,Miscellaneous manufacturing,580582
2009-06,food_beverage_tobacco,Food and beverage and tobacco products,1638646
2009-06,textiles,Textile mills and textile product mills,249888
2009-06,apparel_leather,Apparel and leather and allied products,198711
2009-06,paper,Paper products,405222
2009-06,printing,Printing and related support activities,520864
2009-06,petroleum_coal,Petroleum and coal products,116294
2009-06,chemicals,Chemical products,801141
2009-06,plastics_rubber,Plastics and rubber products,621849
2009-06,wholesale,Wholesale trade,5575567
2009-06,retail,Retail trade,14542662
2009-06,air_transport,Air transportation,462776
2009-06,rail_transport,Rail transportation,606
2009-06,water_transport,Water transportation,64002
2009-06,truck_transport,Truck transportation,1266253
2009-06,transit_ground,Transit and ground passenger transportation,415247
2009-06,pipeline,Pipeline transportation,41364
2009-06,other_transport_support,Other transportation and support activities,571929
2009-06,warehousing,Warehousing and storage,630448
2009-06,information,Information,2827186
2009-06,credit_intermediation,"Federal Reserve banks, credit intermediation, and related activities",2619908
2009-06,securities,"Securities, commodity contracts, and investments",808726
2009-06,insurance,Insurance carriers and related activities,2118030
2009-06,funds_trusts,"Funds, trusts, and other financial vehicles",86862
2009-06,real_estate,Real estate,1418304
2009-06,rental_leasing,Rental and leasing services and lessors of intangible assets,585084
2009-06,legal,Legal services,1143489
2009-06,computer_systems,Computer systems design and related services,1404421
2009-06,misc_professional,"Miscellaneous professional, scientific, and technical services",4876859
2009-06,management_companies,Management of companies and enterprises,1860774
2009-06,admin_support,Administrative and support services,6842938
2009-06,waste_remediation,Waste management and remediation services,348726
2009-06,education,Educational services,2349862
2009-06,ambulatory_health,Ambulatory health care services,5785964
2009-06,hospitals_nursing,"Hospitals, nursing and residential care facilities",7722995
2009-06,social_assistance,Social assistance,2413048
2009-06,performing_arts_museums,"Performing arts, spectator sports, museums, and related activities",556381
2009-06,amusement_recreation,"Amusements, gambling, and recreation industries",1602273
2009-06,accommodation,Accommodation,1810202
2009-06,food_services,Food services and drinking places,9581515
2009-06,other_services,"Other services, except government",4436115
2009-07,oil_gas_extraction,Oil and gas extraction,161845
2009-07,mining_except_oil_gas,"Mining, except oil and gas",208462
2009-07,support_mining,Support activities for mining,259759
2009-07,utilities,Utilities,563240
2009-07,construction,Construction,6110804
2009-07,wood_products,Wood products,357535
2009-07,nonmetallic_mineral,Nonmetallic mineral products,390704
2009-07,primary_metals,Primary metals,347285
2009-07,fabricated_metal,Fabricated metal products,1269823
2009-07,machinery,Machinery,989142
2009-07,computer_electronic,Computer and electronic products,1117921
2009-07,electrical_equipment,"Electrical equipment, appliances, and components",364753
2009-07,motor_vehicles,"Motor vehicles, bodies and trailers, and parts",632640
2009-07,other_transport_equipment,Other transportation equipment,668624
2009-07,furniture,Furniture and related products,377994
2009-07,misc_manufacturing,Miscellaneous manufacturing,574441
2009-07,food_beverage_tobacco,Food and beverage and tobacco products,1659708
2009-07,textiles,Textile mills and textile product mills,245273
2009-07,apparel_leather,Apparel and leather and allied products,194357
2009-07,paper,Paper products,402336
2009-07,printing,Printing and related support activities,515221
2009-07,petroleum_coal,Petroleum and coal products,116900
2009-07,chemicals,Chemical products,796756
2009-07,plastics_rubber,Plastics and rubber products,616749
2009-07,wholesale,Wholesale trade,5542523
2009-07,retail,Retail trade,14467003
2009-07,air_transport,Air transportation,461227
2009-07,rail_transport,Rail transportation,569
2009-07,water_transport,Water transportation,64660
2009-07,truck_transport,Truck transportation,1264320
2009-07,transit_ground,Transit and ground passenger transportation,349324
2009-07,pipeline,Pipeline transportation,41683
2009-07,other_transport_support,Other transportation and support activities,566880
2009-07,warehousing,Warehousing and storage,627943
2009-07,information,Information,2800045
2009-07,credit_intermediation,"Federal Reserve banks, credit intermediation, and related activities",2610814
2009-07,securities,"Securities, commodity contracts, and investments",811840
2009-07,insurance,Insurance carriers and related activities,2107813
2009-07,funds_trusts,"Funds, trusts, and other financial vehicles",86232
2009-07,real_estate,Real estate,1417685
2009-07,rental_leasing,Rental and leasing services and lessors of intangible assets,579370
2009-07,legal,Legal services,1138138
2009-07,computer_systems,Computer systems design and related services,1406424
2009-07,misc_professional,"Miscellaneous professional, scientific, and technical services",4845616
2009-07,management_companies,Management of companies and enterprises,1849324
2009-07,admin_support,Administrative and support services,6784188
2009-07,waste_remediation,Waste management and remediation services,353269
2009-07,education,Educational services,2244793
2009-07,ambulatory_health,Ambulatory health care services,5800092
2009-07,hospitals_nursing,"Hospitals, nursing and residential care facilities",7735660
2009-07,social_assistance,Social assistance,2379153
2009-07,performing_arts_museums,"Performing arts, spectator sports, museums, and related activities",554841
2009-07,amusement_recreation,"Amusements, gambling, and recreation industries",1640708
2009-07,accommodation,Accommodation,1848409
2009-07,food_services,Food services and drinking places,9489831
2009-07,other_services,"Other services, except government",4416185
2009-08,oil_gas_extraction,Oil and gas extraction,161246
2009-08,mining_except_oil_gas,"Mining, except oil and gas",207710
2009-08,support_mining,Support activities for mining,257985
2009-08,utilities,Utilities,563329
2009-08,construction,Construction,6065893
2009-08,wood_products,Wood products,356079
2009-08,nonmetallic_mineral,Nonmetallic mineral products,389928
2009-08,primary_metals,Primary metals,349420
2009-08,fabricated_metal,Fabricated metal products,1267754
2009-08,machinery,Machinery,984806
2009-08,computer_electronic,Computer and electronic products,1110966
2009-08,electrical_equipment,"Electrical equipment, appliances, and components",363169
2009-08,motor_vehicles,"Motor vehicles, bodies and trailers, and parts",663893
2009-08,other_transport_equipment,Other transportation equipment,669177
2009-08,furniture,Furniture and related products,375019
2009-08,misc_manufacturing,Miscellaneous manufacturing,572779
2009-08,food_beverage_tobacco,Food and beverage and tobacco products,1677318
2009-08,textiles,Textile mills and textile product mills,244337
2009-08,apparel_leather,Apparel and leather and allied products,192414
2009-08,paper,Paper products,400950
2009-08,printing,Printing and related support activities,511922
2009-08,petroleum_coal,Petroleum and coal products,116705
2009-08,chemicals,Chemical products,793995
2009-08,plastics_rubber,Plastics and rubber products,616955
2009-08,wholesale,Wholesale trade,5520084
2009-08,retail,Retail trade,14478830
2009-08,air_transport,Air transportation,460099
2009-08,rail_transport,Rail transportation,549
2009-08,water_transport,Water transportation,64103
2009-08,truck_transport,Truck transportation,1263460
2009-08,transit_ground,Transit and ground passenger transportation,352537
2009-08,pipeline,Pipeline transportation,41449
2009-08,other_transport_support,Other transportation and support activities,564555
2009-08,warehousing,Warehousing and storage,627304
2009-08,information,Information,2787699
2009-08,credit_intermediation,"Federal Reserve banks, credit intermediation, and related activities",2596440
2009-08,securities,"Securities, commodity contracts, and investments",810347
2009-08,insurance,Insurance carriers and related activities,2101250
2009-08,funds_trusts,"Funds, trusts, and other financial vehicles",85903
2009-08,real_estate,Real estate,1415906
2009-08,rental_leasing,Rental and leasing services and lessors of intangible assets,575284
2009-08,legal,Legal services,1126278
2009-08,computer_systems,Computer systems design and related services,1404794
2009-08,misc_professional,"Miscellaneous professional, scientific, and technical services",4830215
2009-08,management_companies,Management of companies and enterprises,1844505
2009-08,admin_support,Administrative and support services,6845326
2009-08,waste_remediation,Waste management and remediation services,350702
2009-08,education,Educational services,2234987
2009-08,ambulatory_health,Ambulatory health care services,5817180
2009-08,hospitals_nursing,"Hospitals, nursing and residential care facilities",7740996
2009-08,social_assistance,Social assistance,2390750
2009-08,performing_arts_museums,"Performing arts, spectator sports, museums, and related activities",554101
2009-08,amusement_recreation,"Amusements, gambling, and recreation industries",1604657
2009-08,accommodation,Accommodation,1841540
2009-08,food_services,Food services and drinking places,9504667
2009-08,other_services,"Other services, except government",4393529
2009-09,oil_gas_extraction,Oil and gas extraction,159681
2009-09,mining_except_oil_gas,"Mining, except oil and gas",205915
2009-09,support_mining,Support activities for mining,256126
2009-09,utilities,Utilities,560543
2009-09,construction,Construction,5963767
2009-09,wood_products,Wood products,353015
2009-09,nonmetallic_mineral,Nonmetallic mineral products,387433
2009-09,primary_metals,Primary metals,351163
2009-09,fabricated_metal,Fabricated metal products,1263935
2009-09,machinery,Machinery,980291
2009-09,computer_electronic,Computer and electronic products,1101993
2009-09,electrical_equipment,"Electrical equipment, appliances, and components",360807
2009-09,motor_vehicles,"Motor vehicles, bodies and trailers, and parts",672319
2009-09,other_transport_equipment,Other transportation equipment,665335
2009-09,furniture,Furniture and related products,370678
2009-09,misc_manufacturing,Miscellaneous manufacturing,570284
2009-09,food_beverage_tobacco,Food and beverage and tobacco products,1674336
2009-09,textiles,Textile mills and textile product mills,245429
2009-09,apparel_leather,Apparel and leather and allied products,192169
2009-09,paper,Paper products,400675
2009-09,printing,Printing and related support activities,508508
2009-09,petroleum_coal,Petroleum and coal products,116220
2009-09,chemicals,Chemical products,789907
2009-09,plastics_rubber,Plastics and rubber products,618023
2009-09,wholesale,Wholesale trade,5484989
2009-09,retail,Retail trade,14416131
2009-09,air_transport,Air transportation,457394
2009-09,rail_transport,Rail transportation,559
2009-09,water_transport,Water transportation,62987
2009-09,truck_transport,Truck transportation,1260506
2009-09,transit_ground,Transit and ground passenger transportation,426052
2009-09,pipeline,Pipeline transportation,41229
2009-09,other_transport_support,Other transportation and support activities,560558
2009-09,warehousing,Warehousing and storage,630862
2009-09,information,Information,2766034
2009-09,credit_intermediation,"Federal Reserve banks, credit intermediation, and related activities",2575190
2009-09,securities,"Securities, commodity contracts, and investments",797681
2009-09,insurance,Insurance carriers and related activities,2086238
2009-09,funds_trusts,"Funds, trusts, and other financial vehicles",85678
2009-09,real_estate,Real estate,1395867
2009-09,rental_leasing,Rental and leasing services and lessors of intangible assets,568214
2009-09,legal,Legal services,1113317
2009-09,computer_systems,Computer systems design and related services,1392368
2009-09,misc_professional,"Miscellaneous professional, scientific, and technical services",4792080
2009-09,management_companies,Management of companies and enterprises,1831264
2009-09,admin_support,Administrative and support services,6861020
2009-09,waste_remediation,Waste management and remediation services,347016
2009-09,education,Educational services,2388792
2009-09,ambulatory_health,Ambulatory health care services,5801695
2009-09,hospitals_nursing,"Hospitals, nursing and residential care facilities",7723489
2009-09,social_assistance,Social assistance,2404513
2009-09,performing_arts_museums,"Performing arts, spectator sports, museums, and related activities",542924
2009-09,amusement_recreation,"Amusements, gambling, and recreation industries",1464475
2009-09,accommodation,Accommodation,1768329
2009-09,food_services,Food services and drinking places,9421169
2009-09,other_services,"Other services, except government",4346088
2009-10,oil_gas_extraction,Oil and gas extraction,159608
2009-10,mining_except_oil_gas,"Mining, except oil and gas",205229
2009-10,support_mining,Support activities for mining,255186
2009-10,utilities,Utilities,560612
2009-10,construction,Construction,5882504
2009-10,wood_products,Wood products,347713
2009-10,nonmetallic_mineral,Nonmetallic mineral products,383330
2009-10,primary_metals,Primary metals,352187
2009-10,fabricated_metal,Fabricated metal products,1256663
2009-10,machinery,Machinery,976734
2009-10,computer_electronic,Computer and electronic products,1096829
2009-10,electrical_equipment,"Electrical equipment, appliances, and components",359106
2009-10,motor_vehicles,"Motor vehicles, bodies and trailers, and parts",671527
2009-10,other_transport_equipment,Other transportation equipment,660475
2009-10,furniture,Furniture and related products,365664
2009-10,misc_manufacturing,Miscellaneous manufacturing,570681
2009-10,food_beverage_tobacco,Food and beverage and tobacco products,1661852
2009-10,textiles,Textile mills and textile product mills,243502
2009-10,apparel_leather,Apparel and leather and allied products,189885
2009-10,paper,Paper products,396730
2009-10,printing,Printing and related support activities,505921
2009-10,petroleum_coal,Petroleum and coal products,115136
2009-10,chemicals,Chemical products,790394
2009-10,plastics_rubber,Plastics and rubber products,615541
2009-10,wholesale,Wholesale trade,5491335
2009-10,retail,Retail trade,14478047
2009-10,air_transport,Air transportation,453922
2009-10,rail_transport,Rail transportation,566
2009-10,water_transport,Water transportation,62238
2009-10,truck_transport,Truck transportation,1254458
2009-10,transit_ground,Transit and ground passenger transportation,434174
2009-10,pipeline,Pipeline transportation,41254
2009-10,other_transport_support,Other transportation and support activities,558167
2009-10,warehousing,Warehousing and storage,631013
2009-10,information,Information,2746344
2009-10,credit_intermediation,"Federal Reserve banks, credit intermediation, and related activities",2570671
2009-10,securities,"Securities, commodity contracts, and investments",802464
2009-10,insurance,Insurance carriers and related activities,2085618
2009-10,funds_trusts,"Funds, trusts, and other financial vehicles",86758
2009-10,real_estate,Real estate,1393060
2009-10,rental_leasing,Rental and leasing services and lessors of intangible assets,557626
2009-10,legal,Legal services,1118715
2009-10,computer_systems,Computer systems design and related services,1410865
2009-10,misc_professional,"Miscellaneous professional, scientific, and technical services",4834325
2009-10,management_companies,Management of companies and enterprises,1829711
2009-10,admin_support,Administrative and support services,6941822
2009-10,waste_remediation,Waste management and remediation services,345539
2009-10,education,Educational services,2496983
2009-10,ambulatory_health,Ambulatory health care services,5854139
2009-10,hospitals_nursing,"Hospitals, nursing and residential care facilities",7743865
2009-10,social_assistance,Social assistance,2422571
2009-10,performing_arts_museums,"Performing arts, spectator sports, museums, and related activities",529669
2009-10,amusement_recreation,"Amusements, gambling, and recreation industries",1344805
2009-10,accommodation,Accommodation,1718988
2009-10,food_services,Food services and drinking places,9276288
2009-10,other_services,"Other services, except government",4349615
2009-11,oil_gas_extraction,Oil and gas extraction,159838
2009-11,mining_except_oil_gas,"Mining, except oil and gas",202631
2009-11,support_mining,Support activities for mining,257075
2009-11,utilities,Utilities,558764
2009-11,construction,Construction,5753193
2009-11,wood_products,Wood products,344366
2009-11,nonmetallic_mineral,Nonmetallic mineral products,379722
2009-11,primary_metals,Primary metals,351298
2009-11,fabricated_metal,Fabricated metal products,1252397
2009-11,machinery,Machinery,974905
2009-11,computer_electronic,Computer and electronic products,1094129
2009-11,electrical_equipment,"Electrical equipment, appliances, and components",358067
2009-11,motor_vehicles,"Motor vehicles, bodies and trailers, and parts",668236
2009-11,other_transport_equipment,Other transportation equipment,659309
2009-11,furniture,Furniture and related products,363118
2009-11,misc_manufacturing,Miscellaneous manufacturing,570684
2009-11,food_beverage_tobacco,Food and beverage and tobacco products,1639611
2009-11,textiles,Textile mills and textile product mills,243607
2009-11,apparel_leather,Apparel and leather and allied products,189560
2009-11,paper,Paper products,396851
2009-11,printing,Printing and related support activities,504139
2009-11,petroleum_coal,Petroleum and coal products,114171
2009-11,chemicals,Chemical products,789392
2009-11,plastics_rubber,Plastics and rubber products,613170
2009-11,wholesale,Wholesale trade,5480437
2009-11,retail,Retail trade,14846162
2009-11,air_transport,Air transportation,453227
2009-11,rail_transport,Rail transportation,578
2009-11,water_transport,Water transportation,61337
2009-11,truck_transport,Truck transportation,1244585
2009-11,transit_ground,Transit and ground passenger transportation,433548
2009-11,pipeline,Pipeline transportation,41224
2009-11,other_transport_support,Other transportation and support activities,553799
2009-11,warehousing,Warehousing and storage,634006
2009-11,information,Information,2755656
2009-11,credit_intermediation,"Federal Reserve banks, credit intermediation, and related activities",2573359
2009-11,securities,"Securities, commodity contracts, and investments",802919
2009-11,insurance,Insurance carriers and related activities,2083315
2009-11,funds_trusts,"Funds, trusts, and other financial vehicles",85816
2009-11,real_estate,Real estate,1388122
2009-11,rental_leasing,Rental and leasing services and lessors of intangible assets,549157
2009-11,legal,Legal services,1119328
2009-11,computer_systems,Computer systems design and related services,1413050
2009-11,misc_professional,"Miscellaneous professional, scientific, and technical services",4882516
2009-11,management_companies,Management of companies and enterprises,1829929
2009-11,admin_support,Administrative and support services,6939493
2009-11,waste_remediation,Waste management and remediation services,343851
2009-11,education,Educational services,2524566
2009-11,ambulatory_health,Ambulatory health care services,5867160
2009-11,hospitals_nursing,"Hospitals, nursing and residential care facilities",7757537
2009-11,social_assistance,Social assistance,2429841
2009-11,performing_arts_museums,"Performing arts, spectator sports, museums, and related activities",510284
2009-11,amusement_recreation,"Amusements, gambling, and recreation industries",1254908
2009-11,accommodation,Accommodation,1680436
2009-11,food_services,Food services and drinking places,9208698
2009-11,other_services,"Other services, except government",4344959
2009-12,oil_gas_extraction,Oil and gas extraction,160916
2009-12,mining_except_oil_gas,"Mining, except oil and gas",197926
2009-12,support_mining,Support activities for mining,260780
2009-12,utilities,Utilities,557816
2009-12,construction,Construction,5555732
2009-12,wood_products,Wood products,341799
2009-12,nonmetallic_mineral,Nonmetallic mineral products,369598
2009-12,primary_metals,Primary metals,351792
2009-12,fabricated_metal,Fabricated metal products,1253159
2009-12,machinery,Machinery,978010
2009-12,computer_electronic,Computer and electronic products,1095541
2009-12,electrical_equipment,"Electrical equipment, appliances, and components",357857
2009-12,motor_vehicles,"Motor vehicles, bodies and trailers, and parts",671163
2009-12,other_transport_equipment,Other transportation equipment,658914
2009-12,furniture,Furniture and related products,361595
2009-12,misc_manufacturing,Miscellaneous manufacturing,569940
2009-12,food_beverage_tobacco,Food and beverage and tobacco products,1627435
2009-12,textiles,Textile mills and textile product mills,242637
2009-12,apparel_leather,Apparel and leather and allied products,188941
2009-12,paper,Paper products,396837
2009-12,printing,Printing and related support activities,503471
2009-12,petroleum_coal,Petroleum and coal products,111855
2009-12,chemicals,Chemical products,791103
2009-12,plastics_rubber,Plastics and rubber products,613798
2009-12,wholesale,Wholesale trade,5481010
2009-12,retail,Retail trade,15003121
2009-12,air_transport,Air transportation,452972
2009-12,rail_transport,Rail transportation,575
2009-12,water_transport,Water transportation,61053
2009-12,truck_transport,Truck transportation,1235395
2009-12,transit_ground,Transit and ground passenger transportation,432337
2009-12,pipeline,Pipeline transportation,41273
2009-12,other_transport_support,Other transportation and support activities,557791
2009-12,warehousing,Warehousing and storage,633933
2009-12,information,Information,2765806
2009-12,credit_intermediation,"Federal Reserve banks, credit intermediation, and related activities",2578034
2009-12,securities,"Securities, commodity contracts, and investments",803355
2009-12,insurance,Insurance carriers and related activities,2088066
2009-12,funds_trusts,"Funds, trusts, and other financial vehicles",87192
2009-12,real_estate,Real estate,1395344
2009-12,rental_leasing,Rental and leasing services and lessors of intangible assets,547008
2009-12,legal,Legal services,1123958
2009-12,computer_systems,Computer systems design and related services,1416613
2009-12,misc_professional,"Miscellaneous professional, scientific, and technical services",4915452
2009-12,management_companies,Management of companies and enterprises,1834650
2009-12,admin_support,Administrative and support services,6878151
2009-12,waste_remediation,Waste management and remediation services,341622
2009-12,education,Educational services,2512237
2009-12,ambulatory_health,Ambulatory health care services,5891858
2009-12,hospitals_nursing,"Hospitals, nursing and residential care facilities",7773550
2009-12,social_assistance,Social assistance,2431308
2009-12,performing_arts_museums,"Performing arts, spectator sports, museums, and related activities",506556
2009-12,amusement_recreation,"Amusements, gambling, and recreation industries",1257092
2009-12,accommodation,Accommodation,1680238
2009-12,food_services,Food services and drinking places,9181314
2009-12,other_services,"Other services, except government",4343428
2010-01,oil_gas_extraction,Oil and gas extraction,154580
2010-01,mining_except_oil_gas,"Mining, except oil and gas",190226
2010-01,support_mining,Support activities for mining,260431
2010-01,utilities,Utilities,552740
2010-01,construction,Construction,5140856
2010-01,wood_products,Wood products,331711
2010-01,nonmetallic_mineral,Nonmetallic mineral products,356139
2010-01,primary_metals,Primary metals,350016
2010-01,fabricated_metal,Fabricated metal products,1242772
2010-01,machinery,Machinery,970609
2010-01,computer_electronic,Computer and electronic products,1092670
2010-01,electrical_equipment,"Electrical equipment, appliances, and components",352989
2010-01,motor_vehicles,"Motor vehicles, bodies and trailers, and parts",663623
2010-01,other_transport_equipment,Other transportation equipment,653539
2010-01,furniture,Furniture and related products,355358
2010-01,misc_manufacturing,Miscellaneous manufacturing,562321
2010-01,food_beverage_tobacco,Food and beverage and tobacco products,1594268
2010-01,textiles,Textile mills and textile product mills,236695
2010-01,apparel_leather,Apparel and leather and allied products,183085
2010-01,paper,Paper products,394292
2010-01,printing,Printing and related support activities,488873
2010-01,petroleum_coal,Petroleum and coal products,108741
2010-01,chemicals,Chemical products,784558
2010-01,plastics_rubber,Plastics and rubber products,609810
2010-01,wholesale,Wholesale trade,5381056
2010-01,retail,Retail trade,14282644
2010-01,air_transport,Air transportation,449650
2010-01,rail_transport,Rail transportation,546
2010-01,water_transport,Water transportation,59325
2010-01,truck_transport,Truck transportation,1197746
2010-01,transit_ground,Transit and ground passenger transportation,427598
2010-01,pipeline,Pipeline transportation,42151
2010-01,other_transport_support,Other transportation and support activities,547622
2010-01,warehousing,Warehousing and storage,625955
2010-01,information,Information,2704708
2010-01,credit_intermediation,"Federal Reserve banks, credit intermediation, and related activities",2561014
2010-01,securities,"Securities, commodity contracts, and investments",791350
2010-01,insurance,Insurance carriers and related activities,2046021
2010-01,funds_trusts,"Funds, trusts, and other financial vehicles",86263
2010-01,real_estate,Real estate,1354836
2010-01,rental_leasing,Rental and leasing services and lessors of intangible assets,528428
2010-01,legal,Legal services,1103450
2010-01,computer_systems,Computer systems design and related services,1405198
2010-01,misc_professional,"Miscellaneous professional, scientific, and technical services",4879638
2010-01,management_companies,Management of companies and enterprises,1843618
2010-01,admin_support,Administrative and support services,6501329
2010-01,waste_remediation,Waste management and remediation services,340914
2010-01,education,Educational services,2391638
2010-01,ambulatory_health,Ambulatory health care services,5872022
2010-01,hospitals_nursing,"Hospitals, nursing and residential care facilities",7704994
2010-01,social_assistance,Social assistance,2423195
2010-01,performing_arts_museums,"Performing arts, spectator sports, museums, and related activities",459068
2010-01,amusement_recreation,"Amusements, gambling, and recreation industries",1203807
2010-01,accommodation,Accommodation,1642501
2010-01,food_services,Food services and drinking places,8920058
2010-01,other_services,"Other services, except government",4259228
2010-02,oil_gas_extraction,Oil and gas extraction,154868
2010-02,mining_except_oil_gas,"Mining, except oil and gas",190525
2010-02,support_mining,Support activities for mining,265722
2010-02,utilities,Utilities,551530
2010-02,construction,Construction,5055807
2010-02,wood_products,Wood products,329409
2010-02,nonmetallic_mineral,Nonmetallic mineral products,352615
2010-02,primary_metals,Primary metals,351272
2010-02,fabricated_metal,Fabricated metal products,1243051
2010-02,machinery,Machinery,971535
2010-02,computer_electronic,Computer and electronic products,1091026
2010-02,electrical_equipment,"Electrical equipment, appliances, and components",351619
2010-02,motor_vehicles,"Motor vehicles, bodies and trailers, and parts",662094
2010-02,other_transport_equipment,Other transportation equipment,650671
2010-02,furniture,Furniture and related products,353280
2010-02,misc_manufacturing,Miscellaneous manufacturing,561841
2010-02,food_beverage_tobacco,Food and beverage and tobacco products,1589402
2010-02,textiles,Textile mills and textile product mills,235522
2010-02,apparel_leather,Apparel and leather and allied products,183760
2010-02,paper,Paper products,392490
2010-02,printing,Printing and related support activities,486300
2010-02,petroleum_coal,Petroleum and coal products,108855
2010-02,chemicals,Chemical products,785287
2010-02,plastics_rubber,Plastics and rubber products,610336
2010-02,wholesale,Wholesale trade,5377862
2010-02,retail,Retail trade,14082933
2010-02,air_transport,Air transportation,450553
2010-02,rail_transport,Rail transportation,550
2010-02,water_transport,Water transportation,59323
2010-02,truck_transport,Truck transportation,1193026
2010-02,transit_ground,Transit and ground passenger transportation,427780
2010-02,pipeline,Pipeline transportation,42065
2010-02,other_transport_support,Other transportation and support activities,547942
2010-02,warehousing,Warehousing and storage,621402
2010-02,information,Information,2701776
2010-02,credit_intermediation,"Federal Reserve banks, credit intermediation, and related activities",2557306
2010-02,securities,"Securities, commodity contracts, and investments",793693
2010-02,insurance,Insurance carriers and related activities,2045463
2010-02,funds_trusts,"Funds, trusts, and other financial vehicles",85739
2010-02,real_estate,Real estate,1354317
2010-02,rental_leasing,Rental and leasing services and lessors of intangible assets,526204
2010-02,legal,Legal services,1103659
2010-02,computer_systems,Computer systems design and related services,1411541
2010-02,misc_professional,"Miscellaneous professional, scientific, and technical services",4922338
2010-02,management_companies,Management of companies and enterprises,1841658
2010-02,admin_support,Administrative and support services,6549035
2010-02,waste_remediation,Waste management and remediation services,339525
2010-02,education,Educational services,2486254
2010-02,ambulatory_health,Ambulatory health care services,5876811
2010-02,hospitals_nursing,"Hospitals, nursing and residential care facilities",7698240
2010-02,social_assistance,Social assistance,2432772
2010-02,performing_arts_museums,"Performing arts, spectator sports, museums, and related activities",465951
2010-02,amusement_recreation,"Amusements, gambling, and recreation industries",1208980
2010-02,accommodation,Accommodation,1653452
2010-02,food_services,Food services and drinking places,8973545
2010-02,other_services,"Other services, except government",4265518
2010-03,oil_gas_extraction,Oil and gas extraction,155539
2010-03,mining_except_oil_gas,"Mining, except oil and gas",193145
2010-03,support_mining,Support activities for mining,271011
2010-03,utilities,Utilities,552063
2010-03,construction,Construction,5186579
2010-03,wood_products,Wood products,331770
2010-03,nonmetallic_mineral,Nonmetallic mineral products,357628
2010-03,primary_metals,Primary metals,353065
2010-03,fabricated_metal,Fabricated metal products,1249835
2010-03,machinery,Machinery,976384
2010-03,computer_electronic,Computer and electronic products,1091380
2010-03,electrical_equipment,"Electrical equipment, appliances, and components",352677
2010-03,motor_vehicles,"Motor vehicles, bodies and trailers, and parts",664811
2010-03,other_transport_equipment,Other transportation equipment,651516
2010-03,furniture,Furniture and related products,354867
2010-03,misc_manufacturing,Miscellaneous manufacturing,562624
2010-03,food_beverage_tobacco,Food and beverage and tobacco products,1591638
2010-03,textiles,Textile mills and textile product mills,236190
2010-03,apparel_leather,Apparel and leather and allied products,184964
2010-03,paper,Paper products,392068
2010-03,printing,Printing and related support activities,486514
2010-03,petroleum_coal,Petroleum and coal products,109616
2010-03,chemicals,Chemical products,786030
2010-03,plastics_rubber,Plastics and rubber products,612797
2010-03,wholesale,Wholesale trade,5399080
2010-03,retail,Retail trade,14170208
2010-03,air_transport,Air transportation,448723
2010-03,rail_transport,Rail transportation,545
2010-03,water_transport,Water transportation,59420
2010-03,truck_transport,Truck transportation,1204215
2010-03,transit_ground,Transit and ground passenger transportation,431244
2010-03,pipeline,Pipeline transportation,42182
2010-03,other_transport_support,Other transportation and support activities,550330
2010-03,warehousing,Warehousing and storage,623659
2010-03,information,Information,2708194
2010-03,credit_intermediation,"Federal Reserve banks, credit intermediation, and related activities",2557898
2010-03,securities,"Securities, commodity contracts, and investments",792897
2010-03,insurance,Insurance carriers and related activities,2049120
2010-03,funds_trusts,"Funds, trusts, and other financial vehicles",86133
2010-03,real_estate,Real estate,1360517
2010-03,rental_leasing,Rental and leasing services and lessors of intangible assets,529355
2010-03,legal,Legal services,1105902
2010-03,computer_systems,Computer systems design and related services,1413129
2010-03,misc_professional,"Miscellaneous professional, scientific, and technical services",4930154
2010-03,management_companies,Management of companies and enterprises,1845242
2010-03,admin_support,Administrative and support services,6662724
2010-03,waste_remediation,Waste management and remediation services,342413
2010-03,education,Educational services,2505570
2010-03,ambulatory_health,Ambulatory health care services,5907180
2010-03,hospitals_nursing,"Hospitals, nursing and residential care facilities",7724688
2010-03,social_assistance,Social assistance,2453127
2010-03,performing_arts_museums,"Performing arts, spectator sports, museums, and related activities",488117
2010-03,amusement_recreation,"Amusements, gambling, and recreation industries",1248291
2010-03,accommodation,Accommodation,1675320
2010-03,food_services,Food services and drinking places,9141108
2010-03,other_services,"Other services, except government",4298281
2010-04,oil_gas_extraction,Oil and gas extraction,155915
2010-04,mining_except_oil_gas,"Mining, except oil and gas",201258
2010-04,support_mining,Support activities for mining,278167
2010-04,utilities,Utilities,550464
2010-04,construction,Construction,5435315
2010-04,wood_products,Wood products,339384
2010-04,nonmetallic_mineral,Nonmetallic mineral products,368717
2010-04,primary_metals,Primary metals,355548
2010-04,fabricated_metal,Fabricated metal products,1260031
2010-04,machinery,Machinery,978929
2010-04,computer_electronic,Computer and electronic products,1090282
2010-04,electrical_equipment,"Electrical equipment, appliances, and components",352770
2010-04,motor_vehicles,"Motor vehicles, bodies and trailers, and parts",670095
2010-04,other_transport_equipment,Other transportation equipment,649040
2010-04,furniture,Furniture and related products,356991
2010-04,misc_manufacturing,Miscellaneous manufacturing,564199
2010-04,food_beverage_tobacco,Food and beverage and tobacco products,1595986
2010-04,textiles,Textile mills and textile product mills,237729
2010-04,apparel_leather,Apparel and leather and allied products,187168
2010-04,paper,Paper products,391325
2010-04,printing,Printing and related support activities,486481
2010-04,petroleum_coal,Petroleum and coal products,111137
2010-04,chemicals,Chemical products,784791
2010-04,plastics_rubber,Plastics and rubber products,619165
2010-04,wholesale,Wholesale trade,5442580
2010-04,retail,Retail trade,14272997
2010-04,air_transport,Air transportation,448479
2010-04,rail_transport,Rail transportation,584
2010-04,water_transport,Water transportation,61537
2010-04,truck_transport,Truck transportation,1224441
2010-04,transit_ground,Transit and ground passenger transportation,432555
2010-04,pipeline,Pipeline transportation,42088
2010-04,other_transport_support,Other transportation and support activities,558232
2010-04,warehousing,Warehousing and storage,621929
2010-04,information,Information,2694431
2010-04,credit_intermediation,"Federal Reserve banks, credit intermediation, and related activities",2550775
2010-04,securities,"Securities, commodity contracts, and investments",793425
2010-04,insurance,Insurance carriers and related activities,2035088
2010-04,funds_trusts,"Funds, trusts, and other financial vehicles",85650
2010-04,real_estate,Real estate,1372136
2010-04,rental_leasing,Rental and leasing services and lessors of intangible assets,536619
2010-04,legal,Legal services,1108897
2010-04,computer_systems,Computer systems design and related services,1428447
2010-04,misc_professional,"Miscellaneous professional, scientific, and technical services",4956009
2010-04,management_companies,Management of companies and enterprises,1847302
2010-04,admin_support,Administrative and support services,6919590
2010-04,waste_remediation,Waste management and remediation services,349637
2010-04,education,Educational services,2535101
2010-04,ambulatory_health,Ambulatory health care services,5928305
2010-04,hospitals_nursing,"Hospitals, nursing and residential care facilities",7724969
2010-04,social_assistance,Social assistance,2477609
2010-04,performing_arts_museums,"Performing arts, spectator sports, museums, and related activities",531638
2010-04,amusement_recreation,"Amusements, gambling, and recreation industries",1352294
2010-04,accommodation,Accommodation,1708483
2010-04,food_services,Food services and drinking places,9364238
2010-04,other_services,"Other services, except government",4328133
2010-05,oil_gas_extraction,Oil and gas extraction,156756
2010-05,mining_except_oil_gas,"Mining, except oil and gas",205135
2010-05,support_mining,Support activities for mining,283965
2010-05,utilities,Utilities,551230
2010-05,construction,Construction,5551249
2010-05,wood_products,Wood products,343467
2010-05,nonmetallic_mineral,Nonmetallic mineral products,374344
2010-05,primary_metals,Primary metals,358258
2010-05,fabricated_metal,Fabricated metal products,1267527
2010-05,machinery,Machinery,984445
2010-05,computer_electronic,Computer and electronic products,1091562
2010-05,electrical_equipment,"Electrical equipment, appliances, and components",354002
2010-05,motor_vehicles,"Motor vehicles, bodies and trailers, and parts",675995
2010-05,other_transport_equipment,Other transportation equipment,650470
2010-05,furniture,Furniture and related products,359278
2010-05,misc_manufacturing,Miscellaneous manufacturing,566134
2010-05,food_beverage_tobacco,Food and beverage and tobacco products,1607611
2010-05,textiles,Textile mills and textile product mills,239669
2010-05,apparel_leather,Apparel and leather and allied products,187747
2010-05,paper,Paper products,392410
2010-05,printing,Printing and related support activities,486545
2010-05,petroleum_coal,Petroleum and coal products,112069
2010-05,chemicals,Chemical products,786123
2010-05,plastics_rubber,Plastics and rubber products,623406
2010-05,wholesale,Wholesale trade,5471257
2010-05,retail,Retail trade,14400641
2010-05,air_transport,Air transportation,448992
2010-05,rail_transport,Rail transportation,610
2010-05,water_transport,Water transportation,62870
2010-05,truck_transport,Truck transportation,1240966
2010-05,transit_ground,Transit and ground passenger transportation,436165
2010-05,pipeline,Pipeline transportation,42074
2010-05,other_transport_support,Other transportation and support activities,564606
2010-05,warehousing,Warehousing and storage,623471
2010-05,information,Information,2703038
2010-05,credit_intermediation,"Federal Reserve banks, credit intermediation, and related activities",2548542
2010-05,securities,"Securities, commodity contracts, and investments",796172
2010-05,insurance,Insurance carriers and related activities,2037282
2010-05,funds_trusts,"Funds, trusts, and other financial vehicles",87122
2010-05,real_estate,Real estate,1381498
2010-05,rental_leasing,Rental and leasing services and lessors of intangible assets,540366
2010-05,legal,Legal services,1111897
2010-05,computer_systems,Computer systems design and related services,1434581
2010-05,misc_professional,"Miscellaneous professional, scientific, and technical services",4826236
2010-05,management_companies,Management of companies and enterprises,1849954
2010-05,admin_support,Administrative and support services,7074450
2010-05,waste_remediation,Waste management and remediation services,355632
2010-05,education,Educational services,2504912
2010-05,ambulatory_health,Ambulatory health care services,5954898
2010-05,hospitals_nursing,"Hospitals, nursing and residential care facilities",7740803
2010-05,social_assistance,Social assistance,2492882
2010-05,performing_arts_museums,"Performing arts, spectator sports, museums, and related activities",549483
2010-05,amusement_recreation,"Amusements, gambling, and recreation industries",1438127
2010-05,accommodation,Accommodation,1750593
2010-05,food_services,Food services and drinking places,9514485
2010-05,other_services,"Other services, except government",4365928
2010-06,oil_gas_extraction,Oil and gas extraction,159112
2010-06,mining_except_oil_gas,"Mining, except oil and gas",208390
2010-06,support_mining,Support activities for mining,290446
2010-06,utilities,Utilities,553732
2010-06,construction,Construction,5662437
2010-06,wood_products,Wood products,347172
2010-06,nonmetallic_mineral,Nonmetallic mineral products,378218
2010-06,primary_metals,Primary metals,361262
2010-06,fabricated_metal,Fabricated metal products,1278719
2010-06,machinery,Machinery,992136
2010-06,computer_electronic,Computer and electronic products,1097723
2010-06,electrical_equipment,"Electrical equipment, appliances, and components",356238
2010-06,motor_vehicles,"Motor vehicles, bodies and trailers, and parts",680400
2010-06,other_transport_equipment,Other transportation equipment,652497
2010-06,furniture,Furniture and related products,362360
2010-06,misc_manufacturing,Miscellaneous manufacturing,569082
2010-06,food_beverage_tobacco,Food and beverage and tobacco products,1630577
2010-06,textiles,Textile mills and textile product mills,241155
2010-06,apparel_leather,Apparel and leather and allied products,189055
2010-06,paper,Paper products,394704
2010-06,printing,Printing and related support activities,487078
2010-06,petroleum_coal,Petroleum and coal products,112976
2010-06,chemicals,Chemical products,789381
2010-06,plastics_rubber,Plastics and rubber products,628569
2010-06,wholesale,Wholesale trade,5494856
2010-06,retail,Retail trade,14495416
2010-06,air_transport,Air transportation,450305
2010-06,rail_transport,Rail transportation,602
2010-06,water_transport,Water transportation,64936
2010-06,truck_transport,Truck transportation,1259958
2010-06,transit_ground,Transit and ground passenger transportation,418802
2010-06,pipeline,Pipeline transportation,42323
2010-06,other_transport_support,Other transportation and support activities,571528
2010-06,warehousing,Warehousing and storage,625557
2010-06,information,Information,2722281
2010-06,credit_intermediation,"Federal Reserve banks, credit intermediation, and related activities",2555251
2010-06,securities,"Securities, commodity contracts, and investments",802076
2010-06,insurance,Insurance carriers and related activities,2045677
2010-06,funds_trusts,"Funds, trusts, and other financial vehicles",86343
2010-06,real_estate,Real estate,1399777
2010-06,rental_leasing,Rental and leasing services and lessors of intangible assets,547765
2010-06,legal,Legal services,1126547
2010-06,computer_systems,Computer systems design and related services,1439324
2010-06,misc_professional,"Miscellaneous professional, scientific, and technical services",4857783
2010-06,management_companies,Management of companies and enterprises,1862076
2010-06,admin_support,Administrative and support services,7159510
2010-06,waste_remediation,Waste management and remediation services,363568
2010-06,education,Educational services,2396676
2010-06,ambulatory_health,Ambulatory health care services,5965814
2010-06,hospitals_nursing,"Hospitals, nursing and residential care facilities",7762820
2010-06,social_assistance,Social assistance,2470063
2010-06,performing_arts_museums,"Performing arts, spectator sports, museums, and related activities",553913
2010-06,amusement_recreation,"Amusements, gambling, and recreation industries",1584237
2010-06,accommodation,Accommodation,1824780
2010-06,food_services,Food services and drinking places,9570501
2010-06,other_services,"Other services, except government",4404233
2010-07,oil_gas_extraction,Oil and gas extraction,160393
2010-07,mining_except_oil_gas,"Mining, except oil and gas",209947
2010-07,support_mining,Support activities for mining,294764
2010-07,utilities,Utilities,553390
2010-07,construction,Construction,5739051
2010-07,wood_products,Wood products,348175
2010-07,nonmetallic_mineral,Nonmetallic mineral products,377129
2010-07,primary_metals,Primary metals,364095
2010-07,fabricated_metal,Fabricated metal products,1285968
2010-07,machinery,Machinery,995361
2010-07,computer_electronic,Computer and electronic products,1101145
2010-07,electrical_equipment,"Electrical equipment, appliances, and components",358227
2010-07,motor_vehicles,"Motor vehicles, bodies and trailers, and parts",665675
2010-07,other_transport_equipment,Other transportation equipment,651230
2010-07,furniture,Furniture and related products,361133
2010-07,misc_manufacturing,Miscellaneous manufacturing,569016
2010-07,food_beverage_tobacco,Food and beverage and tobacco products,1648029
2010-07,textiles,Textile mills and textile product mills,239985
2010-07,apparel_leather,Apparel and leather and allied products,187141
2010-07,paper,Paper products,394551
2010-07,printing,Printing and related support activities,486251
2010-07,petroleum_coal,Petroleum and coal products,113203
2010-07,chemicals,Chemical products,789160
2010-07,plastics_rubber,Plastics and rubber products,627842
2010-07,wholesale,Wholesale trade,5501588
2010-07,retail,Retail trade,14474471
2010-07,air_transport,Air transportation,445700
2010-07,rail_transport,Rail transportation,607
2010-07,water_transport,Water transportation,65060
2010-07,truck_transport,Truck transportation,1274174
2010-07,transit_ground,Transit and ground passenger transportation,351586
2010-07,pipeline,Pipeline transportation,42435
2010-07,other_transport_support,Other transportation and support activities,576781
2010-07,warehousing,Warehousing and storage,626902
2010-07,information,Information,2706992
2010-07,credit_intermediation,"Federal Reserve banks, credit intermediation, and related activities",2557387
2010-07,securities,"Securities, commodity contracts, and investments",807628
2010-07,insurance,Insurance carriers and related activities,2045944
2010-07,funds_trusts,"Funds, trusts, and other financial vehicles",87265
2010-07,real_estate,Real estate,1406074
2010-07,rental_leasing,Rental and leasing services and lessors of intangible assets,542120
2010-07,legal,Legal services,1126209
2010-07,computer_systems,Computer systems design and related services,1457603
2010-07,misc_professional,"Miscellaneous professional, scientific, and technical services",4864811
2010-07,management_companies,Management of companies and enterprises,1865612
2010-07,admin_support,Administrative and support services,7172559
2010-07,waste_remediation,Waste management and remediation services,369964
2010-07,education,Educational services,2293281
2010-07,ambulatory_health,Ambulatory health care services,5981334
2010-07,hospitals_nursing,"Hospitals, nursing and residential care facilities",7778707
2010-07,social_assistance,Social assistance,2434802
2010-07,performing_arts_museums,"Performing arts, spectator sports, museums, and related activities",555294
2010-07,amusement_recreation,"Amusements, gambling, and recreation industries",1628877
2010-07,accommodation,Accommodation,1870687
2010-07,food_services,Food services and drinking places,9507748
2010-07,other_services,"Other services, except government",4412038
2010-08,oil_gas_extraction,Oil and gas extraction,160551
2010-08,mining_except_oil_gas,"Mining, except oil and gas",210714
2010-08,support_mining,Support activities for mining,299665
2010-08,utilities,Utilities,552934
2010-08,construction,Construction,5752094
2010-08,wood_products,Wood products,346134
2010-08,nonmetallic_mineral,Nonmetallic mineral products,376497
2010-08,primary_metals,Primary metals,365518
2010-08,fabricated_metal,Fabricated metal products,1291451
2010-08,machinery,Machinery,998147
2010-08,computer_electronic,Computer and electronic products,1101348
2010-08,electrical_equipment,"Electrical equipment, appliances, and components",358577
2010-08,motor_vehicles,"Motor vehicles, bodies and trailers, and parts",674780
2010-08,other_transport_equipment,Other transportation equipment,650343
2010-08,furniture,Furniture and related products,359482
2010-08,misc_manufacturing,Miscellaneous manufacturing,568844
2010-08,food_beverage_tobacco,Food and beverage and tobacco products,1664973
2010-08,textiles,Textile mills and textile product mills,239852
2010-08,apparel_leather,Apparel and leather and allied products,187171
2010-08,paper,Paper products,393981
2010-08,printing,Printing and related support activities,486042
2010-08,petroleum_coal,Petroleum and coal products,112702
2010-08,chemicals,Chemical products,787324
2010-08,plastics_rubber,Plastics and rubber products,629237
2010-08,wholesale,Wholesale trade,5501219
2010-08,retail,Retail trade,14509085
2010-08,air_transport,Air transportation,445519
2010-08,rail_transport,Rail transportation,602
2010-08,water_transport,Water transportation,65281
2010-08,truck_transport,Truck transportation,1279817
2010-08,transit_ground,Transit and ground passenger transportation,354955
2010-08,pipeline,Pipeline transportation,42392
2010-08,other_transport_support,Other transportation and support activities,580088
2010-08,warehousing,Warehousing and storage,628624
2010-08,information,Information,2709547
2010-08,credit_intermediation,"Federal Reserve banks, credit intermediation, and related activities",2556203
2010-08,securities,"Securities, commodity contracts, and investments",808965
2010-08,insurance,Insurance carriers and related activities,2043469
2010-08,funds_trusts,"Funds, trusts, and other financial vehicles",86699
2010-08,real_estate,Real estate,1406658
2010-08,rental_leasing,Rental and leasing services and lessors of intangible assets,538437
2010-08,legal,Legal services,1119212
2010-08,computer_systems,Computer systems design and related services,1461538
2010-08,misc_professional,"Miscellaneous professional, scientific, and technical services",4869762
2010-08,management_companies,Management of companies and enterprises,1864772
2010-08,admin_support,Administrative and support services,7247105
2010-08,waste_remediation,Waste management and remediation services,367954
2010-08,education,Educational services,2286376
2010-08,ambulatory_health,Ambulatory health care services,5994915
2010-08,hospitals_nursing,"Hospitals, nursing and residential care facilities",7783745
2010-08,social_assistance,Social assistance,2448623
2010-08,performing_arts_museums,"Performing arts, spectator sports, museums, and related activities",559477
2010-08,amusement_recreation,"Amusements, gambling, and recreation industries",1594024
2010-08,accommodation,Accommodation,1867152
2010-08,food_services,Food services and drinking places,9563719
2010-08,other_services,"Other services, except government",4395978
2010-09,oil_gas_extraction,Oil and gas extraction,159550
2010-09,mining_except_oil_gas,"Mining, except oil and gas",209752
2010-09,support_mining,Support activities for mining,302617
2010-09,utilities,Utilities,549271
2010-09,construction,Construction,5694028
2010-09,wood_products,Wood products,343307
2010-09,nonmetallic_mineral,Nonmetallic mineral products,374346
2010-09,primary_metals,Primary metals,366404
2010-09,fabricated_metal,Fabricated metal products,1293559
2010-09,machinery,Machinery,998280
2010-09,computer_electronic,Computer and electronic products,1098459
2010-09,electrical_equipment,"Electrical equipment, appliances, and components",357190
2010-09,motor_vehicles,"Motor vehicles, bodies and trailers, and parts",688243
2010-09,other_transport_equipment,Other transportation equipment,648833
2010-09,furniture,Furniture and related products,356034
2010-09,misc_manufacturing,Miscellaneous manufacturing,566409
2010-09,food_beverage_tobacco,Food and beverage and tobacco products,1665822
2010-09,textiles,Textile mills and textile product mills,240234
2010-09,apparel_leather,Apparel and leather and allied products,185984
2010-09,paper,Paper products,393294
2010-09,printing,Printing and related support activities,484662
2010-09,petroleum_coal,Petroleum and coal products,111880
2010-09,chemicals,Chemical products,783171
2010-09,plastics_rubber,Plastics and rubber products,628967
2010-09,wholesale,Wholesale trade,5479538
2010-09,retail,Retail trade,14381887
2010-09,air_transport,Air transportation,443890
2010-09,rail_transport,Rail transportation,596
2010-09,water_transport,Water transportation,64396
2010-09,truck_transport,Truck transportation,1281694
2010-09,transit_ground,Transit and ground passenger transportation,430140
2010-09,pipeline,Pipeline transportation,42269
2010-09,other_transport_support,Other transportation and support activities,577777
2010-09,warehousing,Warehousing and storage,630566
2010-09,information,Information,2700512
2010-09,credit_intermediation,"Federal Reserve banks, credit intermediation, and related activities",2547508
2010-09,securities,"Securities, commodity contracts, and investments",798677
2010-09,insurance,Insurance carriers and related activities,2032382
2010-09,funds_trusts,"Funds, trusts, and other financial vehicles",85645
2010-09,real_estate,Real estate,1387250
2010-09,rental_leasing,Rental and leasing services and lessors of intangible assets,530359
2010-09,legal,Legal services,1107942
2010-09,computer_systems,Computer systems design and related services,1453769
2010-09,misc_professional,"Miscellaneous professional, scientific, and technical services",4840447
2010-09,management_companies,Management of companies and enterprises,1855103
2010-09,admin_support,Administrative and support services,7264052
2010-09,waste_remediation,Waste management and remediation services,363026
2010-09,education,Educational services,2440077
2010-09,ambulatory_health,Ambulatory health care services,5981794
2010-09,hospitals_nursing,"Hospitals, nursing and residential care facilities",7772498
2010-09,social_assistance,Social assistance,2474756
2010-09,performing_arts_museums,"Performing arts, spectator sports, museums, and related activities",546680
2010-09,amusement_recreation,"Amusements, gambling, and recreation industries",1448821
2010-09,accommodation,Accommodation,1789889
2010-09,food_services,Food services and drinking places,9520359
2010-09,other_services,"Other services, except government",4348377
2010-10,oil_gas_extraction,Oil and gas extraction,160571
2010-10,mining_except_oil_gas,"Mining, except oil and gas",209318
2010-10,support_mining,Support activities for mining,307467
2010-10,utilities,Utilities,549343
2010-10,construction,Construction,5683096
2010-10,wood_products,Wood products,340039
2010-10,nonmetallic_mineral,Nonmetallic mineral products,372342
2010-10,primary_metals,Primary metals,368192
2010-10,fabricated_metal,Fabricated metal products,1299214
2010-10,machinery,Machinery,1002671
2010-10,computer_electronic,Computer and electronic products,1100718
2010-10,electrical_equipment,"Electrical equipment, appliances, and components",358297
2010-10,motor_vehicles,"Motor vehicles, bodies and trailers, and parts",690420
2010-10,other_transport_equipment,Other transportation equipment,647793
2010-10,furniture,Furniture and related products,353273
2010-10,misc_manufacturing,Miscellaneous manufacturing,568150
2010-10,food_beverage_tobacco,Food and beverage and tobacco products,1654621
2010-10,textiles,Textile mills and textile product mills,238912
2010-10,apparel_leather,Apparel and leather and allied products,185130
2010-10,paper,Paper products,391773
2010-10,printing,Printing and related support activities,484049
2010-10,petroleum_coal,Petroleum and coal products,111534
2010-10,chemicals,Chemical products,781821
2010-10,plastics_rubber,Plastics and rubber products,628974
2010-10,wholesale,Wholesale trade,5510441
2010-10,retail,Retail trade,14571030
2010-10,air_transport,Air transportation,447318
2010-10,rail_transport,Rail transportation,587
2010-10,water_transport,Water transportation,63154
2010-10,truck_transport,Truck transportation,1285776
2010-10,transit_ground,Transit and ground passenger transportation,439873
2010-10,pipeline,Pipeline transportation,42307
2010-10,other_transport_support,Other transportation and support activities,578815
2010-10,warehousing,Warehousing and storage,637832
2010-10,information,Information,2684965
2010-10,credit_intermediation,"Federal Reserve banks, credit intermediation, and related activities",2559291
2010-10,securities,"Securities, commodity contracts, and investments",803119
2010-10,insurance,Insurance carriers and related activities,2038767
2010-10,funds_trusts,"Funds, trusts, and other financial vehicles",86461
2010-10,real_estate,Real estate,1389624
2010-10,rental_leasing,Rental and leasing services and lessors of intangible assets,527980
2010-10,legal,Legal services,1117657
2010-10,computer_systems,Computer systems design and related services,1478320
2010-10,misc_professional,"Miscellaneous professional, scientific, and technical services",4900858
2010-10,management_companies,Management of companies and enterprises,1857296
2010-10,admin_support,Administrative and support services,7362808
2010-10,waste_remediation,Waste management and remediation services,361271
2010-10,education,Educational services,2552687
2010-10,ambulatory_health,Ambulatory health care services,6040993
2010-10,hospitals_nursing,"Hospitals, nursing and residential care facilities",7786434
2010-10,social_assistance,Social assistance,2495670
2010-10,performing_arts_museums,"Performing arts, spectator sports, museums, and related activities",534243
2010-10,amusement_recreation,"Amusements, gambling, and recreation industries",1347416
2010-10,accommodation,Accommodation,1753873
2010-10,food_services,Food services and drinking places,9427224
2010-10,other_services,"Other services, except government",4378476
2010-11,oil_gas_extraction,Oil and gas extraction,160919
2010-11,mining_except_oil_gas,"Mining, except oil and gas",208541
2010-11,support_mining,Support activities for mining,309021
2010-11,utilities,Utilities,549083
2010-11,construction,Construction,5578795
2010-11,wood_products,Wood products,338112
2010-11,nonmetallic_mineral,Nonmetallic mineral products,369056
2010-11,primary_metals,Primary metals,369392
2010-11,fabricated_metal,Fabricated metal products,1302679
2010-11,machinery,Machinery,1007583
2010-11,computer_electronic,Computer and electronic products,1102867
2010-11,electrical_equipment,"Electrical equipment, appliances, and components",359151
2010-11,motor_vehicles,"Motor vehicles, bodies and trailers, and parts",690795
2010-11,other_transport_equipment,Other transportation equipment,647531
2010-11,furniture,Furniture and related products,350598
2010-11,misc_manufacturing,Miscellaneous manufacturing,569529
2010-11,food_beverage_tobacco,Food and beverage and tobacco products,1636942
2010-11,textiles,Textile mills and textile product mills,237949
2010-11,apparel_leather,Apparel and leather and allied products,183825
2010-11,paper,Paper products,391432
2010-11,printing,Printing and related support activities,482585
2010-11,petroleum_coal,Petroleum and coal products,110583
2010-11,chemicals,Chemical products,781894
2010-11,plastics_rubber,Plastics and rubber products,629203
2010-11,wholesale,Wholesale trade,5515118
2010-11,retail,Retail trade,14966897
2010-11,air_transport,Air transportation,448278
2010-11,rail_transport,Rail transportation,592
2010-11,water_transport,Water transportation,61826
2010-11,truck_transport,Truck transportation,1281446
2010-11,transit_ground,Transit and ground passenger transportation,439711
2010-11,pipeline,Pipeline transportation,42385
2010-11,other_transport_support,Other transportation and support activities,575026
2010-11,warehousing,Warehousing and storage,644819
2010-11,information,Information,2695344
2010-11,credit_intermediation,"Federal Reserve banks, credit intermediation, and related activities",2562739
2010-11,securities,"Securities, commodity contracts, and investments",806724
2010-11,insurance,Insurance carriers and related activities,2039178
2010-11,funds_trusts,"Funds, trusts, and other financial vehicles",86416
2010-11,real_estate,Real estate,1386347
2010-11,rental_leasing,Rental and leasing services and lessors of intangible assets,523134
2010-11,legal,Legal services,1119143
2010-11,computer_systems,Computer systems design and related services,1484575
2010-11,misc_professional,"Miscellaneous professional, scientific, and technical services",4925557
2010-11,management_companies,Management of companies and enterprises,1860034
2010-11,admin_support,Administrative and support services,7337513
2010-11,waste_remediation,Waste management and remediation services,359685
2010-11,education,Educational services,2579037
2010-11,ambulatory_health,Ambulatory health care services,6055847
2010-11,hospitals_nursing,"Hospitals, nursing and residential care facilities",7803182
2010-11,social_assistance,Social assistance,2504780
2010-11,performing_arts_museums,"Performing arts, spectator sports, museums, and related activities",514812
2010-11,amusement_recreation,"Amusements, gambling, and recreation industries",1257198
2010-11,accommodation,Accommodation,1717672
2010-11,food_services,Food services and drinking places,9392636
2010-11,other_services,"Other services, except government",4370265
2010-12,oil_gas_extraction,Oil and gas extraction,162327
2010-12,mining_except_oil_gas,"Mining, except oil and gas",205021
2010-12,support_mining,Support activities for mining,313237
2010-12,utilities,Utilities,549669
2010-12,construction,Construction,5394677
2010-12,wood_products,Wood products,335818
2010-12,nonmetallic_mineral,Nonmetallic mineral products,360133
2010-12,primary_metals,Primary metals,371512
2010-12,fabricated_metal,Fabricated metal products,1308394
2010-12,machinery,Machinery,1016387
2010-12,computer_electronic,Computer and electronic products,1107407
2010-12,electrical_equipment,"Electrical equipment, appliances, and components",361163
2010-12,motor_vehicles,"Motor vehicles, bodies and trailers, and parts",697804
2010-12,other_transport_equipment,Other transportation equipment,647834
2010-12,furniture,Furniture and related products,350470
2010-12,misc_manufacturing,Miscellaneous manufacturing,569596
2010-12,food_beverage_tobacco,Food and beverage and tobacco products,1626450
2010-12,textiles,Textile mills and textile product mills,238467
2010-12,apparel_leather,Apparel and leather and allied products,183314
2010-12,paper,Paper products,391917
2010-12,printing,Printing and related support activities,480900
2010-12,petroleum_coal,Petroleum and coal products,108366
2010-12,chemicals,Chemical products,783856
2010-12,plastics_rubber,Plastics and rubber products,630801
2010-12,wholesale,Wholesale trade,5522962
2010-12,retail,Retail trade,15167675
2010-12,air_transport,Air transportation,450332
2010-12,rail_transport,Rail transportation,587
2010-12,water_transport,Water transportation,61686
2010-12,truck_transport,Truck transportation,1275949
2010-12,transit_ground,Transit and ground passenger transportation,439412
2010-12,pipeline,Pipeline transportation,42509
2010-12,other_transport_support,Other transportation and support activities,579899
2010-12,warehousing,Warehousing and storage,648492
2010-12,information,Information,2714841
2010-12,credit_intermediation,"Federal Reserve banks, credit intermediation, and related activities",2576051
2010-12,securities,"Securities, commodity contracts, and investments",810983
2010-12,insurance,Insurance carriers and related activities,2044034
2010-12,funds_trusts,"Funds, trusts, and other financial vehicles",87055
2010-12,real_estate,Real estate,1394495
2010-12,rental_leasing,Rental and leasing services and lessors of intangible assets,522556
2010-12,legal,Legal services,1126287
2010-12,computer_systems,Computer systems design and related services,1488536
2010-12,misc_professional,"Miscellaneous professional, scientific, and technical services",4987999
2010-12,management_companies,Management of companies and enterprises,1864670
2010-12,admin_support,Administrative and support services,7270325
2010-12,waste_remediation,Waste management and remediation services,357246
2010-12,education,Educational services,2550193
2010-12,ambulatory_health,Ambulatory health care services,6074625
2010-12,hospitals_nursing,"Hospitals, nursing and residential care facilities",7821293
2010-12,social_assistance,Social assistance,2506923
2010-12,performing_arts_museums,"Performing arts, spectator sports, museums, and related activities",509667
2010-12,amusement_recreation,"Amusements, gambling, and recreation industries",1264455
2010-12,accommodation,Accommodation,1712642
2010-12,food_services,Food services and drinking places,9374229
2010-12,other_services,"Other services, except government",4368295
2011-01,oil_gas_extraction,Oil and gas extraction,163191
2011-01,mining_except_oil_gas,"Mining, except oil and gas",199034
2011-01,support_mining,Support activities for mining,312046
2011-01,utilities,Utilities,548239
2011-01,construction,Construction,5018082
2011-01,wood_products,Wood products,330763
2011-01,nonmetallic_mineral,Nonmetallic mineral products,347805
2011-01,primary_metals,Primary metals,374797
2011-01,fabricated_metal,Fabricated metal products,1300871
2011-01,machinery,Machinery,1020285
2011-01,computer_electronic,Computer and electronic products,1095928
2011-01,electrical_equipment,"Electrical equipment, appliances, and components",359304
2011-01,motor_vehicles,"Motor vehicles, bodies and trailers, and parts",697163
2011-01,other_transport_equipment,Other transportation equipment,652948
2011-01,furniture,Furniture and related products,346654
2011-01,misc_manufacturing,Miscellaneous manufacturing,566791
2011-01,food_beverage_tobacco,Food and beverage and tobacco products,1605669
2011-01,textiles,Textile mills and textile product mills,236088
2011-01,apparel_leather,Apparel and leather and allied products,178058
2011-01,paper,Paper products,388901
2011-01,printing,Printing and related support activities,473876
2011-01,petroleum_coal,Petroleum and coal products,106527
2011-01,chemicals,Chemical products,777279
2011-01,plastics_rubber,Plastics and rubber products,626764
2011-01,wholesale,Wholesale trade,5430503
2011-01,retail,Retail trade,14419479
2011-01,air_transport,Air transportation,449279
2011-01,rail_transport,Rail transportation,642
2011-01,water_transport,Water transportation,60609
2011-01,truck_transport,Truck transportation,1246006
2011-01,transit_ground,Transit and ground passenger transportation,436806
2011-01,pipeline,Pipeline transportation,42278
2011-01,other_transport_support,Other transportation and support activities,569962
2011-01,warehousing,Warehousing and storage,637689
2011-01,information,Information,2665440
2011-01,credit_intermediation,"Federal Reserve banks, credit intermediation, and related activities",2567477
2011-01,securities,"Securities, commodity contracts, and investments",802557
2011-01,insurance,Insurance carriers and related activities,2027378
2011-01,funds_trusts,"Funds, trusts, and other financial vehicles",86092
2011-01,real_estate,Real estate,1351789
2011-01,rental_leasing,Rental and leasing services and lessors of intangible assets,508093
2011-01,legal,Legal services,1103748
2011-01,computer_systems,Computer systems design and related services,1492505
2011-01,misc_professional,"Miscellaneous professional, scientific, and technical services",4961720
2011-01,management_companies,Management of companies and enterprises,1889742
2011-01,admin_support,Administrative and support services,6878312
2011-01,waste_remediation,Waste management and remediation services,353355
2011-01,education,Educational services,2487109
2011-01,ambulatory_health,Ambulatory health care services,6018494
2011-01,hospitals_nursing,"Hospitals, nursing and residential care facilities",7762184
2011-01,social_assistance,Social assistance,2489701
2011-01,performing_arts_museums,"Performing arts, spectator sports, museums, and related activities",469397
2011-01,amusement_recreation,"Amusements, gambling, and recreation industries",1211102
2011-01,accommodation,Accommodation,1679642
2011-01,food_services,Food services and drinking places,9107500
2011-01,other_services,"Other services, except government",4288889
2011-02,oil_gas_extraction,Oil and gas extraction,164058
2011-02,mining_except_oil_gas,"Mining, except oil and gas",200353
2011-02,support_mining,Support activities for mining,316670
2011-02,utilities,Utilities,548349
2011-02,construction,Construction,5015495
2011-02,wood_products,Wood products,330326
2011-02,nonmetallic_mineral,Nonmetallic mineral products,348123
2011-02,primary_metals,Primary metals,376931
2011-02,fabricated_metal,Fabricated metal products,1307577
2011-02,machinery,Machinery,1028051
2011-02,computer_electronic,Computer and electronic products,1097305
2011-02,electrical_equipment,"Electrical equipment, appliances, and components",360470
2011-02,motor_vehicles,"Motor vehicles, bodies and trailers, and parts",705061
2011-02,other_transport_equipment,Other transportation equipment,653865
2011-02,furniture,Furniture and related products,346717
2011-02,misc_manufacturing,Miscellaneous manufacturing,567634
2011-02,food_beverage_tobacco,Food and beverage and tobacco products,1603488
2011-02,textiles,Textile mills and textile product mills,237009
2011-02,apparel_leather,Apparel and leather and allied products,179147
2011-02,paper,Paper products,387524
2011-02,printing,Printing and related support activities,472407
2011-02,petroleum_coal,Petroleum and coal products,107103
2011-02,chemicals,Chemical products,778601
2011-02,plastics_rubber,Plastics and rubber products,626975
2011-02,wholesale,Wholesale trade,5445451
2011-02,retail,Retail trade,14255026
2011-02,air_transport,Air transportation,451076
2011-02,rail_transport,Rail transportation,653
2011-02,water_transport,Water transportation,60643
2011-02,truck_transport,Truck transportation,1250499
2011-02,transit_ground,Transit and ground passenger transportation,438698
2011-02,pipeline,Pipeline transportation,42455
2011-02,other_transport_support,Other transportation and support activities,570840
2011-02,warehousing,Warehousing and storage,636197
2011-02,information,Information,2665922
2011-02,credit_intermediation,"Federal Reserve banks, credit intermediation, and related activities",2566111
2011-02,securities,"Securities, commodity contracts, and investments",805699
2011-02,insurance,Insurance carriers and related activities,2027541
2011-02,funds_trusts,"Funds, trusts, and other financial vehicles",85818
2011-02,real_estate,Real estate,1351564
2011-02,rental_leasing,Rental and leasing services and lessors of intangible assets,510958
2011-02,legal,Legal services,1104310
2011-02,computer_systems,Computer systems design and related services,1501294
2011-02,misc_professional,"Miscellaneous professional, scientific, and technical services",5022270
2011-02,management_companies,Management of companies and enterprises,1891139
2011-02,admin_support,Administrative and support services,6945929
2011-02,waste_remediation,Waste management and remediation services,352717
2011-02,education,Educational services,2596787
2011-02,ambulatory_health,Ambulatory health care services,6036951
2011-02,hospitals_nursing,"Hospitals, nursing and residential care facilities",7766808
2011-02,social_assistance,Social assistance,2504688
2011-02,performing_arts_museums,"Performing arts, spectator sports, museums, and related activities",477039
2011-02,amusement_recreation,"Amusements, gambling, and recreation industries",1221991
2011-02,accommodation,Accommodation,1689270
2011-02,food_services,Food services and drinking places,9177579
2011-02,other_services,"Other services, except government",4318114
2011-03,oil_gas_extraction,Oil and gas extraction,164669
2011-03,mining_except_oil_gas,"Mining, except oil and gas",204036
2011-03,support_mining,Support activities for mining,322127
2011-03,utilities,Utilities,550275
2011-03,construction,Construction,5137445
2011-03,wood_products,Wood products,332628
2011-03,nonmetallic_mineral,Nonmetallic mineral products,353926
2011-03,primary_metals,Primary metals,379713
2011-03,fabricated_metal,Fabricated metal products,1317877
2011-03,machinery,Machinery,1035161
2011-03,computer_electronic,Computer and electronic products,1098721
2011-03,electrical_equipment,"Electrical equipment, appliances, and components",361071
2011-03,motor_vehicles,"Motor vehicles, bodies and trailers, and parts",711658
2011-03,other_transport_equipment,Other transportation equipment,655614
2011-03,furniture,Furniture and related products,348553
2011-03,misc_manufacturing,Miscellaneous manufacturing,568641
2011-03,food_beverage_tobacco,Food and beverage and tobacco products,1605617
2011-03,textiles,Textile mills and textile product mills,237715
2011-03,apparel_leather,Apparel and leather and allied products,180003
2011-03,paper,Paper products,387235
2011-03,printing,Printing and related support activities,472744
2011-03,petroleum_coal,Petroleum and coal products,108533
2011-03,chemicals,Chemical products,780171
2011-03,plastics_rubber,Plastics and rubber products,630765
2011-03,wholesale,Wholesale trade,5467169
2011-03,retail,Retail trade,14311063
2011-03,air_transport,Air transportation,452286
2011-03,rail_transport,Rail transportation,673
2011-03,water_transport,Water transportation,60573
2011-03,truck_transport,Truck transportation,1261009
2011-03,transit_ground,Transit and ground passenger transportation,441143
2011-03,pipeline,Pipeline transportation,42537
2011-03,other_transport_support,Other transportation and support activities,575273
2011-03,warehousing,Warehousing and storage,637167
2011-03,information,Information,2670296
2011-03,credit_intermediation,"Federal Reserve banks, credit intermediation, and related activities",2564834
2011-03,securities,"Securities, commodity contracts, and investments",804805
2011-03,insurance,Insurance carriers and related activities,2029954
2011-03,funds_trusts,"Funds, trusts, and other financial vehicles",85989
2011-03,real_estate,Real estate,1357071
2011-03,rental_leasing,Rental and leasing services and lessors of intangible assets,514780
2011-03,legal,Legal services,1105919
2011-03,computer_systems,Computer systems design and related services,1499692
2011-03,misc_professional,"Miscellaneous professional, scientific, and technical services",5034154
2011-03,management_companies,Management of companies and enterprises,1896370
2011-03,admin_support,Administrative and support services,7059349
2011-03,waste_remediation,Waste management and remediation services,353947
2011-03,education,Educational services,2606336
2011-03,ambulatory_health,Ambulatory health care services,6056929
2011-03,hospitals_nursing,"Hospitals, nursing and residential care facilities",7794113
2011-03,social_assistance,Social assistance,2517189
2011-03,performing_arts_museums,"Performing arts, spectator sports, museums, and related activities",499813
2011-03,amusement_recreation,"Amusements, gambling, and recreation industries",1259934
2011-03,accommodation,Accommodation,1716113
2011-03,food_services,Food services and drinking places,9375742
2011-03,other_services,"Other services, except government",4351267
2011-04,oil_gas_extraction,Oil and gas extraction,166483
2011-04,mining_except_oil_gas,"Mining, except oil and gas",210521
2011-04,support_mining,Support activities for mining,329192
2011-04,utilities,Utilities,548960
2011-04,construction,Construction,5355065
2011-04,wood_products,Wood products,335531
2011-04,nonmetallic_mineral,Nonmetallic mineral products,363686
2011-04,primary_metals,Primary metals,383404
2011-04,fabricated_metal,Fabricated metal products,1327752
2011-04,machinery,Machinery,1041886
2011-04,computer_electronic,Computer and electronic products,1101032
2011-04,electrical_equipment,"Electrical equipment, appliances, and components",362618
2011-04,motor_vehicles,"Motor vehicles, bodies and trailers, and parts",719788
2011-04,other_transport_equipment,Other transportation equipment,656429
2011-04,furniture,Furniture and related products,351035
2011-04,misc_manufacturing,Miscellaneous manufacturing,570162
2011-04,food_beverage_tobacco,Food and beverage and tobacco products,1608853
2011-04,textiles,Textile mills and textile product mills,238777
2011-04,apparel_leather,Apparel and leather and allied products,181235
2011-04,paper,Paper products,387349
2011-04,printing,Printing and related support activities,473653
2011-04,petroleum_coal,Petroleum and coal products,109659
2011-04,chemicals,Chemical products,779804
2011-04,plastics_rubber,Plastics and rubber products,633805
2011-04,wholesale,Wholesale trade,5517208
2011-04,retail,Retail trade,14467692
2011-04,air_transport,Air transportation,453687
2011-04,rail_transport,Rail transportation,667
2011-04,water_transport,Water transportation,62464
2011-04,truck_transport,Truck transportation,1282212
2011-04,transit_ground,Transit and ground passenger transportation,445665
2011-04,pipeline,Pipeline transportation,42673
2011-04,other_transport_support,Other transportation and support activities,581658
2011-04,warehousing,Warehousing and storage,640137
2011-04,information,Information,2672447
2011-04,credit_intermediation,"Federal Reserve banks, credit intermediation, and related activities",2558976
2011-04,securities,"Securities, commodity contracts, and investments",806872
2011-04,insurance,Insurance carriers and related activities,2031281
2011-04,funds_trusts,"Funds, trusts, and other financial vehicles",86980
2011-04,real_estate,Real estate,1372668
2011-04,rental_leasing,Rental and leasing services and lessors of intangible assets,520929
2011-04,legal,Legal services,1110258
2011-04,computer_systems,Computer systems design and related services,1519197
2011-04,misc_professional,"Miscellaneous professional, scientific, and technical services",5067618
2011-04,management_companies,Management of companies and enterprises,1901732
2011-04,admin_support,Administrative and support services,7273617
2011-04,waste_remediation,Waste management and remediation services,359640
2011-04,education,Educational services,2624661
2011-04,ambulatory_health,Ambulatory health care services,6095174
2011-04,hospitals_nursing,"Hospitals, nursing and residential care facilities",7806997
2011-04,social_assistance,Social assistance,2537211
2011-04,performing_arts_museums,"Performing arts, spectator sports, museums, and related activities",543875
2011-04,amusement_recreation,"Amusements, gambling, and recreation industries",1351307
2011-04,accommodation,Accommodation,1746964
2011-04,food_services,Food services and drinking places,9590068
2011-04,other_services,"Other services, except government",4408827
2011-05,oil_gas_extraction,Oil and gas extraction,166353
2011-05,mining_except_oil_gas,"Mining, except oil and gas",214431
2011-05,support_mining,Support activities for mining,334580
2011-05,utilities,Utilities,549586
2011-05,construction,Construction,5497906
2011-05,wood_products,Wood products,337789
2011-05,nonmetallic_mineral,Nonmetallic mineral products,368511
2011-05,primary_metals,Primary metals,385687
2011-05,fabricated_metal,Fabricated metal products,1334147
2011-05,machinery,Machinery,1047780
2011-05,computer_electronic,Computer and electronic products,1103334
2011-05,electrical_equipment,"Electrical equipment, appliances, and components",363938
2011-05,motor_vehicles,"Motor vehicles, bodies and trailers, and parts",721745
2011-05,other_transport_equipment,Other transportation equipment,658264
2011-05,furniture,Furniture and related products,352066
2011-05,misc_manufacturing,Miscellaneous manufacturing,571981
2011-05,food_beverage_tobacco,Food and beverage and tobacco products,1617811
2011-05,textiles,Textile mills and textile product mills,240060
2011-05,apparel_leather,Apparel and leather and allied products,181424
2011-05,paper,Paper products,388137
2011-05,printing,Printing and related support activities,472632
2011-05,petroleum_coal,Petroleum and coal products,111187
2011-05,chemicals,Chemical products,781109
2011-05,plastics_rubber,Plastics and rubber products,635337
2011-05,wholesale,Wholesale trade,5545253
2011-05,retail,Retail trade,14554998
2011-05,air_transport,Air transportation,454907
2011-05,rail_transport,Rail transportation,655
2011-05,water_transport,Water transportation,63502
2011-05,truck_transport,Truck transportation,1296302
2011-05,transit_ground,Transit and ground passenger transportation,447925
2011-05,pipeline,Pipeline transportation,42710
2011-05,other_transport_support,Other transportation and support activities,586410
2011-05,warehousing,Warehousing and storage,640994
2011-05,information,Information,2676524
2011-05,credit_intermediation,"Federal Reserve banks, credit intermediation, and related activities",2557822
2011-05,securities,"Securities, commodity contracts, and investments",810069
2011-05,insurance,Insurance carriers and related activities,2033731
2011-05,funds_trusts,"Funds, trusts, and other financial vehicles",86103
2011-05,real_estate,Real estate,1381053
2011-05,rental_leasing,Rental and leasing services and lessors of intangible assets,526569
2011-05,legal,Legal services,1109836
2011-05,computer_systems,Computer systems design and related services,1527379
2011-05,misc_professional,"Miscellaneous professional, scientific, and technical services",4935033
2011-05,management_companies,Management of companies and enterprises,1907506
2011-05,admin_support,Administrative and support services,7383271
2011-05,waste_remediation,Waste management and remediation services,363508
2011-05,education,Educational services,2586753
2011-05,ambulatory_health,Ambulatory health care services,6112544
2011-05,hospitals_nursing,"Hospitals, nursing and residential care facilities",7823489
2011-05,social_assistance,Social assistance,2545490
2011-05,performing_arts_museums,"Performing arts, spectator sports, museums, and related activities",550848
2011-05,amusement_recreation,"Amusements, gambling, and recreation industries",1444879
2011-05,accommodation,Accommodation,1788076
2011-05,food_services,Food services and drinking places,9754605
2011-05,other_services,"Other services, except government",4441961
2011-06,oil_gas_extraction,Oil and gas extraction,170543
2011-06,mining_except_oil_gas,"Mining, except oil and gas",219154
2011-06,support_mining,Support activities for mining,341794
2011-06,utilities,Utilities,552260
2011-06,construction,Construction,5633167
2011-06,wood_products,Wood products,341011
2011-06,nonmetallic_mineral,Nonmetallic mineral products,372759
2011-06,primary_metals,Primary metals,388963
2011-06,fabricated_metal,Fabricated metal products,1346308
2011-06,machinery,Machinery,1059519
2011-06,computer_electronic,Computer and electronic products,1110023
2011-06,electrical_equipment,"Electrical equipment, appliances, and components",366721
2011-06,motor_vehicles,"Motor vehicles, bodies and trailers, and parts",728114
2011-06,other_transport_equipment,Other transportation equipment,663138
2011-06,furniture,Furniture and related products,354196
2011-06,misc_manufacturing,Miscellaneous manufacturing,575087
2011-06,food_beverage_tobacco,Food and beverage and tobacco products,1635817
2011-06,textiles,Textile mills and textile product mills,240442
2011-06,apparel_leather,Apparel and leather and allied products,182307
2011-06,paper,Paper products,390225
2011-06,printing,Printing and related support activities,473094
2011-06,petroleum_coal,Petroleum and coal products,112431
2011-06,chemicals,Chemical products,785937
2011-06,plastics_rubber,Plastics and rubber products,638069
2011-06,wholesale,Wholesale trade,5569168
2011-06,retail,Retail trade,14636947
2011-06,air_transport,Air transportation,457571
2011-06,rail_transport,Rail transportation,658
2011-06,water_transport,Water transportation,64412
2011-06,truck_transport,Truck transportation,1312878
2011-06,transit_ground,Transit and ground passenger transportation,425294
2011-06,pipeline,Pipeline transportation,43058
2011-06,other_transport_support,Other transportation and support activities,593160
2011-06,warehousing,Warehousing and storage,643858
2011-06,information,Information,2686105
2011-06,credit_intermediation,"Federal Reserve banks, credit intermediation, and related activities",2564488
2011-06,securities,"Securities, commodity contracts, and investments",816366
2011-06,insurance,Insurance carriers and related activities,2038164
2011-06,funds_trusts,"Funds, trusts, and other financial vehicles",86793
2011-06,real_estate,Real estate,1399697
2011-06,rental_leasing,Rental and leasing services and lessors of intangible assets,536685
2011-06,legal,Legal services,1123931
2011-06,computer_systems,Computer systems design and related services,1531433
2011-06,misc_professional,"Miscellaneous professional, scientific, and technical services",4958269
2011-06,management_companies,Management of companies and enterprises,1921426
2011-06,admin_support,Administrative and support services,7435413
2011-06,waste_remediation,Waste management and remediation services,369238
2011-06,education,Educational services,2465893
2011-06,ambulatory_health,Ambulatory health care services,6118278
2011-06,hospitals_nursing,"Hospitals, nursing and residential care facilities",7849857
2011-06,social_assistance,Social assistance,2513516
2011-06,performing_arts_museums,"Performing arts, spectator sports, museums, and related activities",557356
2011-06,amusement_recreation,"Amusements, gambling, and recreation industries",1598951
2011-06,accommodation,Accommodation,1863834
2011-06,food_services,Food services and drinking places,9807294
2011-06,other_services,"Other services, except government",4476163
2011-07,oil_gas_extraction,Oil and gas extraction,173356
2011-07,mining_except_oil_gas,"Mining, except oil and gas",220579
2011-07,support_mining,Support activities for mining,351114
2011-07,utilities,Utilities,553552
2011-07,construction,Construction,5736619
2011-07,wood_products,Wood products,340781
2011-07,nonmetallic_mineral,Nonmetallic mineral products,373817
2011-07,primary_metals,Primary metals,389797
2011-07,fabricated_metal,Fabricated metal products,1351524
2011-07,machinery,Machinery,1064921
2011-07,computer_electronic,Computer and electronic products,1113139
2011-07,electrical_equipment,"Electrical equipment, appliances, and components",367656
2011-07,motor_vehicles,"Motor vehicles, bodies and trailers, and parts",703037
2011-07,other_transport_equipment,Other transportation equipment,666515
2011-07,furniture,Furniture and related products,354498
2011-07,misc_manufacturing,Miscellaneous manufacturing,575058
2011-07,food_beverage_tobacco,Food and beverage and tobacco products,1664881
2011-07,textiles,Textile mills and textile product mills,238443
2011-07,apparel_leather,Apparel and leather and allied products,180774
2011-07,paper,Paper products,389386
2011-07,printing,Printing and related support activities,471262
2011-07,petroleum_coal,Petroleum and coal products,113228
2011-07,chemicals,Chemical products,787815
2011-07,plastics_rubber,Plastics and rubber products,636242
2011-07,wholesale,Wholesale trade,5588330
2011-07,retail,Retail trade,14649191
2011-07,air_transport,Air transportation,458396
2011-07,rail_transport,Rail transportation,644
2011-07,water_transport,Water transportation,66133
2011-07,truck_transport,Truck transportation,1323416
2011-07,transit_ground,Transit and ground passenger transportation,362122
2011-07,pipeline,Pipeline transportation,43420
2011-07,other_transport_support,Other transportation and support activities,599813
2011-07,warehousing,Warehousing and storage,645363
2011-07,information,Information,2696145
2011-07,credit_intermediation,"Federal Reserve banks, credit intermediation, and related activities",2567458
2011-07,securities,"Securities, commodity contracts, and investments",827404
2011-07,insurance,Insurance carriers and related activities,2041086
2011-07,funds_trusts,"Funds, trusts, and other financial vehicles",86720
2011-07,real_estate,Real estate,1412538
2011-07,rental_leasing,Rental and leasing services and lessors of intangible assets,536878
2011-07,legal,Legal services,1125483
2011-07,computer_systems,Computer systems design and related services,1555644
2011-07,misc_professional,"Miscellaneous professional, scientific, and technical services",4987678
2011-07,management_companies,Management of companies and enterprises,1929537
2011-07,admin_support,Administrative and support services,7433923
2011-07,waste_remediation,Waste management and remediation services,374869
2011-07,education,Educational services,2360199
2011-07,ambulatory_health,Ambulatory health care services,6146388
2011-07,hospitals_nursing,"Hospitals, nursing and residential care facilities",7869679
2011-07,social_assistance,Social assistance,2472131
2011-07,performing_arts_museums,"Performing arts, spectator sports, museums, and related activities",561559
2011-07,amusement_recreation,"Amusements, gambling, and recreation industries",1645521
2011-07,accommodation,Accommodation,1914059
2011-07,food_services,Food services and drinking places,9742560
2011-07,other_services,"Other services, except government",4474241
2011-08,oil_gas_extraction,Oil and gas extraction,174702
2011-08,mining_except_oil_gas,"Mining, except oil and gas",221662
2011-08,support_mining,Support activities for mining,357388
2011-08,utilities,Utilities,552664
2011-08,construction,Construction,5763835
2011-08,wood_products,Wood products,341277
2011-08,nonmetallic_mineral,Nonmetallic mineral products,372560
2011-08,primary_metals,Primary metals,391631
2011-08,fabricated_metal,Fabricated metal products,1356821
2011-08,machinery,Machinery,1068212
2011-08,computer_electronic,Computer and electronic products,1112417
2011-08,electrical_equipment,"Electrical equipment, appliances, and components",368379
2011-08,motor_vehicles,"Motor vehicles, bodies and trailers, and parts",729003
2011-08,other_transport_equipment,Other transportation equipment,666791
2011-08,furniture,Furniture and related products,353833
2011-08,misc_manufacturing,Miscellaneous manufacturing,575559
2011-08,food_beverage_tobacco,Food and beverage and tobacco products,1683121
2011-08,textiles,Textile mills and textile product mills,239600
2011-08,apparel_leather,Apparel and leather and allied products,181397
2011-08,paper,Paper products,388459
2011-08,printing,Printing and related support activities,470996
2011-08,petroleum_coal,Petroleum and coal products,113252
2011-08,chemicals,Chemical products,787045
2011-08,plastics_rubber,Plastics and rubber products,635864
2011-08,wholesale,Wholesale trade,5591890
2011-08,retail,Retail trade,14700482
2011-08,air_transport,Air transportation,457477
2011-08,rail_transport,Rail transportation,659
2011-08,water_transport,Water transportation,66222
2011-08,truck_transport,Truck transportation,1330148
2011-08,transit_ground,Transit and ground passenger transportation,365462
2011-08,pipeline,Pipeline transportation,43415
2011-08,other_transport_support,Other transportation and support activities,602450
2011-08,warehousing,Warehousing and storage,646538
2011-08,information,Information,2655425
2011-08,credit_intermediation,"Federal Reserve banks, credit intermediation, and related activities",2568048
2011-08,securities,"Securities, commodity contracts, and investments",830172
2011-08,insurance,Insurance carriers and related activities,2041842
2011-08,funds_trusts,"Funds, trusts, and other financial vehicles",86199
2011-08,real_estate,Real estate,1413556
2011-08,rental_leasing,Rental and leasing services and lessors of intangible assets,537226
2011-08,legal,Legal services,1117569
2011-08,computer_systems,Computer systems design and related services,1562163
2011-08,misc_professional,"Miscellaneous professional, scientific, and technical services",5009496
2011-08,management_companies,Management of companies and enterprises,1929477
2011-08,admin_support,Administrative and support services,7516037
2011-08,waste_remediation,Waste management and remediation services,372740
2011-08,education,Educational services,2366471
2011-08,ambulatory_health,Ambulatory health care services,6168006
2011-08,hospitals_nursing,"Hospitals, nursing and residential care facilities",7873731
2011-08,social_assistance,Social assistance,2485108
2011-08,performing_arts_museums,"Performing arts, spectator sports, museums, and related activities",565250
2011-08,amusement_recreation,"Amusements, gambling, and recreation industries",1610468
2011-08,accommodation,Accommodation,1906931
2011-08,food_services,Food services and drinking places,9817634
2011-08,other_services,"Other services, except government",4459570
2011-09,oil_gas_extraction,Oil and gas extraction,173194
2011-09,mining_except_oil_gas,"Mining, except oil and gas",220895
2011-09,support_mining,Support activities for mining,362372
2011-09,utilities,Utilities,549245
2011-09,construction,Construction,5738104
2011-09,wood_products,Wood products,339454
2011-09,nonmetallic_mineral,Nonmetallic mineral products,370797
2011-09,primary_metals,Primary metals,393016
2011-09,fabricated_metal,Fabricated metal products,1359704
2011-09,machinery,Machinery,1065442
2011-09,computer_electronic,Computer and electronic products,1104847
2011-09,electrical_equipment,"Electrical equipment, appliances, and components",367056
2011-09,motor_vehicles,"Motor vehicles, bodies and trailers, and parts",734423
2011-09,other_transport_equipment,Other transportation equipment,666739
2011-09,furniture,Furniture and related products,351228
2011-09,misc_manufacturing,Miscellaneous manufacturing,573809
2011-09,food_beverage_tobacco,Food and beverage and tobacco products,1681544
2011-09,textiles,Textile mills and textile product mills,236765
2011-09,apparel_leather,Apparel and leather and allied products,181278
2011-09,paper,Paper products,385786
2011-09,printing,Printing and related support activities,468921
2011-09,petroleum_coal,Petroleum and coal products,112716
2011-09,chemicals,Chemical products,783426
2011-09,plastics_rubber,Plastics and rubber products,634179
2011-09,wholesale,Wholesale trade,5579545
2011-09,retail,Retail trade,14613088
2011-09,air_transport,Air transportation,454847
2011-09,rail_transport,Rail transportation,687
2011-09,water_transport,Water transportation,65145
2011-09,truck_transport,Truck transportation,1331283
2011-09,transit_ground,Transit and ground passenger transportation,445221
2011-09,pipeline,Pipeline transportation,43136
2011-09,other_transport_support,Other transportation and support activities,602060
2011-09,warehousing,Warehousing and storage,651040
2011-09,information,Information,2673745
2011-09,credit_intermediation,"Federal Reserve banks, credit intermediation, and related activities",2562759
2011-09,securities,"Securities, commodity contracts, and investments",817066
2011-09,insurance,Insurance carriers and related activities,2039960
2011-09,funds_trusts,"Funds, trusts, and other financial vehicles",86464
2011-09,real_estate,Real estate,1397080
2011-09,rental_leasing,Rental and leasing services and lessors of intangible assets,533397
2011-09,legal,Legal services,1108221
2011-09,computer_systems,Computer systems design and related services,1553287
2011-09,misc_professional,"Miscellaneous professional, scientific, and technical services",4988717
2011-09,management_companies,Management of companies and enterprises,1920875
2011-09,admin_support,Administrative and support services,7600153
2011-09,waste_remediation,Waste management and remediation services,369703
2011-09,education,Educational services,2537930
2011-09,ambulatory_health,Ambulatory health care services,6180005
2011-09,hospitals_nursing,"Hospitals, nursing and residential care facilities",7871734
2011-09,social_assistance,Social assistance,2522426
2011-09,performing_arts_museums,"Performing arts, spectator sports, museums, and related activities",558588
2011-09,amusement_recreation,"Amusements, gambling, and recreation industries",1451251
2011-09,accommodation,Accommodation,1837644
2011-09,food_services,Food services and drinking places,9769934
2011-09,other_services,"Other services, except government",4419072
2011-10,oil_gas_extraction,Oil and gas extraction,175865
2011-10,mining_except_oil_gas,"Mining, except oil and gas",221697
2011-10,support_mining,Support activities for mining,366946
2011-10,utilities,Utilities,548847
2011-10,construction,Construction,5694233
2011-10,wood_products,Wood products,336714
2011-10,nonmetallic_mineral,Nonmetallic mineral products,369186
2011-10,primary_metals,Primary metals,394676
2011-10,fabricated_metal,Fabricated metal products,1361441
2011-10,machinery,Machinery,1066416
2011-10,computer_electronic,Computer and electronic products,1101998
2011-10,electrical_equipment,"Electrical equipment, appliances, and components",365524
2011-10,motor_vehicles,"Motor vehicles, bodies and trailers, and parts",738624
2011-10,other_transport_equipment,Other transportation equipment,666901
2011-10,furniture,Furniture and related products,347867
2011-10,misc_manufacturing,Miscellaneous manufacturing,574601
2011-10,food_beverage_tobacco,Food and beverage and tobacco products,1668719
2011-10,textiles,Textile mills and textile product mills,235794
2011-10,apparel_leather,Apparel and leather and allied products,180211
2011-10,paper,Paper products,384175
2011-10,printing,Printing and related support activities,466905
2011-10,petroleum_coal,Petroleum and coal products,112733
2011-10,chemicals,Chemical products,781206
2011-10,plastics_rubber,Plastics and rubber products,635086
2011-10,wholesale,Wholesale trade,5594516
2011-10,retail,Retail trade,14761712
2011-10,air_transport,Air transportation,456656
2011-10,rail_transport,Rail transportation,696
2011-10,water_transport,Water transportation,64362
2011-10,truck_transport,Truck transportation,1326918
2011-10,transit_ground,Transit and ground passenger transportation,449792
2011-10,pipeline,Pipeline transportation,43333
2011-10,other_transport_support,Other transportation and support activities,596987
2011-10,warehousing,Warehousing and storage,657724
2011-10,information,Information,2669178
2011-10,credit_intermediation,"Federal Reserve banks, credit intermediation, and related activities",2565184
2011-10,securities,"Securities, commodity contracts, and investments",819228
2011-10,insurance,Insurance carriers and related activities,2044110
2011-10,funds_trusts,"Funds, trusts, and other financial vehicles",87532
2011-10,real_estate,Real estate,1392232
2011-10,rental_leasing,Rental and leasing services and lessors of intangible assets,528332
2011-10,legal,Legal services,1114200
2011-10,computer_systems,Computer systems design and related services,1574850
2011-10,misc_professional,"Miscellaneous professional, scientific, and technical services",5033990
2011-10,management_companies,Management of companies and enterprises,1922527
2011-10,admin_support,Administrative and support services,7591320
2011-10,waste_remediation,Waste management and remediation services,366667
2011-10,education,Educational services,2628457
2011-10,ambulatory_health,Ambulatory health care services,6202072
2011-10,hospitals_nursing,"Hospitals, nursing and residential care facilities",7869323
2011-10,social_assistance,Social assistance,2530029
2011-10,performing_arts_museums,"Performing arts, spectator sports, museums, and related activities",537802
2011-10,amusement_recreation,"Amusements, gambling, and recreation industries",1361577
2011-10,accommodation,Accommodation,1785773
2011-10,food_services,Food services and drinking places,9649970
2011-10,other_services,"Other services, except government",4419813
2011-11,oil_gas_extraction,Oil and gas extraction,177081
2011-11,mining_except_oil_gas,"Mining, except oil and gas",220764
2011-11,support_mining,Support activities for mining,370761
2011-11,utilities,Utilities,548882
2011-11,construction,Construction,5614582
2011-11,wood_products,Wood products,335122
2011-11,nonmetallic_mineral,Nonmetallic mineral products,366224
2011-11,primary_metals,Primary metals,395673
2011-11,fabricated_metal,Fabricated metal products,1364562
2011-11,machinery,Machinery,1071606
2011-11,computer_electronic,Computer and electronic products,1101132
2011-11,electrical_equipment,"Electrical equipment, appliances, and components",366724
2011-11,motor_vehicles,"Motor vehicles, bodies and trailers, and parts",743406
2011-11,other_transport_equipment,Other transportation equipment,669467
2011-11,furniture,Furniture and related products,346611
2011-11,misc_manufacturing,Miscellaneous manufacturing,576060
2011-11,food_beverage_tobacco,Food and beverage and tobacco products,1649331
2011-11,textiles,Textile mills and textile product mills,236034
2011-11,apparel_leather,Apparel and leather and allied products,179417
2011-11,paper,Paper products,383631
2011-11,printing,Printing and related support activities,465617
2011-11,petroleum_coal,Petroleum and coal products,112162
2011-11,chemicals,Chemical products,781809
2011-11,plastics_rubber,Plastics and rubber products,635084
2011-11,wholesale,Wholesale trade,5601454
2011-11,retail,Retail trade,15226157
2011-11,air_transport,Air transportation,457470
2011-11,rail_transport,Rail transportation,716
2011-11,water_transport,Water transportation,63110
2011-11,truck_transport,Truck transportation,1324985
2011-11,transit_ground,Transit and ground passenger transportation,449738
2011-11,pipeline,Pipeline transportation,43517
2011-11,other_transport_support,Other transportation and support activities,595624
2011-11,warehousing,Warehousing and storage,665658
2011-11,information,Information,2680724
2011-11,credit_intermediation,"Federal Reserve banks, credit intermediation, and related activities",2570449
2011-11,securities,"Securities, commodity contracts, and investments",820813
2011-11,insurance,Insurance carriers and related activities,2047532
2011-11,funds_trusts,"Funds, trusts, and other financial vehicles",87255
2011-11,real_estate,Real estate,1388029
2011-11,rental_leasing,Rental and leasing services and lessors of intangible assets,526203
2011-11,legal,Legal services,1115692
2011-11,computer_systems,Computer systems design and related services,1584228
2011-11,misc_professional,"Miscellaneous professional, scientific, and technical services",5084817
2011-11,management_companies,Management of companies and enterprises,1929012
2011-11,admin_support,Administrative and support services,7568268
2011-11,waste_remediation,Waste management and remediation services,365051
2011-11,education,Educational services,2658342
2011-11,ambulatory_health,Ambulatory health care services,6214250
2011-11,hospitals_nursing,"Hospitals, nursing and residential care facilities",7883278
2011-11,social_assistance,Social assistance,2538884
2011-11,performing_arts_museums,"Performing arts, spectator sports, museums, and related activities",523903
2011-11,amusement_recreation,"Amusements, gambling, and recreation industries",1277806
2011-11,accommodation,Accommodation,1748708
2011-11,food_services,Food services and drinking places,9635490
2011-11,other_services,"Other services, except government",4423791
2011-12,oil_gas_extraction,Oil and gas extraction,179328
2011-12,mining_except_oil_gas,"Mining, except oil and gas",218118
2011-12,support_mining,Support activities for mining,375513
2011-12,utilities,Utilities,548195
2011-12,construction,Construction,5472009
2011-12,wood_products,Wood products,333425
2011-12,nonmetallic_mineral,Nonmetallic mineral products,360867
2011-12,primary_metals,Primary metals,397894
2011-12,fabricated_metal,Fabricated metal products,1370662
2011-12,machinery,Machinery,1079922
2011-12,computer_electronic,Computer and electronic products,1103174
2011-12,electrical_equipment,"Electrical equipment, appliances, and components",367973
2011-12,motor_vehicles,"Motor vehicles, bodies and trailers, and parts",751872
2011-12,other_transport_equipment,Other transportation equipment,672075
2011-12,furniture,Furniture and related products,346392
2011-12,misc_manufacturing,Miscellaneous manufacturing,575703
2011-12,food_beverage_tobacco,Food and beverage and tobacco products,1635632
2011-12,textiles,Textile mills and textile product mills,236016
2011-12,apparel_leather,Apparel and leather and allied products,179414
2011-12,paper,Paper products,383874
2011-12,printing,Printing and related support activities,464908
2011-12,petroleum_coal,Petroleum and coal products,110706
2011-12,chemicals,Chemical products,784205
2011-12,plastics_rubber,Plastics and rubber products,633987
2011-12,wholesale,Wholesale trade,5619133
2011-12,retail,Retail trade,15403662
2011-12,air_transport,Air transportation,457691
2011-12,rail_transport,Rail transportation,724
2011-12,water_transport,Water transportation,63039
2011-12,truck_transport,Truck transportation,1323542
2011-12,transit_ground,Transit and ground passenger transportation,449917
2011-12,pipeline,Pipeline transportation,43584
2011-12,other_transport_support,Other transportation and support activities,599723
2011-12,warehousing,Warehousing and storage,667496
2011-12,information,Information,2686276
2011-12,credit_intermediation,"Federal Reserve banks, credit intermediation, and related activities",2584704
2011-12,securities,"Securities, commodity contracts, and investments",821788
2011-12,insurance,Insurance carriers and related activities,2055854
2011-12,funds_trusts,"Funds, trusts, and other financial vehicles",88081
2011-12,real_estate,Real estate,1396724
2011-12,rental_leasing,Rental and leasing services and lessors of intangible assets,523248
2011-12,legal,Legal services,1123947
2011-12,computer_systems,Computer systems design and related services,1585923
2011-12,misc_professional,"Miscellaneous professional, scientific, and technical services",5136327
2011-12,management_companies,Management of companies and enterprises,1935175
2011-12,admin_support,Administrative and support services,7483503
2011-12,waste_remediation,Waste management and remediation services,362951
2011-12,education,Educational services,2632359
2011-12,ambulatory_health,Ambulatory health care services,6244311
2011-12,hospitals_nursing,"Hospitals, nursing and residential care facilities",7905603
2011-12,social_assistance,Social assistance,2546145
2011-12,performing_arts_museums,"Performing arts, spectator sports, museums, and related activities",517573
2011-12,amusement_recreation,"Amusements, gambling, and recreation industries",1273939
2011-12,accommodation,Accommodation,1737676
2011-12,food_services,Food services and drinking places,9620442
2011-12,other_services,"Other services, except government",4423109
2012-01,oil_gas_extraction,Oil and gas extraction,180684
2012-01,mining_except_oil_gas,"Mining, except oil and gas",213043
2012-01,support_mining,Support activities for mining,379075
2012-01,utilities,Utilities,549854
2012-01,construction,Construction,5177148
2012-01,wood_products,Wood products,328216
2012-01,nonmetallic_mineral,Nonmetallic mineral products,351275
2012-01,primary_metals,Primary metals,396846
2012-01,fabricated_metal,Fabricated metal products,1374599
2012-01,machinery,Machinery,1079654
2012-01,computer_electronic,Computer and electronic products,1096203
2012-01,electrical_equipment,"Electrical equipment, appliances, and components",368167
2012-01,motor_vehicles,"Motor vehicles, bodies and trailers, and parts",750656
2012-01,other_transport_equipment,Other transportation equipment,673445
2012-01,furniture,Furniture and related products,344063
2012-01,misc_manufacturing,Miscellaneous manufacturing,571401
2012-01,food_beverage_tobacco,Food and beverage and tobacco products,1612031
2012-01,textiles,Textile mills and textile product mills,232812
2012-01,apparel_leather,Apparel and leather and allied products,175800
2012-01,paper,Paper products,381592
2012-01,printing,Printing and related support activities,461235
2012-01,petroleum_coal,Petroleum and coal products,108196
2012-01,chemicals,Chemical products,777779
2012-01,plastics_rubber,Plastics and rubber products,631474
2012-01,wholesale,Wholesale trade,5544243
2012-01,retail,Retail trade,14692086
2012-01,air_transport,Air transportation,457513
2012-01,rail_transport,Rail transportation,596
2012-01,water_transport,Water transportation,61656
2012-01,truck_transport,Truck transportation,1295890
2012-01,transit_ground,Transit and ground passenger transportation,444576
2012-01,pipeline,Pipeline transportation,43155
2012-01,other_transport_support,Other transportation and support activities,586955
2012-01,warehousing,Warehousing and storage,665674
2012-01,information,Information,2656189
2012-01,credit_intermediation,"Federal Reserve banks, credit intermediation, and related activities",2571495
2012-01,securities,"Securities, commodity contracts, and investments",809033
2012-01,insurance,Insurance carriers and related activities,2039348
2012-01,funds_trusts,"Funds, trusts, and other financial vehicles",86298
2012-01,real_estate,Real estate,1369333
2012-01,rental_leasing,Rental and leasing services and lessors of intangible assets,510526
2012-01,legal,Legal services,1103843
2012-01,computer_systems,Computer systems design and related services,1571947
2012-01,misc_professional,"Miscellaneous professional, scientific, and technical services",5092046
2012-01,management_companies,Management of companies and enterprises,1981417
2012-01,admin_support,Administrative and support services,7129041
2012-01,waste_remediation,Waste management and remediation services,360326
2012-01,education,Educational services,2546046
2012-01,ambulatory_health,Ambulatory health care services,6177786
2012-01,hospitals_nursing,"Hospitals, nursing and residential care facilities",7856413
2012-01,social_assistance,Social assistance,2542921
2012-01,performing_arts_museums,"Performing arts, spectator sports, museums, and related activities",481624
2012-01,amusement_recreation,"Amusements, gambling, and recreation industries",1236942
2012-01,accommodation,Accommodation,1704435
2012-01,food_services,Food services and drinking places,9418862
2012-01,other_services,"Other services, except government",4419207
2012-02,oil_gas_extraction,Oil and gas extraction,181622
2012-02,mining_except_oil_gas,"Mining, except oil and gas",213306
2012-02,support_mining,Support activities for mining,384596
2012-02,utilities,Utilities,549379
2012-02,construction,Construction,5167286
2012-02,wood_products,Wood products,327909
2012-02,nonmetallic_mineral,Nonmetallic mineral products,350771
2012-02,primary_metals,Primary metals,397648
2012-02,fabricated_metal,Fabricated metal products,1380750
2012-02,machinery,Machinery,1084344
2012-02,computer_electronic,Computer and electronic products,1095046
2012-02,electrical_equipment,"Electrical equipment, appliances, and components",368425
2012-02,motor_vehicles,"Motor vehicles, bodies and trailers, and parts",757863
2012-02,other_transport_equipment,Other transportation equipment,674694
2012-02,furniture,Furniture and related products,345107
2012-02,misc_manufacturing,Miscellaneous manufacturing,572528
2012-02,food_beverage_tobacco,Food and beverage and tobacco products,1613063
2012-02,textiles,Textile mills and textile product mills,232901
2012-02,apparel_leather,Apparel and leather and allied products,177521
2012-02,paper,Paper products,379757
2012-02,printing,Printing and related support activities,459421
2012-02,petroleum_coal,Petroleum and coal products,108563
2012-02,chemicals,Chemical products,779018
2012-02,plastics_rubber,Plastics and rubber products,634661
2012-02,wholesale,Wholesale trade,5563457
2012-02,retail,Retail trade,14463879
2012-02,air_transport,Air transportation,459464
2012-02,rail_transport,Rail transportation,592
2012-02,water_transport,Water transportation,61441
2012-02,truck_transport,Truck transportation,1295432
2012-02,transit_ground,Transit and ground passenger transportation,448242
2012-02,pipeline,Pipeline transportation,43355
2012-02,other_transport_support,Other transportation and support activities,588998
2012-02,warehousing,Warehousing and storage,663765
2012-02,information,Information,2662012
2012-02,credit_intermediation,"Federal Reserve banks, credit intermediation, and related activities",2577346
2012-02,securities,"Securities, commodity contracts, and investments",813677
2012-02,insurance,Insurance carriers and related activities,2044013
2012-02,funds_trusts,"Funds, trusts, and other financial vehicles",86210
2012-02,real_estate,Real estate,1371696
2012-02,rental_leasing,Rental and leasing services and lessors of intangible assets,514095
2012-02,legal,Legal services,1106261
2012-02,computer_systems,Computer systems design and related services,1585606
2012-02,misc_professional,"Miscellaneous professional, scientific, and technical services",5165330
2012-02,management_companies,Management of companies and enterprises,1982382
2012-02,admin_support,Administrative and support services,7191436
2012-02,waste_remediation,Waste management and remediation services,360248
2012-02,education,Educational services,2669984
2012-02,ambulatory_health,Ambulatory health care services,6203366
2012-02,hospitals_nursing,"Hospitals, nursing and residential care facilities",7863081
2012-02,social_assistance,Social assistance,2560146
2012-02,performing_arts_museums,"Performing arts, spectator sports, museums, and related activities",493733
2012-02,amusement_recreation,"Amusements, gambling, and recreation industries",1248517
2012-02,accommodation,Accommodation,1717644
2012-02,food_services,Food services and drinking places,9536550
2012-02,other_services,"Other services, except government",4451319
2012-03,oil_gas_extraction,Oil and gas extraction,182686
2012-03,mining_except_oil_gas,"Mining, except oil and gas",215897
2012-03,support_mining,Support activities for mining,388231
2012-03,utilities,Utilities,551418
2012-03,construction,Construction,5293364
2012-03,wood_products,Wood products,331332
2012-03,nonmetallic_mineral,Nonmetallic mineral products,356884
2012-03,primary_metals,Primary metals,399104
2012-03,fabricated_metal,Fabricated metal products,1390057
2012-03,machinery,Machinery,1090396
2012-03,computer_electronic,Computer and electronic products,1094574
2012-03,electrical_equipment,"Electrical equipment, appliances, and components",369427
2012-03,motor_vehicles,"Motor vehicles, bodies and trailers, and parts",767631
2012-03,other_transport_equipment,Other transportation equipment,676148
2012-03,furniture,Furniture and related products,347920
2012-03,misc_manufacturing,Miscellaneous manufacturing,574128
2012-03,food_beverage_tobacco,Food and beverage and tobacco products,1615091
2012-03,textiles,Textile mills and textile product mills,233788
2012-03,apparel_leather,Apparel and leather and allied products,178976
2012-03,paper,Paper products,379067
2012-03,printing,Printing and related support activities,460573
2012-03,petroleum_coal,Petroleum and coal products,109528
2012-03,chemicals,Chemical products,781621
2012-03,plastics_rubber,Plastics and rubber products,639852
2012-03,wholesale,Wholesale trade,5597120
2012-03,retail,Retail trade,14546307
2012-03,air_transport,Air transportation,458131
2012-03,rail_transport,Rail transportation,610
2012-03,water_transport,Water transportation,61696
2012-03,truck_transport,Truck transportation,1307778
2012-03,transit_ground,Transit and ground passenger transportation,449784
2012-03,pipeline,Pipeline transportation,43500
2012-03,other_transport_support,Other transportation and support activities,593414
2012-03,warehousing,Warehousing and storage,665610
2012-03,information,Information,2669786
2012-03,credit_intermediation,"Federal Reserve banks, credit intermediation, and related activities",2582016
2012-03,securities,"Securities, commodity contracts, and investments",810361
2012-03,insurance,Insurance carriers and related activities,2050826
2012-03,funds_trusts,"Funds, trusts, and other financial vehicles",86386
2012-03,real_estate,Real estate,1380642
2012-03,rental_leasing,Rental and leasing services and lessors of intangible assets,519627
2012-03,legal,Legal services,1109737
2012-03,computer_systems,Computer systems design and related services,1585138
2012-03,misc_professional,"Miscellaneous professional, scientific, and technical services",5173404
2012-03,management_companies,Management of companies and enterprises,1988137
2012-03,admin_support,Administrative and support services,7343958
2012-03,waste_remediation,Waste management and remediation services,362352
2012-03,education,Educational services,2683438
2012-03,ambulatory_health,Ambulatory health care services,6229320
2012-03,hospitals_nursing,"Hospitals, nursing and residential care facilities",7887901
2012-03,social_assistance,Social assistance,2575161
2012-03,performing_arts_museums,"Performing arts, spectator sports, museums, and related activities",516256
2012-03,amusement_recreation,"Amusements, gambling, and recreation industries",1308091
2012-03,accommodation,Accommodation,1747131
2012-03,food_services,Food services and drinking places,9737490
2012-03,other_services,"Other services, except government",4488025
2012-04,oil_gas_extraction,Oil and gas extraction,184281
2012-04,mining_except_oil_gas,"Mining, except oil and gas",218975
2012-04,support_mining,Support activities for mining,388004
2012-04,utilities,Utilities,549005
2012-04,construction,Construction,5456255
2012-04,wood_products,Wood products,334351
2012-04,nonmetallic_mineral,Nonmetallic mineral products,363558
2012-04,primary_metals,Primary metals,400718
2012-04,fabricated_metal,Fabricated metal products,1394696
2012-04,machinery,Machinery,1094113
2012-04,computer_electronic,Computer and electronic products,1091532
2012-04,electrical_equipment,"Electrical equipment, appliances, and components",371076
2012-04,motor_vehicles,"Motor vehicles, bodies and trailers, and parts",775019
2012-04,other_transport_equipment,Other transportation equipment,675671
2012-04,furniture,Furniture and related products,349632
2012-04,misc_manufacturing,Miscellaneous manufacturing,574155
2012-04,food_beverage_tobacco,Food and beverage and tobacco products,1617719
2012-04,textiles,Textile mills and textile product mills,234468
2012-04,apparel_leather,Apparel and leather and allied products,178862
2012-04,paper,Paper products,379095
2012-04,printing,Printing and related support activities,460194
2012-04,petroleum_coal,Petroleum and coal products,110406
2012-04,chemicals,Chemical products,782183
2012-04,plastics_rubber,Plastics and rubber products,642330
2012-04,wholesale,Wholesale trade,5627502
2012-04,retail,Retail trade,14610485
2012-04,air_transport,Air transportation,459281
2012-04,rail_transport,Rail transportation,597
2012-04,water_transport,Water transportation,63109
2012-04,truck_transport,Truck transportation,1321313
2012-04,transit_ground,Transit and ground passenger transportation,441755
2012-04,pipeline,Pipeline transportation,43549
2012-04,other_transport_support,Other transportation and support activities,596693
2012-04,warehousing,Warehousing and storage,665886
2012-04,information,Information,2667269
2012-04,credit_intermediation,"Federal Reserve banks, credit intermediation, and related activities",2578617
2012-04,securities,"Securities, commodity contracts, and investments",809382
2012-04,insurance,Insurance carriers and related activities,2052333
2012-04,funds_trusts,"Funds, trusts, and other financial vehicles",88598
2012-04,real_estate,Real estate,1393608
2012-04,rental_leasing,Rental and leasing services and lessors of intangible assets,524927
2012-04,legal,Legal services,1111462
2012-04,computer_systems,Computer systems design and related services,1599059
2012-04,misc_professional,"Miscellaneous professional, scientific, and technical services",5192586
2012-04,management_companies,Management of companies and enterprises,1988566
2012-04,admin_support,Administrative and support services,7516003
2012-04,waste_remediation,Waste management and remediation services,366954
2012-04,education,Educational services,2684208
2012-04,ambulatory_health,Ambulatory health care services,6250125
2012-04,hospitals_nursing,"Hospitals, nursing and residential care facilities",7874929
2012-04,social_assistance,Social assistance,2584240
2012-04,performing_arts_museums,"Performing arts, spectator sports, museums, and related activities",556267
2012-04,amusement_recreation,"Amusements, gambling, and recreation industries",1387649
2012-04,accommodation,Accommodation,1771670
2012-04,food_services,Food services and drinking places,9915463
2012-04,other_services,"Other services, except government",4526551
2012-05,oil_gas_extraction,Oil and gas extraction,186014
2012-05,mining_except_oil_gas,"Mining, except oil and gas",221048
2012-05,support_mining,Support activities for mining,392416
2012-05,utilities,Utilities,549736
2012-05,construction,Construction,5600685
2012-05,wood_products,Wood products,338598
2012-05,nonmetallic_mineral,Nonmetallic mineral products,368923
2012-05,primary_metals,Primary metals,402328
2012-05,fabricated_metal,Fabricated metal products,1403696
2012-05,machinery,Machinery,1099093
2012-05,computer_electronic,Computer and electronic products,1092107
2012-05,electrical_equipment,"Electrical equipment, appliances, and components",372267
2012-05,motor_vehicles,"Motor vehicles, bodies and trailers, and parts",781062
2012-05,other_transport_equipment,Other transportation equipment,673187
2012-05,furniture,Furniture and related products,351384
2012-05,misc_manufacturing,Miscellaneous manufacturing,576412
2012-05,food_beverage_tobacco,Food and beverage and tobacco products,1633913
2012-05,textiles,Textile mills and textile product mills,235144
2012-05,apparel_leather,Apparel and leather and allied products,178784
2012-05,paper,Paper products,378951
2012-05,printing,Printing and related support activities,460200
2012-05,petroleum_coal,Petroleum and coal products,111866
2012-05,chemicals,Chemical products,784001
2012-05,plastics_rubber,Plastics and rubber products,645770
2012-05,wholesale,Wholesale trade,5662987
2012-05,retail,Retail trade,14758157
2012-05,air_transport,Air transportation,460527
2012-05,rail_transport,Rail transportation,599
2012-05,water_transport,Water transportation,64898
2012-05,truck_transport,Truck transportation,1338799
2012-05,transit_ground,Transit and ground passenger transportation,455229
2012-05,pipeline,Pipeline transportation,43649
2012-05,other_transport_support,Other transportation and support activities,603459
2012-05,warehousing,Warehousing and storage,668128
2012-05,information,Information,2680100
2012-05,credit_intermediation,"Federal Reserve banks, credit intermediation, and related activities",2582988
2012-05,securities,"Securities, commodity contracts, and investments",810589
2012-05,insurance,Insurance carriers and related activities,2056388
2012-05,funds_trusts,"Funds, trusts, and other financial vehicles",88683
2012-05,real_estate,Real estate,1404639
2012-05,rental_leasing,Rental and leasing services and lessors of intangible assets,537708
2012-05,legal,Legal services,1116638
2012-05,computer_systems,Computer systems design and related services,1610668
2012-05,misc_professional,"Miscellaneous professional, scientific, and technical services",5087741
2012-05,management_companies,Management of companies and enterprises,1994993
2012-05,admin_support,Administrative and support services,7672701
2012-05,waste_remediation,Waste management and remediation services,370027
2012-05,education,Educational services,2661763
2012-05,ambulatory_health,Ambulatory health care services,6281707
2012-05,hospitals_nursing,"Hospitals, nursing and residential care facilities",7896319
2012-05,social_assistance,Social assistance,2601104
2012-05,performing_arts_museums,"Performing arts, spectator sports, museums, and related activities",577380
2012-05,amusement_recreation,"Amusements, gambling, and recreation industries",1485336
2012-05,accommodation,Accommodation,1824274
2012-05,food_services,Food services and drinking places,10099365
2012-05,other_services,"Other services, except government",4565110
2012-06,oil_gas_extraction,Oil and gas extraction,189582
2012-06,mining_except_oil_gas,"Mining, except oil and gas",224183
2012-06,support_mining,Support activities for mining,395704
2012-06,utilities,Utilities,553030
2012-06,construction,Construction,5737790
2012-06,wood_products,Wood products,343040
2012-06,nonmetallic_mineral,Nonmetallic mineral products,373264
2012-06,primary_metals,Primary metals,405910
2012-06,fabricated_metal,Fabricated metal products,1416638
2012-06,machinery,Machinery,1109548
2012-06,computer_electronic,Computer and electronic products,1099529
2012-06,electrical_equipment,"Electrical equipment, appliances, and components",375570
2012-06,motor_vehicles,"Motor vehicles, bodies and trailers, and parts",790092
2012-06,other_transport_equipment,Other transportation equipment,678132
2012-06,furniture,Furniture and related products,354587
2012-06,misc_manufacturing,Miscellaneous manufacturing,580669
2012-06,food_beverage_tobacco,Food and beverage and tobacco products,1659676
2012-06,textiles,Textile mills and textile product mills,235078
2012-06,apparel_leather,Apparel and leather and allied products,179757
2012-06,paper,Paper products,381486
2012-06,printing,Printing and related support activities,461718
2012-06,petroleum_coal,Petroleum and coal products,112973
2012-06,chemicals,Chemical products,790563
2012-06,plastics_rubber,Plastics and rubber products,650550
2012-06,wholesale,Wholesale trade,5696494
2012-06,retail,Retail trade,14842988
2012-06,air_transport,Air transportation,461212
2012-06,rail_transport,Rail transportation,578
2012-06,water_transport,Water transportation,67304
2012-06,truck_transport,Truck transportation,1359240
2012-06,transit_ground,Transit and ground passenger transportation,428713
2012-06,pipeline,Pipeline transportation,43940
2012-06,other_transport_support,Other transportation and support activities,612170
2012-06,warehousing,Warehousing and storage,670641
2012-06,information,Information,2687654
2012-06,credit_intermediation,"Federal Reserve banks, credit intermediation, and related activities",2596918
2012-06,securities,"Securities, commodity contracts, and investments",815186
2012-06,insurance,Insurance carriers and related activities,2068413
2012-06,funds_trusts,"Funds, trusts, and other financial vehicles",88037
2012-06,real_estate,Real estate,1428511
2012-06,rental_leasing,Rental and leasing services and lessors of intangible assets,547521
2012-06,legal,Legal services,1134235
2012-06,computer_systems,Computer systems design and related services,1619176
2012-06,misc_professional,"Miscellaneous professional, scientific, and technical services",5117834
2012-06,management_companies,Management of companies and enterprises,2013496
2012-06,admin_support,Administrative and support services,7745772
2012-06,waste_remediation,Waste management and remediation services,375713
2012-06,education,Educational services,2532165
2012-06,ambulatory_health,Ambulatory health care services,6304798
2012-06,hospitals_nursing,"Hospitals, nursing and residential care facilities",7930759
2012-06,social_assistance,Social assistance,2574887
2012-06,performing_arts_museums,"Performing arts, spectator sports, museums, and related activities",583000
2012-06,amusement_recreation,"Amusements, gambling, and recreation industries",1645922
2012-06,accommodation,Accommodation,1909989
2012-06,food_services,Food services and drinking places,10191820
2012-06,other_services,"Other services, except government",4631097
2012-07,oil_gas_extraction,Oil and gas extraction,191813
2012-07,mining_except_oil_gas,"Mining, except oil and gas",223861
2012-07,support_mining,Support activities for mining,396514
2012-07,utilities,Utilities,546543
2012-07,construction,Construction,5781973
2012-07,wood_products,Wood products,343576
2012-07,nonmetallic_mineral,Nonmetallic mineral products,373741
2012-07,primary_metals,Primary metals,404470
2012-07,fabricated_metal,Fabricated metal products,1416965
2012-07,machinery,Machinery,1106663
2012-07,computer_electronic,Computer and electronic products,1098698
2012-07,electrical_equipment,"Electrical equipment, appliances, and components",376319
2012-07,motor_vehicles,"Motor vehicles, bodies and trailers, and parts",785443
2012-07,other_transport_equipment,Other transportation equipment,683917
2012-07,furniture,Furniture and related products,354366
2012-07,misc_manufacturing,Miscellaneous manufacturing,579627
2012-07,food_beverage_tobacco,Food and beverage and tobacco products,1678956
2012-07,textiles,Textile mills and textile product mills,232432
2012-07,apparel_leather,Apparel and leather and allied products,177241
2012-07,paper,Paper products,380426
2012-07,printing,Printing and related support activities,459291
2012-07,petroleum_coal,Petroleum and coal products,113639
2012-07,chemicals,Chemical products,790668
2012-07,plastics_rubber,Plastics and rubber products,648343
2012-07,wholesale,Wholesale trade,5692110
2012-07,retail,Retail trade,14819314
2012-07,air_transport,Air transportation,460620
2012-07,rail_transport,Rail transportation,747
2012-07,water_transport,Water transportation,68152
2012-07,truck_transport,Truck transportation,1362875
2012-07,transit_ground,Transit and ground passenger transportation,368261
2012-07,pipeline,Pipeline transportation,43955
2012-07,other_transport_support,Other transportation and support activities,612836
2012-07,warehousing,Warehousing and storage,670435
2012-07,information,Information,2687116
2012-07,credit_intermediation,"Federal Reserve banks, credit intermediation, and related activities",2603118
2012-07,securities,"Securities, commodity contracts, and investments",821091
2012-07,insurance,Insurance carriers and related activities,2072100
2012-07,funds_trusts,"Funds, trusts, and other financial vehicles",88168
2012-07,real_estate,Real estate,1435261
2012-07,rental_leasing,Rental and leasing services and lessors of intangible assets,546674
2012-07,legal,Legal services,1131776
2012-07,computer_systems,Computer systems design and related services,1636799
2012-07,misc_professional,"Miscellaneous professional, scientific, and technical services",5121925
2012-07,management_companies,Management of companies and enterprises,2015097
2012-07,admin_support,Administrative and support services,7665887
2012-07,waste_remediation,Waste management and remediation services,375219
2012-07,education,Educational services,2404739
2012-07,ambulatory_health,Ambulatory health care services,6306327
2012-07,hospitals_nursing,"Hospitals, nursing and residential care facilities",7938097
2012-07,social_assistance,Social assistance,2528973
2012-07,performing_arts_museums,"Performing arts, spectator sports, museums, and related activities",577617
2012-07,amusement_recreation,"Amusements, gambling, and recreation industries",1679933
2012-07,accommodation,Accommodation,1947164
2012-07,food_services,Food services and drinking places,10110219
2012-07,other_services,"Other services, except government",4606880
2012-08,oil_gas_extraction,Oil and gas extraction,192090
2012-08,mining_except_oil_gas,"Mining, except oil and gas",222932
2012-08,support_mining,Support activities for mining,397568
2012-08,utilities,Utilities,552162
2012-08,construction,Construction,5831056
2012-08,wood_products,Wood products,345256
2012-08,nonmetallic_mineral,Nonmetallic mineral products,374308
2012-08,primary_metals,Primary metals,402405
2012-08,fabricated_metal,Fabricated metal products,1418771
2012-08,machinery,Machinery,1106104
2012-08,computer_electronic,Computer and electronic products,1095328
2012-08,electrical_equipment,"Electrical equipment, appliances, and components",375753
2012-08,motor_vehicles,"Motor vehicles, bodies and trailers, and parts",795240
2012-08,other_transport_equipment,Other transportation equipment,683779
2012-08,furniture,Furniture and related products,354855
2012-08,misc_manufacturing,Miscellaneous manufacturing,579196
2012-08,food_beverage_tobacco,Food and beverage and tobacco products,1697589
2012-08,textiles,Textile mills and textile product mills,233282
2012-08,apparel_leather,Apparel and leather and allied products,177673
2012-08,paper,Paper products,379870
2012-08,printing,Printing and related support activities,458969
2012-08,petroleum_coal,Petroleum and coal products,113703
2012-08,chemicals,Chemical products,789697
2012-08,plastics_rubber,Plastics and rubber products,650307
2012-08,wholesale,Wholesale trade,5695739
2012-08,retail,Retail trade,14840302
2012-08,air_transport,Air transportation,460555
2012-08,rail_transport,Rail transportation,739
2012-08,water_transport,Water transportation,67775
2012-08,truck_transport,Truck transportation,1369242
2012-08,transit_ground,Transit and ground passenger transportation,375502
2012-08,pipeline,Pipeline transportation,44023
2012-08,other_transport_support,Other transportation and support activities,615625
2012-08,warehousing,Warehousing and storage,674786
2012-08,information,Information,2690494
2012-08,credit_intermediation,"Federal Reserve banks, credit intermediation, and related activities",2606924
2012-08,securities,"Securities, commodity contracts, and investments",821167
2012-08,insurance,Insurance carriers and related activities,2072932
2012-08,funds_trusts,"Funds, trusts, and other financial vehicles",87698
2012-08,real_estate,Real estate,1437463
2012-08,rental_leasing,Rental and leasing services and lessors of intangible assets,547144
2012-08,legal,Legal services,1126981
2012-08,computer_systems,Computer systems design and related services,1647228
2012-08,misc_professional,"Miscellaneous professional, scientific, and technical services",5144166
2012-08,management_companies,Management of companies and enterprises,2012829
2012-08,admin_support,Administrative and support services,7789056
2012-08,waste_remediation,Waste management and remediation services,374241
2012-08,education,Educational services,2431152
2012-08,ambulatory_health,Ambulatory health care services,6331843
2012-08,hospitals_nursing,"Hospitals, nursing and residential care facilities",7954596
2012-08,social_assistance,Social assistance,2557812
2012-08,performing_arts_museums,"Performing arts, spectator sports, museums, and related activities",580783
2012-08,amusement_recreation,"Amusements, gambling, and recreation industries",1645937
2012-08,accommodation,Accommodation,1937889
2012-08,food_services,Food services and drinking places,10205233
2012-08,other_services,"Other services, except government",4588131
2012-09,oil_gas_extraction,Oil and gas extraction,190282
2012-09,mining_except_oil_gas,"Mining, except oil and gas",220433
2012-09,support_mining,Support activities for mining,394953
2012-09,utilities,Utilities,548834
2012-09,construction,Construction,5806175
2012-09,wood_products,Wood products,344407
2012-09,nonmetallic_mineral,Nonmetallic mineral products,372994
2012-09,primary_metals,Primary metals,399331
2012-09,fabricated_metal,Fabricated metal products,1414961
2012-09,machinery,Machinery,1100707
2012-09,computer_electronic,Computer and electronic products,1085851
2012-09,electrical_equipment,"Electrical equipment, appliances, and components",373724
2012-09,motor_vehicles,"Motor vehicles, bodies and trailers, and parts",795158
2012-09,other_transport_equipment,Other transportation equipment,684728
2012-09,furniture,Furniture and related products,352840
2012-09,misc_manufacturing,Miscellaneous manufacturing,577415
2012-09,food_beverage_tobacco,Food and beverage and tobacco products,1694442
2012-09,textiles,Textile mills and textile product mills,232538
2012-09,apparel_leather,Apparel and leather and allied products,177656
2012-09,paper,Paper products,378590
2012-09,printing,Printing and related support activities,457705
2012-09,petroleum_coal,Petroleum and coal products,113059
2012-09,chemicals,Chemical products,785926
2012-09,plastics_rubber,Plastics and rubber products,648624
2012-09,wholesale,Wholesale trade,5678246
2012-09,retail,Retail trade,14775126
2012-09,air_transport,Air transportation,456902
2012-09,rail_transport,Rail transportation,761
2012-09,water_transport,Water transportation,66641
2012-09,truck_transport,Truck transportation,1366775
2012-09,transit_ground,Transit and ground passenger transportation,451148
2012-09,pipeline,Pipeline transportation,43763
2012-09,other_transport_support,Other transportation and support activities,613622
2012-09,warehousing,Warehousing and storage,681406
2012-09,information,Information,2659946
2012-09,credit_intermediation,"Federal Reserve banks, credit intermediation, and related activities",2602329
2012-09,securities,"Securities, commodity contracts, and investments",806608
2012-09,insurance,Insurance carriers and related activities,2066630
2012-09,funds_trusts,"Funds, trusts, and other financial vehicles",87503
2012-09,real_estate,Real estate,1419090
2012-09,rental_leasing,Rental and leasing services and lessors of intangible assets,542334
2012-09,legal,Legal services,1118544
2012-09,computer_systems,Computer systems design and related services,1626715
2012-09,misc_professional,"Miscellaneous professional, scientific, and technical services",5108413
2012-09,management_companies,Management of companies and enterprises,2004599
2012-09,admin_support,Administrative and support services,7831083
2012-09,waste_remediation,Waste management and remediation services,371238
2012-09,education,Educational services,2600006
2012-09,ambulatory_health,Ambulatory health care services,6334051
2012-09,hospitals_nursing,"Hospitals, nursing and residential care facilities",7943623
2012-09,social_assistance,Social assistance,2575854
2012-09,performing_arts_museums,"Performing arts, spectator sports, museums, and related activities",563959
2012-09,amusement_recreation,"Amusements, gambling, and recreation industries",1481129
2012-09,accommodation,Accommodation,1863944
2012-09,food_services,Food services and drinking places,10123097
2012-09,other_services,"Other services, except government",4557529
2012-10,oil_gas_extraction,Oil and gas extraction,191334
2012-10,mining_except_oil_gas,"Mining, except oil and gas",217054
2012-10,support_mining,Support activities for mining,396961
2012-10,utilities,Utilities,548231
2012-10,construction,Construction,5816922
2012-10,wood_products,Wood products,343299
2012-10,nonmetallic_mineral,Nonmetallic mineral products,371426
2012-10,primary_metals,Primary metals,397123
2012-10,fabricated_metal,Fabricated metal products,1413752
2012-10,machinery,Machinery,1097457
2012-10,computer_electronic,Computer and electronic products,1080742
2012-10,electrical_equipment,"Electrical equipment, appliances, and components",373483
2012-10,motor_vehicles,"Motor vehicles, bodies and trailers, and parts",797517
2012-10,other_transport_equipment,Other transportation equipment,684290
2012-10,furniture,Furniture and related products,351746
2012-10,misc_manufacturing,Miscellaneous manufacturing,579341
2012-10,food_beverage_tobacco,Food and beverage and tobacco products,1683206
2012-10,textiles,Textile mills and textile product mills,232465
2012-10,apparel_leather,Apparel and leather and allied products,177392
2012-10,paper,Paper products,378067
2012-10,printing,Printing and related support activities,457450
2012-10,petroleum_coal,Petroleum and coal products,112623
2012-10,chemicals,Chemical products,786436
2012-10,plastics_rubber,Plastics and rubber products,647956
2012-10,wholesale,Wholesale trade,5697331
2012-10,retail,Retail trade,14938463
2012-10,air_transport,Air transportation,458471
2012-10,rail_transport,Rail transportation,762
2012-10,water_transport,Water transportation,65701
2012-10,truck_transport,Truck transportation,1364722
2012-10,transit_ground,Transit and ground passenger transportation,456939
2012-10,pipeline,Pipeline transportation,43842
2012-10,other_transport_support,Other transportation and support activities,612906
2012-10,warehousing,Warehousing and storage,690187
2012-10,information,Information,2671805
2012-10,credit_intermediation,"Federal Reserve banks, credit intermediation, and related activities",2616359
2012-10,securities,"Securities, commodity contracts, and investments",812299
2012-10,insurance,Insurance carriers and related activities,2074051
2012-10,funds_trusts,"Funds, trusts, and other financial vehicles",87545
2012-10,real_estate,Real estate,1424498
2012-10,rental_leasing,Rental and leasing services and lessors of intangible assets,539234
2012-10,legal,Legal services,1129074
2012-10,computer_systems,Computer systems design and related services,1658250
2012-10,misc_professional,"Miscellaneous professional, scientific, and technical services",5177162
2012-10,management_companies,Management of companies and enterprises,2012245
2012-10,admin_support,Administrative and support services,7862450
2012-10,waste_remediation,Waste management and remediation services,371258
2012-10,education,Educational services,2691012
2012-10,ambulatory_health,Ambulatory health care services,6374065
2012-10,hospitals_nursing,"Hospitals, nursing and residential care facilities",7946412
2012-10,social_assistance,Social assistance,2596628
2012-10,performing_arts_museums,"Performing arts, spectator sports, museums, and related activities",557151
2012-10,amusement_recreation,"Amusements, gambling, and recreation industries",1402850
2012-10,accommodation,Accommodation,1817416
2012-10,food_services,Food services and drinking places,10020668
2012-10,other_services,"Other services, except government",4590064
2012-11,oil_gas_extraction,Oil and gas extraction,192195
2012-11,mining_except_oil_gas,"Mining, except oil and gas",214985
2012-11,support_mining,Support activities for mining,395995
2012-11,utilities,Utilities,548280
2012-11,construction,Construction,5737578
2012-11,wood_products,Wood products,343356
2012-11,nonmetallic_mineral,Nonmetallic mineral products,369866
2012-11,primary_metals,Primary metals,396363
2012-11,fabricated_metal,Fabricated metal products,1411370
2012-11,machinery,Machinery,1100169
2012-11,computer_electronic,Computer and electronic products,1079454
2012-11,electrical_equipment,"Electrical equipment, appliances, and components",373916
2012-11,motor_vehicles,"Motor vehicles, bodies and trailers, and parts",803093
2012-11,other_transport_equipment,Other transportation equipment,686047
2012-11,furniture,Furniture and related products,351199
2012-11,misc_manufacturing,Miscellaneous manufacturing,581163
2012-11,food_beverage_tobacco,Food and beverage and tobacco products,1662035
2012-11,textiles,Textile mills and textile product mills,232966
2012-11,apparel_leather,Apparel and leather and allied products,176798
2012-11,paper,Paper products,377905
2012-11,printing,Printing and related support activities,456177
2012-11,petroleum_coal,Petroleum and coal products,111929
2012-11,chemicals,Chemical products,786823
2012-11,plastics_rubber,Plastics and rubber products,648022
2012-11,wholesale,Wholesale trade,5706699
2012-11,retail,Retail trade,15496949
2012-11,air_transport,Air transportation,457559
2012-11,rail_transport,Rail transportation,764
2012-11,water_transport,Water transportation,64471
2012-11,truck_transport,Truck transportation,1359249
2012-11,transit_ground,Transit and ground passenger transportation,455776
2012-11,pipeline,Pipeline transportation,43842
2012-11,other_transport_support,Other transportation and support activities,612499
2012-11,warehousing,Warehousing and storage,699291
2012-11,information,Information,2696252
2012-11,credit_intermediation,"Federal Reserve banks, credit intermediation, and related activities",2627059
2012-11,securities,"Securities, commodity contracts, and investments",812726
2012-11,insurance,Insurance carriers and related activities,2083460
2012-11,funds_trusts,"Funds, trusts, and other financial vehicles",87410
2012-11,real_estate,Real estate,1423790
2012-11,rental_leasing,Rental and leasing services and lessors of intangible assets,533255
2012-11,legal,Legal services,1130009
2012-11,computer_systems,Computer systems design and related services,1665109
2012-11,misc_professional,"Miscellaneous professional, scientific, and technical services",5214844
2012-11,management_companies,Management of companies and enterprises,2018352
2012-11,admin_support,Administrative and support services,7877117
2012-11,waste_remediation,Waste management and remediation services,371145
2012-11,education,Educational services,2706356
2012-11,ambulatory_health,Ambulatory health care services,6384854
2012-11,hospitals_nursing,"Hospitals, nursing and residential care facilities",7963119
2012-11,social_assistance,Social assistance,2603665
2012-11,performing_arts_museums,"Performing arts, spectator sports, museums, and related activities",535788
2012-11,amusement_recreation,"Amusements, gambling, and recreation industries",1313824
2012-11,accommodation,Accommodation,1777175
2012-11,food_services,Food services and drinking places,9993035
2012-11,other_services,"Other services, except government",4577920
2012-12,oil_gas_extraction,Oil and gas extraction,193447
2012-12,mining_except_oil_gas,"Mining, except oil and gas",211013
2012-12,support_mining,Support activities for mining,394812
2012-12,utilities,Utilities,549697
2012-12,construction,Construction,5632406
2012-12,wood_products,Wood products,344385
2012-12,nonmetallic_mineral,Nonmetallic mineral products,365608
2012-12,primary_metals,Primary metals,397513
2012-12,fabricated_metal,Fabricated metal products,1414177
2012-12,machinery,Machinery,1104620
2012-12,computer_electronic,Computer and electronic products,1080426
2012-12,electrical_equipment,"Electrical equipment, appliances, and components",374572
2012-12,motor_vehicles,"Motor vehicles, bodies and trailers, and parts",805158
2012-12,other_transport_equipment,Other transportation equipment,687110
2012-12,furniture,Furniture and related products,351926
2012-12,misc_manufacturing,Miscellaneous manufacturing,580990
2012-12,food_beverage_tobacco,Food and beverage and tobacco products,1645696
2012-12,textiles,Textile mills and textile product mills,232872
2012-12,apparel_leather,Apparel and leather and allied products,176493
2012-12,paper,Paper products,379426
2012-12,printing,Printing and related support activities,456845
2012-12,petroleum_coal,Petroleum and coal products,110742
2012-12,chemicals,Chemical products,791155
2012-12,plastics_rubber,Plastics and rubber products,649903
2012-12,wholesale,Wholesale trade,5718674
2012-12,retail,Retail trade,15595292
2012-12,air_transport,Air transportation,455143
2012-12,rail_transport,Rail transportation,757
2012-12,water_transport,Water transportation,64416
2012-12,truck_transport,Truck transportation,1355078
2012-12,transit_ground,Transit and ground passenger transportation,457101
2012-12,pipeline,Pipeline transportation,43916
2012-12,other_transport_support,Other transportation and support activities,615544
2012-12,warehousing,Warehousing and storage,700510
2012-12,information,Information,2698068
2012-12,credit_intermediation,"Federal Reserve banks, credit intermediation, and related activities",2638797
2012-12,securities,"Securities, commodity contracts, and investments",814076
2012-12,insurance,Insurance carriers and related activities,2092566
2012-12,funds_trusts,"Funds, trusts, and other financial vehicles",88078
2012-12,real_estate,Real estate,1435732
2012-12,rental_leasing,Rental and leasing services and lessors of intangible assets,532255
2012-12,legal,Legal services,1138122
2012-12,computer_systems,Computer systems design and related services,1662967
2012-12,misc_professional,"Miscellaneous professional, scientific, and technical services",5248348
2012-12,management_companies,Management of companies and enterprises,2024782
2012-12,admin_support,Administrative and support services,7793200
2012-12,waste_remediation,Waste management and remediation services,369180
2012-12,education,Educational services,2686848
2012-12,ambulatory_health,Ambulatory health care services,6429268
2012-12,hospitals_nursing,"Hospitals, nursing and residential care facilities",7985520
2012-12,social_assistance,Social assistance,2612809
2012-12,performing_arts_museums,"Performing arts, spectator sports, museums, and related activities",533449
2012-12,amusement_recreation,"Amusements, gambling, and recreation industries",1317119
2012-12,accommodation,Accommodation,1768669
2012-12,food_services,Food services and drinking places,10022320
2012-12,other_services,"Other services, except government",4583585
2013-01,oil_gas_extraction,Oil and gas extraction,190943
2013-01,mining_except_oil_gas,"Mining, except oil and gas",204668
2013-01,support_mining,Support activities for mining,392357
2013-01,utilities,Utilities,547045
2013-01,construction,Construction,5336603
2013-01,wood_products,Wood products,339087
2013-01,nonmetallic_mineral,Nonmetallic mineral products,356670
2013-01,primary_metals,Primary metals,396561
2013-01,fabricated_metal,Fabricated metal products,1409083
2013-01,machinery,Machinery,1098274
2013-01,computer_electronic,Computer and electronic products,1068507
2013-01,electrical_equipment,"Electrical equipment, appliances, and components",372217
2013-01,motor_vehicles,"Motor vehicles, bodies and trailers, and parts",804729
2013-01,other_transport_equipment,Other transportation equipment,689580
2013-01,furniture,Furniture and related products,350185
2013-01,misc_manufacturing,Miscellaneous manufacturing,572334
2013-01,food_beverage_tobacco,Food and beverage and tobacco products,1626798
2013-01,textiles,Textile mills and textile product mills,230031
2013-01,apparel_leather,Apparel and leather and allied products,171010
2013-01,paper,Paper products,376805
2013-01,printing,Printing and related support activities,450809
2013-01,petroleum_coal,Petroleum and coal products,107855
2013-01,chemicals,Chemical products,785347
2013-01,plastics_rubber,Plastics and rubber products,647952
2013-01,wholesale,Wholesale trade,5626797
2013-01,retail,Retail trade,14783048
2013-01,air_transport,Air transportation,449558
2013-01,rail_transport,Rail transportation,618
2013-01,water_transport,Water transportation,63583
2013-01,truck_transport,Truck transportation,1326907
2013-01,transit_ground,Transit and ground passenger transportation,450840
2013-01,pipeline,Pipeline transportation,43449
2013-01,other_transport_support,Other transportation and support activities,605497
2013-01,warehousing,Warehousing and storage,697281
2013-01,information,Information,2668855
2013-01,credit_intermediation,"Federal Reserve banks, credit intermediation, and related activities",2620125
2013-01,securities,"Securities, commodity contracts, and investments",851801
2013-01,insurance,Insurance carriers and related activities,2103213
2013-01,funds_trusts,"Funds, trusts, and other financial vehicles",3097
2013-01,real_estate,Real estate,1400320
2013-01,rental_leasing,Rental and leasing services and lessors of intangible assets,518072
2013-01,legal,Legal services,1119155
2013-01,computer_systems,Computer systems design and related services,1661353
2013-01,misc_professional,"Miscellaneous professional, scientific, and technical services",5218513
2013-01,management_companies,Management of companies and enterprises,2060115
2013-01,admin_support,Administrative and support services,7390986
2013-01,waste_remediation,Waste management and remediation services,366125
2013-01,education,Educational services,2561874
2013-01,ambulatory_health,Ambulatory health care services,6344612
2013-01,hospitals_nursing,"Hospitals, nursing and residential care facilities",7921367
2013-01,social_assistance,Social assistance,3096698
2013-01,performing_arts_museums,"Performing arts, spectator sports, museums, and related activities",492269
2013-01,amusement_recreation,"Amusements, gambling, and recreation industries",1277155
2013-01,accommodation,Accommodation,1736539
2013-01,food_services,Food services and drinking places,9784102
2013-01,other_services,"Other services, except government",4037333
2013-02,oil_gas_extraction,Oil and gas extraction,192074
2013-02,mining_except_oil_gas,"Mining, except oil and gas",204668
2013-02,support_mining,Support activities for mining,395123
2013-02,utilities,Utilities,547595
2013-02,construction,Construction,5370408
2013-02,wood_products,Wood products,340517
2013-02,nonmetallic_mineral,Nonmetallic mineral products,356654
2013-02,primary_metals,Primary metals,396128
2013-02,fabricated_metal,Fabricated metal products,1411958
2013-02,machinery,Machinery,1101538
2013-02,computer_electronic,Computer and electronic products,1066881
2013-02,electrical_equipment,"Electrical equipment, appliances, and components",372469
2013-02,motor_vehicles,"Motor vehicles, bodies and trailers, and parts",813167
2013-02,other_transport_equipment,Other transportation equipment,692126
2013-02,furniture,Furniture and related products,352049
2013-02,misc_manufacturing,Miscellaneous manufacturing,573794
2013-02,food_beverage_tobacco,Food and beverage and tobacco products,1631668
2013-02,textiles,Textile mills and textile product mills,229765
2013-02,apparel_leather,Apparel and leather and allied products,172428
2013-02,paper,Paper products,376519
2013-02,printing,Printing and related support activities,450606
2013-02,petroleum_coal,Petroleum and coal products,108343
2013-02,chemicals,Chemical products,787076
2013-02,plastics_rubber,Plastics and rubber products,650403
2013-02,wholesale,Wholesale trade,5648076
2013-02,retail,Retail trade,14621515
2013-02,air_transport,Air transportation,448633
2013-02,rail_transport,Rail transportation,616
2013-02,water_transport,Water transportation,63721
2013-02,truck_transport,Truck transportation,1330753
2013-02,transit_ground,Transit and ground passenger transportation,447868
2013-02,pipeline,Pipeline transportation,43468
2013-02,other_transport_support,Other transportation and support activities,607266
2013-02,warehousing,Warehousing and storage,695650
2013-02,information,Information,2683573
2013-02,credit_intermediation,"Federal Reserve banks, credit intermediation, and related activities",2626813
2013-02,securities,"Securities, commodity contracts, and investments",856738
2013-02,insurance,Insurance carriers and related activities,2107600
2013-02,funds_trusts,"Funds, trusts, and other financial vehicles",3097
2013-02,real_estate,Real estate,1407149
2013-02,rental_leasing,Rental and leasing services and lessors of intangible assets,521327
2013-02,legal,Legal services,1122694
2013-02,computer_systems,Computer systems design and related services,1671272
2013-02,misc_professional,"Miscellaneous professional, scientific, and technical services",5297690
2013-02,management_companies,Management of companies and enterprises,2062537
2013-02,admin_support,Administrative and support services,7477005
2013-02,waste_remediation,Waste management and remediation services,365965
2013-02,education,Educational services,2684370
2013-02,ambulatory_health,Ambulatory health care services,6374575
2013-02,hospitals_nursing,"Hospitals, nursing and residential care facilities",7928794
2013-02,social_assistance,Social assistance,3112489
2013-02,performing_arts_museums,"Performing arts, spectator sports, museums, and related activities",509541
2013-02,amusement_recreation,"Amusements, gambling, and recreation industries",1288892
2013-02,accommodation,Accommodation,1752817
2013-02,food_services,Food services and drinking places,9876048
2013-02,other_services,"Other services, except government",4068977
2013-03,oil_gas_extraction,Oil and gas extraction,192765
2013-03,mining_except_oil_gas,"Mining, except oil and gas",207195
2013-03,support_mining,Support activities for mining,397281
2013-03,utilities,Utilities,548274
2013-03,construction,Construction,5479917
2013-03,wood_products,Wood products,343524
2013-03,nonmetallic_mineral,Nonmetallic mineral products,362460
2013-03,primary_metals,Primary metals,397122
2013-03,fabricated_metal,Fabricated metal products,1416302
2013-03,machinery,Machinery,1102884
2013-03,computer_electronic,Computer and electronic products,1064843
2013-03,electrical_equipment,"Electrical equipment, appliances, and components",372302
2013-03,motor_vehicles,"Motor vehicles, bodies and trailers, and parts",817412
2013-03,other_transport_equipment,Other transportation equipment,688085
2013-03,furniture,Furniture and related products,353969
2013-03,misc_manufacturing,Miscellaneous manufacturing,574635
2013-03,food_beverage_tobacco,Food and beverage and tobacco products,1632958
2013-03,textiles,Textile mills and textile product mills,230496
2013-03,apparel_leather,Apparel and leather and allied products,173382
2013-03,paper,Paper products,377287
2013-03,printing,Printing and related support activities,452099
2013-03,petroleum_coal,Petroleum and coal products,108883
2013-03,chemicals,Chemical products,790060
2013-03,plastics_rubber,Plastics and rubber products,653002
2013-03,wholesale,Wholesale trade,5671971
2013-03,retail,Retail trade,14672283
2013-03,air_transport,Air transportation,446316
2013-03,rail_transport,Rail transportation,637
2013-03,water_transport,Water transportation,63877
2013-03,truck_transport,Truck transportation,1338932
2013-03,transit_ground,Transit and ground passenger transportation,454317
2013-03,pipeline,Pipeline transportation,43411
2013-03,other_transport_support,Other transportation and support activities,611367
2013-03,warehousing,Warehousing and storage,696724
2013-03,information,Information,2686655
2013-03,credit_intermediation,"Federal Reserve banks, credit intermediation, and related activities",2626923
2013-03,securities,"Securities, commodity contracts, and investments",854349
2013-03,insurance,Insurance carriers and related activities,2113240
2013-03,funds_trusts,"Funds, trusts, and other financial vehicles",3097
2013-03,real_estate,Real estate,1418224
2013-03,rental_leasing,Rental and leasing services and lessors of intangible assets,526536
2013-03,legal,Legal services,1125615
2013-03,computer_systems,Computer systems design and related services,1667101
2013-03,misc_professional,"Miscellaneous professional, scientific, and technical services",5312398
2013-03,management_companies,Management of companies and enterprises,2068259
2013-03,admin_support,Administrative and support services,7596574
2013-03,waste_remediation,Waste management and remediation services,366651
2013-03,education,Educational services,2688992
2013-03,ambulatory_health,Ambulatory health care services,6398783
2013-03,hospitals_nursing,"Hospitals, nursing and residential care facilities",7950498
2013-03,social_assistance,Social assistance,3127752
2013-03,performing_arts_museums,"Performing arts, spectator sports, museums, and related activities",534358
2013-03,amusement_recreation,"Amusements, gambling, and recreation industries",1337216
2013-03,accommodation,Accommodation,1782885
2013-03,food_services,Food services and drinking places,10055189
2013-03,other_services,"Other services, except government",4102057
2013-04,oil_gas_extraction,Oil and gas extraction,194070
2013-04,mining_except_oil_gas,"Mining, except oil and gas",209263
2013-04,support_mining,Support activities for mining,400765
2013-04,utilities,Utilities,547095
2013-04,construction,Construction,5642878
2013-04,wood_products,Wood products,347029
2013-04,nonmetallic_mineral,Nonmetallic mineral products,367972
2013-04,primary_metals,Primary metals,396509
2013-04,fabricated_metal,Fabricated metal products,1417042
2013-04,machinery,Machinery,1102461
2013-04,computer_electronic,Computer and electronic products,1062291
2013-04,electrical_equipment,"Electrical equipment, appliances, and components",372577
2013-04,motor_vehicles,"Motor vehicles, bodies and trailers, and parts",818279
2013-04,other_transport_equipment,Other transportation equipment,687107
2013-04,furniture,Furniture and related products,355045
2013-04,misc_manufacturing,Miscellaneous manufacturing,574369
2013-04,food_beverage_tobacco,Food and beverage and tobacco products,1632708
2013-04,textiles,Textile mills and textile product mills,231116
2013-04,apparel_leather,Apparel and leather and allied products,173189
2013-04,paper,Paper products,376141
2013-04,printing,Printing and related support activities,452868
2013-04,petroleum_coal,Petroleum and coal products,110554
2013-04,chemicals,Chemical products,790628
2013-04,plastics_rubber,Plastics and rubber products,653923
2013-04,wholesale,Wholesale trade,5701480
2013-04,retail,Retail trade,14774239
2013-04,air_transport,Air transportation,451301
2013-04,rail_transport,Rail transportation,657
2013-04,water_transport,Water transportation,64718
2013-04,truck_transport,Truck transportation,1350601
2013-04,transit_ground,Transit and ground passenger transportation,457935
2013-04,pipeline,Pipeline transportation,43361
2013-04,other_transport_support,Other transportation and support activities,614861
2013-04,warehousing,Warehousing and storage,696191
2013-04,information,Information,2689727
2013-04,credit_intermediation,"Federal Reserve banks, credit intermediation, and related activities",2630090
2013-04,securities,"Securities, commodity contracts, and investments",856600
2013-04,insurance,Insurance carriers and related activities,2113921
2013-04,funds_trusts,"Funds, trusts, and other financial vehicles",4264
2013-04,real_estate,Real estate,1431145
2013-04,rental_leasing,Rental and leasing services and lessors of intangible assets,533390
2013-04,legal,Legal services,1129167
2013-04,computer_systems,Computer systems design and related services,1684609
2013-04,misc_professional,"Miscellaneous professional, scientific, and technical services",5335491
2013-04,management_companies,Management of companies and enterprises,2074380
2013-04,admin_support,Administrative and support services,7731401
2013-04,waste_remediation,Waste management and remediation services,370272
2013-04,education,Educational services,2714285
2013-04,ambulatory_health,Ambulatory health care services,6420171
2013-04,hospitals_nursing,"Hospitals, nursing and residential care facilities",7949316
2013-04,social_assistance,Social assistance,3140290
2013-04,performing_arts_museums,"Performing arts, spectator sports, museums, and related activities",573403
2013-04,amusement_recreation,"Amusements, gambling, and recreation industries",1408385
2013-04,accommodation,Accommodation,1806204
2013-04,food_services,Food services and drinking places,10271276
2013-04,other_services,"Other services, except government",4133047
2013-05,oil_gas_extraction,Oil and gas extraction,195206
2013-05,mining_except_oil_gas,"Mining, except oil and gas",213606
2013-05,support_mining,Support activities for mining,403540
2013-05,utilities,Utilities,547617
2013-05,construction,Construction,5843528
2013-05,wood_products,Wood products,351905
2013-05,nonmetallic_mineral,Nonmetallic mineral products,375564
2013-05,primary_metals,Primary metals,395671
2013-05,fabricated_metal,Fabricated metal products,1420939
2013-05,machinery,Machinery,1105032
2013-05,computer_electronic,Computer and electronic products,1061049
2013-05,electrical_equipment,"Electrical equipment, appliances, and components",372305
2013-05,motor_vehicles,"Motor vehicles, bodies and trailers, and parts",822885
2013-05,other_transport_equipment,Other transportation equipment,686011
2013-05,furniture,Furniture and related products,356656
2013-05,misc_manufacturing,Miscellaneous manufacturing,576182
2013-05,food_beverage_tobacco,Food and beverage and tobacco products,1647341
2013-05,textiles,Textile mills and textile product mills,231610
2013-05,apparel_leather,Apparel and leather and allied products,173294
2013-05,paper,Paper products,376172
2013-05,printing,Printing and related support activities,453267
2013-05,petroleum_coal,Petroleum and coal products,112508
2013-05,chemicals,Chemical products,792544
2013-05,plastics_rubber,Plastics and rubber products,655754
2013-05,wholesale,Wholesale trade,5737369
2013-05,retail,Retail trade,14925619
2013-05,air_transport,Air transportation,450641
2013-05,rail_transport,Rail transportation,667
2013-05,water_transport,Water transportation,66047
2013-05,truck_transport,Truck transportation,1370000
2013-05,transit_ground,Transit and ground passenger transportation,461075
2013-05,pipeline,Pipeline transportation,43428
2013-05,other_transport_support,Other transportation and support activities,620318
2013-05,warehousing,Warehousing and storage,697534
2013-05,information,Information,2702524
2013-05,credit_intermediation,"Federal Reserve banks, credit intermediation, and related activities",2632443
2013-05,securities,"Securities, commodity contracts, and investments",857747
2013-05,insurance,Insurance carriers and related activities,2117324
2013-05,funds_trusts,"Funds, trusts, and other financial vehicles",3149
2013-05,real_estate,Real estate,1443992
2013-05,rental_leasing,Rental and leasing services and lessors of intangible assets,544976
2013-05,legal,Legal services,1131536
2013-05,computer_systems,Computer systems design and related services,1691830
2013-05,misc_professional,"Miscellaneous professional, scientific, and technical services",5225071
2013-05,management_companies,Management of companies and enterprises,2080534
2013-05,admin_support,Administrative and support services,7918518
2013-05,waste_remediation,Waste management and remediation services,375451
2013-05,education,Educational services,2680210
2013-05,ambulatory_health,Ambulatory health care services,6445792
2013-05,hospitals_nursing,"Hospitals, nursing and residential care facilities",7961516
2013-05,social_assistance,Social assistance,3150992
2013-05,performing_arts_museums,"Performing arts, spectator sports, museums, and related activities",593056
2013-05,amusement_recreation,"Amusements, gambling, and recreation industries",1520493
2013-05,accommodation,Accommodation,1857175
2013-05,food_services,Food services and drinking places,10483764
2013-05,other_services,"Other services, except government",4168704
2013-06,oil_gas_extraction,Oil and gas extraction,198225
2013-06,mining_except_oil_gas,"Mining, except oil and gas",216030
2013-06,support_mining,Support activities for mining,407701
2013-06,utilities,Utilities,551795
2013-06,construction,Construction,5974139
2013-06,wood_products,Wood products,356665
2013-06,nonmetallic_mineral,Nonmetallic mineral products,379772
2013-06,primary_metals,Primary metals,397671
2013-06,fabricated_metal,Fabricated metal products,1428566
2013-06,machinery,Machinery,1111486
2013-06,computer_electronic,Computer and electronic products,1068133
2013-06,electrical_equipment,"Electrical equipment, appliances, and components",375383
2013-06,motor_vehicles,"Motor vehicles, bodies and trailers, and parts",831822
2013-06,other_transport_equipment,Other transportation equipment,689765
2013-06,furniture,Furniture and related products,360579
2013-06,misc_manufacturing,Miscellaneous manufacturing,580079
2013-06,food_beverage_tobacco,Food and beverage and tobacco products,1671391
2013-06,textiles,Textile mills and textile product mills,232547
2013-06,apparel_leather,Apparel and leather and allied products,173788
2013-06,paper,Paper products,379091
2013-06,printing,Printing and related support activities,454112
2013-06,petroleum_coal,Petroleum and coal products,113661
2013-06,chemicals,Chemical products,798638
2013-06,plastics_rubber,Plastics and rubber products,659480
2013-06,wholesale,Wholesale trade,5768628
2013-06,retail,Retail trade,15053348
2013-06,air_transport,Air transportation,448753
2013-06,rail_transport,Rail transportation,645
2013-06,water_transport,Water transportation,67907
2013-06,truck_transport,Truck transportation,1385105
2013-06,transit_ground,Transit and ground passenger transportation,436964
2013-06,pipeline,Pipeline transportation,43907
2013-06,other_transport_support,Other transportation and support activities,625963
2013-06,warehousing,Warehousing and storage,700509
2013-06,information,Information,2716771
2013-06,credit_intermediation,"Federal Reserve banks, credit intermediation, and related activities",2640334
2013-06,securities,"Securities, commodity contracts, and investments",865646
2013-06,insurance,Insurance carriers and related activities,2132040
2013-06,funds_trusts,"Funds, trusts, and other financial vehicles",3394
2013-06,real_estate,Real estate,1467186
2013-06,rental_leasing,Rental and leasing services and lessors of intangible assets,555805
2013-06,legal,Legal services,1146874
2013-06,computer_systems,Computer systems design and related services,1691700
2013-06,misc_professional,"Miscellaneous professional, scientific, and technical services",5250364
2013-06,management_companies,Management of companies and enterprises,2099713
2013-06,admin_support,Administrative and support services,7982005
2013-06,waste_remediation,Waste management and remediation services,380936
2013-06,education,Educational services,2539086
2013-06,ambulatory_health,Ambulatory health care services,6454401
2013-06,hospitals_nursing,"Hospitals, nursing and residential care facilities",7980271
2013-06,social_assistance,Social assistance,3122968
2013-06,performing_arts_museums,"Performing arts, spectator sports, museums, and related activities",598543
2013-06,amusement_recreation,"Amusements, gambling, and recreation industries",1679617
2013-06,accommodation,Accommodation,1940987
2013-06,food_services,Food services and drinking places,10567753
2013-06,other_services,"Other services, except government",4220076
2013-07,oil_gas_extraction,Oil and gas extraction,199823
2013-07,mining_except_oil_gas,"Mining, except oil and gas",215412
2013-07,support_mining,Support activities for mining,409145
2013-07,utilities,Utilities,551764
2013-07,construction,Construction,6054582
2013-07,wood_products,Wood products,358783
2013-07,nonmetallic_mineral,Nonmetallic mineral products,379643
2013-07,primary_metals,Primary metals,394903
2013-07,fabricated_metal,Fabricated metal products,1425752
2013-07,machinery,Machinery,1107242
2013-07,computer_electronic,Computer and electronic products,1069312
2013-07,electrical_equipment,"Electrical equipment, appliances, and components",375314
2013-07,motor_vehicles,"Motor vehicles, bodies and trailers, and parts",800334
2013-07,other_transport_equipment,Other transportation equipment,689472
2013-07,furniture,Furniture and related products,361207
2013-07,misc_manufacturing,Miscellaneous manufacturing,579855
2013-07,food_beverage_tobacco,Food and beverage and tobacco products,1693117
2013-07,textiles,Textile mills and textile product mills,230058
2013-07,apparel_leather,Apparel and leather and allied products,172858
2013-07,paper,Paper products,378433
2013-07,printing,Printing and related support activities,452562
2013-07,petroleum_coal,Petroleum and coal products,114437
2013-07,chemicals,Chemical products,797812
2013-07,plastics_rubber,Plastics and rubber products,658147
2013-07,wholesale,Wholesale trade,5773000
2013-07,retail,Retail trade,15074044
2013-07,air_transport,Air transportation,449047
2013-07,rail_transport,Rail transportation,639
2013-07,water_transport,Water transportation,68657
2013-07,truck_transport,Truck transportation,1390591
2013-07,transit_ground,Transit and ground passenger transportation,375521
2013-07,pipeline,Pipeline transportation,43710
2013-07,other_transport_support,Other transportation and support activities,630431
2013-07,warehousing,Warehousing and storage,700906
2013-07,information,Information,2716025
2013-07,credit_intermediation,"Federal Reserve banks, credit intermediation, and related activities",2643501
2013-07,securities,"Securities, commodity contracts, and investments",875020
2013-07,insurance,Insurance carriers and related activities,2136407
2013-07,funds_trusts,"Funds, trusts, and other financial vehicles",3385
2013-07,real_estate,Real estate,1478213
2013-07,rental_leasing,Rental and leasing services and lessors of intangible assets,556035
2013-07,legal,Legal services,1145328
2013-07,computer_systems,Computer systems design and related services,1714143
2013-07,misc_professional,"Miscellaneous professional, scientific, and technical services",5260415
2013-07,management_companies,Management of companies and enterprises,2099768
2013-07,admin_support,Administrative and support services,7945908
2013-07,waste_remediation,Waste management and remediation services,384139
2013-07,education,Educational services,2435772
2013-07,ambulatory_health,Ambulatory health care services,6463866
2013-07,hospitals_nursing,"Hospitals, nursing and residential care facilities",7981416
2013-07,social_assistance,Social assistance,3102772
2013-07,performing_arts_museums,"Performing arts, spectator sports, museums, and related activities",603155
2013-07,amusement_recreation,"Amusements, gambling, and recreation industries",1719023
2013-07,accommodation,Accommodation,1982879
2013-07,food_services,Food services and drinking places,10510304
2013-07,other_services,"Other services, except government",4209142
2013-08,oil_gas_extraction,Oil and gas extraction,199920
2013-08,mining_except_oil_gas,"Mining, except oil and gas",215362
2013-08,support_mining,Support activities for mining,412584
2013-08,utilities,Utilities,549954
2013-08,construction,Construction,6112698
2013-08,wood_products,Wood products,360974
2013-08,nonmetallic_mineral,Nonmetallic mineral products,380454
2013-08,primary_metals,Primary metals,395398
2013-08,fabricated_metal,Fabricated metal products,1426663
2013-08,machinery,Machinery,1107146
2013-08,computer_electronic,Computer and electronic products,1064994
2013-08,electrical_equipment,"Electrical equipment, appliances, and components",375303
2013-08,motor_vehicles,"Motor vehicles, bodies and trailers, and parts",835063
2013-08,other_transport_equipment,Other transportation equipment,686956
2013-08,furniture,Furniture and related products,362117
2013-08,misc_manufacturing,Miscellaneous manufacturing,580466
2013-08,food_beverage_tobacco,Food and beverage and tobacco products,1710738
2013-08,textiles,Textile mills and textile product mills,230752
2013-08,apparel_leather,Apparel and leather and allied products,173223
2013-08,paper,Paper products,377353
2013-08,printing,Printing and related support activities,453255
2013-08,petroleum_coal,Petroleum and coal products,114337
2013-08,chemicals,Chemical products,796948
2013-08,plastics_rubber,Plastics and rubber products,659902
2013-08,wholesale,Wholesale trade,5778072
2013-08,retail,Retail trade,15130812
2013-08,air_transport,Air transportation,448104
2013-08,rail_transport,Rail transportation,674
2013-08,water_transport,Water transportation,68457
2013-08,truck_transport,Truck transportation,1399599
2013-08,transit_ground,Transit and ground passenger transportation,386214
2013-08,pipeline,Pipeline transportation,43757
2013-08,other_transport_support,Other transportation and support activities,632171
2013-08,warehousing,Warehousing and storage,705692
2013-08,information,Information,2719882
2013-08,credit_intermediation,"Federal Reserve banks, credit intermediation, and related activities",2638027
2013-08,securities,"Securities, commodity contracts, and investments",877672
2013-08,insurance,Insurance carriers and related activities,2139488
2013-08,funds_trusts,"Funds, trusts, and other financial vehicles",3484
2013-08,real_estate,Real estate,1480582
2013-08,rental_leasing,Rental and leasing services and lessors of intangible assets,555010
2013-08,legal,Legal services,1137454
2013-08,computer_systems,Computer systems design and related services,1723313
2013-08,misc_professional,"Miscellaneous professional, scientific, and technical services",5281489
2013-08,management_companies,Management of companies and enterprises,2101083
2013-08,admin_support,Administrative and support services,8086425
2013-08,waste_remediation,Waste management and remediation services,383109
2013-08,education,Educational services,2460053
2013-08,ambulatory_health,Ambulatory health care services,6498151
2013-08,hospitals_nursing,"Hospitals, nursing and residential care facilities",7990106
2013-08,social_assistance,Social assistance,3131987
2013-08,performing_arts_museums,"Performing arts, spectator sports, museums, and related activities",604373
2013-08,amusement_recreation,"Amusements, gambling, and recreation industries",1672717
2013-08,accommodation,Accommodation,1970607
2013-08,food_services,Food services and drinking places,10579981
2013-08,other_services,"Other services, except government",4201469
2013-09,oil_gas_extraction,Oil and gas extraction,198045
2013-09,mining_except_oil_gas,"Mining, except oil and gas",212544
2013-09,support_mining,Support activities for mining,412430
2013-09,utilities,Utilities,546848
2013-09,construction,Construction,6075652
2013-09,wood_products,Wood products,360887
2013-09,nonmetallic_mineral,Nonmetallic mineral products,379529
2013-09,primary_metals,Primary metals,394815
2013-09,fabricated_metal,Fabricated metal products,1423489
2013-09,machinery,Machinery,1100591
2013-09,computer_electronic,Computer and electronic products,1057692
2013-09,electrical_equipment,"Electrical equipment, appliances, and components",373990
2013-09,motor_vehicles,"Motor vehicles, bodies and trailers, and parts",838822
2013-09,other_transport_equipment,Other transportation equipment,684617
2013-09,furniture,Furniture and related products,360784
2013-09,misc_manufacturing,Miscellaneous manufacturing,578715
2013-09,food_beverage_tobacco,Food and beverage and tobacco products,1707367
2013-09,textiles,Textile mills and textile product mills,230120
2013-09,apparel_leather,Apparel and leather and allied products,173956
2013-09,paper,Paper products,375865
2013-09,printing,Printing and related support activities,451607
2013-09,petroleum_coal,Petroleum and coal products,114006
2013-09,chemicals,Chemical products,793762
2013-09,plastics_rubber,Plastics and rubber products,658459
2013-09,wholesale,Wholesale trade,5763950
2013-09,retail,Retail trade,15036571
2013-09,air_transport,Air transportation,445080
2013-09,rail_transport,Rail transportation,699
2013-09,water_transport,Water transportation,67403
2013-09,truck_transport,Truck transportation,1394521
2013-09,transit_ground,Transit and ground passenger transportation,458564
2013-09,pipeline,Pipeline transportation,43573
2013-09,other_transport_support,Other transportation and support activities,628922
2013-09,warehousing,Warehousing and storage,710145
2013-09,information,Information,2692618
2013-09,credit_intermediation,"Federal Reserve banks, credit intermediation, and related activities",2617174
2013-09,securities,"Securities, commodity contracts, and investments",864683
2013-09,insurance,Insurance carriers and related activities,2135020
2013-09,funds_trusts,"Funds, trusts, and other financial vehicles",3603
2013-09,real_estate,Real estate,1462594
2013-09,rental_leasing,Rental and leasing services and lessors of intangible assets,551302
2013-09,legal,Legal services,1126123
2013-09,computer_systems,Computer systems design and related services,1703557
2013-09,misc_professional,"Miscellaneous professional, scientific, and technical services",5253723
2013-09,management_companies,Management of companies and enterprises,2090799
2013-09,admin_support,Administrative and support services,8112009
2013-09,waste_remediation,Waste management and remediation services,379320
2013-09,education,Educational services,2622850
2013-09,ambulatory_health,Ambulatory health care services,6490125
2013-09,hospitals_nursing,"Hospitals, nursing and residential care facilities",7971160
2013-09,social_assistance,Social assistance,3152096
2013-09,performing_arts_museums,"Performing arts, spectator sports, museums, and related activities",590425
2013-09,amusement_recreation,"Amusements, gambling, and recreation industries",1509783
2013-09,accommodation,Accommodation,1894629
2013-09,food_services,Food services and drinking places,10500199
2013-09,other_services,"Other services, except government",4160940
2013-10,oil_gas_extraction,Oil and gas extraction,199321
2013-10,mining_except_oil_gas,"Mining, except oil and gas",211637
2013-10,support_mining,Support activities for mining,412253
2013-10,utilities,Utilities,546228
2013-10,construction,Construction,6081219
2013-10,wood_products,Wood products,360815
2013-10,nonmetallic_mineral,Nonmetallic mineral products,378625
2013-10,primary_metals,Primary metals,395026
2013-10,fabricated_metal,Fabricated metal products,1424817
2013-10,machinery,Machinery,1100215
2013-10,computer_electronic,Computer and electronic products,1051742
2013-10,electrical_equipment,"Electrical equipment, appliances, and components",374272
2013-10,motor_vehicles,"Motor vehicles, bodies and trailers, and parts",840998
2013-10,other_transport_equipment,Other transportation equipment,682204
2013-10,furniture,Furniture and related products,360908
2013-10,misc_manufacturing,Miscellaneous manufacturing,579524
2013-10,food_beverage_tobacco,Food and beverage and tobacco products,1697439
2013-10,textiles,Textile mills and textile product mills,230468
2013-10,apparel_leather,Apparel and leather and allied products,173152
2013-10,paper,Paper products,374349
2013-10,printing,Printing and related support activities,452414
2013-10,petroleum_coal,Petroleum and coal products,113662
2013-10,chemicals,Chemical products,793476
2013-10,plastics_rubber,Plastics and rubber products,659520
2013-10,wholesale,Wholesale trade,5780929
2013-10,retail,Retail trade,15193371
2013-10,air_transport,Air transportation,449219
2013-10,rail_transport,Rail transportation,698
2013-10,water_transport,Water transportation,66845
2013-10,truck_transport,Truck transportation,1391384
2013-10,transit_ground,Transit and ground passenger transportation,465186
2013-10,pipeline,Pipeline transportation,44034
2013-10,other_transport_support,Other transportation and support activities,630245
2013-10,warehousing,Warehousing and storage,720734
2013-10,information,Information,2704367
2013-10,credit_intermediation,"Federal Reserve banks, credit intermediation, and related activities",2613972
2013-10,securities,"Securities, commodity contracts, and investments",869663
2013-10,insurance,Insurance carriers and related activities,2147028
2013-10,funds_trusts,"Funds, trusts, and other financial vehicles",4093
2013-10,real_estate,Real estate,1465911
2013-10,rental_leasing,Rental and leasing services and lessors of intangible assets,547795
2013-10,legal,Legal services,1132364
2013-10,computer_systems,Computer systems design and related services,1727876
2013-10,misc_professional,"Miscellaneous professional, scientific, and technical services",5307836
2013-10,management_companies,Management of companies and enterprises,2097025
2013-10,admin_support,Administrative and support services,8153941
2013-10,waste_remediation,Waste management and remediation services,378609
2013-10,education,Educational services,2717428
2013-10,ambulatory_health,Ambulatory health care services,6526350
2013-10,hospitals_nursing,"Hospitals, nursing and residential care facilities",7976753
2013-10,social_assistance,Social assistance,3186291
2013-10,performing_arts_museums,"Performing arts, spectator sports, museums, and related activities",583835
2013-10,amusement_recreation,"Amusements, gambling, and recreation industries",1435642
2013-10,accommodation,Accommodation,1851064
2013-10,food_services,Food services and drinking places,10399867
2013-10,other_services,"Other services, except government",4163259
2013-11,oil_gas_extraction,Oil and gas extraction,199658
2013-11,mining_except_oil_gas,"Mining, except oil and gas",210159
2013-11,support_mining,Support activities for mining,414051
2013-11,utilities,Utilities,545469
2013-11,construction,Construction,6018789
2013-11,wood_products,Wood products,361680
2013-11,nonmetallic_mineral,Nonmetallic mineral products,378162
2013-11,primary_metals,Primary metals,395625
2013-11,fabricated_metal,Fabricated metal products,1427768
2013-11,machinery,Machinery,1104444
2013-11,computer_electronic,Computer and electronic products,1050984
2013-11,electrical_equipment,"Electrical equipment, appliances, and components",374824
2013-11,motor_vehicles,"Motor vehicles, bodies and trailers, and parts",849109
2013-11,other_transport_equipment,Other transportation equipment,682541
2013-11,furniture,Furniture and related products,362189
2013-11,misc_manufacturing,Miscellaneous manufacturing,582068
2013-11,food_beverage_tobacco,Food and beverage and tobacco products,1679257
2013-11,textiles,Textile mills and textile product mills,230326
2013-11,apparel_leather,Apparel and leather and allied products,173317
2013-11,paper,Paper products,374715
2013-11,printing,Printing and related support activities,453239
2013-11,petroleum_coal,Petroleum and coal products,112997
2013-11,chemicals,Chemical products,794892
2013-11,plastics_rubber,Plastics and rubber products,661010
2013-11,wholesale,Wholesale trade,5802063
2013-11,retail,Retail trade,15716104
2013-11,air_transport,Air transportation,448679
2013-11,rail_transport,Rail transportation,703
2013-11,water_transport,Water transportation,65234
2013-11,truck_transport,Truck transportation,1390329
2013-11,transit_ground,Transit and ground passenger transportation,465710
2013-11,pipeline,Pipeline transportation,44236
2013-11,other_transport_support,Other transportation and support activities,627817
2013-11,warehousing,Warehousing and storage,736521
2013-11,information,Information,2731147
2013-11,credit_intermediation,"Federal Reserve banks, credit intermediation, and related activities",2616263
2013-11,securities,"Securities, commodity contracts, and investments",873977
2013-11,insurance,Insurance carriers and related activities,2156698
2013-11,funds_trusts,"Funds, trusts, and other financial vehicles",4071
2013-11,real_estate,Real estate,1466116
2013-11,rental_leasing,Rental and leasing services and lessors of intangible assets,543273
2013-11,legal,Legal services,1133920
2013-11,computer_systems,Computer systems design and related services,1739213
2013-11,misc_professional,"Miscellaneous professional, scientific, and technical services",5340165
2013-11,management_companies,Management of companies and enterprises,2103215
2013-11,admin_support,Administrative and support services,8210559
2013-11,waste_remediation,Waste management and remediation services,377802
2013-11,education,Educational services,2741607
2013-11,ambulatory_health,Ambulatory health care services,6559450
2013-11,hospitals_nursing,"Hospitals, nursing and residential care facilities",7993750
2013-11,social_assistance,Social assistance,3206125
2013-11,performing_arts_museums,"Performing arts, spectator sports, museums, and related activities",567525
2013-11,amusement_recreation,"Amusements, gambling, and recreation industries",1341908
2013-11,accommodation,Accommodation,1808877
2013-11,food_services,Food services and drinking places,10389316
2013-11,other_services,"Other services, except government",4167828
2013-12,oil_gas_extraction,Oil and gas extraction,200733
2013-12,mining_except_oil_gas,"Mining, except oil and gas",205584
2013-12,support_mining,Support activities for mining,414959
2013-12,utilities,Utilities,544005
2013-12,construction,Construction,5848982
2013-12,wood_products,Wood products,361455
2013-12,nonmetallic_mineral,Nonmetallic mineral products,373004
2013-12,primary_metals,Primary metals,396158
2013-12,fabricated_metal,Fabricated metal products,1430914
2013-12,machinery,Machinery,1109663
2013-12,computer_electronic,Computer and electronic products,1052279
2013-12,electrical_equipment,"Electrical equipment, appliances, and components",375434
2013-12,motor_vehicles,"Motor vehicles, bodies and trailers, and parts",850805
2013-12,other_transport_equipment,Other transportation equipment,684827
2013-12,furniture,Furniture and related products,363223
2013-12,misc_manufacturing,Miscellaneous manufacturing,582546
2013-12,food_beverage_tobacco,Food and beverage and tobacco products,1670076
2013-12,textiles,Textile mills and textile product mills,230855
2013-12,apparel_leather,Apparel and leather and allied products,172616
2013-12,paper,Paper products,375503
2013-12,printing,Printing and related support activities,453533
2013-12,petroleum_coal,Petroleum and coal products,111310
2013-12,chemicals,Chemical products,797698
2013-12,plastics_rubber,Plastics and rubber products,663283
2013-12,wholesale,Wholesale trade,5816653
2013-12,retail,Retail trade,15901099
2013-12,air_transport,Air transportation,448086
2013-12,rail_transport,Rail transportation,696
2013-12,water_transport,Water transportation,65402
2013-12,truck_transport,Truck transportation,1384529
2013-12,transit_ground,Transit and ground passenger transportation,466119
2013-12,pipeline,Pipeline transportation,44540
2013-12,other_transport_support,Other transportation and support activities,630770
2013-12,warehousing,Warehousing and storage,738922
2013-12,information,Information,2726857
2013-12,credit_intermediation,"Federal Reserve banks, credit intermediation, and related activities",2614163
2013-12,securities,"Securities, commodity contracts, and investments",875414
2013-12,insurance,Insurance carriers and related activities,2164850
2013-12,funds_trusts,"Funds, trusts, and other financial vehicles",4132
2013-12,real_estate,Real estate,1477441
2013-12,rental_leasing,Rental and leasing services and lessors of intangible assets,541836
2013-12,legal,Legal services,1137712
2013-12,computer_systems,Computer systems design and related services,1733453
2013-12,misc_professional,"Miscellaneous professional, scientific, and technical services",5387680
2013-12,management_companies,Management of companies and enterprises,2107546
2013-12,admin_support,Administrative and support services,8115937
2013-12,waste_remediation,Waste management and remediation services,375147
2013-12,education,Educational services,2706984
2013-12,ambulatory_health,Ambulatory health care services,6579166
2013-12,hospitals_nursing,"Hospitals, nursing and residential care facilities",8004933
2013-12,social_assistance,Social assistance,3202931
2013-12,performing_arts_museums,"Performing arts, spectator sports, museums, and related activities",562196
2013-12,amusement_recreation,"Amusements, gambling, and recreation industries",1352545
2013-12,accommodation,Accommodation,1806320
2013-12,food_services,Food services and drinking places,10377314
2013-12,other_services,"Other services, except government",4164997
2014-01,oil_gas_extraction,Oil and gas extraction,191474
2014-01,mining_except_oil_gas,"Mining, except oil and gas",198723
2014-01,support_mining,Support activities for mining,415822
2014-01,utilities,Utilities,544971
2014-01,construction,Construction,5588695
2014-01,wood_products,Wood products,358399
2014-01,nonmetallic_mineral,Nonmetallic mineral products,363070
2014-01,primary_metals,Primary metals,394252
2014-01,fabricated_metal,Fabricated metal products,1426050
2014-01,machinery,Machinery,1107678
2014-01,computer_electronic,Computer and electronic products,1047792
2014-01,electrical_equipment,"Electrical equipment, appliances, and components",375320
2014-01,motor_vehicles,"Motor vehicles, bodies and trailers, and parts",847069
2014-01,other_transport_equipment,Other transportation equipment,680662
2014-01,furniture,Furniture and related products,362480
2014-01,misc_manufacturing,Miscellaneous manufacturing,576736
2014-01,food_beverage_tobacco,Food and beverage and tobacco products,1653012
2014-01,textiles,Textile mills and textile product mills,228873
2014-01,apparel_leather,Apparel and leather and allied products,168538
2014-01,paper,Paper products,372646
2014-01,printing,Printing and related support activities,450959
2014-01,petroleum_coal,Petroleum and coal products,105701
2014-01,chemicals,Chemical products,793251
2014-01,plastics_rubber,Plastics and rubber products,662308
2014-01,wholesale,Wholesale trade,5703353
2014-01,retail,Retail trade,15077103
2014-01,air_transport,Air transportation,443126
2014-01,rail_transport,Rail transportation,611
2014-01,water_transport,Water transportation,64438
2014-01,truck_transport,Truck transportation,1356668
2014-01,transit_ground,Transit and ground passenger transportation,459428
2014-01,pipeline,Pipeline transportation,45380
2014-01,other_transport_support,Other transportation and support activities,628809
2014-01,warehousing,Warehousing and storage,721558
2014-01,information,Information,2704970
2014-01,credit_intermediation,"Federal Reserve banks, credit intermediation, and related activities",2589318
2014-01,securities,"Securities, commodity contracts, and investments",862842
2014-01,insurance,Insurance carriers and related activities,2139088
2014-01,funds_trusts,"Funds, trusts, and other financial vehicles",5388
2014-01,real_estate,Real estate,1443143
2014-01,rental_leasing,Rental and leasing services and lessors of intangible assets,524721
2014-01,legal,Legal services,1113157
2014-01,computer_systems,Computer systems design and related services,1739466
2014-01,misc_professional,"Miscellaneous professional, scientific, and technical services",5343823
2014-01,management_companies,Management of companies and enterprises,2133638
2014-01,admin_support,Administrative and support services,7688425
2014-01,waste_remediation,Waste management and remediation services,371032
2014-01,education,Educational services,2604354
2014-01,ambulatory_health,Ambulatory health care services,6491438
2014-01,hospitals_nursing,"Hospitals, nursing and residential care facilities",7956153
2014-01,social_assistance,Social assistance,3197912
2014-01,performing_arts_museums,"Performing arts, spectator sports, museums, and related activities",514148
2014-01,amusement_recreation,"Amusements, gambling, and recreation industries",1312503
2014-01,accommodation,Accommodation,1772168
2014-01,food_services,Food services and drinking places,10140951
2014-01,other_services,"Other services, except government",4106241
2014-02,oil_gas_extraction,Oil and gas extraction,192174
2014-02,mining_except_oil_gas,"Mining, except oil and gas",197952
2014-02,support_mining,Support activities for mining,419566
2014-02,utilities,Utilities,546330
2014-02,construction,Construction,5587453
2014-02,wood_products,Wood products,358481
2014-02,nonmetallic_mineral,Nonmetallic mineral products,362280
2014-02,primary_metals,Primary metals,394238
2014-02,fabricated_metal,Fabricated metal products,1430130
2014-02,machinery,Machinery,1109564
2014-02,computer_electronic,Computer and electronic products,1047763
2014-02,electrical_equipment,"Electrical equipment, appliances, and components",374988
2014-02,motor_vehicles,"Motor vehicles, bodies and trailers, and parts",863122
2014-02,other_transport_equipment,Other transportation equipment,685573
2014-02,furniture,Furniture and related products,363476
2014-02,misc_manufacturing,Miscellaneous manufacturing,578562
2014-02,food_beverage_tobacco,Food and beverage and tobacco products,1656055
2014-02,textiles,Textile mills and textile product mills,228672
2014-02,apparel_leather,Apparel and leather and allied products,169783
2014-02,paper,Paper products,371291
2014-02,printing,Printing and related support activities,450355
2014-02,petroleum_coal,Petroleum and coal products,106172
2014-02,chemicals,Chemical products,793492
2014-02,plastics_rubber,Plastics and rubber products,665197
2014-02,wholesale,Wholesale trade,5721716
2014-02,retail,Retail trade,14907838
2014-02,air_transport,Air transportation,443159
2014-02,rail_transport,Rail transportation,614
2014-02,water_transport,Water transportation,64321
2014-02,truck_transport,Truck transportation,1355085
2014-02,transit_ground,Transit and ground passenger transportation,463531
2014-02,pipeline,Pipeline transportation,46014
2014-02,other_transport_support,Other transportation and support activities,630504
2014-02,warehousing,Warehousing and storage,720740
2014-02,information,Information,2705201
2014-02,credit_intermediation,"Federal Reserve banks, credit intermediation, and related activities",2581272
2014-02,securities,"Securities, commodity contracts, and investments",867588
2014-02,insurance,Insurance carriers and related activities,2143925
2014-02,funds_trusts,"Funds, trusts, and other financial vehicles",5493
2014-02,real_estate,Real estate,1448556
2014-02,rental_leasing,Rental and leasing services and lessors of intangible assets,527308
2014-02,legal,Legal services,1113172
2014-02,computer_systems,Computer systems design and related services,1746822
2014-02,misc_professional,"Miscellaneous professional, scientific, and technical services",5418425
2014-02,management_companies,Management of companies and enterprises,2134438
2014-02,admin_support,Administrative and support services,7708707
2014-02,waste_remediation,Waste management and remediation services,371693
2014-02,education,Educational services,2719308
2014-02,ambulatory_health,Ambulatory health care services,6508477
2014-02,hospitals_nursing,"Hospitals, nursing and residential care facilities",7951456
2014-02,social_assistance,Social assistance,3207541
2014-02,performing_arts_museums,"Performing arts, spectator sports, museums, and related activities",530665
2014-02,amusement_recreation,"Amusements, gambling, and recreation industries",1317607
2014-02,accommodation,Accommodation,1785605
2014-02,food_services,Food services and drinking places,10215727
2014-02,other_services,"Other services, except government",4132176
2014-03,oil_gas_extraction,Oil and gas extraction,192425
2014-03,mining_except_oil_gas,"Mining, except oil and gas",200736
2014-03,support_mining,Support activities for mining,423065
2014-03,utilities,Utilities,548487
2014-03,construction,Construction,5721649
2014-03,wood_products,Wood products,360789
2014-03,nonmetallic_mineral,Nonmetallic mineral products,368211
2014-03,primary_metals,Primary metals,395573
2014-03,fabricated_metal,Fabricated metal products,1435259
2014-03,machinery,Machinery,1113777
2014-03,computer_electronic,Computer and electronic products,1045973
2014-03,electrical_equipment,"Electrical equipment, appliances, and components",374457
2014-03,motor_vehicles,"Motor vehicles, bodies and trailers, and parts",865471
2014-03,other_transport_equipment,Other transportation equipment,681131
2014-03,furniture,Furniture and related products,365242
2014-03,misc_manufacturing,Miscellaneous manufacturing,579491
2014-03,food_beverage_tobacco,Food and beverage and tobacco products,1657253
2014-03,textiles,Textile mills and textile product mills,229737
2014-03,apparel_leather,Apparel and leather and allied products,170246
2014-03,paper,Paper products,371818
2014-03,printing,Printing and related support activities,451344
2014-03,petroleum_coal,Petroleum and coal products,107329
2014-03,chemicals,Chemical products,796222
2014-03,plastics_rubber,Plastics and rubber products,667182
2014-03,wholesale,Wholesale trade,5743746
2014-03,retail,Retail trade,14969269
2014-03,air_transport,Air transportation,440484
2014-03,rail_transport,Rail transportation,625
2014-03,water_transport,Water transportation,64806
2014-03,truck_transport,Truck transportation,1369550
2014-03,transit_ground,Transit and ground passenger transportation,468299
2014-03,pipeline,Pipeline transportation,46392
2014-03,other_transport_support,Other transportation and support activities,636153
2014-03,warehousing,Warehousing and storage,723323
2014-03,information,Information,2712235
2014-03,credit_intermediation,"Federal Reserve banks, credit intermediation, and related activities",2575086
2014-03,securities,"Securities, commodity contracts, and investments",866686
2014-03,insurance,Insurance carriers and related activities,2149929
2014-03,funds_trusts,"Funds, trusts, and other financial vehicles",5363
2014-03,real_estate,Real estate,1454880
2014-03,rental_leasing,Rental and leasing services and lessors of intangible assets,532682
2014-03,legal,Legal services,1114370
2014-03,computer_systems,Computer systems design and related services,1740080
2014-03,misc_professional,"Miscellaneous professional, scientific, and technical services",5432272
2014-03,management_companies,Management of companies and enterprises,2137823
2014-03,admin_support,Administrative and support services,7828958
2014-03,waste_remediation,Waste management and remediation services,375198
2014-03,education,Educational services,2725925
2014-03,ambulatory_health,Ambulatory health care services,6537412
2014-03,hospitals_nursing,"Hospitals, nursing and residential care facilities",7974212
2014-03,social_assistance,Social assistance,3228200
2014-03,performing_arts_museums,"Performing arts, spectator sports, museums, and related activities",557687
2014-03,amusement_recreation,"Amusements, gambling, and recreation industries",1365672
2014-03,accommodation,Accommodation,1815075
2014-03,food_services,Food services and drinking places,10410261
2014-03,other_services,"Other services, except government",4172491
2014-04,oil_gas_extraction,Oil and gas extraction,193445
2014-04,mining_except_oil_gas,"Mining, except oil and gas",204971
2014-04,support_mining,Support activities for mining,427385
2014-04,utilities,Utilities,545380
2014-04,construction,Construction,5934112
2014-04,wood_products,Wood products,364308
2014-04,nonmetallic_mineral,Nonmetallic mineral products,376853
2014-04,primary_metals,Primary metals,395553
2014-04,fabricated_metal,Fabricated metal products,1439370
2014-04,machinery,Machinery,1114368
2014-04,computer_electronic,Computer and electronic products,1043522
2014-04,electrical_equipment,"Electrical equipment, appliances, and components",375894
2014-04,motor_vehicles,"Motor vehicles, bodies and trailers, and parts",862667
2014-04,other_transport_equipment,Other transportation equipment,680512
2014-04,furniture,Furniture and related products,366128
2014-04,misc_manufacturing,Miscellaneous manufacturing,579128
2014-04,food_beverage_tobacco,Food and beverage and tobacco products,1668307
2014-04,textiles,Textile mills and textile product mills,229919
2014-04,apparel_leather,Apparel and leather and allied products,169552
2014-04,paper,Paper products,371353
2014-04,printing,Printing and related support activities,451528
2014-04,petroleum_coal,Petroleum and coal products,108265
2014-04,chemicals,Chemical products,795124
2014-04,plastics_rubber,Plastics and rubber products,668820
2014-04,wholesale,Wholesale trade,5772307
2014-04,retail,Retail trade,15099529
2014-04,air_transport,Air transportation,448419
2014-04,rail_transport,Rail transportation,632
2014-04,water_transport,Water transportation,66636
2014-04,truck_transport,Truck transportation,1384983
2014-04,transit_ground,Transit and ground passenger transportation,471887
2014-04,pipeline,Pipeline transportation,46550
2014-04,other_transport_support,Other transportation and support activities,641535
2014-04,warehousing,Warehousing and storage,723857
2014-04,information,Information,2721589
2014-04,credit_intermediation,"Federal Reserve banks, credit intermediation, and related activities",2570142
2014-04,securities,"Securities, commodity contracts, and investments",869403
2014-04,insurance,Insurance carriers and related activities,2153368
2014-04,funds_trusts,"Funds, trusts, and other financial vehicles",5443
2014-04,real_estate,Real estate,1468778
2014-04,rental_leasing,Rental and leasing services and lessors of intangible assets,540836
2014-04,legal,Legal services,1113992
2014-04,computer_systems,Computer systems design and related services,1764131
2014-04,misc_professional,"Miscellaneous professional, scientific, and technical services",5464434
2014-04,management_companies,Management of companies and enterprises,2137700
2014-04,admin_support,Administrative and support services,8051048
2014-04,waste_remediation,Waste management and remediation services,380978
2014-04,education,Educational services,2752087
2014-04,ambulatory_health,Ambulatory health care services,6565408
2014-04,hospitals_nursing,"Hospitals, nursing and residential care facilities",7980443
2014-04,social_assistance,Social assistance,3268183
2014-04,performing_arts_museums,"Performing arts, spectator sports, museums, and related activities",596855
2014-04,amusement_recreation,"Amusements, gambling, and recreation industries",1447857
2014-04,accommodation,Accommodation,1842616
2014-04,food_services,Food services and drinking places,10630348
2014-04,other_services,"Other services, except government",4216606
2014-05,oil_gas_extraction,Oil and gas extraction,194891
2014-05,mining_except_oil_gas,"Mining, except oil and gas",208470
2014-05,support_mining,Support activities for mining,432179
2014-05,utilities,Utilities,547332
2014-05,construction,Construction,6142603
2014-05,wood_products,Wood products,369095
2014-05,nonmetallic_mineral,Nonmetallic mineral products,384946
2014-05,primary_metals,Primary metals,396119
2014-05,fabricated_metal,Fabricated metal products,1446752
2014-05,machinery,Machinery,1118525
2014-05,computer_electronic,Computer and electronic products,1044357
2014-05,electrical_equipment,"Electrical equipment, appliances, and components",376523
2014-05,motor_vehicles,"Motor vehicles, bodies and trailers, and parts",871829
2014-05,other_transport_equipment,Other transportation equipment,681692
2014-05,furniture,Furniture and related products,368077
2014-05,misc_manufacturing,Miscellaneous manufacturing,581724
2014-05,food_beverage_tobacco,Food and beverage and tobacco products,1678009
2014-05,textiles,Textile mills and textile product mills,231584
2014-05,apparel_leather,Apparel and leather and allied products,169724
2014-05,paper,Paper products,372009
2014-05,printing,Printing and related support activities,452303
2014-05,petroleum_coal,Petroleum and coal products,110404
2014-05,chemicals,Chemical products,799483
2014-05,plastics_rubber,Plastics and rubber products,671651
2014-05,wholesale,Wholesale trade,5813562
2014-05,retail,Retail trade,15214625
2014-05,air_transport,Air transportation,448685
2014-05,rail_transport,Rail transportation,631
2014-05,water_transport,Water transportation,68607
2014-05,truck_transport,Truck transportation,1406680
2014-05,transit_ground,Transit and ground passenger transportation,475455
2014-05,pipeline,Pipeline transportation,46850
2014-05,other_transport_support,Other transportation and support activities,650703
2014-05,warehousing,Warehousing and storage,727930
2014-05,information,Information,2732159
2014-05,credit_intermediation,"Federal Reserve banks, credit intermediation, and related activities",2571725
2014-05,securities,"Securities, commodity contracts, and investments",873118
2014-05,insurance,Insurance carriers and related activities,2160349
2014-05,funds_trusts,"Funds, trusts, and other financial vehicles",5642
2014-05,real_estate,Real estate,1484420
2014-05,rental_leasing,Rental and leasing services and lessors of intangible assets,556055
2014-05,legal,Legal services,1117471
2014-05,computer_systems,Computer systems design and related services,1774940
2014-05,misc_professional,"Miscellaneous professional, scientific, and technical services",5364770
2014-05,management_companies,Management of companies and enterprises,2146456
2014-05,admin_support,Administrative and support services,8249472
2014-05,waste_remediation,Waste management and remediation services,386393
2014-05,education,Educational services,2711451
2014-05,ambulatory_health,Ambulatory health care services,6601802
2014-05,hospitals_nursing,"Hospitals, nursing and residential care facilities",7997478
2014-05,social_assistance,Social assistance,3290342
2014-05,performing_arts_museums,"Performing arts, spectator sports, museums, and related activities",619305
2014-05,amusement_recreation,"Amusements, gambling, and recreation industries",1576981
2014-05,accommodation,Accommodation,1901685
2014-05,food_services,Food services and drinking places,10834199
2014-05,other_services,"Other services, except government",4262905
2014-06,oil_gas_extraction,Oil and gas extraction,197027
2014-06,mining_except_oil_gas,"Mining, except oil and gas",210771
2014-06,support_mining,Support activities for mining,437660
2014-06,utilities,Utilities,551319
2014-06,construction,Construction,6271526
2014-06,wood_products,Wood products,373446
2014-06,nonmetallic_mineral,Nonmetallic mineral products,388497
2014-06,primary_metals,Primary metals,399096
2014-06,fabricated_metal,Fabricated metal products,1455395
2014-06,machinery,Machinery,1126600
2014-06,computer_electronic,Computer and electronic products,1051773
2014-06,electrical_equipment,"Electrical equipment, appliances, and components",379238
2014-06,motor_vehicles,"Motor vehicles, bodies and trailers, and parts",888564
2014-06,other_transport_equipment,Other transportation equipment,685570
2014-06,furniture,Furniture and related products,370586
2014-06,misc_manufacturing,Miscellaneous manufacturing,584312
2014-06,food_beverage_tobacco,Food and beverage and tobacco products,1702525
2014-06,textiles,Textile mills and textile product mills,232332
2014-06,apparel_leather,Apparel and leather and allied products,169792
2014-06,paper,Paper products,374135
2014-06,printing,Printing and related support activities,453507
2014-06,petroleum_coal,Petroleum and coal products,111878
2014-06,chemicals,Chemical products,805346
2014-06,plastics_rubber,Plastics and rubber products,676433
2014-06,wholesale,Wholesale trade,5843555
2014-06,retail,Retail trade,15336705
2014-06,air_transport,Air transportation,445879
2014-06,rail_transport,Rail transportation,615
2014-06,water_transport,Water transportation,69982
2014-06,truck_transport,Truck transportation,1422303
2014-06,transit_ground,Transit and ground passenger transportation,454883
2014-06,pipeline,Pipeline transportation,47196
2014-06,other_transport_support,Other transportation and support activities,657406
2014-06,warehousing,Warehousing and storage,732276
2014-06,information,Information,2745472
2014-06,credit_intermediation,"Federal Reserve banks, credit intermediation, and related activities",2577842
2014-06,securities,"Securities, commodity contracts, and investments",882193
2014-06,insurance,Insurance carriers and related activities,2172809
2014-06,funds_trusts,"Funds, trusts, and other financial vehicles",5617
2014-06,real_estate,Real estate,1505400
2014-06,rental_leasing,Rental and leasing services and lessors of intangible assets,568466
2014-06,legal,Legal services,1130281
2014-06,computer_systems,Computer systems design and related services,1777405
2014-06,misc_professional,"Miscellaneous professional, scientific, and technical services",5405184
2014-06,management_companies,Management of companies and enterprises,2163801
2014-06,admin_support,Administrative and support services,8274639
2014-06,waste_remediation,Waste management and remediation services,392277
2014-06,education,Educational services,2575497
2014-06,ambulatory_health,Ambulatory health care services,6613250
2014-06,hospitals_nursing,"Hospitals, nursing and residential care facilities",8013858
2014-06,social_assistance,Social assistance,3265336
2014-06,performing_arts_museums,"Performing arts, spectator sports, museums, and related activities",629673
2014-06,amusement_recreation,"Amusements, gambling, and recreation industries",1724337
2014-06,accommodation,Accommodation,1975658
2014-06,food_services,Food services and drinking places,10904006
2014-06,other_services,"Other services, except government",4310915
2014-07,oil_gas_extraction,Oil and gas extraction,199924
2014-07,mining_except_oil_gas,"Mining, except oil and gas",210909
2014-07,support_mining,Support activities for mining,443700
2014-07,utilities,Utilities,552093
2014-07,construction,Construction,6357297
2014-07,wood_products,Wood products,374652
2014-07,nonmetallic_mineral,Nonmetallic mineral products,390447
2014-07,primary_metals,Primary metals,398418
2014-07,fabricated_metal,Fabricated metal products,1455120
2014-07,machinery,Machinery,1125576
2014-07,computer_electronic,Computer and electronic products,1052792
2014-07,electrical_equipment,"Electrical equipment, appliances, and components",379875
2014-07,motor_vehicles,"Motor vehicles, bodies and trailers, and parts",865766
2014-07,other_transport_equipment,Other transportation equipment,684828
2014-07,furniture,Furniture and related products,370606
2014-07,misc_manufacturing,Miscellaneous manufacturing,583689
2014-07,food_beverage_tobacco,Food and beverage and tobacco products,1724525
2014-07,textiles,Textile mills and textile product mills,230611
2014-07,apparel_leather,Apparel and leather and allied products,168024
2014-07,paper,Paper products,373574
2014-07,printing,Printing and related support activities,452297
2014-07,petroleum_coal,Petroleum and coal products,112738
2014-07,chemicals,Chemical products,805704
2014-07,plastics_rubber,Plastics and rubber products,676400
2014-07,wholesale,Wholesale trade,5848197
2014-07,retail,Retail trade,15326097
2014-07,air_transport,Air transportation,448144
2014-07,rail_transport,Rail transportation,775
2014-07,water_transport,Water transportation,71030
2014-07,truck_transport,Truck transportation,1426488
2014-07,transit_ground,Transit and ground passenger transportation,389239
2014-07,pipeline,Pipeline transportation,47211
2014-07,other_transport_support,Other transportation and support activities,657965
2014-07,warehousing,Warehousing and storage,733906
2014-07,information,Information,2748913
2014-07,credit_intermediation,"Federal Reserve banks, credit intermediation, and related activities",2578995
2014-07,securities,"Securities, commodity contracts, and investments",893723
2014-07,insurance,Insurance carriers and related activities,2179936
2014-07,funds_trusts,"Funds, trusts, and other financial vehicles",5779
2014-07,real_estate,Real estate,1513902
2014-07,rental_leasing,Rental and leasing services and lessors of intangible assets,569033
2014-07,legal,Legal services,1128306
2014-07,computer_systems,Computer systems design and related services,1805729
2014-07,misc_professional,"Miscellaneous professional, scientific, and technical services",5427915
2014-07,management_companies,Management of companies and enterprises,2169191
2014-07,admin_support,Administrative and support services,8225626
2014-07,waste_remediation,Waste management and remediation services,394498
2014-07,education,Educational services,2472303
2014-07,ambulatory_health,Ambulatory health care services,6618644
2014-07,hospitals_nursing,"Hospitals, nursing and residential care facilities",8031795
2014-07,social_assistance,Social assistance,3247573
2014-07,performing_arts_museums,"Performing arts, spectator sports, museums, and related activities",626811
2014-07,amusement_recreation,"Amusements, gambling, and recreation industries",1768643
2014-07,accommodation,Accommodation,2013945
2014-07,food_services,Food services and drinking places,10815149
2014-07,other_services,"Other services, except government",4303906
2014-08,oil_gas_extraction,Oil and gas extraction,200295
2014-08,mining_except_oil_gas,"Mining, except oil and gas",210805
2014-08,support_mining,Support activities for mining,449312
2014-08,utilities,Utilities,551984
2014-08,construction,Construction,6405465
2014-08,wood_products,Wood products,376199
2014-08,nonmetallic_mineral,Nonmetallic mineral products,392121
2014-08,primary_metals,Primary metals,399324
2014-08,fabricated_metal,Fabricated metal products,1459172
2014-08,machinery,Machinery,1125091
2014-08,computer_electronic,Computer and electronic products,1052263
2014-08,electrical_equipment,"Electrical equipment, appliances, and components",379826
2014-08,motor_vehicles,"Motor vehicles, bodies and trailers, and parts",887568
2014-08,other_transport_equipment,Other transportation equipment,684108
2014-08,furniture,Furniture and related products,370368
2014-08,misc_manufacturing,Miscellaneous manufacturing,584496
2014-08,food_beverage_tobacco,Food and beverage and tobacco products,1740838
2014-08,textiles,Textile mills and textile product mills,231821
2014-08,apparel_leather,Apparel and leather and allied products,167635
2014-08,paper,Paper products,372496
2014-08,printing,Printing and related support activities,452112
2014-08,petroleum_coal,Petroleum and coal products,112633
2014-08,chemicals,Chemical products,805460
2014-08,plastics_rubber,Plastics and rubber products,677463
2014-08,wholesale,Wholesale trade,5858282
2014-08,retail,Retail trade,15359239
2014-08,air_transport,Air transportation,446185
2014-08,rail_transport,Rail transportation,796
2014-08,water_transport,Water transportation,71162
2014-08,truck_transport,Truck transportation,1438772
2014-08,transit_ground,Transit and ground passenger transportation,401353
2014-08,pipeline,Pipeline transportation,47362
2014-08,other_transport_support,Other transportation and support activities,661284
2014-08,warehousing,Warehousing and storage,742408
2014-08,information,Information,2754066
2014-08,credit_intermediation,"Federal Reserve banks, credit intermediation, and related activities",2577808
2014-08,securities,"Securities, commodity contracts, and investments",896727
2014-08,insurance,Insurance carriers and related activities,2184192
2014-08,funds_trusts,"Funds, trusts, and other financial vehicles",5685
2014-08,real_estate,Real estate,1517817
2014-08,rental_leasing,Rental and leasing services and lessors of intangible assets,569089
2014-08,legal,Legal services,1122112
2014-08,computer_systems,Computer systems design and related services,1813017
2014-08,misc_professional,"Miscellaneous professional, scientific, and technical services",5450943
2014-08,management_companies,Management of companies and enterprises,2169386
2014-08,admin_support,Administrative and support services,8356672
2014-08,waste_remediation,Waste management and remediation services,394451
2014-08,education,Educational services,2499066
2014-08,ambulatory_health,Ambulatory health care services,6651862
2014-08,hospitals_nursing,"Hospitals, nursing and residential care facilities",8047133
2014-08,social_assistance,Social assistance,3277382
2014-08,performing_arts_museums,"Performing arts, spectator sports, museums, and related activities",630817
2014-08,amusement_recreation,"Amusements, gambling, and recreation industries",1722946
2014-08,accommodation,Accommodation,2006591
2014-08,food_services,Food services and drinking places,10891868
2014-08,other_services,"Other services, except government",4289287
2014-09,oil_gas_extraction,Oil and gas extraction,197996
2014-09,mining_except_oil_gas,"Mining, except oil and gas",209301
2014-09,support_mining,Support activities for mining,451720
2014-09,utilities,Utilities,549730
2014-09,construction,Construction,6377394
2014-09,wood_products,Wood products,375044
2014-09,nonmetallic_mineral,Nonmetallic mineral products,390411
2014-09,primary_metals,Primary metals,398755
2014-09,fabricated_metal,Fabricated metal products,1456968
2014-09,machinery,Machinery,1119560
2014-09,computer_electronic,Computer and electronic products,1046127
2014-09,electrical_equipment,"Electrical equipment, appliances, and components",378243
2014-09,motor_vehicles,"Motor vehicles, bodies and trailers, and parts",888297
2014-09,other_transport_equipment,Other transportation equipment,681041
2014-09,furniture,Furniture and related products,369262
2014-09,misc_manufacturing,Miscellaneous manufacturing,582065
2014-09,food_beverage_tobacco,Food and beverage and tobacco products,1733996
2014-09,textiles,Textile mills and textile product mills,231973
2014-09,apparel_leather,Apparel and leather and allied products,167143
2014-09,paper,Paper products,370598
2014-09,printing,Printing and related support activities,450312
2014-09,petroleum_coal,Petroleum and coal products,111781
2014-09,chemicals,Chemical products,800254
2014-09,plastics_rubber,Plastics and rubber products,676260
2014-09,wholesale,Wholesale trade,5841233
2014-09,retail,Retail trade,15275495
2014-09,air_transport,Air transportation,444231
2014-09,rail_transport,Rail transportation,795
2014-09,water_transport,Water transportation,69948
2014-09,truck_transport,Truck transportation,1439107
2014-09,transit_ground,Transit and ground passenger transportation,474001
2014-09,pipeline,Pipeline transportation,47343
2014-09,other_transport_support,Other transportation and support activities,658120
2014-09,warehousing,Warehousing and storage,748689
2014-09,information,Information,2722968
2014-09,credit_intermediation,"Federal Reserve banks, credit intermediation, and related activities",2563674
2014-09,securities,"Securities, commodity contracts, and investments",881070
2014-09,insurance,Insurance carriers and related activities,2178871
2014-09,funds_trusts,"Funds, trusts, and other financial vehicles",5735
2014-09,real_estate,Real estate,1497006
2014-09,rental_leasing,Rental and leasing services and lessors of intangible assets,565159
2014-09,legal,Legal services,1112235
2014-09,computer_systems,Computer systems design and related services,1792240
2014-09,misc_professional,"Miscellaneous professional, scientific, and technical services",5414670
2014-09,management_companies,Management of companies and enterprises,2155577
2014-09,admin_support,Administrative and support services,8393836
2014-09,waste_remediation,Waste management and remediation services,390827
2014-09,education,Educational services,2666155
2014-09,ambulatory_health,Ambulatory health care services,6649492
2014-09,hospitals_nursing,"Hospitals, nursing and residential care facilities",8030228
2014-09,social_assistance,Social assistance,3287059
2014-09,performing_arts_museums,"Performing arts, spectator sports, museums, and related activities",614527
2014-09,amusement_recreation,"Amusements, gambling, and recreation industries",1549763
2014-09,accommodation,Accommodation,1926015
2014-09,food_services,Food services and drinking places,10806024
2014-09,other_services,"Other services, except government",4245874
2014-10,oil_gas_extraction,Oil and gas extraction,199707
2014-10,mining_except_oil_gas,"Mining, except oil and gas",208149
2014-10,support_mining,Support activities for mining,455844
2014-10,utilities,Utilities,549915
2014-10,construction,Construction,6398488
2014-10,wood_products,Wood products,375064
2014-10,nonmetallic_mineral,Nonmetallic mineral products,390613
2014-10,primary_metals,Primary metals,399259
2014-10,fabricated_metal,Fabricated metal products,1458838
2014-10,machinery,Machinery,1123908
2014-10,computer_electronic,Computer and electronic products,1043549
2014-10,electrical_equipment,"Electrical equipment, appliances, and components",378459
2014-10,motor_vehicles,"Motor vehicles, bodies and trailers, and parts",891269
2014-10,other_transport_equipment,Other transportation equipment,679966
2014-10,furniture,Furniture and related products,369735
2014-10,misc_manufacturing,Miscellaneous manufacturing,583944
2014-10,food_beverage_tobacco,Food and beverage and tobacco products,1722909
2014-10,textiles,Textile mills and textile product mills,231795
2014-10,apparel_leather,Apparel and leather and allied products,166779
2014-10,paper,Paper products,369865
2014-10,printing,Printing and related support activities,450862
2014-10,petroleum_coal,Petroleum and coal products,111551
2014-10,chemicals,Chemical products,800256
2014-10,plastics_rubber,Plastics and rubber products,676352
2014-10,wholesale,Wholesale trade,5860336
2014-10,retail,Retail trade,15450888
2014-10,air_transport,Air transportation,449525
2014-10,rail_transport,Rail transportation,892
2014-10,water_transport,Water transportation,68741
2014-10,truck_transport,Truck transportation,1439617
2014-10,transit_ground,Transit and ground passenger transportation,478812
2014-10,pipeline,Pipeline transportation,47307
2014-10,other_transport_support,Other transportation and support activities,660007
2014-10,warehousing,Warehousing and storage,761145
2014-10,information,Information,2736706
2014-10,credit_intermediation,"Federal Reserve banks, credit intermediation, and related activities",2562677
2014-10,securities,"Securities, commodity contracts, and investments",888527
2014-10,insurance,Insurance carriers and related activities,2193418
2014-10,funds_trusts,"Funds, trusts, and other financial vehicles",5662
2014-10,real_estate,Real estate,1501542
2014-10,rental_leasing,Rental and leasing services and lessors of intangible assets,563621
2014-10,legal,Legal services,1119687
2014-10,computer_systems,Computer systems design and related services,1826416
2014-10,misc_professional,"Miscellaneous professional, scientific, and technical services",5480166
2014-10,management_companies,Management of companies and enterprises,2159661
2014-10,admin_support,Administrative and support services,8486438
2014-10,waste_remediation,Waste management and remediation services,391429
2014-10,education,Educational services,2764223
2014-10,ambulatory_health,Ambulatory health care services,6697551
2014-10,hospitals_nursing,"Hospitals, nursing and residential care facilities",8037515
2014-10,social_assistance,Social assistance,3319233
2014-10,performing_arts_museums,"Performing arts, spectator sports, museums, and related activities",605752
2014-10,amusement_recreation,"Amusements, gambling, and recreation industries",1479129
2014-10,accommodation,Accommodation,1885180
2014-10,food_services,Food services and drinking places,10731777
2014-10,other_services,"Other services, except government",4264637
2014-11,oil_gas_extraction,Oil and gas extraction,200240
2014-11,mining_except_oil_gas,"Mining, except oil and gas",206369
2014-11,support_mining,Support activities for mining,457970
2014-11,utilities,Utilities,549889
2014-11,construction,Construction,6320311
2014-11,wood_products,Wood products,375121
2014-11,nonmetallic_mineral,Nonmetallic mineral products,389104
2014-11,primary_metals,Primary metals,399214
2014-11,fabricated_metal,Fabricated metal products,1462127
2014-11,machinery,Machinery,1126854
2014-11,computer_electronic,Computer and electronic products,1044986
2014-11,electrical_equipment,"Electrical equipment, appliances, and components",379400
2014-11,motor_vehicles,"Motor vehicles, bodies and trailers, and parts",903478
2014-11,other_transport_equipment,Other transportation equipment,680496
2014-11,furniture,Furniture and related products,369858
2014-11,misc_manufacturing,Miscellaneous manufacturing,586807
2014-11,food_beverage_tobacco,Food and beverage and tobacco products,1702913
2014-11,textiles,Textile mills and textile product mills,231832
2014-11,apparel_leather,Apparel and leather and allied products,165899
2014-11,paper,Paper products,370486
2014-11,printing,Printing and related support activities,451071
2014-11,petroleum_coal,Petroleum and coal products,110673
2014-11,chemicals,Chemical products,802643
2014-11,plastics_rubber,Plastics and rubber products,678079
2014-11,wholesale,Wholesale trade,5881922
2014-11,retail,Retail trade,15957213
2014-11,air_transport,Air transportation,448987
2014-11,rail_transport,Rail transportation,911
2014-11,water_transport,Water transportation,67716
2014-11,truck_transport,Truck transportation,1440657
2014-11,transit_ground,Transit and ground passenger transportation,479353
2014-11,pipeline,Pipeline transportation,47387
2014-11,other_transport_support,Other transportation and support activities,658679
2014-11,warehousing,Warehousing and storage,776952
2014-11,information,Information,2746609
2014-11,credit_intermediation,"Federal Reserve banks, credit intermediation, and related activities",2570008
2014-11,securities,"Securities, commodity contracts, and investments",891894
2014-11,insurance,Insurance carriers and related activities,2203359
2014-11,funds_trusts,"Funds, trusts, and other financial vehicles",5874
2014-11,real_estate,Real estate,1500582
2014-11,rental_leasing,Rental and leasing services and lessors of intangible assets,558940
2014-11,legal,Legal services,1121425
2014-11,computer_systems,Computer systems design and related services,1837077
2014-11,misc_professional,"Miscellaneous professional, scientific, and technical services",5516423
2014-11,management_companies,Management of companies and enterprises,2166486
2014-11,admin_support,Administrative and support services,8523596
2014-11,waste_remediation,Waste management and remediation services,389957
2014-11,education,Educational services,2781218
2014-11,ambulatory_health,Ambulatory health care services,6730434
2014-11,hospitals_nursing,"Hospitals, nursing and residential care facilities",8058125
2014-11,social_assistance,Social assistance,3332028
2014-11,performing_arts_museums,"Performing arts, spectator sports, museums, and related activities",584329
2014-11,amusement_recreation,"Amusements, gambling, and recreation industries",1380342
2014-11,accommodation,Accommodation,1841105
2014-11,food_services,Food services and drinking places,10701469
2014-11,other_services,"Other services, except government",4259913
2014-12,oil_gas_extraction,Oil and gas extraction,200850
2014-12,mining_except_oil_gas,"Mining, except oil and gas",202397
2014-12,support_mining,Support activities for mining,458319
2014-12,utilities,Utilities,550482
2014-12,construction,Construction,6199078
2014-12,wood_products,Wood products,375147
2014-12,nonmetallic_mineral,Nonmetallic mineral products,385900
2014-12,primary_metals,Primary metals,400434
2014-12,fabricated_metal,Fabricated metal products,1467274
2014-12,machinery,Machinery,1134055
2014-12,computer_electronic,Computer and electronic products,1048487
2014-12,electrical_equipment,"Electrical equipment, appliances, and components",381301
2014-12,motor_vehicles,"Motor vehicles, bodies and trailers, and parts",910404
2014-12,other_transport_equipment,Other transportation equipment,682098
2014-12,furniture,Furniture and related products,371259
2014-12,misc_manufacturing,Miscellaneous manufacturing,588383
2014-12,food_beverage_tobacco,Food and beverage and tobacco products,1700556
2014-12,textiles,Textile mills and textile product mills,232200
2014-12,apparel_leather,Apparel and leather and allied products,165694
2014-12,paper,Paper products,371138
2014-12,printing,Printing and related support activities,451913
2014-12,petroleum_coal,Petroleum and coal products,109716
2014-12,chemicals,Chemical products,805214
2014-12,plastics_rubber,Plastics and rubber products,681033
2014-12,wholesale,Wholesale trade,5903691
2014-12,retail,Retail trade,16150525
2014-12,air_transport,Air transportation,446834
2014-12,rail_transport,Rail transportation,934
2014-12,water_transport,Water transportation,67534
2014-12,truck_transport,Truck transportation,1443024
2014-12,transit_ground,Transit and ground passenger transportation,480213
2014-12,pipeline,Pipeline transportation,47488
2014-12,other_transport_support,Other transportation and support activities,660894
2014-12,warehousing,Warehousing and storage,781349
2014-12,information,Information,2755405
2014-12,credit_intermediation,"Federal Reserve banks, credit intermediation, and related activities",2578366
2014-12,securities,"Securities, commodity contracts, and investments",895394
2014-12,insurance,Insurance carriers and related activities,2213103
2014-12,funds_trusts,"Funds, trusts, and other financial vehicles",5961
2014-12,real_estate,Real estate,1511272
2014-12,rental_leasing,Rental and leasing services and lessors of intangible assets,559166
2014-12,legal,Legal services,1128099
2014-12,computer_systems,Computer systems design and related services,1837164
2014-12,misc_professional,"Miscellaneous professional, scientific, and technical services",5568116
2014-12,management_companies,Management of companies and enterprises,2175469
2014-12,admin_support,Administrative and support services,8450205
2014-12,waste_remediation,Waste management and remediation services,389386
2014-12,education,Educational services,2755419
2014-12,ambulatory_health,Ambulatory health care services,6767171
2014-12,hospitals_nursing,"Hospitals, nursing and residential care facilities",8081226
2014-12,social_assistance,Social assistance,3337280
2014-12,performing_arts_museums,"Performing arts, spectator sports, museums, and related activities",584100
2014-12,amusement_recreation,"Amusements, gambling, and recreation industries",1394928
2014-12,accommodation,Accommodation,1839487
2014-12,food_services,Food services and drinking places,10696384
2014-12,other_services,"Other services, except government",4259732
2015-01,oil_gas_extraction,Oil and gas extraction,200916
2015-01,mining_except_oil_gas,"Mining, except oil and gas",196223
2015-01,support_mining,Support activities for mining,446249
2015-01,utilities,Utilities,549466
2015-01,construction,Construction,5921472
2015-01,wood_products,Wood products,370947
2015-01,nonmetallic_mineral,Nonmetallic mineral products,377780
2015-01,primary_metals,Primary metals,399250
2015-01,fabricated_metal,Fabricated metal products,1462875
2015-01,machinery,Machinery,1132057
2015-01,computer_electronic,Computer and electronic products,1046981
2015-01,electrical_equipment,"Electrical equipment, appliances, and components",380999
2015-01,motor_vehicles,"Motor vehicles, bodies and trailers, and parts",893031
2015-01,other_transport_equipment,Other transportation equipment,690479
2015-01,furniture,Furniture and related products,371237
2015-01,misc_manufacturing,Miscellaneous manufacturing,580567
2015-01,food_beverage_tobacco,Food and beverage and tobacco products,1684201
2015-01,textiles,Textile mills and textile product mills,229798
2015-01,apparel_leather,Apparel and leather and allied products,164353
2015-01,paper,Paper products,371209
2015-01,printing,Printing and related support activities,448781
2015-01,petroleum_coal,Petroleum and coal products,107115
2015-01,chemicals,Chemical products,800226
2015-01,plastics_rubber,Plastics and rubber products,678306
2015-01,wholesale,Wholesale trade,5783014
2015-01,retail,Retail trade,15351911
2015-01,air_transport,Air transportation,449774
2015-01,rail_transport,Rail transportation,705
2015-01,water_transport,Water transportation,65171
2015-01,truck_transport,Truck transportation,1405329
2015-01,transit_ground,Transit and ground passenger transportation,476131
2015-01,pipeline,Pipeline transportation,48221
2015-01,other_transport_support,Other transportation and support activities,659327
2015-01,warehousing,Warehousing and storage,783761
2015-01,information,Information,2701939
2015-01,credit_intermediation,"Federal Reserve banks, credit intermediation, and related activities",2566844
2015-01,securities,"Securities, commodity contracts, and investments",884622
2015-01,insurance,Insurance carriers and related activities,2210012
2015-01,funds_trusts,"Funds, trusts, and other financial vehicles",6310
2015-01,real_estate,Real estate,1476924
2015-01,rental_leasing,Rental and leasing services and lessors of intangible assets,545612
2015-01,legal,Legal services,1106049
2015-01,computer_systems,Computer systems design and related services,1858288
2015-01,misc_professional,"Miscellaneous professional, scientific, and technical services",5516668
2015-01,management_companies,Management of companies and enterprises,2176334
2015-01,admin_support,Administrative and support services,7962541
2015-01,waste_remediation,Waste management and remediation services,384387
2015-01,education,Educational services,2642323
2015-01,ambulatory_health,Ambulatory health care services,6701374
2015-01,hospitals_nursing,"Hospitals, nursing and residential care facilities",8012112
2015-01,social_assistance,Social assistance,3353553
2015-01,performing_arts_museums,"Performing arts, spectator sports, museums, and related activities",534419
2015-01,amusement_recreation,"Amusements, gambling, and recreation industries",1355355
2015-01,accommodation,Accommodation,1805533
2015-01,food_services,Food services and drinking places,10478182
2015-01,other_services,"Other services, except government",4186617
2015-02,oil_gas_extraction,Oil and gas extraction,197227
2015-02,mining_except_oil_gas,"Mining, except oil and gas",195401
2015-02,support_mining,Support activities for mining,423167
2015-02,utilities,Utilities,550500
2015-02,construction,Construction,5928517
2015-02,wood_products,Wood products,371397
2015-02,nonmetallic_mineral,Nonmetallic mineral products,377423
2015-02,primary_metals,Primary metals,398990
2015-02,fabricated_metal,Fabricated metal products,1460842
2015-02,machinery,Machinery,1131318
2015-02,computer_electronic,Computer and electronic products,1047693
2015-02,electrical_equipment,"Electrical equipment, appliances, and components",380504
2015-02,motor_vehicles,"Motor vehicles, bodies and trailers, and parts",900350
2015-02,other_transport_equipment,Other transportation equipment,695711
2015-02,furniture,Furniture and related products,373080
2015-02,misc_manufacturing,Miscellaneous manufacturing,581455
2015-02,food_beverage_tobacco,Food and beverage and tobacco products,1688433
2015-02,textiles,Textile mills and textile product mills,230068
2015-02,apparel_leather,Apparel and leather and allied products,164618
2015-02,paper,Paper products,370880
2015-02,printing,Printing and related support activities,447936
2015-02,petroleum_coal,Petroleum and coal products,104586
2015-02,chemicals,Chemical products,802780
2015-02,plastics_rubber,Plastics and rubber products,680051
2015-02,wholesale,Wholesale trade,5794637
2015-02,retail,Retail trade,15202249
2015-02,air_transport,Air transportation,450787
2015-02,rail_transport,Rail transportation,719
2015-02,water_transport,Water transportation,65128
2015-02,truck_transport,Truck transportation,1404789
2015-02,transit_ground,Transit and ground passenger transportation,477286
2015-02,pipeline,Pipeline transportation,48194
2015-02,other_transport_support,Other transportation and support activities,662862
2015-02,warehousing,Warehousing and storage,784411
2015-02,information,Information,2716587
2015-02,credit_intermediation,"Federal Reserve banks, credit intermediation, and related activities",2567454
2015-02,securities,"Securities, commodity contracts, and investments",889351
2015-02,insurance,Insurance carriers and related activities,2215880
2015-02,funds_trusts,"Funds, trusts, and other financial vehicles",6600
2015-02,real_estate,Real estate,1482220
2015-02,rental_leasing,Rental and leasing services and lessors of intangible assets,546293
2015-02,legal,Legal services,1107355
2015-02,computer_systems,Computer systems design and related services,1867198
2015-02,misc_professional,"Miscellaneous professional, scientific, and technical services",5579176
2015-02,management_companies,Management of companies and enterprises,2177447
2015-02,admin_support,Administrative and support services,7979093
2015-02,waste_remediation,Waste management and remediation services,383554
2015-02,education,Educational services,2752662
2015-02,ambulatory_health,Ambulatory health care services,6721177
2015-02,hospitals_nursing,"Hospitals, nursing and residential care facilities",8015084
2015-02,social_assistance,Social assistance,3364080
2015-02,performing_arts_museums,"Performing arts, spectator sports, museums, and related activities",547814
2015-02,amusement_recreation,"Amusements, gambling, and recreation industries",1364625
2015-02,accommodation,Accommodation,1820913
2015-02,food_services,Food services and drinking places,10584538
2015-02,other_services,"Other services, except government",4208650
2015-03,oil_gas_extraction,Oil and gas extraction,195473
2015-03,mining_except_oil_gas,"Mining, except oil and gas",196493
2015-03,support_mining,Support activities for mining,403126
2015-03,utilities,Utilities,551900
2015-03,construction,Construction,6025045
2015-03,wood_products,Wood products,372000
2015-03,nonmetallic_mineral,Nonmetallic mineral products,382503
2015-03,primary_metals,Primary metals,398902
2015-03,fabricated_metal,Fabricated metal products,1460738
2015-03,machinery,Machinery,1130040
2015-03,computer_electronic,Computer and electronic products,1047478
2015-03,electrical_equipment,"Electrical equipment, appliances, and components",381312
2015-03,motor_vehicles,"Motor vehicles, bodies and trailers, and parts",902540
2015-03,other_transport_equipment,Other transportation equipment,690794
2015-03,furniture,Furniture and related products,374426
2015-03,misc_manufacturing,Miscellaneous manufacturing,582095
2015-03,food_beverage_tobacco,Food and beverage and tobacco products,1690952
2015-03,textiles,Textile mills and textile product mills,231023
2015-03,apparel_leather,Apparel and leather and allied products,165251
2015-03,paper,Paper products,370637
2015-03,printing,Printing and related support activities,448255
2015-03,petroleum_coal,Petroleum and coal products,105155
2015-03,chemicals,Chemical products,803885
2015-03,plastics_rubber,Plastics and rubber products,681691
2015-03,wholesale,Wholesale trade,5812041
2015-03,retail,Retail trade,15263711
2015-03,air_transport,Air transportation,448294
2015-03,rail_transport,Rail transportation,711
2015-03,water_transport,Water transportation,64705
2015-03,truck_transport,Truck transportation,1412083
2015-03,transit_ground,Transit and ground passenger transportation,479092
2015-03,pipeline,Pipeline transportation,48116
2015-03,other_transport_support,Other transportation and support activities,665099
2015-03,warehousing,Warehousing and storage,786431
2015-03,information,Information,2720795
2015-03,credit_intermediation,"Federal Reserve banks, credit intermediation, and related activities",2568623
2015-03,securities,"Securities, commodity contracts, and investments",887272
2015-03,insurance,Insurance carriers and related activities,2222333
2015-03,funds_trusts,"Funds, trusts, and other financial vehicles",6432
2015-03,real_estate,Real estate,1487052
2015-03,rental_leasing,Rental and leasing services and lessors of intangible assets,551740
2015-03,legal,Legal services,1109079
2015-03,computer_systems,Computer systems design and related services,1860480
2015-03,misc_professional,"Miscellaneous professional, scientific, and technical services",5589383
2015-03,management_companies,Management of companies and enterprises,2180960
2015-03,admin_support,Administrative and support services,8059386
2015-03,waste_remediation,Waste management and remediation services,383778
2015-03,education,Educational services,2757932
2015-03,ambulatory_health,Ambulatory health care services,6745185
2015-03,hospitals_nursing,"Hospitals, nursing and residential care facilities",8033996
2015-03,social_assistance,Social assistance,3377710
2015-03,performing_arts_museums,"Performing arts, spectator sports, museums, and related activities",570609
2015-03,amusement_recreation,"Amusements, gambling, and recreation industries",1407159
2015-03,accommodation,Accommodation,1847318
2015-03,food_services,Food services and drinking places,10739148
2015-03,other_services,"Other services, except government",4243182
2015-04,oil_gas_extraction,Oil and gas extraction,194433
2015-04,mining_except_oil_gas,"Mining, except oil and gas",200228
2015-04,support_mining,Support activities for mining,378288
2015-04,utilities,Utilities,551205
2015-04,construction,Construction,6269522
2015-04,wood_products,Wood products,375929
2015-04,nonmetallic_mineral,Nonmetallic mineral products,392435
2015-04,primary_metals,Primary metals,395985
2015-04,fabricated_metal,Fabricated metal products,1458539
2015-04,machinery,Machinery,1122429
2015-04,computer_electronic,Computer and electronic products,1047443
2015-04,electrical_equipment,"Electrical equipment, appliances, and components",378470
2015-04,motor_vehicles,"Motor vehicles, bodies and trailers, and parts",903680
2015-04,other_transport_equipment,Other transportation equipment,688733
2015-04,furniture,Furniture and related products,374840
2015-04,misc_manufacturing,Miscellaneous manufacturing,583722
2015-04,food_beverage_tobacco,Food and beverage and tobacco products,1693601
2015-04,textiles,Textile mills and textile product mills,231969
2015-04,apparel_leather,Apparel and leather and allied products,165603
2015-04,paper,Paper products,370251
2015-04,printing,Printing and related support activities,448104
2015-04,petroleum_coal,Petroleum and coal products,107928
2015-04,chemicals,Chemical products,802351
2015-04,plastics_rubber,Plastics and rubber products,683433
2015-04,wholesale,Wholesale trade,5845144
2015-04,retail,Retail trade,15386117
2015-04,air_transport,Air transportation,455342
2015-04,rail_transport,Rail transportation,732
2015-04,water_transport,Water transportation,66589
2015-04,truck_transport,Truck transportation,1428707
2015-04,transit_ground,Transit and ground passenger transportation,480479
2015-04,pipeline,Pipeline transportation,48358
2015-04,other_transport_support,Other transportation and support activities,671641
2015-04,warehousing,Warehousing and storage,793201
2015-04,information,Information,2731474
2015-04,credit_intermediation,"Federal Reserve banks, credit intermediation, and related activities",2568177
2015-04,securities,"Securities, commodity contracts, and investments",892387
2015-04,insurance,Insurance carriers and related activities,2226872
2015-04,funds_trusts,"Funds, trusts, and other financial vehicles",6725
2015-04,real_estate,Real estate,1506085
2015-04,rental_leasing,Rental and leasing services and lessors of intangible assets,557177
2015-04,legal,Legal services,1112160
2015-04,computer_systems,Computer systems design and related services,1888933
2015-04,misc_professional,"Miscellaneous professional, scientific, and technical services",5613807
2015-04,management_companies,Management of companies and enterprises,2183573
2015-04,admin_support,Administrative and support services,8253351
2015-04,waste_remediation,Waste management and remediation services,389382
2015-04,education,Educational services,2787887
2015-04,ambulatory_health,Ambulatory health care services,6779051
2015-04,hospitals_nursing,"Hospitals, nursing and residential care facilities",8050088
2015-04,social_assistance,Social assistance,3412067
2015-04,performing_arts_museums,"Performing arts, spectator sports, museums, and related activities",609367
2015-04,amusement_recreation,"Amusements, gambling, and recreation industries",1490464
2015-04,accommodation,Accommodation,1872843
2015-04,food_services,Food services and drinking places,10966858
2015-04,other_services,"Other services, except government",4284560
2015-05,oil_gas_extraction,Oil and gas extraction,193827
2015-05,mining_except_oil_gas,"Mining, except oil and gas",202250
2015-05,support_mining,Support activities for mining,365257
2015-05,utilities,Utilities,552454
2015-05,construction,Construction,6450997
2015-05,wood_products,Wood products,379080
2015-05,nonmetallic_mineral,Nonmetallic mineral products,398204
2015-05,primary_metals,Primary metals,394337
2015-05,fabricated_metal,Fabricated metal products,1458613
2015-05,machinery,Machinery,1121919
2015-05,computer_electronic,Computer and electronic products,1048810
2015-05,electrical_equipment,"Electrical equipment, appliances, and components",382002
2015-05,motor_vehicles,"Motor vehicles, bodies and trailers, and parts",914185
2015-05,other_transport_equipment,Other transportation equipment,688391
2015-05,furniture,Furniture and related products,377282
2015-05,misc_manufacturing,Miscellaneous manufacturing,585725
2015-05,food_beverage_tobacco,Food and beverage and tobacco products,1711589
2015-05,textiles,Textile mills and textile product mills,233072
2015-05,apparel_leather,Apparel and leather and allied products,165669
2015-05,paper,Paper products,370548
2015-05,printing,Printing and related support activities,448942
2015-05,petroleum_coal,Petroleum and coal products,109672
2015-05,chemicals,Chemical products,805632
2015-05,plastics_rubber,Plastics and rubber products,686450
2015-05,wholesale,Wholesale trade,5878215
2015-05,retail,Retail trade,15539844
2015-05,air_transport,Air transportation,457175
2015-05,rail_transport,Rail transportation,731
2015-05,water_transport,Water transportation,67969
2015-05,truck_transport,Truck transportation,1446609
2015-05,transit_ground,Transit and ground passenger transportation,485924
2015-05,pipeline,Pipeline transportation,48473
2015-05,other_transport_support,Other transportation and support activities,680728
2015-05,warehousing,Warehousing and storage,798770
2015-05,information,Information,2751171
2015-05,credit_intermediation,"Federal Reserve banks, credit intermediation, and related activities",2576262
2015-05,securities,"Securities, commodity contracts, and investments",894429
2015-05,insurance,Insurance carriers and related activities,2235300
2015-05,funds_trusts,"Funds, trusts, and other financial vehicles",6870
2015-05,real_estate,Real estate,1521240
2015-05,rental_leasing,Rental and leasing services and lessors of intangible assets,568923
2015-05,legal,Legal services,1116819
2015-05,computer_systems,Computer systems design and related services,1896751
2015-05,misc_professional,"Miscellaneous professional, scientific, and technical services",5511245
2015-05,management_companies,Management of companies and enterprises,2191296
2015-05,admin_support,Administrative and support services,8437006
2015-05,waste_remediation,Waste management and remediation services,394865
2015-05,education,Educational services,2752685
2015-05,ambulatory_health,Ambulatory health care services,6822546
2015-05,hospitals_nursing,"Hospitals, nursing and residential care facilities",8070196
2015-05,social_assistance,Social assistance,3439633
2015-05,performing_arts_museums,"Performing arts, spectator sports, museums, and related activities",631186
2015-05,amusement_recreation,"Amusements, gambling, and recreation industries",1618330
2015-05,accommodation,Accommodation,1930516
2015-05,food_services,Food services and drinking places,11189249
2015-05,other_services,"Other services, except government",4327565
2015-06,oil_gas_extraction,Oil and gas extraction,195465
2015-06,mining_except_oil_gas,"Mining, except oil and gas",203070
2015-06,support_mining,Support activities for mining,357009
2015-06,utilities,Utilities,557164
2015-06,construction,Construction,6579131
2015-06,wood_products,Wood products,383240
2015-06,nonmetallic_mineral,Nonmetallic mineral products,402216
2015-06,primary_metals,Primary metals,395223
2015-06,fabricated_metal,Fabricated metal products,1463320
2015-06,machinery,Machinery,1124862
2015-06,computer_electronic,Computer and electronic products,1057508
2015-06,electrical_equipment,"Electrical equipment, appliances, and components",384527
2015-06,motor_vehicles,"Motor vehicles, bodies and trailers, and parts",922006
2015-06,other_transport_equipment,Other transportation equipment,694103
2015-06,furniture,Furniture and related products,380976
2015-06,misc_manufacturing,Miscellaneous manufacturing,589612
2015-06,food_beverage_tobacco,Food and beverage and tobacco products,1740804
2015-06,textiles,Textile mills and textile product mills,233756
2015-06,apparel_leather,Apparel and leather and allied products,165476
2015-06,paper,Paper products,372714
2015-06,printing,Printing and related support activities,449798
2015-06,petroleum_coal,Petroleum and coal products,112493
2015-06,chemicals,Chemical products,810473
2015-06,plastics_rubber,Plastics and rubber products,690645
2015-06,wholesale,Wholesale trade,5904968
2015-06,retail,Retail trade,15658965
2015-06,air_transport,Air transportation,457504
2015-06,rail_transport,Rail transportation,736
2015-06,water_transport,Water transportation,69213
2015-06,truck_transport,Truck transportation,1461850
2015-06,transit_ground,Transit and ground passenger transportation,463693
2015-06,pipeline,Pipeline transportation,48828
2015-06,other_transport_support,Other transportation and support activities,689486
2015-06,warehousing,Warehousing and storage,806594
2015-06,information,Information,2767412
2015-06,credit_intermediation,"Federal Reserve banks, credit intermediation, and related activities",2585213
2015-06,securities,"Securities, commodity contracts, and investments",905077
2015-06,insurance,Insurance carriers and related activities,2248791
2015-06,funds_trusts,"Funds, trusts, and other financial vehicles",6991
2015-06,real_estate,Real estate,1541503
2015-06,rental_leasing,Rental and leasing services and lessors of intangible assets,580677
2015-06,legal,Legal services,1131562
2015-06,computer_systems,Computer systems design and related services,1897180
2015-06,misc_professional,"Miscellaneous professional, scientific, and technical services",5553739
2015-06,management_companies,Management of companies and enterprises,2209077
2015-06,admin_support,Administrative and support services,8458577
2015-06,waste_remediation,Waste management and remediation services,400246
2015-06,education,Educational services,2617486
2015-06,ambulatory_health,Ambulatory health care services,6834225
2015-06,hospitals_nursing,"Hospitals, nursing and residential care facilities",8098922
2015-06,social_assistance,Social assistance,3415830
2015-06,performing_arts_museums,"Performing arts, spectator sports, museums, and related activities",640275
2015-06,amusement_recreation,"Amusements, gambling, and recreation industries",1771248
2015-06,accommodation,Accommodation,2001031
2015-06,food_services,Food services and drinking places,11261489
2015-06,other_services,"Other services, except government",4378739
2015-07,oil_gas_extraction,Oil and gas extraction,194044
2015-07,mining_except_oil_gas,"Mining, except oil and gas",203053
2015-07,support_mining,Support activities for mining,349382
2015-07,utilities,Utilities,557800
2015-07,construction,Construction,6669899
2015-07,wood_products,Wood products,384873
2015-07,nonmetallic_mineral,Nonmetallic mineral products,403774
2015-07,primary_metals,Primary metals,393524
2015-07,fabricated_metal,Fabricated metal products,1458084
2015-07,machinery,Machinery,1117870
2015-07,computer_electronic,Computer and electronic products,1062270
2015-07,electrical_equipment,"Electrical equipment, appliances, and components",382749
2015-07,motor_vehicles,"Motor vehicles, bodies and trailers, and parts",914115
2015-07,other_transport_equipment,Other transportation equipment,694855
2015-07,furniture,Furniture and related products,382490
2015-07,misc_manufacturing,Miscellaneous manufacturing,589465
2015-07,food_beverage_tobacco,Food and beverage and tobacco products,1768028
2015-07,textiles,Textile mills and textile product mills,232196
2015-07,apparel_leather,Apparel and leather and allied products,164184
2015-07,paper,Paper products,373060
2015-07,printing,Printing and related support activities,448906
2015-07,petroleum_coal,Petroleum and coal products,112462
2015-07,chemicals,Chemical products,811216
2015-07,plastics_rubber,Plastics and rubber products,689663
2015-07,wholesale,Wholesale trade,5914635
2015-07,retail,Retail trade,15649776
2015-07,air_transport,Air transportation,461542
2015-07,rail_transport,Rail transportation,768
2015-07,water_transport,Water transportation,70279
2015-07,truck_transport,Truck transportation,1465449
2015-07,transit_ground,Transit and ground passenger transportation,397953
2015-07,pipeline,Pipeline transportation,48921
2015-07,other_transport_support,Other transportation and support activities,691010
2015-07,warehousing,Warehousing and storage,823032
2015-07,information,Information,2778488
2015-07,credit_intermediation,"Federal Reserve banks, credit intermediation, and related activities",2592543
2015-07,securities,"Securities, commodity contracts, and investments",916593
2015-07,insurance,Insurance carriers and related activities,2258763
2015-07,funds_trusts,"Funds, trusts, and other financial vehicles",6875
2015-07,real_estate,Real estate,1556518
2015-07,rental_leasing,Rental and leasing services and lessors of intangible assets,581741
2015-07,legal,Legal services,1131192
2015-07,computer_systems,Computer systems design and related services,1931016
2015-07,misc_professional,"Miscellaneous professional, scientific, and technical services",5593943
2015-07,management_companies,Management of companies and enterprises,2213536
2015-07,admin_support,Administrative and support services,8464308
2015-07,waste_remediation,Waste management and remediation services,403607
2015-07,education,Educational services,2523303
2015-07,ambulatory_health,Ambulatory health care services,6860264
2015-07,hospitals_nursing,"Hospitals, nursing and residential care facilities",8132712
2015-07,social_assistance,Social assistance,3401834
2015-07,performing_arts_museums,"Performing arts, spectator sports, museums, and related activities",643000
2015-07,amusement_recreation,"Amusements, gambling, and recreation industries",1823471
2015-07,accommodation,Accommodation,2050510
2015-07,food_services,Food services and drinking places,11209843
2015-07,other_services,"Other services, except government",4385380
2015-08,oil_gas_extraction,Oil and gas extraction,192895
2015-08,mining_except_oil_gas,"Mining, except oil and gas",200908
2015-08,support_mining,Support activities for mining,343291
2015-08,utilities,Utilities,556942
2015-08,construction,Construction,6698631
2015-08,wood_products,Wood products,385501
2015-08,nonmetallic_mineral,Nonmetallic mineral products,403267
2015-08,primary_metals,Primary metals,391221
2015-08,fabricated_metal,Fabricated metal products,1452236
2015-08,machinery,Machinery,1112400
2015-08,computer_electronic,Computer and electronic products,1059404
2015-08,electrical_equipment,"Electrical equipment, appliances, and components",383712
2015-08,motor_vehicles,"Motor vehicles, bodies and trailers, and parts",922953
2015-08,other_transport_equipment,Other transportation equipment,693103
2015-08,furniture,Furniture and related products,382849
2015-08,misc_manufacturing,Miscellaneous manufacturing,589697
2015-08,food_beverage_tobacco,Food and beverage and tobacco products,1781762
2015-08,textiles,Textile mills and textile product mills,232853
2015-08,apparel_leather,Apparel and leather and allied products,163621
2015-08,paper,Paper products,372070
2015-08,printing,Printing and related support activities,448352
2015-08,petroleum_coal,Petroleum and coal products,112871
2015-08,chemicals,Chemical products,810093
2015-08,plastics_rubber,Plastics and rubber products,689983
2015-08,wholesale,Wholesale trade,5913799
2015-08,retail,Retail trade,15693570
2015-08,air_transport,Air transportation,463026
2015-08,rail_transport,Rail transportation,777
2015-08,water_transport,Water transportation,70132
2015-08,truck_transport,Truck transportation,1470151
2015-08,transit_ground,Transit and ground passenger transportation,404798
2015-08,pipeline,Pipeline transportation,49071
2015-08,other_transport_support,Other transportation and support activities,693458
2015-08,warehousing,Warehousing and storage,832816
2015-08,information,Information,2774029
2015-08,credit_intermediation,"Federal Reserve banks, credit intermediation, and related activities",2590402
2015-08,securities,"Securities, commodity contracts, and investments",918569
2015-08,insurance,Insurance carriers and related activities,2260974
2015-08,funds_trusts,"Funds, trusts, and other financial vehicles",7044
2015-08,real_estate,Real estate,1558060
2015-08,rental_leasing,Rental and leasing services and lessors of intangible assets,579653
2015-08,legal,Legal services,1121289
2015-08,computer_systems,Computer systems design and related services,1935459
2015-08,misc_professional,"Miscellaneous professional, scientific, and technical services",5602447
2015-08,management_companies,Management of companies and enterprises,2211342
2015-08,admin_support,Administrative and support services,8539214
2015-08,waste_remediation,Waste management and remediation services,402326
2015-08,education,Educational services,2530364
2015-08,ambulatory_health,Ambulatory health care services,6883707
2015-08,hospitals_nursing,"Hospitals, nursing and residential care facilities",8145096
2015-08,social_assistance,Social assistance,3415688
2015-08,performing_arts_museums,"Performing arts, spectator sports, museums, and related activities",643796
2015-08,amusement_recreation,"Amusements, gambling, and recreation industries",1774810
2015-08,accommodation,Accommodation,2039640
2015-08,food_services,Food services and drinking places,11269130
2015-08,other_services,"Other services, except government",4363989
2015-09,oil_gas_extraction,Oil and gas extraction,189046
2015-09,mining_except_oil_gas,"Mining, except oil and gas",197948
2015-09,support_mining,Support activities for mining,333907
2015-09,utilities,Utilities,553678
2015-09,construction,Construction,6657102
2015-09,wood_products,Wood products,384090
2015-09,nonmetallic_mineral,Nonmetallic mineral products,402341
2015-09,primary_metals,Primary metals,389373
2015-09,fabricated_metal,Fabricated metal products,1444096
2015-09,machinery,Machinery,1103562
2015-09,computer_electronic,Computer and electronic products,1051785
2015-09,electrical_equipment,"Electrical equipment, appliances, and components",381929
2015-09,motor_vehicles,"Motor vehicles, bodies and trailers, and parts",924995
2015-09,other_transport_equipment,Other transportation equipment,690780
2015-09,furniture,Furniture and related products,381236
2015-09,misc_manufacturing,Miscellaneous manufacturing,587731
2015-09,food_beverage_tobacco,Food and beverage and tobacco products,1778730
2015-09,textiles,Textile mills and textile product mills,233092
2015-09,apparel_leather,Apparel and leather and allied products,163180
2015-09,paper,Paper products,371542
2015-09,printing,Printing and related support activities,447048
2015-09,petroleum_coal,Petroleum and coal products,111811
2015-09,chemicals,Chemical products,806200
2015-09,plastics_rubber,Plastics and rubber products,688223
2015-09,wholesale,Wholesale trade,5888520
2015-09,retail,Retail trade,15594098
2015-09,air_transport,Air transportation,458231
2015-09,rail_transport,Rail transportation,776
2015-09,water_transport,Water transportation,69112
2015-09,truck_transport,Truck transportation,1465191
2015-09,transit_ground,Transit and ground passenger transportation,479608
2015-09,pipeline,Pipeline transportation,48802
2015-09,other_transport_support,Other transportation and support activities,689615
2015-09,warehousing,Warehousing and storage,841421
2015-09,information,Information,2748147
2015-09,credit_intermediation,"Federal Reserve banks, credit intermediation, and related activities",2576582
2015-09,securities,"Securities, commodity contracts, and investments",903249
2015-09,insurance,Insurance carriers and related activities,2251070
2015-09,funds_trusts,"Funds, trusts, and other financial vehicles",7259
2015-09,real_estate,Real estate,1538104
2015-09,rental_leasing,Rental and leasing services and lessors of intangible assets,574995
2015-09,legal,Legal services,1111136
2015-09,computer_systems,Computer systems design and related services,1913731
2015-09,misc_professional,"Miscellaneous professional, scientific, and technical services",5554876
2015-09,management_companies,Management of companies and enterprises,2198458
2015-09,admin_support,Administrative and support services,8557194
2015-09,waste_remediation,Waste management and remediation services,398557
2015-09,education,Educational services,2703946
2015-09,ambulatory_health,Ambulatory health care services,6876046
2015-09,hospitals_nursing,"Hospitals, nursing and residential care facilities",8132916
2015-09,social_assistance,Social assistance,3425064
2015-09,performing_arts_museums,"Performing arts, spectator sports, museums, and related activities",632770
2015-09,amusement_recreation,"Amusements, gambling, and recreation industries",1620080
2015-09,accommodation,Accommodation,1962249
2015-09,food_services,Food services and drinking places,11188973
2015-09,other_services,"Other services, except government",4316092
2015-10,oil_gas_extraction,Oil and gas extraction,187488
2015-10,mining_except_oil_gas,"Mining, except oil and gas",195764
2015-10,support_mining,Support activities for mining,322009
2015-10,utilities,Utilities,554530
2015-10,construction,Construction,6716445
2015-10,wood_products,Wood products,384700
2015-10,nonmetallic_mineral,Nonmetallic mineral products,402376
2015-10,primary_metals,Primary metals,384988
2015-10,fabricated_metal,Fabricated metal products,1438290
2015-10,machinery,Machinery,1098097
2015-10,computer_electronic,Computer and electronic products,1049611
2015-10,electrical_equipment,"Electrical equipment, appliances, and components",380588
2015-10,motor_vehicles,"Motor vehicles, bodies and trailers, and parts",924588
2015-10,other_transport_equipment,Other transportation equipment,687598
2015-10,furniture,Furniture and related products,381078
2015-10,misc_manufacturing,Miscellaneous manufacturing,589085
2015-10,food_beverage_tobacco,Food and beverage and tobacco products,1765250
2015-10,textiles,Textile mills and textile product mills,232907
2015-10,apparel_leather,Apparel and leather and allied products,163059
2015-10,paper,Paper products,370067
2015-10,printing,Printing and related support activities,447269
2015-10,petroleum_coal,Petroleum and coal products,111486
2015-10,chemicals,Chemical products,805043
2015-10,plastics_rubber,Plastics and rubber products,688192
2015-10,wholesale,Wholesale trade,5908136
2015-10,retail,Retail trade,15772829
2015-10,air_transport,Air transportation,462230
2015-10,rail_transport,Rail transportation,753
2015-10,water_transport,Water transportation,67952
2015-10,truck_transport,Truck transportation,1462374
2015-10,transit_ground,Transit and ground passenger transportation,488169
2015-10,pipeline,Pipeline transportation,48982
2015-10,other_transport_support,Other transportation and support activities,689231
2015-10,warehousing,Warehousing and storage,861243
2015-10,information,Information,2771166
2015-10,credit_intermediation,"Federal Reserve banks, credit intermediation, and related activities",2581734
2015-10,securities,"Securities, commodity contracts, and investments",911182
2015-10,insurance,Insurance carriers and related activities,2268528
2015-10,funds_trusts,"Funds, trusts, and other financial vehicles",7429
2015-10,real_estate,Real estate,1549600
2015-10,rental_leasing,Rental and leasing services and lessors of intangible assets,572225
2015-10,legal,Legal services,1122266
2015-10,computer_systems,Computer systems design and related services,1948967
2015-10,misc_professional,"Miscellaneous professional, scientific, and technical services",5635000
2015-10,management_companies,Management of companies and enterprises,2204486
2015-10,admin_support,Administrative and support services,8692673
2015-10,waste_remediation,Waste management and remediation services,399593
2015-10,education,Educational services,2814869
2015-10,ambulatory_health,Ambulatory health care services,6937168
2015-10,hospitals_nursing,"Hospitals, nursing and residential care facilities",8164846
2015-10,social_assistance,Social assistance,3475781
2015-10,performing_arts_museums,"Performing arts, spectator sports, museums, and related activities",630868
2015-10,amusement_recreation,"Amusements, gambling, and recreation industries",1527854
2015-10,accommodation,Accommodation,1919880
2015-10,food_services,Food services and drinking places,11142695
2015-10,other_services,"Other services, except government",4336707
2015-11,oil_gas_extraction,Oil and gas extraction,185385
2015-11,mining_except_oil_gas,"Mining, except oil and gas",191875
2015-11,support_mining,Support activities for mining,312493
2015-11,utilities,Utilities,554506
2015-11,construction,Construction,6637700
2015-11,wood_products,Wood products,385525
2015-11,nonmetallic_mineral,Nonmetallic mineral products,401770
2015-11,primary_metals,Primary metals,383563
2015-11,fabricated_metal,Fabricated metal products,1433515
2015-11,machinery,Machinery,1095783
2015-11,computer_electronic,Computer and electronic products,1048675
2015-11,electrical_equipment,"Electrical equipment, appliances, and components",380991
2015-11,motor_vehicles,"Motor vehicles, bodies and trailers, and parts",928620
2015-11,other_transport_equipment,Other transportation equipment,686908
2015-11,furniture,Furniture and related products,381531
2015-11,misc_manufacturing,Miscellaneous manufacturing,591232
2015-11,food_beverage_tobacco,Food and beverage and tobacco products,1749424
2015-11,textiles,Textile mills and textile product mills,232984
2015-11,apparel_leather,Apparel and leather and allied products,162284
2015-11,paper,Paper products,370440
2015-11,printing,Printing and related support activities,447965
2015-11,petroleum_coal,Petroleum and coal products,110887
2015-11,chemicals,Chemical products,806055
2015-11,plastics_rubber,Plastics and rubber products,689470
2015-11,wholesale,Wholesale trade,5917198
2015-11,retail,Retail trade,16232406
2015-11,air_transport,Air transportation,464104
2015-11,rail_transport,Rail transportation,743
2015-11,water_transport,Water transportation,66421
2015-11,truck_transport,Truck transportation,1456323
2015-11,transit_ground,Transit and ground passenger transportation,488341
2015-11,pipeline,Pipeline transportation,48979
2015-11,other_transport_support,Other transportation and support activities,687322
2015-11,warehousing,Warehousing and storage,881403
2015-11,information,Information,2791622
2015-11,credit_intermediation,"Federal Reserve banks, credit intermediation, and related activities",2588249
2015-11,securities,"Securities, commodity contracts, and investments",913800
2015-11,insurance,Insurance carriers and related activities,2276053
2015-11,funds_trusts,"Funds, trusts, and other financial vehicles",7485
2015-11,real_estate,Real estate,1547095
2015-11,rental_leasing,Rental and leasing services and lessors of intangible assets,565958
2015-11,legal,Legal services,1123307
2015-11,computer_systems,Computer systems design and related services,1952363
2015-11,misc_professional,"Miscellaneous professional, scientific, and technical services",5674790
2015-11,management_companies,Management of companies and enterprises,2209391
2015-11,admin_support,Administrative and support services,8696451
2015-11,waste_remediation,Waste management and remediation services,397345
2015-11,education,Educational services,2834364
2015-11,ambulatory_health,Ambulatory health care services,6968520
2015-11,hospitals_nursing,"Hospitals, nursing and residential care facilities",8188541
2015-11,social_assistance,Social assistance,3488049
2015-11,performing_arts_museums,"Performing arts, spectator sports, museums, and related activities",606069
2015-11,amusement_recreation,"Amusements, gambling, and recreation industries",1440077
2015-11,accommodation,Accommodation,1877391
2015-11,food_services,Food services and drinking places,11116765
2015-11,other_services,"Other services, except government",4334463
2015-12,oil_gas_extraction,Oil and gas extraction,184245
2015-12,mining_except_oil_gas,"Mining, except oil and gas",187637
2015-12,support_mining,Support activities for mining,307465
2015-12,utilities,Utilities,554078
2015-12,construction,Construction,6531927
2015-12,wood_products,Wood products,386008
2015-12,nonmetallic_mineral,Nonmetallic mineral products,398902
2015-12,primary_metals,Primary metals,383930
2015-12,fabricated_metal,Fabricated metal products,1434434
2015-12,machinery,Machinery,1095394
2015-12,computer_electronic,Computer and electronic products,1049837
2015-12,electrical_equipment,"Electrical equipment, appliances, and components",381836
2015-12,motor_vehicles,"Motor vehicles, bodies and trailers, and parts",930753
2015-12,other_transport_equipment,Other transportation equipment,687296
2015-12,furniture,Furniture and related products,383201
2015-12,misc_manufacturing,Miscellaneous manufacturing,592519
2015-12,food_beverage_tobacco,Food and beverage and tobacco products,1747803
2015-12,textiles,Textile mills and textile product mills,233152
2015-12,apparel_leather,Apparel and leather and allied products,161719
2015-12,paper,Paper products,371389
2015-12,printing,Printing and related support activities,448301
2015-12,petroleum_coal,Petroleum and coal products,110111
2015-12,chemicals,Chemical products,808763
2015-12,plastics_rubber,Plastics and rubber products,692095
2015-12,wholesale,Wholesale trade,5931072
2015-12,retail,Retail trade,16359914
2015-12,air_transport,Air transportation,464535
2015-12,rail_transport,Rail transportation,786
2015-12,water_transport,Water transportation,65644
2015-12,truck_transport,Truck transportation,1452863
2015-12,transit_ground,Transit and ground passenger transportation,487996
2015-12,pipeline,Pipeline transportation,48813
2015-12,other_transport_support,Other transportation and support activities,689175
2015-12,warehousing,Warehousing and storage,888737
2015-12,information,Information,2796477
2015-12,credit_intermediation,"Federal Reserve banks, credit intermediation, and related activities",2593809
2015-12,securities,"Securities, commodity contracts, and investments",916274
2015-12,insurance,Insurance carriers and related activities,2286180
2015-12,funds_trusts,"Funds, trusts, and other financial vehicles",7789
2015-12,real_estate,Real estate,1558267
2015-12,rental_leasing,Rental and leasing services and lessors of intangible assets,563221
2015-12,legal,Legal services,1128173
2015-12,computer_systems,Computer systems design and related services,1945752
2015-12,misc_professional,"Miscellaneous professional, scientific, and technical services",5716316
2015-12,management_companies,Management of companies and enterprises,2215922
2015-12,admin_support,Administrative and support services,8626436
2015-12,waste_remediation,Waste management and remediation services,394873
2015-12,education,Educational services,2805002
2015-12,ambulatory_health,Ambulatory health care services,6997828
2015-12,hospitals_nursing,"Hospitals, nursing and residential care facilities",8214356
2015-12,social_assistance,Social assistance,3491436
2015-12,performing_arts_museums,"Performing arts, spectator sports, museums, and related activities",602175
2015-12,amusement_recreation,"Amusements, gambling, and recreation industries",1445824
2015-12,accommodation,Accommodation,1871779
2015-12,food_services,Food services and drinking places,11133104
2015-12,other_services,"Other services, except government",4340615
2016-01,oil_gas_extraction,Oil and gas extraction,185184
2016-01,mining_except_oil_gas,"Mining, except oil and gas",177592
2016-01,support_mining,Support activities for mining,293821
2016-01,utilities,Utilities,551867
2016-01,construction,Construction,6241932
2016-01,wood_products,Wood products,382487
2016-01,nonmetallic_mineral,Nonmetallic mineral products,390662
2016-01,primary_metals,Primary metals,380847
2016-01,fabricated_metal,Fabricated metal products,1426219
2016-01,machinery,Machinery,1092384
2016-01,computer_electronic,Computer and electronic products,1049336
2016-01,electrical_equipment,"Electrical equipment, appliances, and components",379800
2016-01,motor_vehicles,"Motor vehicles, bodies and trailers, and parts",931242
2016-01,other_transport_equipment,Other transportation equipment,689058
2016-01,furniture,Furniture and related products,385569
2016-01,misc_manufacturing,Miscellaneous manufacturing,583699
2016-01,food_beverage_tobacco,Food and beverage and tobacco products,1737266
2016-01,textiles,Textile mills and textile product mills,229498
2016-01,apparel_leather,Apparel and leather and allied products,160371
2016-01,paper,Paper products,369051
2016-01,printing,Printing and related support activities,446631
2016-01,petroleum_coal,Petroleum and coal products,107280
2016-01,chemicals,Chemical products,805283
2016-01,plastics_rubber,Plastics and rubber products,693666
2016-01,wholesale,Wholesale trade,5793480
2016-01,retail,Retail trade,15592560
2016-01,air_transport,Air transportation,469177
2016-01,rail_transport,Rail transportation,555
2016-01,water_transport,Water transportation,63354
2016-01,truck_transport,Truck transportation,1418802
2016-01,transit_ground,Transit and ground passenger transportation,483214
2016-01,pipeline,Pipeline transportation,49513
2016-01,other_transport_support,Other transportation and support activities,678359
2016-01,warehousing,Warehousing and storage,884391
2016-01,information,Information,2759616
2016-01,credit_intermediation,"Federal Reserve banks, credit intermediation, and related activities",2600296
2016-01,securities,"Securities, commodity contracts, and investments",907435
2016-01,insurance,Insurance carriers and related activities,2252624
2016-01,funds_trusts,"Funds, trusts, and other financial vehicles",9453
2016-01,real_estate,Real estate,1512257
2016-01,rental_leasing,Rental and leasing services and lessors of intangible assets,553278
2016-01,legal,Legal services,1109315
2016-01,computer_systems,Computer systems design and related services,1941205
2016-01,misc_professional,"Miscellaneous professional, scientific, and technical services",5672421
2016-01,management_companies,Management of companies and enterprises,2207700
2016-01,admin_support,Administrative and support services,8176547
2016-01,waste_remediation,Waste management and remediation services,391605
2016-01,education,Educational services,2704903
2016-01,ambulatory_health,Ambulatory health care services,6920958
2016-01,hospitals_nursing,"Hospitals, nursing and residential care facilities",8155665
2016-01,social_assistance,Social assistance,3510064
2016-01,performing_arts_museums,"Performing arts, spectator sports, museums, and related activities",549661
2016-01,amusement_recreation,"Amusements, gambling, and recreation industries",1411584
2016-01,accommodation,Accommodation,1837494
2016-01,food_services,Food services and drinking places,10879789
2016-01,other_services,"Other services, except government",4270840
2016-02,oil_gas_extraction,Oil and gas extraction,183475
2016-02,mining_except_oil_gas,"Mining, except oil and gas",176944
2016-02,support_mining,Support activities for mining,280885
2016-02,utilities,Utilities,551960
2016-02,construction,Construction,6252259
2016-02,wood_products,Wood products,382718
2016-02,nonmetallic_mineral,Nonmetallic mineral products,390100
2016-02,primary_metals,Primary metals,379610
2016-02,fabricated_metal,Fabricated metal products,1423040
2016-02,machinery,Machinery,1088960
2016-02,computer_electronic,Computer and electronic products,1049946
2016-02,electrical_equipment,"Electrical equipment, appliances, and components",379846
2016-02,motor_vehicles,"Motor vehicles, bodies and trailers, and parts",935546
2016-02,other_transport_equipment,Other transportation equipment,690375
2016-02,furniture,Furniture and related products,386385
2016-02,misc_manufacturing,Miscellaneous manufacturing,584991
2016-02,food_beverage_tobacco,Food and beverage and tobacco products,1744939
2016-02,textiles,Textile mills and textile product mills,229894
2016-02,apparel_leather,Apparel and leather and allied products,160822
2016-02,paper,Paper products,368540
2016-02,printing,Printing and related support activities,446335
2016-02,petroleum_coal,Petroleum and coal products,107446
2016-02,chemicals,Chemical products,806433
2016-02,plastics_rubber,Plastics and rubber products,695292
2016-02,wholesale,Wholesale trade,5803844
2016-02,retail,Retail trade,15477186
2016-02,air_transport,Air transportation,469149
2016-02,rail_transport,Rail transportation,564
2016-02,water_transport,Water transportation,63642
2016-02,truck_transport,Truck transportation,1415468
2016-02,transit_ground,Transit and ground passenger transportation,486310
2016-02,pipeline,Pipeline transportation,49680
2016-02,other_transport_support,Other transportation and support activities,680373
2016-02,warehousing,Warehousing and storage,884404
2016-02,information,Information,2779400
2016-02,credit_intermediation,"Federal Reserve banks, credit intermediation, and related activities",2602137
2016-02,securities,"Securities, commodity contracts, and investments",909884
2016-02,insurance,Insurance carriers and related activities,2256756
2016-02,funds_trusts,"Funds, trusts, and other financial vehicles",9448
2016-02,real_estate,Real estate,1516833
2016-02,rental_leasing,Rental and leasing services and lessors of intangible assets,555053
2016-02,legal,Legal services,1110978
2016-02,computer_systems,Computer systems design and related services,1948839
2016-02,misc_professional,"Miscellaneous professional, scientific, and technical services",5740470
2016-02,management_companies,Management of companies and enterprises,2209939
2016-02,admin_support,Administrative and support services,8192366
2016-02,waste_remediation,Waste management and remediation services,390866
2016-02,education,Educational services,2815581
2016-02,ambulatory_health,Ambulatory health care services,6951197
2016-02,hospitals_nursing,"Hospitals, nursing and residential care facilities",8163423
2016-02,social_assistance,Social assistance,3526199
2016-02,performing_arts_museums,"Performing arts, spectator sports, museums, and related activities",565153
2016-02,amusement_recreation,"Amusements, gambling, and recreation industries",1427125
2016-02,accommodation,Accommodation,1853708
2016-02,food_services,Food services and drinking places,10993856
2016-02,other_services,"Other services, except government",4300321
2016-03,oil_gas_extraction,Oil and gas extraction,181333
2016-03,mining_except_oil_gas,"Mining, except oil and gas",178030
2016-03,support_mining,Support activities for mining,268703
2016-03,utilities,Utilities,552673
2016-03,construction,Construction,6372796
2016-03,wood_products,Wood products,384359
2016-03,nonmetallic_mineral,Nonmetallic mineral products,396012
2016-03,primary_metals,Primary metals,378859
2016-03,fabricated_metal,Fabricated metal products,1421293
2016-03,machinery,Machinery,1083353
2016-03,computer_electronic,Computer and electronic products,1047900
2016-03,electrical_equipment,"Electrical equipment, appliances, and components",380183
2016-03,motor_vehicles,"Motor vehicles, bodies and trailers, and parts",935971
2016-03,other_transport_equipment,Other transportation equipment,685272
2016-03,furniture,Furniture and related products,387382
2016-03,misc_manufacturing,Miscellaneous manufacturing,584841
2016-03,food_beverage_tobacco,Food and beverage and tobacco products,1744843
2016-03,textiles,Textile mills and textile product mills,230146
2016-03,apparel_leather,Apparel and leather and allied products,160638
2016-03,paper,Paper products,369357
2016-03,printing,Printing and related support activities,447000
2016-03,petroleum_coal,Petroleum and coal products,108598
2016-03,chemicals,Chemical products,808037
2016-03,plastics_rubber,Plastics and rubber products,696652
2016-03,wholesale,Wholesale trade,5811386
2016-03,retail,Retail trade,15524123
2016-03,air_transport,Air transportation,468391
2016-03,rail_transport,Rail transportation,563
2016-03,water_transport,Water transportation,62995
2016-03,truck_transport,Truck transportation,1419655
2016-03,transit_ground,Transit and ground passenger transportation,489209
2016-03,pipeline,Pipeline transportation,49616
2016-03,other_transport_support,Other transportation and support activities,681070
2016-03,warehousing,Warehousing and storage,886935
2016-03,information,Information,2770561
2016-03,credit_intermediation,"Federal Reserve banks, credit intermediation, and related activities",2603711
2016-03,securities,"Securities, commodity contracts, and investments",907215
2016-03,insurance,Insurance carriers and related activities,2259497
2016-03,funds_trusts,"Funds, trusts, and other financial vehicles",9456
2016-03,real_estate,Real estate,1518805
2016-03,rental_leasing,Rental and leasing services and lessors of intangible assets,558071
2016-03,legal,Legal services,1111140
2016-03,computer_systems,Computer systems design and related services,1940233
2016-03,misc_professional,"Miscellaneous professional, scientific, and technical services",5741626
2016-03,management_companies,Management of companies and enterprises,2213653
2016-03,admin_support,Administrative and support services,8250582
2016-03,waste_remediation,Waste management and remediation services,392174
2016-03,education,Educational services,2817782
2016-03,ambulatory_health,Ambulatory health care services,6966334
2016-03,hospitals_nursing,"Hospitals, nursing and residential care facilities",8188282
2016-03,social_assistance,Social assistance,3541101
2016-03,performing_arts_museums,"Performing arts, spectator sports, museums, and related activities",586190
2016-03,amusement_recreation,"Amusements, gambling, and recreation industries",1475797
2016-03,accommodation,Accommodation,1873109
2016-03,food_services,Food services and drinking places,11164777
2016-03,other_services,"Other services, except government",4328430
2016-04,oil_gas_extraction,Oil and gas extraction,177533
2016-04,mining_except_oil_gas,"Mining, except oil and gas",180712
2016-04,support_mining,Support activities for mining,257668
2016-04,utilities,Utilities,552324
2016-04,construction,Construction,6602586
2016-04,wood_products,Wood products,386921
2016-04,nonmetallic_mineral,Nonmetallic mineral products,403757
2016-04,primary_metals,Primary metals,375553
2016-04,fabricated_metal,Fabricated metal products,1417320
2016-04,machinery,Machinery,1075699
2016-04,computer_electronic,Computer and electronic products,1045544
2016-04,electrical_equipment,"Electrical equipment, appliances, and components",378919
2016-04,motor_vehicles,"Motor vehicles, bodies and trailers, and parts",941422
2016-04,other_transport_equipment,Other transportation equipment,680735
2016-04,furniture,Furniture and related products,387096
2016-04,misc_manufacturing,Miscellaneous manufacturing,586171
2016-04,food_beverage_tobacco,Food and beverage and tobacco products,1755496
2016-04,textiles,Textile mills and textile product mills,230694
2016-04,apparel_leather,Apparel and leather and allied products,160143
2016-04,paper,Paper products,368642
2016-04,printing,Printing and related support activities,446572
2016-04,petroleum_coal,Petroleum and coal products,110348
2016-04,chemicals,Chemical products,808172
2016-04,plastics_rubber,Plastics and rubber products,698041
2016-04,wholesale,Wholesale trade,5849580
2016-04,retail,Retail trade,15646967
2016-04,air_transport,Air transportation,473837
2016-04,rail_transport,Rail transportation,590
2016-04,water_transport,Water transportation,64729
2016-04,truck_transport,Truck transportation,1433949
2016-04,transit_ground,Transit and ground passenger transportation,492098
2016-04,pipeline,Pipeline transportation,49444
2016-04,other_transport_support,Other transportation and support activities,688194
2016-04,warehousing,Warehousing and storage,889947
2016-04,information,Information,2797856
2016-04,credit_intermediation,"Federal Reserve banks, credit intermediation, and related activities",2608012
2016-04,securities,"Securities, commodity contracts, and investments",909645
2016-04,insurance,Insurance carriers and related activities,2268730
2016-04,funds_trusts,"Funds, trusts, and other financial vehicles",9772
2016-04,real_estate,Real estate,1540024
2016-04,rental_leasing,Rental and leasing services and lessors of intangible assets,565911
2016-04,legal,Legal services,1118062
2016-04,computer_systems,Computer systems design and related services,1965676
2016-04,misc_professional,"Miscellaneous professional, scientific, and technical services",5776014
2016-04,management_companies,Management of companies and enterprises,2217021
2016-04,admin_support,Administrative and support services,8489838
2016-04,waste_remediation,Waste management and remediation services,397092
2016-04,education,Educational services,2857103
2016-04,ambulatory_health,Ambulatory health care services,7016898
2016-04,hospitals_nursing,"Hospitals, nursing and residential care facilities",8199123
2016-04,social_assistance,Social assistance,3585749
2016-04,performing_arts_museums,"Performing arts, spectator sports, museums, and related activities",635364
2016-04,amusement_recreation,"Amusements, gambling, and recreation industries",1559790
2016-04,accommodation,Accommodation,1903562
2016-04,food_services,Food services and drinking places,11394827
2016-04,other_services,"Other services, except government",4381920
2016-05,oil_gas_extraction,Oil and gas extraction,175417
2016-05,mining_except_oil_gas,"Mining, except oil and gas",181520
2016-05,support_mining,Support activities for mining,251229
2016-05,utilities,Utilities,553180
2016-05,construction,Construction,6719042
2016-05,wood_products,Wood products,389332
2016-05,nonmetallic_mineral,Nonmetallic mineral products,407766
2016-05,primary_metals,Primary metals,373551
2016-05,fabricated_metal,Fabricated metal products,1415900
2016-05,machinery,Machinery,1071524
2016-05,computer_electronic,Computer and electronic products,1045665
2016-05,electrical_equipment,"Electrical equipment, appliances, and components",378550
2016-05,motor_vehicles,"Motor vehicles, bodies and trailers, and parts",938831
2016-05,other_transport_equipment,Other transportation equipment,679382
2016-05,furniture,Furniture and related products,388396
2016-05,misc_manufacturing,Miscellaneous manufacturing,587873
2016-05,food_beverage_tobacco,Food and beverage and tobacco products,1768871
2016-05,textiles,Textile mills and textile product mills,230556
2016-05,apparel_leather,Apparel and leather and allied products,160220
2016-05,paper,Paper products,368718
2016-05,printing,Printing and related support activities,446981
2016-05,petroleum_coal,Petroleum and coal products,111707
2016-05,chemicals,Chemical products,810373
2016-05,plastics_rubber,Plastics and rubber products,699652
2016-05,wholesale,Wholesale trade,5866031
2016-05,retail,Retail trade,15737619
2016-05,air_transport,Air transportation,471550
2016-05,rail_transport,Rail transportation,602
2016-05,water_transport,Water transportation,65998
2016-05,truck_transport,Truck transportation,1445354
2016-05,transit_ground,Transit and ground passenger transportation,493660
2016-05,pipeline,Pipeline transportation,49310
2016-05,other_transport_support,Other transportation and support activities,692082
2016-05,warehousing,Warehousing and storage,897025
2016-05,information,Information,2777517
2016-05,credit_intermediation,"Federal Reserve banks, credit intermediation, and related activities",2612152
2016-05,securities,"Securities, commodity contracts, and investments",910966
2016-05,insurance,Insurance carriers and related activities,2270880
2016-05,funds_trusts,"Funds, trusts, and other financial vehicles",9688
2016-05,real_estate,Real estate,1550017
2016-05,rental_leasing,Rental and leasing services and lessors of intangible assets,575734
2016-05,legal,Legal services,1120251
2016-05,computer_systems,Computer systems design and related services,1968982
2016-05,misc_professional,"Miscellaneous professional, scientific, and technical services",5663491
2016-05,management_companies,Management of companies and enterprises,2220701
2016-05,admin_support,Administrative and support services,8581741
2016-05,waste_remediation,Waste management and remediation services,400169
2016-05,education,Educational services,2816853
2016-05,ambulatory_health,Ambulatory health care services,7041918
2016-05,hospitals_nursing,"Hospitals, nursing and residential care facilities",8216631
2016-05,social_assistance,Social assistance,3600852
2016-05,performing_arts_museums,"Performing arts, spectator sports, museums, and related activities",654599
2016-05,amusement_recreation,"Amusements, gambling, and recreation industries",1661159
2016-05,accommodation,Accommodation,1948787
2016-05,food_services,Food services and drinking places,11557982
2016-05,other_services,"Other services, except government",4407807
2016-06,oil_gas_extraction,Oil and gas extraction,175365
2016-06,mining_except_oil_gas,"Mining, except oil and gas",182682
2016-06,support_mining,Support activities for mining,247941
2016-06,utilities,Utilities,556941
2016-06,construction,Construction,6841138
2016-06,wood_products,Wood products,393057
2016-06,nonmetallic_mineral,Nonmetallic mineral products,411607
2016-06,primary_metals,Primary metals,373470
2016-06,fabricated_metal,Fabricated metal products,1420012
2016-06,machinery,Machinery,1074175
2016-06,computer_electronic,Computer and electronic products,1051938
2016-06,electrical_equipment,"Electrical equipment, appliances, and components",380722
2016-06,motor_vehicles,"Motor vehicles, bodies and trailers, and parts",949003
2016-06,other_transport_equipment,Other transportation equipment,680551
2016-06,furniture,Furniture and related products,391251
2016-06,misc_manufacturing,Miscellaneous manufacturing,589840
2016-06,food_beverage_tobacco,Food and beverage and tobacco products,1797977
2016-06,textiles,Textile mills and textile product mills,231094
2016-06,apparel_leather,Apparel and leather and allied products,159579
2016-06,paper,Paper products,370936
2016-06,printing,Printing and related support activities,446586
2016-06,petroleum_coal,Petroleum and coal products,112869
2016-06,chemicals,Chemical products,816334
2016-06,plastics_rubber,Plastics and rubber products,702900
2016-06,wholesale,Wholesale trade,5878970
2016-06,retail,Retail trade,15794628
2016-06,air_transport,Air transportation,471661
2016-06,rail_transport,Rail transportation,600
2016-06,water_transport,Water transportation,67061
2016-06,truck_transport,Truck transportation,1455809
2016-06,transit_ground,Transit and ground passenger transportation,463073
2016-06,pipeline,Pipeline transportation,49153
2016-06,other_transport_support,Other transportation and support activities,698159
2016-06,warehousing,Warehousing and storage,901441
2016-06,information,Information,2813183
2016-06,credit_intermediation,"Federal Reserve banks, credit intermediation, and related activities",2619907
2016-06,securities,"Securities, commodity contracts, and investments",919799
2016-06,insurance,Insurance carriers and related activities,2279776
2016-06,funds_trusts,"Funds, trusts, and other financial vehicles",9947
2016-06,real_estate,Real estate,1565872
2016-06,rental_leasing,Rental and leasing services and lessors of intangible assets,586191
2016-06,legal,Legal services,1134088
2016-06,computer_systems,Computer systems design and related services,1967087
2016-06,misc_professional,"Miscellaneous professional, scientific, and technical services",5690994
2016-06,management_companies,Management of companies and enterprises,2240137
2016-06,admin_support,Administrative and support services,8613875
2016-06,waste_remediation,Waste management and remediation services,404144
2016-06,education,Educational services,2666294
2016-06,ambulatory_health,Ambulatory health care services,7032469
2016-06,hospitals_nursing,"Hospitals, nursing and residential care facilities",8236028
2016-06,social_assistance,Social assistance,3573868
2016-06,performing_arts_museums,"Performing arts, spectator sports, museums, and related activities",663119
2016-06,amusement_recreation,"Amusements, gambling, and recreation industries",1831375
2016-06,accommodation,Accommodation,2027412
2016-06,food_services,Food services and drinking places,11617762
2016-06,other_services,"Other services, except government",4450458
2016-07,oil_gas_extraction,Oil and gas extraction,173862
2016-07,mining_except_oil_gas,"Mining, except oil and gas",182841
2016-07,support_mining,Support activities for mining,246716
2016-07,utilities,Utilities,557023
2016-07,construction,Construction,6927363
2016-07,wood_products,Wood products,394725
2016-07,nonmetallic_mineral,Nonmetallic mineral products,413723
2016-07,primary_metals,Primary metals,371804
2016-07,fabricated_metal,Fabricated metal products,1415927
2016-07,machinery,Machinery,1071358
2016-07,computer_electronic,Computer and electronic products,1052589
2016-07,electrical_equipment,"Electrical equipment, appliances, and components",383148
2016-07,motor_vehicles,"Motor vehicles, bodies and trailers, and parts",944073
2016-07,other_transport_equipment,Other transportation equipment,681578
2016-07,furniture,Furniture and related products,391966
2016-07,misc_manufacturing,Miscellaneous manufacturing,592435
2016-07,food_beverage_tobacco,Food and beverage and tobacco products,1828611
2016-07,textiles,Textile mills and textile product mills,228938
2016-07,apparel_leather,Apparel and leather and allied products,157379
2016-07,paper,Paper products,370948
2016-07,printing,Printing and related support activities,447308
2016-07,petroleum_coal,Petroleum and coal products,113481
2016-07,chemicals,Chemical products,816265
2016-07,plastics_rubber,Plastics and rubber products,704097
2016-07,wholesale,Wholesale trade,5893307
2016-07,retail,Retail trade,15831831
2016-07,air_transport,Air transportation,478557
2016-07,rail_transport,Rail transportation,576
2016-07,water_transport,Water transportation,68033
2016-07,truck_transport,Truck transportation,1463172
2016-07,transit_ground,Transit and ground passenger transportation,403671
2016-07,pipeline,Pipeline transportation,49156
2016-07,other_transport_support,Other transportation and support activities,702697
2016-07,warehousing,Warehousing and storage,914371
2016-07,information,Information,2823491
2016-07,credit_intermediation,"Federal Reserve banks, credit intermediation, and related activities",2631586
2016-07,securities,"Securities, commodity contracts, and investments",931311
2016-07,insurance,Insurance carriers and related activities,2289419
2016-07,funds_trusts,"Funds, trusts, and other financial vehicles",9964
2016-07,real_estate,Real estate,1584125
2016-07,rental_leasing,Rental and leasing services and lessors of intangible assets,588339
2016-07,legal,Legal services,1138410
2016-07,computer_systems,Computer systems design and related services,1999668
2016-07,misc_professional,"Miscellaneous professional, scientific, and technical services",5740469
2016-07,management_companies,Management of companies and enterprises,2250288
2016-07,admin_support,Administrative and support services,8621042
2016-07,waste_remediation,Waste management and remediation services,407707
2016-07,education,Educational services,2576682
2016-07,ambulatory_health,Ambulatory health care services,7074366
2016-07,hospitals_nursing,"Hospitals, nursing and residential care facilities",8287864
2016-07,social_assistance,Social assistance,3549772
2016-07,performing_arts_museums,"Performing arts, spectator sports, museums, and related activities",670871
2016-07,amusement_recreation,"Amusements, gambling, and recreation industries",1887494
2016-07,accommodation,Accommodation,2084362
2016-07,food_services,Food services and drinking places,11548687
2016-07,other_services,"Other services, except government",4455464
2016-08,oil_gas_extraction,Oil and gas extraction,172259
2016-08,mining_except_oil_gas,"Mining, except oil and gas",181712
2016-08,support_mining,Support activities for mining,247133
2016-08,utilities,Utilities,555816
2016-08,construction,Construction,6930874
2016-08,wood_products,Wood products,394542
2016-08,nonmetallic_mineral,Nonmetallic mineral products,413306
2016-08,primary_metals,Primary metals,370940
2016-08,fabricated_metal,Fabricated metal products,1412652
2016-08,machinery,Machinery,1066322
2016-08,computer_electronic,Computer and electronic products,1049511
2016-08,electrical_equipment,"Electrical equipment, appliances, and components",381974
2016-08,motor_vehicles,"Motor vehicles, bodies and trailers, and parts",947077
2016-08,other_transport_equipment,Other transportation equipment,678236
2016-08,furniture,Furniture and related products,391607
2016-08,misc_manufacturing,Miscellaneous manufacturing,591465
2016-08,food_beverage_tobacco,Food and beverage and tobacco products,1840467
2016-08,textiles,Textile mills and textile product mills,228428
2016-08,apparel_leather,Apparel and leather and allied products,156727
2016-08,paper,Paper products,369672
2016-08,printing,Printing and related support activities,446044
2016-08,petroleum_coal,Petroleum and coal products,113374
2016-08,chemicals,Chemical products,815923
2016-08,plastics_rubber,Plastics and rubber products,703936
2016-08,wholesale,Wholesale trade,5889472
2016-08,retail,Retail trade,15859829
2016-08,air_transport,Air transportation,476829
2016-08,rail_transport,Rail transportation,580
2016-08,water_transport,Water transportation,67544
2016-08,truck_transport,Truck transportation,1464588
2016-08,transit_ground,Transit and ground passenger transportation,409813
2016-08,pipeline,Pipeline transportation,49056
2016-08,other_transport_support,Other transportation and support activities,702950
2016-08,warehousing,Warehousing and storage,921389
2016-08,information,Information,2820901
2016-08,credit_intermediation,"Federal Reserve banks, credit intermediation, and related activities",2633148
2016-08,securities,"Securities, commodity contracts, and investments",932280
2016-08,insurance,Insurance carriers and related activities,2290118
2016-08,funds_trusts,"Funds, trusts, and other financial vehicles",9987
2016-08,real_estate,Real estate,1585800
2016-08,rental_leasing,Rental and leasing services and lessors of intangible assets,586317
2016-08,legal,Legal services,1128695
2016-08,computer_systems,Computer systems design and related services,2003002
2016-08,misc_professional,"Miscellaneous professional, scientific, and technical services",5747103
2016-08,management_companies,Management of companies and enterprises,2245998
2016-08,admin_support,Administrative and support services,8689056
2016-08,waste_remediation,Waste management and remediation services,406697
2016-08,education,Educational services,2601113
2016-08,ambulatory_health,Ambulatory health care services,7096315
2016-08,hospitals_nursing,"Hospitals, nursing and residential care facilities",8295970
2016-08,social_assistance,Social assistance,3567574
2016-08,performing_arts_museums,"Performing arts, spectator sports, museums, and related activities",667434
2016-08,amusement_recreation,"Amusements, gambling, and recreation industries",1837109
2016-08,accommodation,Accommodation,2069952
2016-08,food_services,Food services and drinking places,11606033
2016-08,other_services,"Other services, except government",4435655
2016-09,oil_gas_extraction,Oil and gas extraction,169442
2016-09,mining_except_oil_gas,"Mining, except oil and gas",180235
2016-09,support_mining,Support activities for mining,248230
2016-09,utilities,Utilities,552064
2016-09,construction,Construction,6911712
2016-09,wood_products,Wood products,393649
2016-09,nonmetallic_mineral,Nonmetallic mineral products,411954
2016-09,primary_metals,Primary metals,370068
2016-09,fabricated_metal,Fabricated metal products,1405875
2016-09,machinery,Machinery,1059961
2016-09,computer_electronic,Computer and electronic products,1036876
2016-09,electrical_equipment,"Electrical equipment, appliances, and components",379687
2016-09,motor_vehicles,"Motor vehicles, bodies and trailers, and parts",946064
2016-09,other_transport_equipment,Other transportation equipment,675042
2016-09,furniture,Furniture and related products,389013
2016-09,misc_manufacturing,Miscellaneous manufacturing,589531
2016-09,food_beverage_tobacco,Food and beverage and tobacco products,1834896
2016-09,textiles,Textile mills and textile product mills,228315
2016-09,apparel_leather,Apparel and leather and allied products,156348
2016-09,paper,Paper products,368208
2016-09,printing,Printing and related support activities,444656
2016-09,petroleum_coal,Petroleum and coal products,112416
2016-09,chemicals,Chemical products,812276
2016-09,plastics_rubber,Plastics and rubber products,702119
2016-09,wholesale,Wholesale trade,5869376
2016-09,retail,Retail trade,15728316
2016-09,air_transport,Air transportation,474718
2016-09,rail_transport,Rail transportation,575
2016-09,water_transport,Water transportation,65880
2016-09,truck_transport,Truck transportation,1461904
2016-09,transit_ground,Transit and ground passenger transportation,487213
2016-09,pipeline,Pipeline transportation,48645
2016-09,other_transport_support,Other transportation and support activities,701329
2016-09,warehousing,Warehousing and storage,938608
2016-09,information,Information,2796811
2016-09,credit_intermediation,"Federal Reserve banks, credit intermediation, and related activities",2621643
2016-09,securities,"Securities, commodity contracts, and investments",914238
2016-09,insurance,Insurance carriers and related activities,2284563
2016-09,funds_trusts,"Funds, trusts, and other financial vehicles",10140
2016-09,real_estate,Real estate,1568111
2016-09,rental_leasing,Rental and leasing services and lessors of intangible assets,581393
2016-09,legal,Legal services,1121739
2016-09,computer_systems,Computer systems design and related services,1977453
2016-09,misc_professional,"Miscellaneous professional, scientific, and technical services",5711936
2016-09,management_companies,Management of companies and enterprises,2232639
2016-09,admin_support,Administrative and support services,8779129
2016-09,waste_remediation,Waste management and remediation services,405788
2016-09,education,Educational services,2779126
2016-09,ambulatory_health,Ambulatory health care services,7107948
2016-09,hospitals_nursing,"Hospitals, nursing and residential care facilities",8296277
2016-09,social_assistance,Social assistance,3579519
2016-09,performing_arts_museums,"Performing arts, spectator sports, museums, and related activities",660013
2016-09,amusement_recreation,"Amusements, gambling, and recreation industries",1658603
2016-09,accommodation,Accommodation,1989525
2016-09,food_services,Food services and drinking places,11527968
2016-09,other_services,"Other services, except government",4403125
2016-10,oil_gas_extraction,Oil and gas extraction,169394
2016-10,mining_except_oil_gas,"Mining, except oil and gas",180377
2016-10,support_mining,Support activities for mining,250841
2016-10,utilities,Utilities,550988
2016-10,construction,Construction,6910303
2016-10,wood_products,Wood products,393323
2016-10,nonmetallic_mineral,Nonmetallic mineral products,410432
2016-10,primary_metals,Primary metals,368836
2016-10,fabricated_metal,Fabricated metal products,1403664
2016-10,machinery,Machinery,1052216
2016-10,computer_electronic,Computer and electronic products,1035661
2016-10,electrical_equipment,"Electrical equipment, appliances, and components",378974
2016-10,motor_vehicles,"Motor vehicles, bodies and trailers, and parts",945442
2016-10,other_transport_equipment,Other transportation equipment,671251
2016-10,furniture,Furniture and related products,388682
2016-10,misc_manufacturing,Miscellaneous manufacturing,589502
2016-10,food_beverage_tobacco,Food and beverage and tobacco products,1822846
2016-10,textiles,Textile mills and textile product mills,228366
2016-10,apparel_leather,Apparel and leather and allied products,155192
2016-10,paper,Paper products,367532
2016-10,printing,Printing and related support activities,444316
2016-10,petroleum_coal,Petroleum and coal products,112096
2016-10,chemicals,Chemical products,809698
2016-10,plastics_rubber,Plastics and rubber products,701334
2016-10,wholesale,Wholesale trade,5875273
2016-10,retail,Retail trade,15891543
2016-10,air_transport,Air transportation,476893
2016-10,rail_transport,Rail transportation,573
2016-10,water_transport,Water transportation,64916
2016-10,truck_transport,Truck transportation,1456899
2016-10,transit_ground,Transit and ground passenger transportation,492879
2016-10,pipeline,Pipeline transportation,48085
2016-10,other_transport_support,Other transportation and support activities,697981
2016-10,warehousing,Warehousing and storage,967583
2016-10,information,Information,2795865
2016-10,credit_intermediation,"Federal Reserve banks, credit intermediation, and related activities",2627006
2016-10,securities,"Securities, commodity contracts, and investments",919270
2016-10,insurance,Insurance carriers and related activities,2292537
2016-10,funds_trusts,"Funds, trusts, and other financial vehicles",10856
2016-10,real_estate,Real estate,1573562
2016-10,rental_leasing,Rental and leasing services and lessors of intangible assets,573710
2016-10,legal,Legal services,1130136
2016-10,computer_systems,Computer systems design and related services,2005388
2016-10,misc_professional,"Miscellaneous professional, scientific, and technical services",5763155
2016-10,management_companies,Management of companies and enterprises,2233228
2016-10,admin_support,Administrative and support services,8794070
2016-10,waste_remediation,Waste management and remediation services,405431
2016-10,education,Educational services,2860608
2016-10,ambulatory_health,Ambulatory health care services,7134801
2016-10,hospitals_nursing,"Hospitals, nursing and residential care facilities",8300362
2016-10,social_assistance,Social assistance,3629437
2016-10,performing_arts_museums,"Performing arts, spectator sports, museums, and related activities",647613
2016-10,amusement_recreation,"Amusements, gambling, and recreation industries",1578293
2016-10,accommodation,Accommodation,1941294
2016-10,food_services,Food services and drinking places,11430092
2016-10,other_services,"Other services, except government",4417725
2016-11,oil_gas_extraction,Oil and gas extraction,167838
2016-11,mining_except_oil_gas,"Mining, except oil and gas",179176
2016-11,support_mining,Support activities for mining,252915
2016-11,utilities,Utilities,550851
2016-11,construction,Construction,6837710
2016-11,wood_products,Wood products,393604
2016-11,nonmetallic_mineral,Nonmetallic mineral products,410061
2016-11,primary_metals,Primary metals,368526
2016-11,fabricated_metal,Fabricated metal products,1404917
2016-11,machinery,Machinery,1052818
2016-11,computer_electronic,Computer and electronic products,1034960
2016-11,electrical_equipment,"Electrical equipment, appliances, and components",379636
2016-11,motor_vehicles,"Motor vehicles, bodies and trailers, and parts",952576
2016-11,other_transport_equipment,Other transportation equipment,671279
2016-11,furniture,Furniture and related products,389001
2016-11,misc_manufacturing,Miscellaneous manufacturing,591401
2016-11,food_beverage_tobacco,Food and beverage and tobacco products,1812474
2016-11,textiles,Textile mills and textile product mills,228441
2016-11,apparel_leather,Apparel and leather and allied products,154789
2016-11,paper,Paper products,367842
2016-11,printing,Printing and related support activities,443963
2016-11,petroleum_coal,Petroleum and coal products,111742
2016-11,chemicals,Chemical products,810839
2016-11,plastics_rubber,Plastics and rubber products,703155
2016-11,wholesale,Wholesale trade,5884446
2016-11,retail,Retail trade,16351728
2016-11,air_transport,Air transportation,477918
2016-11,rail_transport,Rail transportation,676
2016-11,water_transport,Water transportation,63542
2016-11,truck_transport,Truck transportation,1452737
2016-11,transit_ground,Transit and ground passenger transportation,491630
2016-11,pipeline,Pipeline transportation,47964
2016-11,other_transport_support,Other transportation and support activities,695561
2016-11,warehousing,Warehousing and storage,1008547
2016-11,information,Information,2815875
2016-11,credit_intermediation,"Federal Reserve banks, credit intermediation, and related activities",2637576
2016-11,securities,"Securities, commodity contracts, and investments",921297
2016-11,insurance,Insurance carriers and related activities,2294772
2016-11,funds_trusts,"Funds, trusts, and other financial vehicles",10485
2016-11,real_estate,Real estate,1572555
2016-11,rental_leasing,Rental and leasing services and lessors of intangible assets,567899
2016-11,legal,Legal services,1131020
2016-11,computer_systems,Computer systems design and related services,2010670
2016-11,misc_professional,"Miscellaneous professional, scientific, and technical services",5800648
2016-11,management_companies,Management of companies and enterprises,2241471
2016-11,admin_support,Administrative and support services,8779236
2016-11,waste_remediation,Waste management and remediation services,404395
2016-11,education,Educational services,2872555
2016-11,ambulatory_health,Ambulatory health care services,7158256
2016-11,hospitals_nursing,"Hospitals, nursing and residential care facilities",8321966
2016-11,social_assistance,Social assistance,3641897
2016-11,performing_arts_museums,"Performing arts, spectator sports, museums, and related activities",622353
2016-11,amusement_recreation,"Amusements, gambling, and recreation industries",1494226
2016-11,accommodation,Accommodation,1901341
2016-11,food_services,Food services and drinking places,11409910
2016-11,other_services,"Other services, except government",4407351
2016-12,oil_gas_extraction,Oil and gas extraction,168272
2016-12,mining_except_oil_gas,"Mining, except oil and gas",176947
2016-12,support_mining,Support activities for mining,256446
2016-12,utilities,Utilities,550392
2016-12,construction,Construction,6685994
2016-12,wood_products,Wood products,393844
2016-12,nonmetallic_mineral,Nonmetallic mineral products,405979
2016-12,primary_metals,Primary metals,368727
2016-12,fabricated_metal,Fabricated metal products,1409898
2016-12,machinery,Machinery,1057469
2016-12,computer_electronic,Computer and electronic products,1036870
2016-12,electrical_equipment,"Electrical equipment, appliances, and components",381957
2016-12,motor_vehicles,"Motor vehicles, bodies and trailers, and parts",954849
2016-12,other_transport_equipment,Other transportation equipment,672025
2016-12,furniture,Furniture and related products,390486
2016-12,misc_manufacturing,Miscellaneous manufacturing,592896
2016-12,food_beverage_tobacco,Food and beverage and tobacco products,1811352
2016-12,textiles,Textile mills and textile product mills,228746
2016-12,apparel_leather,Apparel and leather and allied products,154485
2016-12,paper,Paper products,369484
2016-12,printing,Printing and related support activities,444118
2016-12,petroleum_coal,Petroleum and coal products,110145
2016-12,chemicals,Chemical products,813376
2016-12,plastics_rubber,Plastics and rubber products,705504
2016-12,wholesale,Wholesale trade,5900095
2016-12,retail,Retail trade,16456425
2016-12,air_transport,Air transportation,479815
2016-12,rail_transport,Rail transportation,697
2016-12,water_transport,Water transportation,62534
2016-12,truck_transport,Truck transportation,1445768
2016-12,transit_ground,Transit and ground passenger transportation,490615
2016-12,pipeline,Pipeline transportation,47811
2016-12,other_transport_support,Other transportation and support activities,700766
2016-12,warehousing,Warehousing and storage,1009882
2016-12,information,Information,2812293
2016-12,credit_intermediation,"Federal Reserve banks, credit intermediation, and related activities",2650542
2016-12,securities,"Securities, commodity contracts, and investments",922821
2016-12,insurance,Insurance carriers and related activities,2302729
2016-12,funds_trusts,"Funds, trusts, and other financial vehicles",11159
2016-12,real_estate,Real estate,1584156
2016-12,rental_leasing,Rental and leasing services and lessors of intangible assets,564482
2016-12,legal,Legal services,1138034
2016-12,computer_systems,Computer systems design and related services,1999171
2016-12,misc_professional,"Miscellaneous professional, scientific, and technical services",5817748
2016-12,management_companies,Management of companies and enterprises,2248795
2016-12,admin_support,Administrative and support services,8675848
2016-12,waste_remediation,Waste management and remediation services,402713
2016-12,education,Educational services,2834965
2016-12,ambulatory_health,Ambulatory health care services,7186926
2016-12,hospitals_nursing,"Hospitals, nursing and residential care facilities",8345893
2016-12,social_assistance,Social assistance,3645714
2016-12,performing_arts_museums,"Performing arts, spectator sports, museums, and related activities",611263
2016-12,amusement_recreation,"Amusements, gambling, and recreation industries",1498880
2016-12,accommodation,Accommodation,1891056
2016-12,food_services,Food services and drinking places,11371151
2016-12,other_services,"Other services, except government",4392265
2017-01,oil_gas_extraction,Oil and gas extraction,144296
2017-01,mining_except_oil_gas,"Mining, except oil and gas",174115
2017-01,support_mining,Support activities for mining,265399
2017-01,utilities,Utilities,550654
2017-01,construction,Construction,6417772
2017-01,wood_products,Wood products,389820
2017-01,nonmetallic_mineral,Nonmetallic mineral products,396027
2017-01,primary_metals,Primary metals,366498
2017-01,fabricated_metal,Fabricated metal products,1402096
2017-01,machinery,Machinery,1057124
2017-01,computer_electronic,Computer and electronic products,1039167
2017-01,electrical_equipment,"Electrical equipment, appliances, and components",381252
2017-01,motor_vehicles,"Motor vehicles, bodies and trailers, and parts",960270
2017-01,other_transport_equipment,Other transportation equipment,675943
2017-01,furniture,Furniture and related products,391293
2017-01,misc_manufacturing,Miscellaneous manufacturing,586037
2017-01,food_beverage_tobacco,Food and beverage and tobacco products,1798008
2017-01,textiles,Textile mills and textile product mills,227015
2017-01,apparel_leather,Apparel and leather and allied products,152480
2017-01,paper,Paper products,367179
2017-01,printing,Printing and related support activities,440522
2017-01,petroleum_coal,Petroleum and coal products,109442
2017-01,chemicals,Chemical products,813118
2017-01,plastics_rubber,Plastics and rubber products,706130
2017-01,wholesale,Wholesale trade,5803093
2017-01,retail,Retail trade,15783349
2017-01,air_transport,Air transportation,480545
2017-01,rail_transport,Rail transportation,586
2017-01,water_transport,Water transportation,62034
2017-01,truck_transport,Truck transportation,1413963
2017-01,transit_ground,Transit and ground passenger transportation,489229
2017-01,pipeline,Pipeline transportation,49609
2017-01,other_transport_support,Other transportation and support activities,699222
2017-01,warehousing,Warehousing and storage,985095
2017-01,information,Information,2760136
2017-01,credit_intermediation,"Federal Reserve banks, credit intermediation, and related activities",2648309
2017-01,securities,"Securities, commodity contracts, and investments",909614
2017-01,insurance,Insurance carriers and related activities,2290814
2017-01,funds_trusts,"Funds, trusts, and other financial vehicles",11840
2017-01,real_estate,Real estate,1550762
2017-01,rental_leasing,Rental and leasing services and lessors of intangible assets,554784
2017-01,legal,Legal services,1117611
2017-01,computer_systems,Computer systems design and related services,2006439
2017-01,misc_professional,"Miscellaneous professional, scientific, and technical services",5727901
2017-01,management_companies,Management of companies and enterprises,2265154
2017-01,admin_support,Administrative and support services,8250895
2017-01,waste_remediation,Waste management and remediation services,400445
2017-01,education,Educational services,2749825
2017-01,ambulatory_health,Ambulatory health care services,7128517
2017-01,hospitals_nursing,"Hospitals, nursing and residential care facilities",8278066
2017-01,social_assistance,Social assistance,3652032
2017-01,performing_arts_museums,"Performing arts, spectator sports, museums, and related activities",563387
2017-01,amusement_recreation,"Amusements, gambling, and recreation industries",1449317
2017-01,accommodation,Accommodation,1874577
2017-01,food_services,Food services and drinking places,11146598
2017-01,other_services,"Other services, except government",4320727
2017-02,oil_gas_extraction,Oil and gas extraction,143874
2017-02,mining_except_oil_gas,"Mining, except oil and gas",175643
2017-02,support_mining,Support activities for mining,273081
2017-02,utilities,Utilities,551478
2017-02,construction,Construction,6481131
2017-02,wood_products,Wood products,391246
2017-02,nonmetallic_mineral,Nonmetallic mineral products,397938
2017-02,primary_metals,Primary metals,366533
2017-02,fabricated_metal,Fabricated metal products,1405135
2017-02,machinery,Machinery,1059784
2017-02,computer_electronic,Computer and electronic products,1039216
2017-02,electrical_equipment,"Electrical equipment, appliances, and components",381510
2017-02,motor_vehicles,"Motor vehicles, bodies and trailers, and parts",957757
2017-02,other_transport_equipment,Other transportation equipment,679802
2017-02,furniture,Furniture and related products,392262
2017-02,misc_manufacturing,Miscellaneous manufacturing,586879
2017-02,food_beverage_tobacco,Food and beverage and tobacco products,1809880
2017-02,textiles,Textile mills and textile product mills,227329
2017-02,apparel_leather,Apparel and leather and allied products,150140
2017-02,paper,Paper products,367073
2017-02,printing,Printing and related support activities,439887
2017-02,petroleum_coal,Petroleum and coal products,110028
2017-02,chemicals,Chemical products,814363
2017-02,plastics_rubber,Plastics and rubber products,709670
2017-02,wholesale,Wholesale trade,5820360
2017-02,retail,Retail trade,15580696
2017-02,air_transport,Air transportation,482551
2017-02,rail_transport,Rail transportation,572
2017-02,water_transport,Water transportation,61966
2017-02,truck_transport,Truck transportation,1416675
2017-02,transit_ground,Transit and ground passenger transportation,492694
2017-02,pipeline,Pipeline transportation,49654
2017-02,other_transport_support,Other transportation and support activities,699736
2017-02,warehousing,Warehousing and storage,974614
2017-02,information,Information,2811501
2017-02,credit_intermediation,"Federal Reserve banks, credit intermediation, and related activities",2648933
2017-02,securities,"Securities, commodity contracts, and investments",913858
2017-02,insurance,Insurance carriers and related activities,2293374
2017-02,funds_trusts,"Funds, trusts, and other financial vehicles",12002
2017-02,real_estate,Real estate,1558330
2017-02,rental_leasing,Rental and leasing services and lessors of intangible assets,559291
2017-02,legal,Legal services,1119962
2017-02,computer_systems,Computer systems design and related services,2016069
2017-02,misc_professional,"Miscellaneous professional, scientific, and technical services",5801428
2017-02,management_companies,Management of companies and enterprises,2265015
2017-02,admin_support,Administrative and support services,8284674
2017-02,waste_remediation,Waste management and remediation services,402502
2017-02,education,Educational services,2875650
2017-02,ambulatory_health,Ambulatory health care services,7160629
2017-02,hospitals_nursing,"Hospitals, nursing and residential care facilities",8292842
2017-02,social_assistance,Social assistance,3672095
2017-02,performing_arts_museums,"Performing arts, spectator sports, museums, and related activities",578869
2017-02,amusement_recreation,"Amusements, gambling, and recreation industries",1466298
2017-02,accommodation,Accommodation,1891290
2017-02,food_services,Food services and drinking places,11270631
2017-02,other_services,"Other services, except government",4348592
2017-03,oil_gas_extraction,Oil and gas extraction,143530
2017-03,mining_except_oil_gas,"Mining, except oil and gas",178636
2017-03,support_mining,Support activities for mining,277838
2017-03,utilities,Utilities,552876
2017-03,construction,Construction,6608196
2017-03,wood_products,Wood products,392024
2017-03,nonmetallic_mineral,Nonmetallic mineral products,401661
2017-03,primary_metals,Primary metals,366660
2017-03,fabricated_metal,Fabricated metal products,1409202
2017-03,machinery,Machinery,1064157
2017-03,computer_electronic,Computer and electronic products,1033392
2017-03,electrical_equipment,"Electrical equipment, appliances, and components",382637
2017-03,motor_vehicles,"Motor vehicles, bodies and trailers, and parts",958531
2017-03,other_transport_equipment,Other transportation equipment,675013
2017-03,furniture,Furniture and related products,392055
2017-03,misc_manufacturing,Miscellaneous manufacturing,588290
2017-03,food_beverage_tobacco,Food and beverage and tobacco products,1814243
2017-03,textiles,Textile mills and textile product mills,227561
2017-03,apparel_leather,Apparel and leather and allied products,150110
2017-03,paper,Paper products,367300
2017-03,printing,Printing and related support activities,440471
2017-03,petroleum_coal,Petroleum and coal products,110826
2017-03,chemicals,Chemical products,817060
2017-03,plastics_rubber,Plastics and rubber products,711078
2017-03,wholesale,Wholesale trade,5838483
2017-03,retail,Retail trade,15582303
2017-03,air_transport,Air transportation,485475
2017-03,rail_transport,Rail transportation,572
2017-03,water_transport,Water transportation,62387
2017-03,truck_transport,Truck transportation,1424257
2017-03,transit_ground,Transit and ground passenger transportation,492691
2017-03,pipeline,Pipeline transportation,49537
2017-03,other_transport_support,Other transportation and support activities,706469
2017-03,warehousing,Warehousing and storage,968756
2017-03,information,Information,2779473
2017-03,credit_intermediation,"Federal Reserve banks, credit intermediation, and related activities",2648266
2017-03,securities,"Securities, commodity contracts, and investments",911797
2017-03,insurance,Insurance carriers and related activities,2297765
2017-03,funds_trusts,"Funds, trusts, and other financial vehicles",12161
2017-03,real_estate,Real estate,1565333
2017-03,rental_leasing,Rental and leasing services and lessors of intangible assets,565034
2017-03,legal,Legal services,1122057
2017-03,computer_systems,Computer systems design and related services,2008481
2017-03,misc_professional,"Miscellaneous professional, scientific, and technical services",5817547
2017-03,management_companies,Management of companies and enterprises,2267332
2017-03,admin_support,Administrative and support services,8381209
2017-03,waste_remediation,Waste management and remediation services,404126
2017-03,education,Educational services,2881346
2017-03,ambulatory_health,Ambulatory health care services,7182774
2017-03,hospitals_nursing,"Hospitals, nursing and residential care facilities",8309900
2017-03,social_assistance,Social assistance,3692024
2017-03,performing_arts_museums,"Performing arts, spectator sports, museums, and related activities",605190
2017-03,amusement_recreation,"Amusements, gambling, and recreation industries",1511092
2017-03,accommodation,Accommodation,1916848
2017-03,food_services,Food services and drinking places,11449435
2017-03,other_services,"Other services, except government",4384702
2017-04,oil_gas_extraction,Oil and gas extraction,143004
2017-04,mining_except_oil_gas,"Mining, except oil and gas",182967
2017-04,support_mining,Support activities for mining,284299
2017-04,utilities,Utilities,551053
2017-04,construction,Construction,6791595
2017-04,wood_products,Wood products,392789
2017-04,nonmetallic_mineral,Nonmetallic mineral products,409131
2017-04,primary_metals,Primary metals,367012
2017-04,fabricated_metal,Fabricated metal products,1410528
2017-04,machinery,Machinery,1066843
2017-04,computer_electronic,Computer and electronic products,1032890
2017-04,electrical_equipment,"Electrical equipment, appliances, and components",383091
2017-04,motor_vehicles,"Motor vehicles, bodies and trailers, and parts",962834
2017-04,other_transport_equipment,Other transportation equipment,673828
2017-04,furniture,Furniture and related products,392065
2017-04,misc_manufacturing,Miscellaneous manufacturing,587863
2017-04,food_beverage_tobacco,Food and beverage and tobacco products,1819258
2017-04,textiles,Textile mills and textile product mills,228086
2017-04,apparel_leather,Apparel and leather and allied products,150022
2017-04,paper,Paper products,366914
2017-04,printing,Printing and related support activities,439638
2017-04,petroleum_coal,Petroleum and coal products,112080
2017-04,chemicals,Chemical products,817613
2017-04,plastics_rubber,Plastics and rubber products,710713
2017-04,wholesale,Wholesale trade,5868204
2017-04,retail,Retail trade,15677509
2017-04,air_transport,Air transportation,489225
2017-04,rail_transport,Rail transportation,493
2017-04,water_transport,Water transportation,63822
2017-04,truck_transport,Truck transportation,1435272
2017-04,transit_ground,Transit and ground passenger transportation,487235
2017-04,pipeline,Pipeline transportation,49306
2017-04,other_transport_support,Other transportation and support activities,706912
2017-04,warehousing,Warehousing and storage,970497
2017-04,information,Information,2771813
2017-04,credit_intermediation,"Federal Reserve banks, credit intermediation, and related activities",2649191
2017-04,securities,"Securities, commodity contracts, and investments",913469
2017-04,insurance,Insurance carriers and related activities,2297578
2017-04,funds_trusts,"Funds, trusts, and other financial vehicles",12216
2017-04,real_estate,Real estate,1577893
2017-04,rental_leasing,Rental and leasing services and lessors of intangible assets,571681
2017-04,legal,Legal services,1125285
2017-04,computer_systems,Computer systems design and related services,2034197
2017-04,misc_professional,"Miscellaneous professional, scientific, and technical services",5835457
2017-04,management_companies,Management of companies and enterprises,2264959
2017-04,admin_support,Administrative and support services,8515390
2017-04,waste_remediation,Waste management and remediation services,407995
2017-04,education,Educational services,2910946
2017-04,ambulatory_health,Ambulatory health care services,7210553
2017-04,hospitals_nursing,"Hospitals, nursing and residential care facilities",8309660
2017-04,social_assistance,Social assistance,3714098
2017-04,performing_arts_museums,"Performing arts, spectator sports, museums, and related activities",650692
2017-04,amusement_recreation,"Amusements, gambling, and recreation industries",1593266
2017-04,accommodation,Accommodation,1943601
2017-04,food_services,Food services and drinking places,11617429
2017-04,other_services,"Other services, except government",4422534
2017-05,oil_gas_extraction,Oil and gas extraction,143246
2017-05,mining_except_oil_gas,"Mining, except oil and gas",185561
2017-05,support_mining,Support activities for mining,290651
2017-05,utilities,Utilities,551153
2017-05,construction,Construction,6968677
2017-05,wood_products,Wood products,395443
2017-05,nonmetallic_mineral,Nonmetallic mineral products,413291
2017-05,primary_metals,Primary metals,367360
2017-05,fabricated_metal,Fabricated metal products,1414407
2017-05,machinery,Machinery,1069250
2017-05,computer_electronic,Computer and electronic products,1034952
2017-05,electrical_equipment,"Electrical equipment, appliances, and components",383673
2017-05,motor_vehicles,"Motor vehicles, bodies and trailers, and parts",965780
2017-05,other_transport_equipment,Other transportation equipment,673246
2017-05,furniture,Furniture and related products,392829
2017-05,misc_manufacturing,Miscellaneous manufacturing,589395
2017-05,food_beverage_tobacco,Food and beverage and tobacco products,1833353
2017-05,textiles,Textile mills and textile product mills,227843
2017-05,apparel_leather,Apparel and leather and allied products,149585
2017-05,paper,Paper products,366264
2017-05,printing,Printing and related support activities,440139
2017-05,petroleum_coal,Petroleum and coal products,113544
2017-05,chemicals,Chemical products,819519
2017-05,plastics_rubber,Plastics and rubber products,712181
2017-05,wholesale,Wholesale trade,5900796
2017-05,retail,Retail trade,15750315
2017-05,air_transport,Air transportation,491207
2017-05,rail_transport,Rail transportation,497
2017-05,water_transport,Water transportation,64759
2017-05,truck_transport,Truck transportation,1450900
2017-05,transit_ground,Transit and ground passenger transportation,497238
2017-05,pipeline,Pipeline transportation,49592
2017-05,other_transport_support,Other transportation and support activities,713887
2017-05,warehousing,Warehousing and storage,976203
2017-05,information,Information,2801912
2017-05,credit_intermediation,"Federal Reserve banks, credit intermediation, and related activities",2656578
2017-05,securities,"Securities, commodity contracts, and investments",914742
2017-05,insurance,Insurance carriers and related activities,2300145
2017-05,funds_trusts,"Funds, trusts, and other financial vehicles",12249
2017-05,real_estate,Real estate,1593353
2017-05,rental_leasing,Rental and leasing services and lessors of intangible assets,583177
2017-05,legal,Legal services,1128853
2017-05,computer_systems,Computer systems design and related services,2038972
2017-05,misc_professional,"Miscellaneous professional, scientific, and technical services",5739678
2017-05,management_companies,Management of companies and enterprises,2268168
2017-05,admin_support,Administrative and support services,8690132
2017-05,waste_remediation,Waste management and remediation services,412409
2017-05,education,Educational services,2882368
2017-05,ambulatory_health,Ambulatory health care services,7244225
2017-05,hospitals_nursing,"Hospitals, nursing and residential care facilities",8321281
2017-05,social_assistance,Social assistance,3739475
2017-05,performing_arts_museums,"Performing arts, spectator sports, museums, and related activities",678812
2017-05,amusement_recreation,"Amusements, gambling, and recreation industries",1691828
2017-05,accommodation,Accommodation,1995903
2017-05,food_services,Food services and drinking places,11807334
2017-05,other_services,"Other services, except government",4461798
2017-06,oil_gas_extraction,Oil and gas extraction,145024
2017-06,mining_except_oil_gas,"Mining, except oil and gas",188494
2017-06,support_mining,Support activities for mining,296768
2017-06,utilities,Utilities,555181
2017-06,construction,Construction,7120071
2017-06,wood_products,Wood products,399539
2017-06,nonmetallic_mineral,Nonmetallic mineral products,417642
2017-06,primary_metals,Primary metals,370144
2017-06,fabricated_metal,Fabricated metal products,1427110
2017-06,machinery,Machinery,1079957
2017-06,computer_electronic,Computer and electronic products,1046875
2017-06,electrical_equipment,"Electrical equipment, appliances, and components",387796
2017-06,motor_vehicles,"Motor vehicles, bodies and trailers, and parts",974803
2017-06,other_transport_equipment,Other transportation equipment,677986
2017-06,furniture,Furniture and related products,396548
2017-06,misc_manufacturing,Miscellaneous manufacturing,593197
2017-06,food_beverage_tobacco,Food and beverage and tobacco products,1866298
2017-06,textiles,Textile mills and textile product mills,228989
2017-06,apparel_leather,Apparel and leather and allied products,148941
2017-06,paper,Paper products,369066
2017-06,printing,Printing and related support activities,441048
2017-06,petroleum_coal,Petroleum and coal products,114828
2017-06,chemicals,Chemical products,826629
2017-06,plastics_rubber,Plastics and rubber products,717108
2017-06,wholesale,Wholesale trade,5939029
2017-06,retail,Retail trade,15831610
2017-06,air_transport,Air transportation,493117
2017-06,rail_transport,Rail transportation,520
2017-06,water_transport,Water transportation,66137
2017-06,truck_transport,Truck transportation,1466005
2017-06,transit_ground,Transit and ground passenger transportation,465800
2017-06,pipeline,Pipeline transportation,49558
2017-06,other_transport_support,Other transportation and support activities,724971
2017-06,warehousing,Warehousing and storage,986671
2017-06,information,Information,2800538
2017-06,credit_intermediation,"Federal Reserve banks, credit intermediation, and related activities",2668435
2017-06,securities,"Securities, commodity contracts, and investments",927177
2017-06,insurance,Insurance carriers and related activities,2316413
2017-06,funds_trusts,"Funds, trusts, and other financial vehicles",12576
2017-06,real_estate,Real estate,1617841
2017-06,rental_leasing,Rental and leasing services and lessors of intangible assets,598488
2017-06,legal,Legal services,1146834
2017-06,computer_systems,Computer systems design and related services,2041068
2017-06,misc_professional,"Miscellaneous professional, scientific, and technical services",5799081
2017-06,management_companies,Management of companies and enterprises,2292545
2017-06,admin_support,Administrative and support services,8760476
2017-06,waste_remediation,Waste management and remediation services,418842
2017-06,education,Educational services,2729565
2017-06,ambulatory_health,Ambulatory health care services,7260931
2017-06,hospitals_nursing,"Hospitals, nursing and residential care facilities",8364869
2017-06,social_assistance,Social assistance,3724510
2017-06,performing_arts_museums,"Performing arts, spectator sports, museums, and related activities",692089
2017-06,amusement_recreation,"Amusements, gambling, and recreation industries",1890636
2017-06,accommodation,Accommodation,2086278
2017-06,food_services,Food services and drinking places,11884203
2017-06,other_services,"Other services, except government",4520824
2017-07,oil_gas_extraction,Oil and gas extraction,144821
2017-07,mining_except_oil_gas,"Mining, except oil and gas",189565
2017-07,support_mining,Support activities for mining,302674
2017-07,utilities,Utilities,555359
2017-07,construction,Construction,7152925
2017-07,wood_products,Wood products,399156
2017-07,nonmetallic_mineral,Nonmetallic mineral products,417828
2017-07,primary_metals,Primary metals,369886
2017-07,fabricated_metal,Fabricated metal products,1424784
2017-07,machinery,Machinery,1079927
2017-07,computer_electronic,Computer and electronic products,1050330
2017-07,electrical_equipment,"Electrical equipment, appliances, and components",388248
2017-07,motor_vehicles,"Motor vehicles, bodies and trailers, and parts",958199
2017-07,other_transport_equipment,Other transportation equipment,678068
2017-07,furniture,Furniture and related products,395636
2017-07,misc_manufacturing,Miscellaneous manufacturing,594903
2017-07,food_beverage_tobacco,Food and beverage and tobacco products,1889519
2017-07,textiles,Textile mills and textile product mills,227452
2017-07,apparel_leather,Apparel and leather and allied products,146752
2017-07,paper,Paper products,369199
2017-07,printing,Printing and related support activities,439778
2017-07,petroleum_coal,Petroleum and coal products,115068
2017-07,chemicals,Chemical products,825421
2017-07,plastics_rubber,Plastics and rubber products,715228
2017-07,wholesale,Wholesale trade,5935306
2017-07,retail,Retail trade,15829036
2017-07,air_transport,Air transportation,499180
2017-07,rail_transport,Rail transportation,508
2017-07,water_transport,Water transportation,66579
2017-07,truck_transport,Truck transportation,1468546
2017-07,transit_ground,Transit and ground passenger transportation,405168
2017-07,pipeline,Pipeline transportation,49760
2017-07,other_transport_support,Other transportation and support activities,726798
2017-07,warehousing,Warehousing and storage,999853
2017-07,information,Information,2810991
2017-07,credit_intermediation,"Federal Reserve banks, credit intermediation, and related activities",2673013
2017-07,securities,"Securities, commodity contracts, and investments",936630
2017-07,insurance,Insurance carriers and related activities,2321318
2017-07,funds_trusts,"Funds, trusts, and other financial vehicles",12709
2017-07,real_estate,Real estate,1628560
2017-07,rental_leasing,Rental and leasing services and lessors of intangible assets,599050
2017-07,legal,Legal services,1145274
2017-07,computer_systems,Computer systems design and related services,2067542
2017-07,misc_professional,"Miscellaneous professional, scientific, and technical services",5822680
2017-07,management_companies,Management of companies and enterprises,2295893
2017-07,admin_support,Administrative and support services,8710123
2017-07,waste_remediation,Waste management and remediation services,421891
2017-07,education,Educational services,2610664
2017-07,ambulatory_health,Ambulatory health care services,7268894
2017-07,hospitals_nursing,"Hospitals, nursing and residential care facilities",8366870
2017-07,social_assistance,Social assistance,3697299
2017-07,performing_arts_museums,"Performing arts, spectator sports, museums, and related activities",687725
2017-07,amusement_recreation,"Amusements, gambling, and recreation industries",1929515
2017-07,accommodation,Accommodation,2124320
2017-07,food_services,Food services and drinking places,11801506
2017-07,other_services,"Other services, except government",4500205
2017-08,oil_gas_extraction,Oil and gas extraction,144587
2017-08,mining_except_oil_gas,"Mining, except oil and gas",189545
2017-08,support_mining,Support activities for mining,305142
2017-08,utilities,Utilities,553663
2017-08,construction,Construction,7169057
2017-08,wood_products,Wood products,400015
2017-08,nonmetallic_mineral,Nonmetallic mineral products,417179
2017-08,primary_metals,Primary metals,370337
2017-08,fabricated_metal,Fabricated metal products,1425615
2017-08,machinery,Machinery,1078822
2017-08,computer_electronic,Computer and electronic products,1048273
2017-08,electrical_equipment,"Electrical equipment, appliances, and components",388015
2017-08,motor_vehicles,"Motor vehicles, bodies and trailers, and parts",968461
2017-08,other_transport_equipment,Other transportation equipment,675807
2017-08,furniture,Furniture and related products,395013
2017-08,misc_manufacturing,Miscellaneous manufacturing,594621
2017-08,food_beverage_tobacco,Food and beverage and tobacco products,1901600
2017-08,textiles,Textile mills and textile product mills,227736
2017-08,apparel_leather,Apparel and leather and allied products,147129
2017-08,paper,Paper products,368117
2017-08,printing,Printing and related support activities,438556
2017-08,petroleum_coal,Petroleum and coal products,114896
2017-08,chemicals,Chemical products,825123
2017-08,plastics_rubber,Plastics and rubber products,716555
2017-08,wholesale,Wholesale trade,5936069
2017-08,retail,Retail trade,15846899
2017-08,air_transport,Air transportation,498646
2017-08,rail_transport,Rail transportation,509
2017-08,water_transport,Water transportation,66554
2017-08,truck_transport,Truck transportation,1473792
2017-08,transit_ground,Transit and ground passenger transportation,414376
2017-08,pipeline,Pipeline transportation,49590
2017-08,other_transport_support,Other transportation and support activities,729095
2017-08,warehousing,Warehousing and storage,1021176
2017-08,information,Information,2818940
2017-08,credit_intermediation,"Federal Reserve banks, credit intermediation, and related activities",2671306
2017-08,securities,"Securities, commodity contracts, and investments",939137
2017-08,insurance,Insurance carriers and related activities,2320523
2017-08,funds_trusts,"Funds, trusts, and other financial vehicles",12612
2017-08,real_estate,Real estate,1630257
2017-08,rental_leasing,Rental and leasing services and lessors of intangible assets,595836
2017-08,legal,Legal services,1135393
2017-08,computer_systems,Computer systems design and related services,2070355
2017-08,misc_professional,"Miscellaneous professional, scientific, and technical services",5831286
2017-08,management_companies,Management of companies and enterprises,2293152
2017-08,admin_support,Administrative and support services,8771794
2017-08,waste_remediation,Waste management and remediation services,421680
2017-08,education,Educational services,2647597
2017-08,ambulatory_health,Ambulatory health care services,7289299
2017-08,hospitals_nursing,"Hospitals, nursing and residential care facilities",8375934
2017-08,social_assistance,Social assistance,3717942
2017-08,performing_arts_museums,"Performing arts, spectator sports, museums, and related activities",691859
2017-08,amusement_recreation,"Amusements, gambling, and recreation industries",1879298
2017-08,accommodation,Accommodation,2110013
2017-08,food_services,Food services and drinking places,11861851
2017-08,other_services,"Other services, except government",4479156
2017-09,oil_gas_extraction,Oil and gas extraction,142829
2017-09,mining_except_oil_gas,"Mining, except oil and gas",188398
2017-09,support_mining,Support activities for mining,308773
2017-09,utilities,Utilities,550451
2017-09,construction,Construction,7112167
2017-09,wood_products,Wood products,398036
2017-09,nonmetallic_mineral,Nonmetallic mineral products,414469
2017-09,primary_metals,Primary metals,370275
2017-09,fabricated_metal,Fabricated metal products,1419523
2017-09,machinery,Machinery,1076089
2017-09,computer_electronic,Computer and electronic products,1040434
2017-09,electrical_equipment,"Electrical equipment, appliances, and components",386310
2017-09,motor_vehicles,"Motor vehicles, bodies and trailers, and parts",968344
2017-09,other_transport_equipment,Other transportation equipment,672383
2017-09,furniture,Furniture and related products,391511
2017-09,misc_manufacturing,Miscellaneous manufacturing,591613
2017-09,food_beverage_tobacco,Food and beverage and tobacco products,1891646
2017-09,textiles,Textile mills and textile product mills,227196
2017-09,apparel_leather,Apparel and leather and allied products,146015
2017-09,paper,Paper products,365739
2017-09,printing,Printing and related support activities,435970
2017-09,petroleum_coal,Petroleum and coal products,113856
2017-09,chemicals,Chemical products,820987
2017-09,plastics_rubber,Plastics and rubber products,715208
2017-09,wholesale,Wholesale trade,5913266
2017-09,retail,Retail trade,15683296
2017-09,air_transport,Air transportation,498070
2017-09,rail_transport,Rail transportation,488
2017-09,water_transport,Water transportation,65216
2017-09,truck_transport,Truck transportation,1469823
2017-09,transit_ground,Transit and ground passenger transportation,490859
2017-09,pipeline,Pipeline transportation,49166
2017-09,other_transport_support,Other transportation and support activities,725098
2017-09,warehousing,Warehousing and storage,1041717
2017-09,information,Information,2775603
2017-09,credit_intermediation,"Federal Reserve banks, credit intermediation, and related activities",2655090
2017-09,securities,"Securities, commodity contracts, and investments",920952
2017-09,insurance,Insurance carriers and related activities,2320332
2017-09,funds_trusts,"Funds, trusts, and other financial vehicles",12572
2017-09,real_estate,Real estate,1612520
2017-09,rental_leasing,Rental and leasing services and lessors of intangible assets,589099
2017-09,legal,Legal services,1127584
2017-09,computer_systems,Computer systems design and related services,2040656
2017-09,misc_professional,"Miscellaneous professional, scientific, and technical services",5779781
2017-09,management_companies,Management of companies and enterprises,2276951
2017-09,admin_support,Administrative and support services,8818455
2017-09,waste_remediation,Waste management and remediation services,421006
2017-09,education,Educational services,2831264
2017-09,ambulatory_health,Ambulatory health care services,7280589
2017-09,hospitals_nursing,"Hospitals, nursing and residential care facilities",8354050
2017-09,social_assistance,Social assistance,3720504
2017-09,performing_arts_museums,"Performing arts, spectator sports, museums, and related activities",668590
2017-09,amusement_recreation,"Amusements, gambling, and recreation industries",1678309
2017-09,accommodation,Accommodation,2022231
2017-09,food_services,Food services and drinking places,11698759
2017-09,other_services,"Other services, except government",4426413
2017-10,oil_gas_extraction,Oil and gas extraction,143768
2017-10,mining_except_oil_gas,"Mining, except oil and gas",187886
2017-10,support_mining,Support activities for mining,311485
2017-10,utilities,Utilities,550360
2017-10,construction,Construction,7148769
2017-10,wood_products,Wood products,398637
2017-10,nonmetallic_mineral,Nonmetallic mineral products,412357
2017-10,primary_metals,Primary metals,371629
2017-10,fabricated_metal,Fabricated metal products,1423444
2017-10,machinery,Machinery,1077528
2017-10,computer_electronic,Computer and electronic products,1041741
2017-10,electrical_equipment,"Electrical equipment, appliances, and components",386817
2017-10,motor_vehicles,"Motor vehicles, bodies and trailers, and parts",973516
2017-10,other_transport_equipment,Other transportation equipment,672186
2017-10,furniture,Furniture and related products,392315
2017-10,misc_manufacturing,Miscellaneous manufacturing,594156
2017-10,food_beverage_tobacco,Food and beverage and tobacco products,1881803
2017-10,textiles,Textile mills and textile product mills,228033
2017-10,apparel_leather,Apparel and leather and allied products,145436
2017-10,paper,Paper products,364936
2017-10,printing,Printing and related support activities,436102
2017-10,petroleum_coal,Petroleum and coal products,113978
2017-10,chemicals,Chemical products,820402
2017-10,plastics_rubber,Plastics and rubber products,715582
2017-10,wholesale,Wholesale trade,5926491
2017-10,retail,Retail trade,15860107
2017-10,air_transport,Air transportation,499314
2017-10,rail_transport,Rail transportation,505
2017-10,water_transport,Water transportation,64749
2017-10,truck_transport,Truck transportation,1471843
2017-10,transit_ground,Transit and ground passenger transportation,496089
2017-10,pipeline,Pipeline transportation,49480
2017-10,other_transport_support,Other transportation and support activities,726429
2017-10,warehousing,Warehousing and storage,1065438
2017-10,information,Information,2783499
2017-10,credit_intermediation,"Federal Reserve banks, credit intermediation, and related activities",2658584
2017-10,securities,"Securities, commodity contracts, and investments",931294
2017-10,insurance,Insurance carriers and related activities,2329989
2017-10,funds_trusts,"Funds, trusts, and other financial vehicles",13616
2017-10,real_estate,Real estate,1621688
2017-10,rental_leasing,Rental and leasing services and lessors of intangible assets,582596
2017-10,legal,Legal services,1137887
2017-10,computer_systems,Computer systems design and related services,2074907
2017-10,misc_professional,"Miscellaneous professional, scientific, and technical services",5846410
2017-10,management_companies,Management of companies and enterprises,2276798
2017-10,admin_support,Administrative and support services,8886937
2017-10,waste_remediation,Waste management and remediation services,422198
2017-10,education,Educational services,2927194
2017-10,ambulatory_health,Ambulatory health care services,7333612
2017-10,hospitals_nursing,"Hospitals, nursing and residential care facilities",8362017
2017-10,social_assistance,Social assistance,3757701
2017-10,performing_arts_museums,"Performing arts, spectator sports, museums, and related activities",666110
2017-10,amusement_recreation,"Amusements, gambling, and recreation industries",1610091
2017-10,accommodation,Accommodation,1982488
2017-10,food_services,Food services and drinking places,11684685
2017-10,other_services,"Other services, except government",4454954
2017-11,oil_gas_extraction,Oil and gas extraction,143830
2017-11,mining_except_oil_gas,"Mining, except oil and gas",186782
2017-11,support_mining,Support activities for mining,314495
2017-11,utilities,Utilities,550310
2017-11,construction,Construction,7082166
2017-11,wood_products,Wood products,399622
2017-11,nonmetallic_mineral,Nonmetallic mineral products,411595
2017-11,primary_metals,Primary metals,372576
2017-11,fabricated_metal,Fabricated metal products,1427599
2017-11,machinery,Machinery,1082550
2017-11,computer_electronic,Computer and electronic products,1042322
2017-11,electrical_equipment,"Electrical equipment, appliances, and components",388969
2017-11,motor_vehicles,"Motor vehicles, bodies and trailers, and parts",981313
2017-11,other_transport_equipment,Other transportation equipment,674756
2017-11,furniture,Furniture and related products,391929
2017-11,misc_manufacturing,Miscellaneous manufacturing,597484
2017-11,food_beverage_tobacco,Food and beverage and tobacco products,1868727
2017-11,textiles,Textile mills and textile product mills,228214
2017-11,apparel_leather,Apparel and leather and allied products,145657
2017-11,paper,Paper products,365728
2017-11,printing,Printing and related support activities,436738
2017-11,petroleum_coal,Petroleum and coal products,113433
2017-11,chemicals,Chemical products,823354
2017-11,plastics_rubber,Plastics and rubber products,718473
2017-11,wholesale,Wholesale trade,5941129
2017-11,retail,Retail trade,16381061
2017-11,air_transport,Air transportation,501113
2017-11,rail_transport,Rail transportation,510
2017-11,water_transport,Water transportation,63610
2017-11,truck_transport,Truck transportation,1470272
2017-11,transit_ground,Transit and ground passenger transportation,494505
2017-11,pipeline,Pipeline transportation,49477
2017-11,other_transport_support,Other transportation and support activities,727381
2017-11,warehousing,Warehousing and storage,1120734
2017-11,information,Information,2803730
2017-11,credit_intermediation,"Federal Reserve banks, credit intermediation, and related activities",2662332
2017-11,securities,"Securities, commodity contracts, and investments",932853
2017-11,insurance,Insurance carriers and related activities,2330938
2017-11,funds_trusts,"Funds, trusts, and other financial vehicles",13348
2017-11,real_estate,Real estate,1618953
2017-11,rental_leasing,Rental and leasing services and lessors of intangible assets,575719
2017-11,legal,Legal services,1139821
2017-11,computer_systems,Computer systems design and related services,2084688
2017-11,misc_professional,"Miscellaneous professional, scientific, and technical services",5887469
2017-11,management_companies,Management of companies and enterprises,2282119
2017-11,admin_support,Administrative and support services,8920672
2017-11,waste_remediation,Waste management and remediation services,421537
2017-11,education,Educational services,2943043
2017-11,ambulatory_health,Ambulatory health care services,7356148
2017-11,hospitals_nursing,"Hospitals, nursing and residential care facilities",8383008
2017-11,social_assistance,Social assistance,3769250
2017-11,performing_arts_museums,"Performing arts, spectator sports, museums, and related activities",642929
2017-11,amusement_recreation,"Amusements, gambling, and recreation industries",1526021
2017-11,accommodation,Accommodation,1939734
2017-11,food_services,Food services and drinking places,11635329
2017-11,other_services,"Other services, except government",4444501
2017-12,oil_gas_extraction,Oil and gas extraction,144291
2017-12,mining_except_oil_gas,"Mining, except oil and gas",184838
2017-12,support_mining,Support activities for mining,317074
2017-12,utilities,Utilities,550683
2017-12,construction,Construction,6976759
2017-12,wood_products,Wood products,401293
2017-12,nonmetallic_mineral,Nonmetallic mineral products,408670
2017-12,primary_metals,Primary metals,374466
2017-12,fabricated_metal,Fabricated metal products,1435685
2017-12,machinery,Machinery,1090708
2017-12,computer_electronic,Computer and electronic products,1046005
2017-12,electrical_equipment,"Electrical equipment, appliances, and components",391488
2017-12,motor_vehicles,"Motor vehicles, bodies and trailers, and parts",984579
2017-12,other_transport_equipment,Other transportation equipment,678726
2017-12,furniture,Furniture and related products,393494
2017-12,misc_manufacturing,Miscellaneous manufacturing,599833
2017-12,food_beverage_tobacco,Food and beverage and tobacco products,1864964
2017-12,textiles,Textile mills and textile product mills,228569
2017-12,apparel_leather,Apparel and leather and allied products,145121
2017-12,paper,Paper products,366656
2017-12,printing,Printing and related support activities,437437
2017-12,petroleum_coal,Petroleum and coal products,112184
2017-12,chemicals,Chemical products,826471
2017-12,plastics_rubber,Plastics and rubber products,722362
2017-12,wholesale,Wholesale trade,5961419
2017-12,retail,Retail trade,16447268
2017-12,air_transport,Air transportation,501739
2017-12,rail_transport,Rail transportation,495
2017-12,water_transport,Water transportation,63498
2017-12,truck_transport,Truck transportation,1470734
2017-12,transit_ground,Transit and ground passenger transportation,493250
2017-12,pipeline,Pipeline transportation,49431
2017-12,other_transport_support,Other transportation and support activities,731983
2017-12,warehousing,Warehousing and storage,1112606
2017-12,information,Information,2803014
2017-12,credit_intermediation,"Federal Reserve banks, credit intermediation, and related activities",2668871
2017-12,securities,"Securities, commodity contracts, and investments",936900
2017-12,insurance,Insurance carriers and related activities,2336525
2017-12,funds_trusts,"Funds, trusts, and other financial vehicles",13566
2017-12,real_estate,Real estate,1632982
2017-12,rental_leasing,Rental and leasing services and lessors of intangible assets,573119
2017-12,legal,Legal services,1146401
2017-12,computer_systems,Computer systems design and related services,2070466
2017-12,misc_professional,"Miscellaneous professional, scientific, and technical services",5921645
2017-12,management_companies,Management of companies and enterprises,2288419
2017-12,admin_support,Administrative and support services,8810906
2017-12,waste_remediation,Waste management and remediation services,421443
2017-12,education,Educational services,2903588
2017-12,ambulatory_health,Ambulatory health care services,7390331
2017-12,hospitals_nursing,"Hospitals, nursing and residential care facilities",8407578
2017-12,social_assistance,Social assistance,3780388
2017-12,performing_arts_museums,"Performing arts, spectator sports, museums, and related activities",631259
2017-12,amusement_recreation,"Amusements, gambling, and recreation industries",1543282
2017-12,accommodation,Accommodation,1931778
2017-12,food_services,Food services and drinking places,11604311
2017-12,other_services,"Other services, except government",4451728
2018-01,oil_gas_extraction,Oil and gas extraction,141137
2018-01,mining_except_oil_gas,"Mining, except oil and gas",180298
2018-01,support_mining,Support activities for mining,317326
2018-01,utilities,Utilities,550766
2018-01,construction,Construction,6696575
2018-01,wood_products,Wood products,397533
2018-01,nonmetallic_mineral,Nonmetallic mineral products,400726
2018-01,primary_metals,Primary metals,373745
2018-01,fabricated_metal,Fabricated metal products,1436297
2018-01,machinery,Machinery,1090127
2018-01,computer_electronic,Computer and electronic products,1042743
2018-01,electrical_equipment,"Electrical equipment, appliances, and components",389928
2018-01,motor_vehicles,"Motor vehicles, bodies and trailers, and parts",984404
2018-01,other_transport_equipment,Other transportation equipment,682752
2018-01,furniture,Furniture and related products,391398
2018-01,misc_manufacturing,Miscellaneous manufacturing,598716
2018-01,food_beverage_tobacco,Food and beverage and tobacco products,1840781
2018-01,textiles,Textile mills and textile product mills,225964
2018-01,apparel_leather,Apparel and leather and allied products,141670
2018-01,paper,Paper products,363197
2018-01,printing,Printing and related support activities,432242
2018-01,petroleum_coal,Petroleum and coal products,109511
2018-01,chemicals,Chemical products,820552
2018-01,plastics_rubber,Plastics and rubber products,720141
2018-01,wholesale,Wholesale trade,5764888
2018-01,retail,Retail trade,15744686
2018-01,air_transport,Air transportation,491296
2018-01,rail_transport,Rail transportation,475
2018-01,water_transport,Water transportation,60687
2018-01,truck_transport,Truck transportation,1441527
2018-01,transit_ground,Transit and ground passenger transportation,490422
2018-01,pipeline,Pipeline transportation,48952
2018-01,other_transport_support,Other transportation and support activities,720502
2018-01,warehousing,Warehousing and storage,1122797
2018-01,information,Information,2777370
2018-01,credit_intermediation,"Federal Reserve banks, credit intermediation, and related activities",2653653
2018-01,securities,"Securities, commodity contracts, and investments",923824
2018-01,insurance,Insurance carriers and related activities,2322619
2018-01,funds_trusts,"Funds, trusts, and other financial vehicles",13942
2018-01,real_estate,Real estate,1599707
2018-01,rental_leasing,Rental and leasing services and lessors of intangible assets,561410
2018-01,legal,Legal services,1125636
2018-01,computer_systems,Computer systems design and related services,2081489
2018-01,misc_professional,"Miscellaneous professional, scientific, and technical services",5911530
2018-01,management_companies,Management of companies and enterprises,2326246
2018-01,admin_support,Administrative and support services,8392959
2018-01,waste_remediation,Waste management and remediation services,419903
2018-01,education,Educational services,2819618
2018-01,ambulatory_health,Ambulatory health care services,7344921
2018-01,hospitals_nursing,"Hospitals, nursing and residential care facilities",8344388
2018-01,social_assistance,Social assistance,3783858
2018-01,performing_arts_museums,"Performing arts, spectator sports, museums, and related activities",584324
2018-01,amusement_recreation,"Amusements, gambling, and recreation industries",1497098
2018-01,accommodation,Accommodation,1902668
2018-01,food_services,Food services and drinking places,11381603
2018-01,other_services,"Other services, except government",4379664
2018-02,oil_gas_extraction,Oil and gas extraction,141605
2018-02,mining_except_oil_gas,"Mining, except oil and gas",181821
2018-02,support_mining,Support activities for mining,323849
2018-02,utilities,Utilities,552375
2018-02,construction,Construction,6791901
2018-02,wood_products,Wood products,400372
2018-02,nonmetallic_mineral,Nonmetallic mineral products,403122
2018-02,primary_metals,Primary metals,374382
2018-02,fabricated_metal,Fabricated metal products,1442607
2018-02,machinery,Machinery,1094939
2018-02,computer_electronic,Computer and electronic products,1044978
2018-02,electrical_equipment,"Electrical equipment, appliances, and components",390980
2018-02,motor_vehicles,"Motor vehicles, bodies and trailers, and parts",997368
2018-02,other_transport_equipment,Other transportation equipment,689273
2018-02,furniture,Furniture and related products,392834
2018-02,misc_manufacturing,Miscellaneous manufacturing,600366
2018-02,food_beverage_tobacco,Food and beverage and tobacco products,1849266
2018-02,textiles,Textile mills and textile product mills,226858
2018-02,apparel_leather,Apparel and leather and allied products,141966
2018-02,paper,Paper products,363420
2018-02,printing,Printing and related support activities,431148
2018-02,petroleum_coal,Petroleum and coal products,110009
2018-02,chemicals,Chemical products,823430
2018-02,plastics_rubber,Plastics and rubber products,724409
2018-02,wholesale,Wholesale trade,5786425
2018-02,retail,Retail trade,15565802
2018-02,air_transport,Air transportation,494839
2018-02,rail_transport,Rail transportation,504
2018-02,water_transport,Water transportation,60893
2018-02,truck_transport,Truck transportation,1448858
2018-02,transit_ground,Transit and ground passenger transportation,492748
2018-02,pipeline,Pipeline transportation,49330
2018-02,other_transport_support,Other transportation and support activities,725501
2018-02,warehousing,Warehousing and storage,1111621
2018-02,information,Information,2839151
2018-02,credit_intermediation,"Federal Reserve banks, credit intermediation, and related activities",2656847
2018-02,securities,"Securities, commodity contracts, and investments",932379
2018-02,insurance,Insurance carriers and related activities,2327876
2018-02,funds_trusts,"Funds, trusts, and other financial vehicles",14211
2018-02,real_estate,Real estate,1607452
2018-02,rental_leasing,Rental and leasing services and lessors of intangible assets,564715
2018-02,legal,Legal services,1129717
2018-02,computer_systems,Computer systems design and related services,2093134
2018-02,misc_professional,"Miscellaneous professional, scientific, and technical services",5991922
2018-02,management_companies,Management of companies and enterprises,2330134
2018-02,admin_support,Administrative and support services,8458819
2018-02,waste_remediation,Waste management and remediation services,421511
2018-02,education,Educational services,2952110
2018-02,ambulatory_health,Ambulatory health care services,7382934
2018-02,hospitals_nursing,"Hospitals, nursing and residential care facilities",8358799
2018-02,social_assistance,Social assistance,3808946
2018-02,performing_arts_museums,"Performing arts, spectator sports, museums, and related activities",605773
2018-02,amusement_recreation,"Amusements, gambling, and recreation industries",1511691
2018-02,accommodation,Accommodation,1920743
2018-02,food_services,Food services and drinking places,11490890
2018-02,other_services,"Other services, except government",4409143
2018-03,oil_gas_extraction,Oil and gas extraction,141722
2018-03,mining_except_oil_gas,"Mining, except oil and gas",184995
2018-03,support_mining,Support activities for mining,328232
2018-03,utilities,Utilities,553245
2018-03,construction,Construction,6908912
2018-03,wood_products,Wood products,401842
2018-03,nonmetallic_mineral,Nonmetallic mineral products,407371
2018-03,primary_metals,Primary metals,375601
2018-03,fabricated_metal,Fabricated metal products,1448823
2018-03,machinery,Machinery,1100149
2018-03,computer_electronic,Computer and electronic products,1046915
2018-03,electrical_equipment,"Electrical equipment, appliances, and components",392391
2018-03,motor_vehicles,"Motor vehicles, bodies and trailers, and parts",996305
2018-03,other_transport_equipment,Other transportation equipment,688138
2018-03,furniture,Furniture and related products,393326
2018-03,misc_manufacturing,Miscellaneous manufacturing,601746
2018-03,food_beverage_tobacco,Food and beverage and tobacco products,1850912
2018-03,textiles,Textile mills and textile product mills,227350
2018-03,apparel_leather,Apparel and leather and allied products,142344
2018-03,paper,Paper products,363366
2018-03,printing,Printing and related support activities,431350
2018-03,petroleum_coal,Petroleum and coal products,110835
2018-03,chemicals,Chemical products,825193
2018-03,plastics_rubber,Plastics and rubber products,725908
2018-03,wholesale,Wholesale trade,5802731
2018-03,retail,Retail trade,15578613
2018-03,air_transport,Air transportation,495057
2018-03,rail_transport,Rail transportation,518
2018-03,water_transport,Water transportation,61529
2018-03,truck_transport,Truck transportation,1459412
2018-03,transit_ground,Transit and ground passenger transportation,493461
2018-03,pipeline,Pipeline transportation,49232
2018-03,other_transport_support,Other transportation and support activities,730834
2018-03,warehousing,Warehousing and storage,1102399
2018-03,information,Information,2809741
2018-03,credit_intermediation,"Federal Reserve banks, credit intermediation, and related activities",2653229
2018-03,securities,"Securities, commodity contracts, and investments",930803
2018-03,insurance,Insurance carriers and related activities,2328057
2018-03,funds_trusts,"Funds, trusts, and other financial vehicles",14376
2018-03,real_estate,Real estate,1614027
2018-03,rental_leasing,Rental and leasing services and lessors of intangible assets,569756
2018-03,legal,Legal services,1130903
2018-03,computer_systems,Computer systems design and related services,2077067
2018-03,misc_professional,"Miscellaneous professional, scientific, and technical services",6010452
2018-03,management_companies,Management of companies and enterprises,2333220
2018-03,admin_support,Administrative and support services,8548007
2018-03,waste_remediation,Waste management and remediation services,423673
2018-03,education,Educational services,2955069
2018-03,ambulatory_health,Ambulatory health care services,7401080
2018-03,hospitals_nursing,"Hospitals, nursing and residential care facilities",8374647
2018-03,social_assistance,Social assistance,3823933
2018-03,performing_arts_museums,"Performing arts, spectator sports, museums, and related activities",634881
2018-03,amusement_recreation,"Amusements, gambling, and recreation industries",1558654
2018-03,accommodation,Accommodation,1948377
2018-03,food_services,Food services and drinking places,11651505
2018-03,other_services,"Other services, except government",4444000
2018-04,oil_gas_extraction,Oil and gas extraction,141319
2018-04,mining_except_oil_gas,"Mining, except oil and gas",187745
2018-04,support_mining,Support activities for mining,331887
2018-04,utilities,Utilities,551411
2018-04,construction,Construction,7077417
2018-04,wood_products,Wood products,402592
2018-04,nonmetallic_mineral,Nonmetallic mineral products,412990
2018-04,primary_metals,Primary metals,375385
2018-04,fabricated_metal,Fabricated metal products,1451525
2018-04,machinery,Machinery,1102563
2018-04,computer_electronic,Computer and electronic products,1048613
2018-04,electrical_equipment,"Electrical equipment, appliances, and components",393690
2018-04,motor_vehicles,"Motor vehicles, bodies and trailers, and parts",998697
2018-04,other_transport_equipment,Other transportation equipment,689410
2018-04,furniture,Furniture and related products,392302
2018-04,misc_manufacturing,Miscellaneous manufacturing,602790
2018-04,food_beverage_tobacco,Food and beverage and tobacco products,1852729
2018-04,textiles,Textile mills and textile product mills,226880
2018-04,apparel_leather,Apparel and leather and allied products,141568
2018-04,paper,Paper products,363453
2018-04,printing,Printing and related support activities,430138
2018-04,petroleum_coal,Petroleum and coal products,111646
2018-04,chemicals,Chemical products,824771
2018-04,plastics_rubber,Plastics and rubber products,726401
2018-04,wholesale,Wholesale trade,5819269
2018-04,retail,Retail trade,15611331
2018-04,air_transport,Air transportation,499492
2018-04,rail_transport,Rail transportation,497
2018-04,water_transport,Water transportation,63460
2018-04,truck_transport,Truck transportation,1471514
2018-04,transit_ground,Transit and ground passenger transportation,494161
2018-04,pipeline,Pipeline transportation,49124
2018-04,other_transport_support,Other transportation and support activities,731793
2018-04,warehousing,Warehousing and storage,1103199
2018-04,information,Information,2783337
2018-04,credit_intermediation,"Federal Reserve banks, credit intermediation, and related activities",2651319
2018-04,securities,"Securities, commodity contracts, and investments",932900
2018-04,insurance,Insurance carriers and related activities,2327625
2018-04,funds_trusts,"Funds, trusts, and other financial vehicles",14337
2018-04,real_estate,Real estate,1625303
2018-04,rental_leasing,Rental and leasing services and lessors of intangible assets,577594
2018-04,legal,Legal services,1132896
2018-04,computer_systems,Computer systems design and related services,2103723
2018-04,misc_professional,"Miscellaneous professional, scientific, and technical services",6022529
2018-04,management_companies,Management of companies and enterprises,2332182
2018-04,admin_support,Administrative and support services,8684930
2018-04,waste_remediation,Waste management and remediation services,426663
2018-04,education,Educational services,2983467
2018-04,ambulatory_health,Ambulatory health care services,7424651
2018-04,hospitals_nursing,"Hospitals, nursing and residential care facilities",8368749
2018-04,social_assistance,Social assistance,3853444
2018-04,performing_arts_museums,"Performing arts, spectator sports, museums, and related activities",671271
2018-04,amusement_recreation,"Amusements, gambling, and recreation industries",1621586
2018-04,accommodation,Accommodation,1969021
2018-04,food_services,Food services and drinking places,11809296
2018-04,other_services,"Other services, except government",4482846
2018-05,oil_gas_extraction,Oil and gas extraction,141672
2018-05,mining_except_oil_gas,"Mining, except oil and gas",191346
2018-05,support_mining,Support activities for mining,336512
2018-05,utilities,Utilities,551512
2018-05,construction,Construction,7262003
2018-05,wood_products,Wood products,404570
2018-05,nonmetallic_mineral,Nonmetallic mineral products,418383
2018-05,primary_metals,Primary metals,376591
2018-05,fabricated_metal,Fabricated metal products,1457844
2018-05,machinery,Machinery,1106398
2018-05,computer_electronic,Computer and electronic products,1050464
2018-05,electrical_equipment,"Electrical equipment, appliances, and components",394958
2018-05,motor_vehicles,"Motor vehicles, bodies and trailers, and parts",998893
2018-05,other_transport_equipment,Other transportation equipment,691489
2018-05,furniture,Furniture and related products,393287
2018-05,misc_manufacturing,Miscellaneous manufacturing,605618
2018-05,food_beverage_tobacco,Food and beverage and tobacco products,1866062
2018-05,textiles,Textile mills and textile product mills,227355
2018-05,apparel_leather,Apparel and leather and allied products,141347
2018-05,paper,Paper products,363487
2018-05,printing,Printing and related support activities,430335
2018-05,petroleum_coal,Petroleum and coal products,113273
2018-05,chemicals,Chemical products,826952
2018-05,plastics_rubber,Plastics and rubber products,728739
2018-05,wholesale,Wholesale trade,5849212
2018-05,retail,Retail trade,15739510
2018-05,air_transport,Air transportation,501639
2018-05,rail_transport,Rail transportation,500
2018-05,water_transport,Water transportation,64945
2018-05,truck_transport,Truck transportation,1490181
2018-05,transit_ground,Transit and ground passenger transportation,498408
2018-05,pipeline,Pipeline transportation,49292
2018-05,other_transport_support,Other transportation and support activities,739391
2018-05,warehousing,Warehousing and storage,1108097
2018-05,information,Information,2803278
2018-05,credit_intermediation,"Federal Reserve banks, credit intermediation, and related activities",2656204
2018-05,securities,"Securities, commodity contracts, and investments",933628
2018-05,insurance,Insurance carriers and related activities,2329976
2018-05,funds_trusts,"Funds, trusts, and other financial vehicles",14351
2018-05,real_estate,Real estate,1638179
2018-05,rental_leasing,Rental and leasing services and lessors of intangible assets,588957
2018-05,legal,Legal services,1136673
2018-05,computer_systems,Computer systems design and related services,2111038
2018-05,misc_professional,"Miscellaneous professional, scientific, and technical services",5934247
2018-05,management_companies,Management of companies and enterprises,2337666
2018-05,admin_support,Administrative and support services,8827715
2018-05,waste_remediation,Waste management and remediation services,430037
2018-05,education,Educational services,2941547
2018-05,ambulatory_health,Ambulatory health care services,7454001
2018-05,hospitals_nursing,"Hospitals, nursing and residential care facilities",8381204
2018-05,social_assistance,Social assistance,3872795
2018-05,performing_arts_museums,"Performing arts, spectator sports, museums, and related activities",697095
2018-05,amusement_recreation,"Amusements, gambling, and recreation industries",1742483
2018-05,accommodation,Accommodation,2024299
2018-05,food_services,Food services and drinking places,11995064
2018-05,other_services,"Other services, except government",4520807
2018-06,oil_gas_extraction,Oil and gas extraction,143464
2018-06,mining_except_oil_gas,"Mining, except oil and gas",194745
2018-06,support_mining,Support activities for mining,341184
2018-06,utilities,Utilities,555737
2018-06,construction,Construction,7425400
2018-06,wood_products,Wood products,408757
2018-06,nonmetallic_mineral,Nonmetallic mineral products,422884
2018-06,primary_metals,Primary metals,380050
2018-06,fabricated_metal,Fabricated metal products,1470519
2018-06,machinery,Machinery,1118498
2018-06,computer_electronic,Computer and electronic products,1065026
2018-06,electrical_equipment,"Electrical equipment, appliances, and components",398843
2018-06,motor_vehicles,"Motor vehicles, bodies and trailers, and parts",1003934
2018-06,other_transport_equipment,Other transportation equipment,699897
2018-06,furniture,Furniture and related products,396686
2018-06,misc_manufacturing,Miscellaneous manufacturing,610064
2018-06,food_beverage_tobacco,Food and beverage and tobacco products,1892346
2018-06,textiles,Textile mills and textile product mills,228547
2018-06,apparel_leather,Apparel and leather and allied products,141880
2018-06,paper,Paper products,365947
2018-06,printing,Printing and related support activities,431157
2018-06,petroleum_coal,Petroleum and coal products,114231
2018-06,chemicals,Chemical products,833437
2018-06,plastics_rubber,Plastics and rubber products,733462
2018-06,wholesale,Wholesale trade,5885419
2018-06,retail,Retail trade,15784653
2018-06,air_transport,Air transportation,505853
2018-06,rail_transport,Rail transportation,502
2018-06,water_transport,Water transportation,67035
2018-06,truck_transport,Truck transportation,1509164
2018-06,transit_ground,Transit and ground passenger transportation,466591
2018-06,pipeline,Pipeline transportation,49661
2018-06,other_transport_support,Other transportation and support activities,750084
2018-06,warehousing,Warehousing and storage,1116022
2018-06,information,Information,2829580
2018-06,credit_intermediation,"Federal Reserve banks, credit intermediation, and related activities",2665915
2018-06,securities,"Securities, commodity contracts, and investments",947322
2018-06,insurance,Insurance carriers and related activities,2343885
2018-06,funds_trusts,"Funds, trusts, and other financial vehicles",14735
2018-06,real_estate,Real estate,1663341
2018-06,rental_leasing,Rental and leasing services and lessors of intangible assets,604836
2018-06,legal,Legal services,1153952
2018-06,computer_systems,Computer systems design and related services,2112488
2018-06,misc_professional,"Miscellaneous professional, scientific, and technical services",5997774
2018-06,management_companies,Management of companies and enterprises,2364398
2018-06,admin_support,Administrative and support services,8896811
2018-06,waste_remediation,Waste management and remediation services,436799
2018-06,education,Educational services,2784859
2018-06,ambulatory_health,Ambulatory health care services,7473295
2018-06,hospitals_nursing,"Hospitals, nursing and residential care facilities",8422972
2018-06,social_assistance,Social assistance,3858728
2018-06,performing_arts_museums,"Performing arts, spectator sports, museums, and related activities",708404
2018-06,amusement_recreation,"Amusements, gambling, and recreation industries",1941011
2018-06,accommodation,Accommodation,2114264
2018-06,food_services,Food services and drinking places,12063196
2018-06,other_services,"Other services, except government",4585909
2018-07,oil_gas_extraction,Oil and gas extraction,143552
2018-07,mining_except_oil_gas,"Mining, except oil and gas",195967
2018-07,support_mining,Support activities for mining,345139
2018-07,utilities,Utilities,554854
2018-07,construction,Construction,7464383
2018-07,wood_products,Wood products,409820
2018-07,nonmetallic_mineral,Nonmetallic mineral products,422964
2018-07,primary_metals,Primary metals,380451
2018-07,fabricated_metal,Fabricated metal products,1473428
2018-07,machinery,Machinery,1119072
2018-07,computer_electronic,Computer and electronic products,1069518
2018-07,electrical_equipment,"Electrical equipment, appliances, and components",400405
2018-07,motor_vehicles,"Motor vehicles, bodies and trailers, and parts",994115
2018-07,other_transport_equipment,Other transportation equipment,702570
2018-07,furniture,Furniture and related products,395850
2018-07,misc_manufacturing,Miscellaneous manufacturing,610806
2018-07,food_beverage_tobacco,Food and beverage and tobacco products,1917582
2018-07,textiles,Textile mills and textile product mills,226682
2018-07,apparel_leather,Apparel and leather and allied products,140498
2018-07,paper,Paper products,365472
2018-07,printing,Printing and related support activities,429051
2018-07,petroleum_coal,Petroleum and coal products,114643
2018-07,chemicals,Chemical products,836157
2018-07,plastics_rubber,Plastics and rubber products,732661
2018-07,wholesale,Wholesale trade,5892197
2018-07,retail,Retail trade,15788615
2018-07,air_transport,Air transportation,507103
2018-07,rail_transport,Rail transportation,493
2018-07,water_transport,Water transportation,67543
2018-07,truck_transport,Truck transportation,1513356
2018-07,transit_ground,Transit and ground passenger transportation,408257
2018-07,pipeline,Pipeline transportation,50109
2018-07,other_transport_support,Other transportation and support activities,751362
2018-07,warehousing,Warehousing and storage,1121237
2018-07,information,Information,2812258
2018-07,credit_intermediation,"Federal Reserve banks, credit intermediation, and related activities",2666036
2018-07,securities,"Securities, commodity contracts, and investments",956991
2018-07,insurance,Insurance carriers and related activities,2351060
2018-07,funds_trusts,"Funds, trusts, and other financial vehicles",14668
2018-07,real_estate,Real estate,1673741
2018-07,rental_leasing,Rental and leasing services and lessors of intangible assets,605866
2018-07,legal,Legal services,1153923
2018-07,computer_systems,Computer systems design and related services,2144145
2018-07,misc_professional,"Miscellaneous professional, scientific, and technical services",6033275
2018-07,management_companies,Management of companies and enterprises,2366853
2018-07,admin_support,Administrative and support services,8855800
2018-07,waste_remediation,Waste management and remediation services,440549
2018-07,education,Educational services,2669227
2018-07,ambulatory_health,Ambulatory health care services,7479058
2018-07,hospitals_nursing,"Hospitals, nursing and residential care facilities",8424242
2018-07,social_assistance,Social assistance,3838749
2018-07,performing_arts_museums,"Performing arts, spectator sports, museums, and related activities",708487
2018-07,amusement_recreation,"Amusements, gambling, and recreation industries",1979646
2018-07,accommodation,Accommodation,2153970
2018-07,food_services,Food services and drinking places,12005304
2018-07,other_services,"Other services, except government",4568147
2018-08,oil_gas_extraction,Oil and gas extraction,143546
2018-08,mining_except_oil_gas,"Mining, except oil and gas",195784
2018-08,support_mining,Support activities for mining,348865
2018-08,utilities,Utilities,553299
2018-08,construction,Construction,7494737
2018-08,wood_products,Wood products,410034
2018-08,nonmetallic_mineral,Nonmetallic mineral products,422320
2018-08,primary_metals,Primary metals,381515
2018-08,fabricated_metal,Fabricated metal products,1474568
2018-08,machinery,Machinery,1118163
2018-08,computer_electronic,Computer and electronic products,1067581
2018-08,electrical_equipment,"Electrical equipment, appliances, and components",399917
2018-08,motor_vehicles,"Motor vehicles, bodies and trailers, and parts",1001643
2018-08,other_transport_equipment,Other transportation equipment,702970
2018-08,furniture,Furniture and related products,394067
2018-08,misc_manufacturing,Miscellaneous manufacturing,610666
2018-08,food_beverage_tobacco,Food and beverage and tobacco products,1925297
2018-08,textiles,Textile mills and textile product mills,227275
2018-08,apparel_leather,Apparel and leather and allied products,140939
2018-08,paper,Paper products,364638
2018-08,printing,Printing and related support activities,428404
2018-08,petroleum_coal,Petroleum and coal products,114688
2018-08,chemicals,Chemical products,835681
2018-08,plastics_rubber,Plastics and rubber products,732514
2018-08,wholesale,Wholesale trade,5888438
2018-08,retail,Retail trade,15780697
2018-08,air_transport,Air transportation,507911
2018-08,rail_transport,Rail transportation,504
2018-08,water_transport,Water transportation,67561
2018-08,truck_transport,Truck transportation,1521811
2018-08,transit_ground,Transit and ground passenger transportation,421928
2018-08,pipeline,Pipeline transportation,49984
2018-08,other_transport_support,Other transportation and support activities,754084
2018-08,warehousing,Warehousing and storage,1126105
2018-08,information,Information,2848003
2018-08,credit_intermediation,"Federal Reserve banks, credit intermediation, and related activities",2659595
2018-08,securities,"Securities, commodity contracts, and investments",958376
2018-08,insurance,Insurance carriers and related activities,2350810
2018-08,funds_trusts,"Funds, trusts, and other financial vehicles",14692
2018-08,real_estate,Real estate,1674785
2018-08,rental_leasing,Rental and leasing services and lessors of intangible assets,607470
2018-08,legal,Legal services,1143485
2018-08,computer_systems,Computer systems design and related services,2149637
2018-08,misc_professional,"Miscellaneous professional, scientific, and technical services",6044539
2018-08,management_companies,Management of companies and enterprises,2361748
2018-08,admin_support,Administrative and support services,8961663
2018-08,waste_remediation,Waste management and remediation services,441198
2018-08,education,Educational services,2718849
2018-08,ambulatory_health,Ambulatory health care services,7510111
2018-08,hospitals_nursing,"Hospitals, nursing and residential care facilities",8436807
2018-08,social_assistance,Social assistance,3859702
2018-08,performing_arts_museums,"Performing arts, spectator sports, museums, and related activities",708947
2018-08,amusement_recreation,"Amusements, gambling, and recreation industries",1923572
2018-08,accommodation,Accommodation,2142419
2018-08,food_services,Food services and drinking places,12077517
2018-08,other_services,"Other services, except government",4548086
2018-09,oil_gas_extraction,Oil and gas extraction,141956
2018-09,mining_except_oil_gas,"Mining, except oil and gas",194632
2018-09,support_mining,Support activities for mining,350761
2018-09,utilities,Utilities,550611
2018-09,construction,Construction,7447389
2018-09,wood_products,Wood products,408106
2018-09,nonmetallic_mineral,Nonmetallic mineral products,420555
2018-09,primary_metals,Primary metals,381876
2018-09,fabricated_metal,Fabricated metal products,1470648
2018-09,machinery,Machinery,1114956
2018-09,computer_electronic,Computer and electronic products,1061019
2018-09,electrical_equipment,"Electrical equipment, appliances, and components",399202
2018-09,motor_vehicles,"Motor vehicles, bodies and trailers, and parts",1000833
2018-09,other_transport_equipment,Other transportation equipment,703208
2018-09,furniture,Furniture and related products,390914
2018-09,misc_manufacturing,Miscellaneous manufacturing,607195
2018-09,food_beverage_tobacco,Food and beverage and tobacco products,1917755
2018-09,textiles,Textile mills and textile product mills,226618
2018-09,apparel_leather,Apparel and leather and allied products,140365
2018-09,paper,Paper products,363260
2018-09,printing,Printing and related support activities,427564
2018-09,petroleum_coal,Petroleum and coal products,113663
2018-09,chemicals,Chemical products,831918
2018-09,plastics_rubber,Plastics and rubber products,731254
2018-09,wholesale,Wholesale trade,5863574
2018-09,retail,Retail trade,15638030
2018-09,air_transport,Air transportation,505840
2018-09,rail_transport,Rail transportation,512
2018-09,water_transport,Water transportation,66451
2018-09,truck_transport,Truck transportation,1518298
2018-09,transit_ground,Transit and ground passenger transportation,494964
2018-09,pipeline,Pipeline transportation,49532
2018-09,other_transport_support,Other transportation and support activities,750573
2018-09,warehousing,Warehousing and storage,1141901
2018-09,information,Information,2800559
2018-09,credit_intermediation,"Federal Reserve banks, credit intermediation, and related activities",2642008
2018-09,securities,"Securities, commodity contracts, and investments",940166
2018-09,insurance,Insurance carriers and related activities,2343316
2018-09,funds_trusts,"Funds, trusts, and other financial vehicles",14685
2018-09,real_estate,Real estate,1653080
2018-09,rental_leasing,Rental and leasing services and lessors of intangible assets,599672
2018-09,legal,Legal services,1134988
2018-09,computer_systems,Computer systems design and related services,2117618
2018-09,misc_professional,"Miscellaneous professional, scientific, and technical services",5995259
2018-09,management_companies,Management of companies and enterprises,2346208
2018-09,admin_support,Administrative and support services,8972135
2018-09,waste_remediation,Waste management and remediation services,439044
2018-09,education,Educational services,2894366
2018-09,ambulatory_health,Ambulatory health care services,7501420
2018-09,hospitals_nursing,"Hospitals, nursing and residential care facilities",8419463
2018-09,social_assistance,Social assistance,3850555
2018-09,performing_arts_museums,"Performing arts, spectator sports, museums, and related activities",691047
2018-09,amusement_recreation,"Amusements, gambling, and recreation industries",1723001
2018-09,accommodation,Accommodation,2061138
2018-09,food_services,Food services and drinking places,11895576
2018-09,other_services,"Other services, except government",4496439
2018-10,oil_gas_extraction,Oil and gas extraction,142515
2018-10,mining_except_oil_gas,"Mining, except oil and gas",194377
2018-10,support_mining,Support activities for mining,354340
2018-10,utilities,Utilities,550102
2018-10,construction,Construction,7475313
2018-10,wood_products,Wood products,407217
2018-10,nonmetallic_mineral,Nonmetallic mineral products,419929
2018-10,primary_metals,Primary metals,383444
2018-10,fabricated_metal,Fabricated metal products,1474131
2018-10,machinery,Machinery,1117203
2018-10,computer_electronic,Computer and electronic products,1061546
2018-10,electrical_equipment,"Electrical equipment, appliances, and components",400311
2018-10,motor_vehicles,"Motor vehicles, bodies and trailers, and parts",1003722
2018-10,other_transport_equipment,Other transportation equipment,706370
2018-10,furniture,Furniture and related products,390603
2018-10,misc_manufacturing,Miscellaneous manufacturing,610129
2018-10,food_beverage_tobacco,Food and beverage and tobacco products,1911043
2018-10,textiles,Textile mills and textile product mills,226893
2018-10,apparel_leather,Apparel and leather and allied products,139928
2018-10,paper,Paper products,363751
2018-10,printing,Printing and related support activities,429168
2018-10,petroleum_coal,Petroleum and coal products,113745
2018-10,chemicals,Chemical products,832380
2018-10,plastics_rubber,Plastics and rubber products,730923
2018-10,wholesale,Wholesale trade,5890622
2018-10,retail,Retail trade,15731050
2018-10,air_transport,Air transportation,508060
2018-10,rail_transport,Rail transportation,508
2018-10,water_transport,Water transportation,65433
2018-10,truck_transport,Truck transportation,1521273
2018-10,transit_ground,Transit and ground passenger transportation,501230
2018-10,pipeline,Pipeline transportation,50003
2018-10,other_transport_support,Other transportation and support activities,754912
2018-10,warehousing,Warehousing and storage,1178331
2018-10,information,Information,2812791
2018-10,credit_intermediation,"Federal Reserve banks, credit intermediation, and related activities",2643381
2018-10,securities,"Securities, commodity contracts, and investments",949704
2018-10,insurance,Insurance carriers and related activities,2355879
2018-10,funds_trusts,"Funds, trusts, and other financial vehicles",15290
2018-10,real_estate,Real estate,1667394
2018-10,rental_leasing,Rental and leasing services and lessors of intangible assets,593917
2018-10,legal,Legal services,1149434
2018-10,computer_systems,Computer systems design and related services,2161598
2018-10,misc_professional,"Miscellaneous professional, scientific, and technical services",6079150
2018-10,management_companies,Management of companies and enterprises,2349194
2018-10,admin_support,Administrative and support services,9046875
2018-10,waste_remediation,Waste management and remediation services,439464
2018-10,education,Educational services,2993168
2018-10,ambulatory_health,Ambulatory health care services,7563305
2018-10,hospitals_nursing,"Hospitals, nursing and residential care facilities",8426955
2018-10,social_assistance,Social assistance,3904197
2018-10,performing_arts_museums,"Performing arts, spectator sports, museums, and related activities",691954
2018-10,amusement_recreation,"Amusements, gambling, and recreation industries",1662052
2018-10,accommodation,Accommodation,2026549
2018-10,food_services,Food services and drinking places,11844785
2018-10,other_services,"Other services, except government",4544614
2018-11,oil_gas_extraction,Oil and gas extraction,142673
2018-11,mining_except_oil_gas,"Mining, except oil and gas",192967
2018-11,support_mining,Support activities for mining,354881
2018-11,utilities,Utilities,549509
2018-11,construction,Construction,7388702
2018-11,wood_products,Wood products,407759
2018-11,nonmetallic_mineral,Nonmetallic mineral products,418816
2018-11,primary_metals,Primary metals,385408
2018-11,fabricated_metal,Fabricated metal products,1477230
2018-11,machinery,Machinery,1121186
2018-11,computer_electronic,Computer and electronic products,1063268
2018-11,electrical_equipment,"Electrical equipment, appliances, and components",402115
2018-11,motor_vehicles,"Motor vehicles, bodies and trailers, and parts",1008629
2018-11,other_transport_equipment,Other transportation equipment,711420
2018-11,furniture,Furniture and related products,389504
2018-11,misc_manufacturing,Miscellaneous manufacturing,613819
2018-11,food_beverage_tobacco,Food and beverage and tobacco products,1900282
2018-11,textiles,Textile mills and textile product mills,226899
2018-11,apparel_leather,Apparel and leather and allied products,139729
2018-11,paper,Paper products,364210
2018-11,printing,Printing and related support activities,430100
2018-11,petroleum_coal,Petroleum and coal products,113114
2018-11,chemicals,Chemical products,835902
2018-11,plastics_rubber,Plastics and rubber products,732713
2018-11,wholesale,Wholesale trade,5904244
2018-11,retail,Retail trade,16245758
2018-11,air_transport,Air transportation,508526
2018-11,rail_transport,Rail transportation,501
2018-11,water_transport,Water transportation,64021
2018-11,truck_transport,Truck transportation,1521343
2018-11,transit_ground,Transit and ground passenger transportation,496943
2018-11,pipeline,Pipeline transportation,50146
2018-11,other_transport_support,Other transportation and support activities,757258
2018-11,warehousing,Warehousing and storage,1245665
2018-11,information,Information,2847274
2018-11,credit_intermediation,"Federal Reserve banks, credit intermediation, and related activities",2642465
2018-11,securities,"Securities, commodity contracts, and investments",951502
2018-11,insurance,Insurance carriers and related activities,2371447
2018-11,funds_trusts,"Funds, trusts, and other financial vehicles",15445
2018-11,real_estate,Real estate,1665730
2018-11,rental_leasing,Rental and leasing services and lessors of intangible assets,587705
2018-11,legal,Legal services,1150245
2018-11,computer_systems,Computer systems design and related services,2170300
2018-11,misc_professional,"Miscellaneous professional, scientific, and technical services",6117394
2018-11,management_companies,Management of companies and enterprises,2355470
2018-11,admin_support,Administrative and support services,9079291
2018-11,waste_remediation,Waste management and remediation services,438488
2018-11,education,Educational services,3010538
2018-11,ambulatory_health,Ambulatory health care services,7586420
2018-11,hospitals_nursing,"Hospitals, nursing and residential care facilities",8449021
2018-11,social_assistance,Social assistance,3915329
2018-11,performing_arts_museums,"Performing arts, spectator sports, museums, and related activities",664691
2018-11,amusement_recreation,"Amusements, gambling, and recreation industries",1574224
2018-11,accommodation,Accommodation,1981480
2018-11,food_services,Food services and drinking places,11782773
2018-11,other_services,"Other services, except government",4526477
2018-12,oil_gas_extraction,Oil and gas extraction,143198
2018-12,mining_except_oil_gas,"Mining, except oil and gas",190633
2018-12,support_mining,Support activities for mining,355871
2018-12,utilities,Utilities,549618
2018-12,construction,Construction,7277708
2018-12,wood_products,Wood products,407603
2018-12,nonmetallic_mineral,Nonmetallic mineral products,415716
2018-12,primary_metals,Primary metals,387229
2018-12,fabricated_metal,Fabricated metal products,1483168
2018-12,machinery,Machinery,1127398
2018-12,computer_electronic,Computer and electronic products,1066932
2018-12,electrical_equipment,"Electrical equipment, appliances, and components",404695
2018-12,motor_vehicles,"Motor vehicles, bodies and trailers, and parts",1012632
2018-12,other_transport_equipment,Other transportation equipment,714797
2018-12,furniture,Furniture and related products,389571
2018-12,misc_manufacturing,Miscellaneous manufacturing,615991
2018-12,food_beverage_tobacco,Food and beverage and tobacco products,1894893
2018-12,textiles,Textile mills and textile product mills,227279
2018-12,apparel_leather,Apparel and leather and allied products,138952
2018-12,paper,Paper products,366052
2018-12,printing,Printing and related support activities,430467
2018-12,petroleum_coal,Petroleum and coal products,111911
2018-12,chemicals,Chemical products,839286
2018-12,plastics_rubber,Plastics and rubber products,735788
2018-12,wholesale,Wholesale trade,5918700
2018-12,retail,Retail trade,16284477
2018-12,air_transport,Air transportation,508165
2018-12,rail_transport,Rail transportation,515
2018-12,water_transport,Water transportation,63998
2018-12,truck_transport,Truck transportation,1517236
2018-12,transit_ground,Transit and ground passenger transportation,500570
2018-12,pipeline,Pipeline transportation,50327
2018-12,other_transport_support,Other transportation and support activities,758878
2018-12,warehousing,Warehousing and storage,1238362
2018-12,information,Information,2821018
2018-12,credit_intermediation,"Federal Reserve banks, credit intermediation, and related activities",2645068
2018-12,securities,"Securities, commodity contracts, and investments",953705
2018-12,insurance,Insurance carriers and related activities,2366729
2018-12,funds_trusts,"Funds, trusts, and other financial vehicles",15541
2018-12,real_estate,Real estate,1675705
2018-12,rental_leasing,Rental and leasing services and lessors of intangible assets,584787
2018-12,legal,Legal services,1154556
2018-12,computer_systems,Computer systems design and related services,2152214
2018-12,misc_professional,"Miscellaneous professional, scientific, and technical services",6153292
2018-12,management_companies,Management of companies and enterprises,2363314
2018-12,admin_support,Administrative and support services,8914845
2018-12,waste_remediation,Waste management and remediation services,438401
2018-12,education,Educational services,2973946
2018-12,ambulatory_health,Ambulatory health care services,7612904
2018-12,hospitals_nursing,"Hospitals, nursing and residential care facilities",8471049
2018-12,social_assistance,Social assistance,3914479
2018-12,performing_arts_museums,"Performing arts, spectator sports, museums, and related activities",656290
2018-12,amusement_recreation,"Amusements, gambling, and recreation industries",1593771
2018-12,accommodation,Accommodation,1980347
2018-12,food_services,Food services and drinking places,11787542
2018-12,other_services,"Other services, except government",4516819
2019-01,oil_gas_extraction,Oil and gas extraction,142834
2019-01,mining_except_oil_gas,"Mining, except oil and gas",185996
2019-01,support_mining,Support activities for mining,352515
2019-01,utilities,Utilities,546510
2019-01,construction,Construction,7027199
2019-01,wood_products,Wood products,403342
2019-01,nonmetallic_mineral,Nonmetallic mineral products,408683
2019-01,primary_metals,Primary metals,388054
2019-01,fabricated_metal,Fabricated metal products,1483123
2019-01,machinery,Machinery,1127182
2019-01,computer_electronic,Computer and electronic products,1064228
2019-01,electrical_equipment,"Electrical equipment, appliances, and components",402095
2019-01,motor_vehicles,"Motor vehicles, bodies and trailers, and parts",1008081
2019-01,other_transport_equipment,Other transportation equipment,720633
2019-01,furniture,Furniture and related products,387923
2019-01,misc_manufacturing,Miscellaneous manufacturing,609364
2019-01,food_beverage_tobacco,Food and beverage and tobacco products,1874078
2019-01,textiles,Textile mills and textile product mills,223638
2019-01,apparel_leather,Apparel and leather and allied products,137011
2019-01,paper,Paper products,365172
2019-01,printing,Printing and related support activities,425501
2019-01,petroleum_coal,Petroleum and coal products,110320
2019-01,chemicals,Chemical products,840597
2019-01,plastics_rubber,Plastics and rubber products,730592
2019-01,wholesale,Wholesale trade,5823412
2019-01,retail,Retail trade,15630253
2019-01,air_transport,Air transportation,495739
2019-01,rail_transport,Rail transportation,460
2019-01,water_transport,Water transportation,62305
2019-01,truck_transport,Truck transportation,1495358
2019-01,transit_ground,Transit and ground passenger transportation,498089
2019-01,pipeline,Pipeline transportation,50240
2019-01,other_transport_support,Other transportation and support activities,758948
2019-01,warehousing,Warehousing and storage,1202555
2019-01,information,Information,2795936
2019-01,credit_intermediation,"Federal Reserve banks, credit intermediation, and related activities",2655179
2019-01,securities,"Securities, commodity contracts, and investments",935324
2019-01,insurance,Insurance carriers and related activities,2363993
2019-01,funds_trusts,"Funds, trusts, and other financial vehicles",16026
2019-01,real_estate,Real estate,1642374
2019-01,rental_leasing,Rental and leasing services and lessors of intangible assets,575593
2019-01,legal,Legal services,1134901
2019-01,computer_systems,Computer systems design and related services,2156784
2019-01,misc_professional,"Miscellaneous professional, scientific, and technical services",6088188
2019-01,management_companies,Management of companies and enterprises,2390069
2019-01,admin_support,Administrative and support services,8486124
2019-01,waste_remediation,Waste management and remediation services,434991
2019-01,education,Educational services,2874002
2019-01,ambulatory_health,Ambulatory health care services,7553983
2019-01,hospitals_nursing,"Hospitals, nursing and residential care facilities",8429752
2019-01,social_assistance,Social assistance,3942593
2019-01,performing_arts_museums,"Performing arts, spectator sports, museums, and related activities",601527
2019-01,amusement_recreation,"Amusements, gambling, and recreation industries",1553391
2019-01,accommodation,Accommodation,1951548
2019-01,food_services,Food services and drinking places,11562697
2019-01,other_services,"Other services, except government",4438025
2019-02,oil_gas_extraction,Oil and gas extraction,142954
2019-02,mining_except_oil_gas,"Mining, except oil and gas",186259
2019-02,support_mining,Support activities for mining,352938
2019-02,utilities,Utilities,548486
2019-02,construction,Construction,7030040
2019-02,wood_products,Wood products,403410
2019-02,nonmetallic_mineral,Nonmetallic mineral products,407770
2019-02,primary_metals,Primary metals,389553
2019-02,fabricated_metal,Fabricated metal products,1485880
2019-02,machinery,Machinery,1129049
2019-02,computer_electronic,Computer and electronic products,1066815
2019-02,electrical_equipment,"Electrical equipment, appliances, and components",403158
2019-02,motor_vehicles,"Motor vehicles, bodies and trailers, and parts",1015629
2019-02,other_transport_equipment,Other transportation equipment,725976
2019-02,furniture,Furniture and related products,388092
2019-02,misc_manufacturing,Miscellaneous manufacturing,610780
2019-02,food_beverage_tobacco,Food and beverage and tobacco products,1883084
2019-02,textiles,Textile mills and textile product mills,223009
2019-02,apparel_leather,Apparel and leather and allied products,138007
2019-02,paper,Paper products,365109
2019-02,printing,Printing and related support activities,424726
2019-02,petroleum_coal,Petroleum and coal products,110721
2019-02,chemicals,Chemical products,845158
2019-02,plastics_rubber,Plastics and rubber products,733056
2019-02,wholesale,Wholesale trade,5841454
2019-02,retail,Retail trade,15396927
2019-02,air_transport,Air transportation,498096
2019-02,rail_transport,Rail transportation,450
2019-02,water_transport,Water transportation,62426
2019-02,truck_transport,Truck transportation,1496989
2019-02,transit_ground,Transit and ground passenger transportation,500962
2019-02,pipeline,Pipeline transportation,50495
2019-02,other_transport_support,Other transportation and support activities,762972
2019-02,warehousing,Warehousing and storage,1181372
2019-02,information,Information,2862008
2019-02,credit_intermediation,"Federal Reserve banks, credit intermediation, and related activities",2657511
2019-02,securities,"Securities, commodity contracts, and investments",940439
2019-02,insurance,Insurance carriers and related activities,2370881
2019-02,funds_trusts,"Funds, trusts, and other financial vehicles",16401
2019-02,real_estate,Real estate,1649544
2019-02,rental_leasing,Rental and leasing services and lessors of intangible assets,579897
2019-02,legal,Legal services,1138057
2019-02,computer_systems,Computer systems design and related services,2165455
2019-02,misc_professional,"Miscellaneous professional, scientific, and technical services",6169799
2019-02,management_companies,Management of companies and enterprises,2393279
2019-02,admin_support,Administrative and support services,8528071
2019-02,waste_remediation,Waste management and remediation services,437207
2019-02,education,Educational services,3002428
2019-02,ambulatory_health,Ambulatory health care services,7591618
2019-02,hospitals_nursing,"Hospitals, nursing and residential care facilities",8443637
2019-02,social_assistance,Social assistance,3957834
2019-02,performing_arts_museums,"Performing arts, spectator sports, museums, and related activities",623971
2019-02,amusement_recreation,"Amusements, gambling, and recreation industries",1561349
2019-02,accommodation,Accommodation,1972009
2019-02,food_services,Food services and drinking places,11658765
2019-02,other_services,"Other services, except government",4466519
2019-03,oil_gas_extraction,Oil and gas extraction,142699
2019-03,mining_except_oil_gas,"Mining, except oil and gas",188810
2019-03,support_mining,Support activities for mining,351162
2019-03,utilities,Utilities,549002
2019-03,construction,Construction,7148291
2019-03,wood_products,Wood products,403133
2019-03,nonmetallic_mineral,Nonmetallic mineral products,411151
2019-03,primary_metals,Primary metals,389526
2019-03,fabricated_metal,Fabricated metal products,1487703
2019-03,machinery,Machinery,1129407
2019-03,computer_electronic,Computer and electronic products,1068384
2019-03,electrical_equipment,"Electrical equipment, appliances, and components",402701
2019-03,motor_vehicles,"Motor vehicles, bodies and trailers, and parts",1010587
2019-03,other_transport_equipment,Other transportation equipment,726209
2019-03,furniture,Furniture and related products,387209
2019-03,misc_manufacturing,Miscellaneous manufacturing,611878
2019-03,food_beverage_tobacco,Food and beverage and tobacco products,1886057
2019-03,textiles,Textile mills and textile product mills,223176
2019-03,apparel_leather,Apparel and leather and allied products,138347
2019-03,paper,Paper products,365076
2019-03,printing,Printing and related support activities,424605
2019-03,petroleum_coal,Petroleum and coal products,111627
2019-03,chemicals,Chemical products,846343
2019-03,plastics_rubber,Plastics and rubber products,733164
2019-03,wholesale,Wholesale trade,5848963
2019-03,retail,Retail trade,15400404
2019-03,air_transport,Air transportation,498540
2019-03,rail_transport,Rail transportation,400
2019-03,water_transport,Water transportation,63196
2019-03,truck_transport,Truck transportation,1503452
2019-03,transit_ground,Transit and ground passenger transportation,500618
2019-03,pipeline,Pipeline transportation,50653
2019-03,other_transport_support,Other transportation and support activities,766458
2019-03,warehousing,Warehousing and storage,1168304
2019-03,information,Information,2833342
2019-03,credit_intermediation,"Federal Reserve banks, credit intermediation, and related activities",2651724
2019-03,securities,"Securities, commodity contracts, and investments",937339
2019-03,insurance,Insurance carriers and related activities,2374277
2019-03,funds_trusts,"Funds, trusts, and other financial vehicles",16050
2019-03,real_estate,Real estate,1653338
2019-03,rental_leasing,Rental and leasing services and lessors of intangible assets,586056
2019-03,legal,Legal services,1138897
2019-03,computer_systems,Computer systems design and related services,2148694
2019-03,misc_professional,"Miscellaneous professional, scientific, and technical services",6176659
2019-03,management_companies,Management of companies and enterprises,2396847
2019-03,admin_support,Administrative and support services,8573683
2019-03,waste_remediation,Waste management and remediation services,439326
2019-03,education,Educational services,3007341
2019-03,ambulatory_health,Ambulatory health care services,7607804
2019-03,hospitals_nursing,"Hospitals, nursing and residential care facilities",8461105
2019-03,social_assistance,Social assistance,3975013
2019-03,performing_arts_museums,"Performing arts, spectator sports, museums, and related activities",654799
2019-03,amusement_recreation,"Amusements, gambling, and recreation industries",1608456
2019-03,accommodation,Accommodation,1996273
2019-03,food_services,Food services and drinking places,11810073
2019-03,other_services,"Other services, except government",4498938
2019-04,oil_gas_extraction,Oil and gas extraction,142883
2019-04,mining_except_oil_gas,"Mining, except oil and gas",191172
2019-04,support_mining,Support activities for mining,350394
2019-04,utilities,Utilities,546778
2019-04,construction,Construction,7341346
2019-04,wood_products,Wood products,403676
2019-04,nonmetallic_mineral,Nonmetallic mineral products,416009
2019-04,primary_metals,Primary metals,387871
2019-04,fabricated_metal,Fabricated metal products,1486168
2019-04,machinery,Machinery,1127680
2019-04,computer_electronic,Computer and electronic products,1067847
2019-04,electrical_equipment,"Electrical equipment, appliances, and components",401103
2019-04,motor_vehicles,"Motor vehicles, bodies and trailers, and parts",1004414
2019-04,other_transport_equipment,Other transportation equipment,727403
2019-04,furniture,Furniture and related products,385125
2019-04,misc_manufacturing,Miscellaneous manufacturing,612946
2019-04,food_beverage_tobacco,Food and beverage and tobacco products,1889477
2019-04,textiles,Textile mills and textile product mills,222676
2019-04,apparel_leather,Apparel and leather and allied products,137330
2019-04,paper,Paper products,364431
2019-04,printing,Printing and related support activities,423924
2019-04,petroleum_coal,Petroleum and coal products,112753
2019-04,chemicals,Chemical products,844813
2019-04,plastics_rubber,Plastics and rubber products,732322
2019-04,wholesale,Wholesale trade,5865419
2019-04,retail,Retail trade,15425203
2019-04,air_transport,Air transportation,502368
2019-04,rail_transport,Rail transportation,394
2019-04,water_transport,Water transportation,64572
2019-04,truck_transport,Truck transportation,1513176
2019-04,transit_ground,Transit and ground passenger transportation,504094
2019-04,pipeline,Pipeline transportation,50347
2019-04,other_transport_support,Other transportation and support activities,769025
2019-04,warehousing,Warehousing and storage,1170722
2019-04,information,Information,2811884
2019-04,credit_intermediation,"Federal Reserve banks, credit intermediation, and related activities",2650761
2019-04,securities,"Securities, commodity contracts, and investments",942655
2019-04,insurance,Insurance carriers and related activities,2379277
2019-04,funds_trusts,"Funds, trusts, and other financial vehicles",16377
2019-04,real_estate,Real estate,1666819
2019-04,rental_leasing,Rental and leasing services and lessors of intangible assets,593404
2019-04,legal,Legal services,1140736
2019-04,computer_systems,Computer systems design and related services,2175591
2019-04,misc_professional,"Miscellaneous professional, scientific, and technical services",6208221
2019-04,management_companies,Management of companies and enterprises,2392829
2019-04,admin_support,Administrative and support services,8753940
2019-04,waste_remediation,Waste management and remediation services,443941
2019-04,education,Educational services,3033670
2019-04,ambulatory_health,Ambulatory health care services,7632385
2019-04,hospitals_nursing,"Hospitals, nursing and residential care facilities",8438888
2019-04,social_assistance,Social assistance,4004652
2019-04,performing_arts_museums,"Performing arts, spectator sports, museums, and related activities",690478
2019-04,amusement_recreation,"Amusements, gambling, and recreation industries",1677733
2019-04,accommodation,Accommodation,2015842
2019-04,food_services,Food services and drinking places,11988083
2019-04,other_services,"Other services, except government",4541553
2019-05,oil_gas_extraction,Oil and gas extraction,142735
2019-05,mining_except_oil_gas,"Mining, except oil and gas",194137
2019-05,support_mining,Support activities for mining,349626
2019-05,utilities,Utilities,547619
2019-05,construction,Construction,7507225
2019-05,wood_products,Wood products,405535
2019-05,nonmetallic_mineral,Nonmetallic mineral products,420261
2019-05,primary_metals,Primary metals,388330
2019-05,fabricated_metal,Fabricated metal products,1487034
2019-05,machinery,Machinery,1127660
2019-05,computer_electronic,Computer and electronic products,1069070
2019-05,electrical_equipment,"Electrical equipment, appliances, and components",400001
2019-05,motor_vehicles,"Motor vehicles, bodies and trailers, and parts",1003239
2019-05,other_transport_equipment,Other transportation equipment,729859
2019-05,furniture,Furniture and related products,385456
2019-05,misc_manufacturing,Miscellaneous manufacturing,615338
2019-05,food_beverage_tobacco,Food and beverage and tobacco products,1903492
2019-05,textiles,Textile mills and textile product mills,222852
2019-05,apparel_leather,Apparel and leather and allied products,136828
2019-05,paper,Paper products,364549
2019-05,printing,Printing and related support activities,423818
2019-05,petroleum_coal,Petroleum and coal products,114083
2019-05,chemicals,Chemical products,847004
2019-05,plastics_rubber,Plastics and rubber products,732683
2019-05,wholesale,Wholesale trade,5889173
2019-05,retail,Retail trade,15505375
2019-05,air_transport,Air transportation,503536
2019-05,rail_transport,Rail transportation,395
2019-05,water_transport,Water transportation,66373
2019-05,truck_transport,Truck transportation,1530579
2019-05,transit_ground,Transit and ground passenger transportation,506640
2019-05,pipeline,Pipeline transportation,50545
2019-05,other_transport_support,Other transportation and support activities,776864
2019-05,warehousing,Warehousing and storage,1180517
2019-05,information,Information,2845888
2019-05,credit_intermediation,"Federal Reserve banks, credit intermediation, and related activities",2654980
2019-05,securities,"Securities, commodity contracts, and investments",941798
2019-05,insurance,Insurance carriers and related activities,2382120
2019-05,funds_trusts,"Funds, trusts, and other financial vehicles",16326
2019-05,real_estate,Real estate,1681927
2019-05,rental_leasing,Rental and leasing services and lessors of intangible assets,606818
2019-05,legal,Legal services,1145077
2019-05,computer_systems,Computer systems design and related services,2179457
2019-05,misc_professional,"Miscellaneous professional, scientific, and technical services",6116057
2019-05,management_companies,Management of companies and enterprises,2397726
2019-05,admin_support,Administrative and support services,8885031
2019-05,waste_remediation,Waste management and remediation services,448518
2019-05,education,Educational services,2985214
2019-05,ambulatory_health,Ambulatory health care services,7662531
2019-05,hospitals_nursing,"Hospitals, nursing and residential care facilities",8461502
2019-05,social_assistance,Social assistance,4024871
2019-05,performing_arts_museums,"Performing arts, spectator sports, museums, and related activities",715429
2019-05,amusement_recreation,"Amusements, gambling, and recreation industries",1790126
2019-05,accommodation,Accommodation,2069507
2019-05,food_services,Food services and drinking places,12147967
2019-05,other_services,"Other services, except government",4577342
2019-06,oil_gas_extraction,Oil and gas extraction,143734
2019-06,mining_except_oil_gas,"Mining, except oil and gas",195373
2019-06,support_mining,Support activities for mining,347892
2019-06,utilities,Utilities,552063
2019-06,construction,Construction,7632806
2019-06,wood_products,Wood products,408364
2019-06,nonmetallic_mineral,Nonmetallic mineral products,423043
2019-06,primary_metals,Primary metals,389482
2019-06,fabricated_metal,Fabricated metal products,1492119
2019-06,machinery,Machinery,1134295
2019-06,computer_electronic,Computer and electronic products,1081763
2019-06,electrical_equipment,"Electrical equipment, appliances, and components",402385
2019-06,motor_vehicles,"Motor vehicles, bodies and trailers, and parts",1007149
2019-06,other_transport_equipment,Other transportation equipment,737923
2019-06,furniture,Furniture and related products,386760
2019-06,misc_manufacturing,Miscellaneous manufacturing,618762
2019-06,food_beverage_tobacco,Food and beverage and tobacco products,1929434
2019-06,textiles,Textile mills and textile product mills,222459
2019-06,apparel_leather,Apparel and leather and allied products,136737
2019-06,paper,Paper products,366597
2019-06,printing,Printing and related support activities,425045
2019-06,petroleum_coal,Petroleum and coal products,114888
2019-06,chemicals,Chemical products,854684
2019-06,plastics_rubber,Plastics and rubber products,735779
2019-06,wholesale,Wholesale trade,5915891
2019-06,retail,Retail trade,15556564
2019-06,air_transport,Air transportation,506983
2019-06,rail_transport,Rail transportation,400
2019-06,water_transport,Water transportation,67874
2019-06,truck_transport,Truck transportation,1544110
2019-06,transit_ground,Transit and ground passenger transportation,477775
2019-06,pipeline,Pipeline transportation,51201
2019-06,other_transport_support,Other transportation and support activities,783761
2019-06,warehousing,Warehousing and storage,1204699
2019-06,information,Information,2858654
2019-06,credit_intermediation,"Federal Reserve banks, credit intermediation, and related activities",2668203
2019-06,securities,"Securities, commodity contracts, and investments",954682
2019-06,insurance,Insurance carriers and related activities,2398568
2019-06,funds_trusts,"Funds, trusts, and other financial vehicles",16373
2019-06,real_estate,Real estate,1701841
2019-06,rental_leasing,Rental and leasing services and lessors of intangible assets,621169
2019-06,legal,Legal services,1162507
2019-06,computer_systems,Computer systems design and related services,2175530
2019-06,misc_professional,"Miscellaneous professional, scientific, and technical services",6174535
2019-06,management_companies,Management of companies and enterprises,2421938
2019-06,admin_support,Administrative and support services,8943085
2019-06,waste_remediation,Waste management and remediation services,453101
2019-06,education,Educational services,2826158
2019-06,ambulatory_health,Ambulatory health care services,7665811
2019-06,hospitals_nursing,"Hospitals, nursing and residential care facilities",8493851
2019-06,social_assistance,Social assistance,4006278
2019-06,performing_arts_museums,"Performing arts, spectator sports, museums, and related activities",726357
2019-06,amusement_recreation,"Amusements, gambling, and recreation industries",1977455
2019-06,accommodation,Accommodation,2154506
2019-06,food_services,Food services and drinking places,12206485
2019-06,other_services,"Other services, except government",4626050
2019-07,oil_gas_extraction,Oil and gas extraction,143083
2019-07,mining_except_oil_gas,"Mining, except oil and gas",195940
2019-07,support_mining,Support activities for mining,345327
2019-07,utilities,Utilities,552028
2019-07,construction,Construction,7684219
2019-07,wood_products,Wood products,407969
2019-07,nonmetallic_mineral,Nonmetallic mineral products,422626
2019-07,primary_metals,Primary metals,387960
2019-07,fabricated_metal,Fabricated metal products,1486978
2019-07,machinery,Machinery,1131459
2019-07,computer_electronic,Computer and electronic products,1085395
2019-07,electrical_equipment,"Electrical equipment, appliances, and components",402227
2019-07,motor_vehicles,"Motor vehicles, bodies and trailers, and parts",989669
2019-07,other_transport_equipment,Other transportation equipment,740509
2019-07,furniture,Furniture and related products,385321
2019-07,misc_manufacturing,Miscellaneous manufacturing,619013
2019-07,food_beverage_tobacco,Food and beverage and tobacco products,1952181
2019-07,textiles,Textile mills and textile product mills,219434
2019-07,apparel_leather,Apparel and leather and allied products,135010
2019-07,paper,Paper products,366329
2019-07,printing,Printing and related support activities,423457
2019-07,petroleum_coal,Petroleum and coal products,115301
2019-07,chemicals,Chemical products,856944
2019-07,plastics_rubber,Plastics and rubber products,733002
2019-07,wholesale,Wholesale trade,5920101
2019-07,retail,Retail trade,15556752
2019-07,air_transport,Air transportation,508906
2019-07,rail_transport,Rail transportation,384
2019-07,water_transport,Water transportation,69379
2019-07,truck_transport,Truck transportation,1549625
2019-07,transit_ground,Transit and ground passenger transportation,416754
2019-07,pipeline,Pipeline transportation,51255
2019-07,other_transport_support,Other transportation and support activities,786855
2019-07,warehousing,Warehousing and storage,1227219
2019-07,information,Information,2847178
2019-07,credit_intermediation,"Federal Reserve banks, credit intermediation, and related activities",2676639
2019-07,securities,"Securities, commodity contracts, and investments",967154
2019-07,insurance,Insurance carriers and related activities,2405973
2019-07,funds_trusts,"Funds, trusts, and other financial vehicles",16760
2019-07,real_estate,Real estate,1716363
2019-07,rental_leasing,Rental and leasing services and lessors of intangible assets,620699
2019-07,legal,Legal services,1165954
2019-07,computer_systems,Computer systems design and related services,2214010
2019-07,misc_professional,"Miscellaneous professional, scientific, and technical services",6218326
2019-07,management_companies,Management of companies and enterprises,2426923
2019-07,admin_support,Administrative and support services,8888430
2019-07,waste_remediation,Waste management and remediation services,455799
2019-07,education,Educational services,2708291
2019-07,ambulatory_health,Ambulatory health care services,7686344
2019-07,hospitals_nursing,"Hospitals, nursing and residential care facilities",8504094
2019-07,social_assistance,Social assistance,3993434
2019-07,performing_arts_museums,"Performing arts, spectator sports, museums, and related activities",720117
2019-07,amusement_recreation,"Amusements, gambling, and recreation industries",2024665
2019-07,accommodation,Accommodation,2197454
2019-07,food_services,Food services and drinking places,12158346
2019-07,other_services,"Other services, except government",4621306
2019-08,oil_gas_extraction,Oil and gas extraction,142620
2019-08,mining_except_oil_gas,"Mining, except oil and gas",195115
2019-08,support_mining,Support activities for mining,343235
2019-08,utilities,Utilities,550948
2019-08,construction,Construction,7712789
2019-08,wood_products,Wood products,408507
2019-08,nonmetallic_mineral,Nonmetallic mineral products,421424
2019-08,primary_metals,Primary metals,386918
2019-08,fabricated_metal,Fabricated metal products,1481724
2019-08,machinery,Machinery,1125661
2019-08,computer_electronic,Computer and electronic products,1081788
2019-08,electrical_equipment,"Electrical equipment, appliances, and components",400669
2019-08,motor_vehicles,"Motor vehicles, bodies and trailers, and parts",1000195
2019-08,other_transport_equipment,Other transportation equipment,739308
2019-08,furniture,Furniture and related products,384627
2019-08,misc_manufacturing,Miscellaneous manufacturing,617738
2019-08,food_beverage_tobacco,Food and beverage and tobacco products,1961349
2019-08,textiles,Textile mills and textile product mills,219551
2019-08,apparel_leather,Apparel and leather and allied products,135094
2019-08,paper,Paper products,364722
2019-08,printing,Printing and related support activities,422834
2019-08,petroleum_coal,Petroleum and coal products,115001
2019-08,chemicals,Chemical products,854653
2019-08,plastics_rubber,Plastics and rubber products,730778
2019-08,wholesale,Wholesale trade,5910448
2019-08,retail,Retail trade,15542465
2019-08,air_transport,Air transportation,510384
2019-08,rail_transport,Rail transportation,400
2019-08,water_transport,Water transportation,69602
2019-08,truck_transport,Truck transportation,1552203
2019-08,transit_ground,Transit and ground passenger transportation,431526
2019-08,pipeline,Pipeline transportation,51028
2019-08,other_transport_support,Other transportation and support activities,789358
2019-08,warehousing,Warehousing and storage,1244033
2019-08,information,Information,2883688
2019-08,credit_intermediation,"Federal Reserve banks, credit intermediation, and related activities",2677965
2019-08,securities,"Securities, commodity contracts, and investments",966845
2019-08,insurance,Insurance carriers and related activities,2410173
2019-08,funds_trusts,"Funds, trusts, and other financial vehicles",16606
2019-08,real_estate,Real estate,1717984
2019-08,rental_leasing,Rental and leasing services and lessors of intangible assets,619843
2019-08,legal,Legal services,1156456
2019-08,computer_systems,Computer systems design and related services,2219241
2019-08,misc_professional,"Miscellaneous professional, scientific, and technical services",6230999
2019-08,management_companies,Management of companies and enterprises,2421374
2019-08,admin_support,Administrative and support services,8989871
2019-08,waste_remediation,Waste management and remediation services,455214
2019-08,education,Educational services,2756941
2019-08,ambulatory_health,Ambulatory health care services,7723729
2019-08,hospitals_nursing,"Hospitals, nursing and residential care facilities",8520379
2019-08,social_assistance,Social assistance,4023465
2019-08,performing_arts_museums,"Performing arts, spectator sports, museums, and related activities",721422
2019-08,amusement_recreation,"Amusements, gambling, and recreation industries",1960467
2019-08,accommodation,Accommodation,2178324
2019-08,food_services,Food services and drinking places,12206048
2019-08,other_services,"Other services, except government",4600802
2019-09,oil_gas_extraction,Oil and gas extraction,140358
2019-09,mining_except_oil_gas,"Mining, except oil and gas",193406
2019-09,support_mining,Support activities for mining,336938
2019-09,utilities,Utilities,547471
2019-09,construction,Construction,7659491
2019-09,wood_products,Wood products,406414
2019-09,nonmetallic_mineral,Nonmetallic mineral products,419231
2019-09,primary_metals,Primary metals,384427
2019-09,fabricated_metal,Fabricated metal products,1472820
2019-09,machinery,Machinery,1115326
2019-09,computer_electronic,Computer and electronic products,1073604
2019-09,electrical_equipment,"Electrical equipment, appliances, and components",398436
2019-09,motor_vehicles,"Motor vehicles, bodies and trailers, and parts",996061
2019-09,other_transport_equipment,Other transportation equipment,736692
2019-09,furniture,Furniture and related products,381814
2019-09,misc_manufacturing,Miscellaneous manufacturing,614543
2019-09,food_beverage_tobacco,Food and beverage and tobacco products,1954827
2019-09,textiles,Textile mills and textile product mills,217868
2019-09,apparel_leather,Apparel and leather and allied products,134635
2019-09,paper,Paper products,363515
2019-09,printing,Printing and related support activities,420471
2019-09,petroleum_coal,Petroleum and coal products,113748
2019-09,chemicals,Chemical products,848979
2019-09,plastics_rubber,Plastics and rubber products,727125
2019-09,wholesale,Wholesale trade,5877783
2019-09,retail,Retail trade,15409511
2019-09,air_transport,Air transportation,507371
2019-09,rail_transport,Rail transportation,391
2019-09,water_transport,Water transportation,68192
2019-09,truck_transport,Truck transportation,1544331
2019-09,transit_ground,Transit and ground passenger transportation,501901
2019-09,pipeline,Pipeline transportation,50688
2019-09,other_transport_support,Other transportation and support activities,783745
2019-09,warehousing,Warehousing and storage,1266454
2019-09,information,Information,2843548
2019-09,credit_intermediation,"Federal Reserve banks, credit intermediation, and related activities",2662196
2019-09,securities,"Securities, commodity contracts, and investments",945171
2019-09,insurance,Insurance carriers and related activities,2401017
2019-09,funds_trusts,"Funds, trusts, and other financial vehicles",16390
2019-09,real_estate,Real estate,1696468
2019-09,rental_leasing,Rental and leasing services and lessors of intangible assets,613132
2019-09,legal,Legal services,1147365
2019-09,computer_systems,Computer systems design and related services,2182856
2019-09,misc_professional,"Miscellaneous professional, scientific, and technical services",6168242
2019-09,management_companies,Management of companies and enterprises,2403219
2019-09,admin_support,Administrative and support services,8978375
2019-09,waste_remediation,Waste management and remediation services,452176
2019-09,education,Educational services,2935990
2019-09,ambulatory_health,Ambulatory health care services,7708258
2019-09,hospitals_nursing,"Hospitals, nursing and residential care facilities",8498580
2019-09,social_assistance,Social assistance,4016369
2019-09,performing_arts_museums,"Performing arts, spectator sports, museums, and related activities",709375
2019-09,amusement_recreation,"Amusements, gambling, and recreation industries",1762531
2019-09,accommodation,Accommodation,2094366
2019-09,food_services,Food services and drinking places,12035007
2019-09,other_services,"Other services, except government",4544083
2019-10,oil_gas_extraction,Oil and gas extraction,139608
2019-10,mining_except_oil_gas,"Mining, except oil and gas",192315
2019-10,support_mining,Support activities for mining,332786
2019-10,utilities,Utilities,547618
2019-10,construction,Construction,7661026
2019-10,wood_products,Wood products,406225
2019-10,nonmetallic_mineral,Nonmetallic mineral products,418576
2019-10,primary_metals,Primary metals,381221
2019-10,fabricated_metal,Fabricated metal products,1469258
2019-10,machinery,Machinery,1110377
2019-10,computer_electronic,Computer and electronic products,1072402
2019-10,electrical_equipment,"Electrical equipment, appliances, and components",398396
2019-10,motor_vehicles,"Motor vehicles, bodies and trailers, and parts",949736
2019-10,other_transport_equipment,Other transportation equipment,736747
2019-10,furniture,Furniture and related products,381202
2019-10,misc_manufacturing,Miscellaneous manufacturing,615496
2019-10,food_beverage_tobacco,Food and beverage and tobacco products,1949359
2019-10,textiles,Textile mills and textile product mills,217063
2019-10,apparel_leather,Apparel and leather and allied products,133965
2019-10,paper,Paper products,362663
2019-10,printing,Printing and related support activities,420954
2019-10,petroleum_coal,Petroleum and coal products,113623
2019-10,chemicals,Chemical products,847988
2019-10,plastics_rubber,Plastics and rubber products,725280
2019-10,wholesale,Wholesale trade,5894150
2019-10,retail,Retail trade,15588125
2019-10,air_transport,Air transportation,510483
2019-10,rail_transport,Rail transportation,418
2019-10,water_transport,Water transportation,67346
2019-10,truck_transport,Truck transportation,1539677
2019-10,transit_ground,Transit and ground passenger transportation,507871
2019-10,pipeline,Pipeline transportation,50694
2019-10,other_transport_support,Other transportation and support activities,784829
2019-10,warehousing,Warehousing and storage,1315825
2019-10,information,Information,2842416
2019-10,credit_intermediation,"Federal Reserve banks, credit intermediation, and related activities",2671806
2019-10,securities,"Securities, commodity contracts, and investments",953942
2019-10,insurance,Insurance carriers and related activities,2411781
2019-10,funds_trusts,"Funds, trusts, and other financial vehicles",17107
2019-10,real_estate,Real estate,1714791
2019-10,rental_leasing,Rental and leasing services and lessors of intangible assets,607255
2019-10,legal,Legal services,1161459
2019-10,computer_systems,Computer systems design and related services,2225400
2019-10,misc_professional,"Miscellaneous professional, scientific, and technical services",6238959
2019-10,management_companies,Management of companies and enterprises,2408423
2019-10,admin_support,Administrative and support services,9031275
2019-10,waste_remediation,Waste management and remediation services,452308
2019-10,education,Educational services,3037939
2019-10,ambulatory_health,Ambulatory health care services,7768355
2019-10,hospitals_nursing,"Hospitals, nursing and residential care facilities",8505401
2019-10,social_assistance,Social assistance,4051505
2019-10,performing_arts_museums,"Performing arts, spectator sports, museums, and related activities",706001
2019-10,amusement_recreation,"Amusements, gambling, and recreation industries",1707768
2019-10,accommodation,Accommodation,2055149
2019-10,food_services,Food services and drinking places,11990710
2019-10,other_services,"Other services, except government",4574849
2019-11,oil_gas_extraction,Oil and gas extraction,138680
2019-11,mining_except_oil_gas,"Mining, except oil and gas",189405
2019-11,support_mining,Support activities for mining,324831
2019-11,utilities,Utilities,547978
2019-11,construction,Construction,7574970
2019-11,wood_products,Wood products,406735
2019-11,nonmetallic_mineral,Nonmetallic mineral products,416641
2019-11,primary_metals,Primary metals,381508
2019-11,fabricated_metal,Fabricated metal products,1467299
2019-11,machinery,Machinery,1111078
2019-11,computer_electronic,Computer and electronic products,1073475
2019-11,electrical_equipment,"Electrical equipment, appliances, and components",397524
2019-11,motor_vehicles,"Motor vehicles, bodies and trailers, and parts",993244
2019-11,other_transport_equipment,Other transportation equipment,739160
2019-11,furniture,Furniture and related products,381883
2019-11,misc_manufacturing,Miscellaneous manufacturing,618975
2019-11,food_beverage_tobacco,Food and beverage and tobacco products,1934952
2019-11,textiles,Textile mills and textile product mills,217239
2019-11,apparel_leather,Apparel and leather and allied products,134096
2019-11,paper,Paper products,362922
2019-11,printing,Printing and related support activities,422029
2019-11,petroleum_coal,Petroleum and coal products,112993
2019-11,chemicals,Chemical products,849138
2019-11,plastics_rubber,Plastics and rubber products,725882
2019-11,wholesale,Wholesale trade,5906232
2019-11,retail,Retail trade,16072327
2019-11,air_transport,Air transportation,510803
2019-11,rail_transport,Rail transportation,409
2019-11,water_transport,Water transportation,65840
2019-11,truck_transport,Truck transportation,1537950
2019-11,transit_ground,Transit and ground passenger transportation,507578
2019-11,pipeline,Pipeline transportation,50599
2019-11,other_transport_support,Other transportation and support activities,786146
2019-11,warehousing,Warehousing and storage,1416694
2019-11,information,Information,2900430
2019-11,credit_intermediation,"Federal Reserve banks, credit intermediation, and related activities",2679374
2019-11,securities,"Securities, commodity contracts, and investments",954933
2019-11,insurance,Insurance carriers and related activities,2419082
2019-11,funds_trusts,"Funds, trusts, and other financial vehicles",17186
2019-11,real_estate,Real estate,1714235
2019-11,rental_leasing,Rental and leasing services and lessors of intangible assets,603354
2019-11,legal,Legal services,1166432
2019-11,computer_systems,Computer systems design and related services,2232790
2019-11,misc_professional,"Miscellaneous professional, scientific, and technical services",6284637
2019-11,management_companies,Management of companies and enterprises,2413570
2019-11,admin_support,Administrative and support services,9066052
2019-11,waste_remediation,Waste management and remediation services,451541
2019-11,education,Educational services,3062512
2019-11,ambulatory_health,Ambulatory health care services,7803340
2019-11,hospitals_nursing,"Hospitals, nursing and residential care facilities",8535134
2019-11,social_assistance,Social assistance,4076162
2019-11,performing_arts_museums,"Performing arts, spectator sports, museums, and related activities",683310
2019-11,amusement_recreation,"Amusements, gambling, and recreation industries",1620506
2019-11,accommodation,Accommodation,2008515
2019-11,food_services,Food services and drinking places,11955530
2019-11,other_services,"Other services, except government",4573716
2019-12,oil_gas_extraction,Oil and gas extraction,137657
2019-12,mining_except_oil_gas,"Mining, except oil and gas",186538
2019-12,support_mining,Support activities for mining,319174
2019-12,utilities,Utilities,548039
2019-12,construction,Construction,7438307
2019-12,wood_products,Wood products,406898
2019-12,nonmetallic_mineral,Nonmetallic mineral products,413674
2019-12,primary_metals,Primary metals,381506
2019-12,fabricated_metal,Fabricated metal products,1465897
2019-12,machinery,Machinery,1114442
2019-12,computer_electronic,Computer and electronic products,1075258
2019-12,electrical_equipment,"Electrical equipment, appliances, and components",398527
2019-12,motor_vehicles,"Motor vehicles, bodies and trailers, and parts",993728
2019-12,other_transport_equipment,Other transportation equipment,741965
2019-12,furniture,Furniture and related products,382490
2019-12,misc_manufacturing,Miscellaneous manufacturing,620841
2019-12,food_beverage_tobacco,Food and beverage and tobacco products,1931980
2019-12,textiles,Textile mills and textile product mills,217393
2019-12,apparel_leather,Apparel and leather and allied products,133617
2019-12,paper,Paper products,363468
2019-12,printing,Printing and related support activities,422367
2019-12,petroleum_coal,Petroleum and coal products,111853
2019-12,chemicals,Chemical products,852084
2019-12,plastics_rubber,Plastics and rubber products,727120
2019-12,wholesale,Wholesale trade,5914345
2019-12,retail,Retail trade,16150660
2019-12,air_transport,Air transportation,510866
2019-12,rail_transport,Rail transportation,417
2019-12,water_transport,Water transportation,65437
2019-12,truck_transport,Truck transportation,1530540
2019-12,transit_ground,Transit and ground passenger transportation,506373
2019-12,pipeline,Pipeline transportation,50664
2019-12,other_transport_support,Other transportation and support activities,788937
2019-12,warehousing,Warehousing and storage,1411341
2019-12,information,Information,2865253
2019-12,credit_intermediation,"Federal Reserve banks, credit intermediation, and related activities",2684451
2019-12,securities,"Securities, commodity contracts, and investments",956305
2019-12,insurance,Insurance carriers and related activities,2426319
2019-12,funds_trusts,"Funds, trusts, and other financial vehicles",17385
2019-12,real_estate,Real estate,1725239
2019-12,rental_leasing,Rental and leasing services and lessors of intangible assets,600165
2019-12,legal,Legal services,1170862
2019-12,computer_systems,Computer systems design and related services,2213561
2019-12,misc_professional,"Miscellaneous professional, scientific, and technical services",6315046
2019-12,management_companies,Management of companies and enterprises,2420000
2019-12,admin_support,Administrative and support services,8915429
2019-12,waste_remediation,Waste management and remediation services,450356
2019-12,education,Educational services,3016325
2019-12,ambulatory_health,Ambulatory health care services,7819638
2019-12,hospitals_nursing,"Hospitals, nursing and residential care facilities",8547802
2019-12,social_assistance,Social assistance,4072578
2019-12,performing_arts_museums,"Performing arts, spectator sports, museums, and related activities",679186
2019-12,amusement_recreation,"Amusements, gambling, and recreation industries",1641088
2019-12,accommodation,Accommodation,2009070
2019-12,food_services,Food services and drinking places,11947254
2019-12,other_services,"Other services, except government",4574744
2020-01,oil_gas_extraction,Oil and gas extraction,135364
2020-01,mining_except_oil_gas,"Mining, except oil and gas",181462
2020-01,support_mining,Support activities for mining,310126
2020-01,utilities,Utilities,543947
2020-01,construction,Construction,7197851
2020-01,wood_products,Wood products,404944
2020-01,nonmetallic_mineral,Nonmetallic mineral products,406728
2020-01,primary_metals,Primary metals,381902
2020-01,fabricated_metal,Fabricated metal products,1453563
2020-01,machinery,Machinery,1108856
2020-01,computer_electronic,Computer and electronic products,1077222
2020-01,electrical_equipment,"Electrical equipment, appliances, and components",394789
2020-01,motor_vehicles,"Motor vehicles, bodies and trailers, and parts",983788
2020-01,other_transport_equipment,Other transportation equipment,741376
2020-01,furniture,Furniture and related products,381656
2020-01,misc_manufacturing,Miscellaneous manufacturing,615920
2020-01,food_beverage_tobacco,Food and beverage and tobacco products,1913793
2020-01,textiles,Textile mills and textile product mills,213004
2020-01,apparel_leather,Apparel and leather and allied products,131945
2020-01,paper,Paper products,362400
2020-01,printing,Printing and related support activities,415881
2020-01,petroleum_coal,Petroleum and coal products,107821
2020-01,chemicals,Chemical products,849211
2020-01,plastics_rubber,Plastics and rubber products,724339
2020-01,wholesale,Wholesale trade,5836820
2020-01,retail,Retail trade,15464678
2020-01,air_transport,Air transportation,514407
2020-01,rail_transport,Rail transportation,414
2020-01,water_transport,Water transportation,64484
2020-01,truck_transport,Truck transportation,1494110
2020-01,transit_ground,Transit and ground passenger transportation,495110
2020-01,pipeline,Pipeline transportation,51796
2020-01,other_transport_support,Other transportation and support activities,776508
2020-01,warehousing,Warehousing and storage,1352769
2020-01,information,Information,2874935
2020-01,credit_intermediation,"Federal Reserve banks, credit intermediation, and related activities",2680445
2020-01,securities,"Securities, commodity contracts, and investments",944405
2020-01,insurance,Insurance carriers and related activities,2407336
2020-01,funds_trusts,"Funds, trusts, and other financial vehicles",17913
2020-01,real_estate,Real estate,1691606
2020-01,rental_leasing,Rental and leasing services and lessors of intangible assets,585883
2020-01,legal,Legal services,1153079
2020-01,computer_systems,Computer systems design and related services,2220299
2020-01,misc_professional,"Miscellaneous professional, scientific, and technical services",6272808
2020-01,management_companies,Management of companies and enterprises,2404320
2020-01,admin_support,Administrative and support services,8509218
2020-01,waste_remediation,Waste management and remediation services,446706
2020-01,education,Educational services,2940088
2020-01,ambulatory_health,Ambulatory health care services,7781986
2020-01,hospitals_nursing,"Hospitals, nursing and residential care facilities",8499980
2020-01,social_assistance,Social assistance,4150482
2020-01,performing_arts_museums,"Performing arts, spectator sports, museums, and related activities",625026
2020-01,amusement_recreation,"Amusements, gambling, and recreation industries",1608737
2020-01,accommodation,Accommodation,1977136
2020-01,food_services,Food services and drinking places,11699614
2020-01,other_services,"Other services, except government",4461307
2020-02,oil_gas_extraction,Oil and gas extraction,134870
2020-02,mining_except_oil_gas,"Mining, except oil and gas",179953
2020-02,support_mining,Support activities for mining,310322
2020-02,utilities,Utilities,545087
2020-02,construction,Construction,7229152
2020-02,wood_products,Wood products,405007
2020-02,nonmetallic_mineral,Nonmetallic mineral products,406723
2020-02,primary_metals,Primary metals,380904
2020-02,fabricated_metal,Fabricated metal products,1453549
2020-02,machinery,Machinery,1105680
2020-02,computer_electronic,Computer and electronic products,1077689
2020-02,electrical_equipment,"Electrical equipment, appliances, and components",394859
2020-02,motor_vehicles,"Motor vehicles, bodies and trailers, and parts",988765
2020-02,other_transport_equipment,Other transportation equipment,743100
2020-02,furniture,Furniture and related products,383619
2020-02,misc_manufacturing,Miscellaneous manufacturing,617215
2020-02,food_beverage_tobacco,Food and beverage and tobacco products,1923760
2020-02,textiles,Textile mills and textile product mills,213251
2020-02,apparel_leather,Apparel and leather and allied products,131951
2020-02,paper,Paper products,362574
2020-02,printing,Printing and related support activities,415177
2020-02,petroleum_coal,Petroleum and coal products,108521
2020-02,chemicals,Chemical products,850701
2020-02,plastics_rubber,Plastics and rubber products,726329
2020-02,wholesale,Wholesale trade,5849644
2020-02,retail,Retail trade,15306576
2020-02,air_transport,Air transportation,518028
2020-02,rail_transport,Rail transportation,410
2020-02,water_transport,Water transportation,64588
2020-02,truck_transport,Truck transportation,1490590
2020-02,transit_ground,Transit and ground passenger transportation,498740
2020-02,pipeline,Pipeline transportation,51828
2020-02,other_transport_support,Other transportation and support activities,774858
2020-02,warehousing,Warehousing and storage,1333896
2020-02,information,Information,2930730
2020-02,credit_intermediation,"Federal Reserve banks, credit intermediation, and related activities",2688438
2020-02,securities,"Securities, commodity contracts, and investments",948845
2020-02,insurance,Insurance carriers and related activities,2411937
2020-02,funds_trusts,"Funds, trusts, and other financial vehicles",17918
2020-02,real_estate,Real estate,1697545
2020-02,rental_leasing,Rental and leasing services and lessors of intangible assets,586748
2020-02,legal,Legal services,1157950
2020-02,computer_systems,Computer systems design and related services,2225418
2020-02,misc_professional,"Miscellaneous professional, scientific, and technical services",6351887
2020-02,management_companies,Management of companies and enterprises,2403113
2020-02,admin_support,Administrative and support services,8545054
2020-02,waste_remediation,Waste management and remediation services,447603
2020-02,education,Educational services,3059734
2020-02,ambulatory_health,Ambulatory health care services,7814168
2020-02,hospitals_nursing,"Hospitals, nursing and residential care facilities",8511438
2020-02,social_assistance,Social assistance,4162465
2020-02,performing_arts_museums,"Performing arts, spectator sports, museums, and related activities",645633
2020-02,amusement_recreation,"Amusements, gambling, and recreation industries",1615536
2020-02,accommodation,Accommodation,1995390
2020-02,food_services,Food services and drinking places,11802788
2020-02,other_services,"Other services, except government",4492372
2020-03,oil_gas_extraction,Oil and gas extraction,134008
2020-03,mining_except_oil_gas,"Mining, except oil and gas",181095
2020-03,support_mining,Support activities for mining,305423
2020-03,utilities,Utilities,545358
2020-03,construction,Construction,7272336
2020-03,wood_products,Wood products,404565
2020-03,nonmetallic_mineral,Nonmetallic mineral products,408526
2020-03,primary_metals,Primary metals,379011
2020-03,fabricated_metal,Fabricated metal products,1449550
2020-03,machinery,Machinery,1103328
2020-03,computer_electronic,Computer and electronic products,1077036
2020-03,electrical_equipment,"Electrical equipment, appliances, and components",393769
2020-03,motor_vehicles,"Motor vehicles, bodies and trailers, and parts",982672
2020-03,other_transport_equipment,Other transportation equipment,740850
2020-03,furniture,Furniture and related products,381862
2020-03,misc_manufacturing,Miscellaneous manufacturing,615002
2020-03,food_beverage_tobacco,Food and beverage and tobacco products,1912565
2020-03,textiles,Textile mills and textile product mills,212350
2020-03,apparel_leather,Apparel and leather and allied products,129067
2020-03,paper,Paper products,361740
2020-03,printing,Printing and related support activities,412072
2020-03,petroleum_coal,Petroleum and coal products,109466
2020-03,chemicals,Chemical products,851279
2020-03,plastics_rubber,Plastics and rubber products,726490
2020-03,wholesale,Wholesale trade,5837969
2020-03,retail,Retail trade,15257954
2020-03,air_transport,Air transportation,516635
2020-03,rail_transport,Rail transportation,411
2020-03,water_transport,Water transportation,64371
2020-03,truck_transport,Truck transportation,1488977
2020-03,transit_ground,Transit and ground passenger transportation,486369
2020-03,pipeline,Pipeline transportation,52052
2020-03,other_transport_support,Other transportation and support activities,767476
2020-03,warehousing,Warehousing and storage,1338344
2020-03,information,Information,2880236
2020-03,credit_intermediation,"Federal Reserve banks, credit intermediation, and related activities",2682500
2020-03,securities,"Securities, commodity contracts, and investments",942839
2020-03,insurance,Insurance carriers and related activities,2411985
2020-03,funds_trusts,"Funds, trusts, and other financial vehicles",17632
2020-03,real_estate,Real estate,1689464
2020-03,rental_leasing,Rental and leasing services and lessors of intangible assets,582562
2020-03,legal,Legal services,1153791
2020-03,computer_systems,Computer systems design and related services,2198676
2020-03,misc_professional,"Miscellaneous professional, scientific, and technical services",6322579
2020-03,management_companies,Management of companies and enterprises,2403006
2020-03,admin_support,Administrative and support services,8476442
2020-03,waste_remediation,Waste management and remediation services,448392
2020-03,education,Educational services,3018135
2020-03,ambulatory_health,Ambulatory health care services,7754145
2020-03,hospitals_nursing,"Hospitals, nursing and residential care facilities",8508120
2020-03,social_assistance,Social assistance,4145898
2020-03,performing_arts_museums,"Performing arts, spectator sports, museums, and related activities",632190
2020-03,amusement_recreation,"Amusements, gambling, and recreation industries",1608275
2020-03,accommodation,Accommodation,1978211
2020-03,food_services,Food services and drinking places,11495009
2020-03,other_services,"Other services, except government",4429322
2020-04,oil_gas_extraction,Oil and gas extraction,130159
2020-04,mining_except_oil_gas,"Mining, except oil and gas",173937
2020-04,support_mining,Support activities for mining,261517
2020-04,utilities,Utilities,542360
2020-04,construction,Construction,6473053
2020-04,wood_products,Wood products,375544
2020-04,nonmetallic_mineral,Nonmetallic mineral products,373301
2020-04,primary_metals,Primary metals,340831
2020-04,fabricated_metal,Fabricated metal products,1311407
2020-04,machinery,Machinery,1014650
2020-04,computer_electronic,Computer and electronic products,1048199
2020-04,electrical_equipment,"Electrical equipment, appliances, and components",369148
2020-04,motor_vehicles,"Motor vehicles, bodies and trailers, and parts",588556
2020-04,other_transport_equipment,Other transportation equipment,685248
2020-04,furniture,Furniture and related products,300037
2020-04,misc_manufacturing,Miscellaneous manufacturing,519306
2020-04,food_beverage_tobacco,Food and beverage and tobacco products,1747870
2020-04,textiles,Textile mills and textile product mills,167840
2020-04,apparel_leather,Apparel and leather and allied products,84225
2020-04,paper,Paper products,350861
2020-04,printing,Printing and related support activities,340291
2020-04,petroleum_coal,Petroleum and coal products,107862
2020-04,chemicals,Chemical products,829581
2020-04,plastics_rubber,Plastics and rubber products,627572
2020-04,wholesale,Wholesale trade,5424578
2020-04,retail,Retail trade,12807741
2020-04,air_transport,Air transportation,476990
2020-04,rail_transport,Rail transportation,390
2020-04,water_transport,Water transportation,59118
2020-04,truck_transport,Truck transportation,1397008
2020-04,transit_ground,Transit and ground passenger transportation,290308
2020-04,pipeline,Pipeline transportation,51792
2020-04,other_transport_support,Other transportation and support activities,659934
2020-04,warehousing,Warehousing and storage,1308212
2020-04,information,Information,2616019
2020-04,credit_intermediation,"Federal Reserve banks, credit intermediation, and related activities",2653918
2020-04,securities,"Securities, commodity contracts, and investments",933267
2020-04,insurance,Insurance carriers and related activities,2385607
2020-04,funds_trusts,"Funds, trusts, and other financial vehicles",17621
2020-04,real_estate,Real estate,1583441
2020-04,rental_leasing,Rental and leasing services and lessors of intangible assets,464194
2020-04,legal,Legal services,1093391
2020-04,computer_systems,Computer systems design and related services,2191217
2020-04,misc_professional,"Miscellaneous professional, scientific, and technical services",5932185
2020-04,management_companies,Management of companies and enterprises,2267665
2020-04,admin_support,Administrative and support services,7235341
2020-04,waste_remediation,Waste management and remediation services,426822
2020-04,education,Educational services,2643307
2020-04,ambulatory_health,Ambulatory health care services,6523902
2020-04,hospitals_nursing,"Hospitals, nursing and residential care facilities",8170428
2020-04,social_assistance,Social assistance,3560841
2020-04,performing_arts_museums,"Performing arts, spectator sports, museums, and related activities",412388
2020-04,amusement_recreation,"Amusements, gambling, and recreation industries",747100
2020-04,accommodation,Accommodation,1002330
2020-04,food_services,Food services and drinking places,6461484
2020-04,other_services,"Other services, except government",3148631
2020-05,oil_gas_extraction,Oil and gas extraction,127020
2020-05,mining_except_oil_gas,"Mining, except oil and gas",174724
2020-05,support_mining,Support activities for mining,228146
2020-05,utilities,Utilities,541746
2020-05,construction,Construction,7011931
2020-05,wood_products,Wood products,384617
2020-05,nonmetallic_mineral,Nonmetallic mineral products,384646
2020-05,primary_metals,Primary metals,332338
2020-05,fabricated_metal,Fabricated metal products,1334295
2020-05,machinery,Machinery,1020776
2020-05,computer_electronic,Computer and electronic products,1049850
2020-05,electrical_equipment,"Electrical equipment, appliances, and components",369617
2020-05,motor_vehicles,"Motor vehicles, bodies and trailers, and parts",655074
2020-05,other_transport_equipment,Other transportation equipment,691161
2020-05,furniture,Furniture and related products,340292
2020-05,misc_manufacturing,Miscellaneous manufacturing,539399
2020-05,food_beverage_tobacco,Food and beverage and tobacco products,1786596
2020-05,textiles,Textile mills and textile product mills,178013
2020-05,apparel_leather,Apparel and leather and allied products,95932
2020-05,paper,Paper products,347810
2020-05,printing,Printing and related support activities,357294
2020-05,petroleum_coal,Petroleum and coal products,109685
2020-05,chemicals,Chemical products,828621
2020-05,plastics_rubber,Plastics and rubber products,639124
2020-05,wholesale,Wholesale trade,5462577
2020-05,retail,Retail trade,13380618
2020-05,air_transport,Air transportation,459165
2020-05,rail_transport,Rail transportation,385
2020-05,water_transport,Water transportation,58821
2020-05,truck_transport,Truck transportation,1419818
2020-05,transit_ground,Transit and ground passenger transportation,296489
2020-05,pipeline,Pipeline transportation,51454
2020-05,other_transport_support,Other transportation and support activities,650984
2020-05,warehousing,Warehousing and storage,1393433
2020-05,information,Information,2613472
2020-05,credit_intermediation,"Federal Reserve banks, credit intermediation, and related activities",2655050
2020-05,securities,"Securities, commodity contracts, and investments",937256
2020-05,insurance,Insurance carriers and related activities,2388844
2020-05,funds_trusts,"Funds, trusts, and other financial vehicles",17519
2020-05,real_estate,Real estate,1603052
2020-05,rental_leasing,Rental and leasing services and lessors of intangible assets,456612
2020-05,legal,Legal services,1109661
2020-05,computer_systems,Computer systems design and related services,2191801
2020-05,misc_professional,"Miscellaneous professional, scientific, and technical services",5933111
2020-05,management_companies,Management of companies and enterprises,2250070
2020-05,admin_support,Administrative and support services,7485098
2020-05,waste_remediation,Waste management and remediation services,435101
2020-05,education,Educational services,2611691
2020-05,ambulatory_health,Ambulatory health care services,6951135
2020-05,hospitals_nursing,"Hospitals, nursing and residential care facilities",8100514
2020-05,social_assistance,Social assistance,3606101
2020-05,performing_arts_museums,"Performing arts, spectator sports, museums, and related activities",400876
2020-05,amusement_recreation,"Amusements, gambling, and recreation industries",802643
2020-05,accommodation,Accommodation,952927
2020-05,food_services,Food services and drinking places,7741546
2020-05,other_services,"Other services, except government",3402174
2020-06,oil_gas_extraction,Oil and gas extraction,125695
2020-06,mining_except_oil_gas,"Mining, except oil and gas",174813
2020-06,support_mining,Support activities for mining,212206
2020-06,utilities,Utilities,543979
2020-06,construction,Construction,7281245
2020-06,wood_products,Wood products,389054
2020-06,nonmetallic_mineral,Nonmetallic mineral products,395886
2020-06,primary_metals,Primary metals,344998
2020-06,fabricated_metal,Fabricated metal products,1358604
2020-06,machinery,Machinery,1031049
2020-06,computer_electronic,Computer and electronic products,1060153
2020-06,electrical_equipment,"Electrical equipment, appliances, and components",377260
2020-06,motor_vehicles,"Motor vehicles, bodies and trailers, and parts",898044
2020-06,other_transport_equipment,Other transportation equipment,696162
2020-06,furniture,Furniture and related products,355190
2020-06,misc_manufacturing,Miscellaneous manufacturing,566479
2020-06,food_beverage_tobacco,Food and beverage and tobacco products,1847016
2020-06,textiles,Textile mills and textile product mills,189430
2020-06,apparel_leather,Apparel and leather and allied products,106087
2020-06,paper,Paper products,349695
2020-06,printing,Printing and related support activities,365373
2020-06,petroleum_coal,Petroleum and coal products,110451
2020-06,chemicals,Chemical products,839064
2020-06,plastics_rubber,Plastics and rubber products,681623
2020-06,wholesale,Wholesale trade,5525021
2020-06,retail,Retail trade,14306824
2020-06,air_transport,Air transportation,437867
2020-06,rail_transport,Rail transportation,397
2020-06,water_transport,Water transportation,57647
2020-06,truck_transport,Truck transportation,1451975
2020-06,transit_ground,Transit and ground passenger transportation,270564
2020-06,pipeline,Pipeline transportation,51519
2020-06,other_transport_support,Other transportation and support activities,661729
2020-06,warehousing,Warehousing and storage,1443614
2020-06,information,Information,2598917
2020-06,credit_intermediation,"Federal Reserve banks, credit intermediation, and related activities",2662186
2020-06,securities,"Securities, commodity contracts, and investments",943771
2020-06,insurance,Insurance carriers and related activities,2397250
2020-06,funds_trusts,"Funds, trusts, and other financial vehicles",18327
2020-06,real_estate,Real estate,1628648
2020-06,rental_leasing,Rental and leasing services and lessors of intangible assets,476974
2020-06,legal,Legal services,1125650
2020-06,computer_systems,Computer systems design and related services,2171347
2020-06,misc_professional,"Miscellaneous professional, scientific, and technical services",6003908
2020-06,management_companies,Management of companies and enterprises,2274303
2020-06,admin_support,Administrative and support services,7701711
2020-06,waste_remediation,Waste management and remediation services,441447
2020-06,education,Educational services,2526115
2020-06,ambulatory_health,Ambulatory health care services,7260281
2020-06,hospitals_nursing,"Hospitals, nursing and residential care facilities",8131003
2020-06,social_assistance,Social assistance,3680799
2020-06,performing_arts_museums,"Performing arts, spectator sports, museums, and related activities",410423
2020-06,amusement_recreation,"Amusements, gambling, and recreation industries",1150464
2020-06,accommodation,Accommodation,1145844
2020-06,food_services,Food services and drinking places,9020068
2020-06,other_services,"Other services, except government",3725985
2020-07,oil_gas_extraction,Oil and gas extraction,123821
2020-07,mining_except_oil_gas,"Mining, except oil and gas",174398
2020-07,support_mining,Support activities for mining,205118
2020-07,utilities,Utilities,544999
2020-07,construction,Construction,7316621
2020-07,wood_products,Wood products,389800
2020-07,nonmetallic_mineral,Nonmetallic mineral products,397576
2020-07,primary_metals,Primary metals,341652
2020-07,fabricated_metal,Fabricated metal products,1344543
2020-07,machinery,Machinery,1023414
2020-07,computer_electronic,Computer and electronic products,1059130
2020-07,electrical_equipment,"Electrical equipment, appliances, and components",376053
2020-07,motor_vehicles,"Motor vehicles, bodies and trailers, and parts",908394
2020-07,other_transport_equipment,Other transportation equipment,691519
2020-07,furniture,Furniture and related products,358014
2020-07,misc_manufacturing,Miscellaneous manufacturing,571784
2020-07,food_beverage_tobacco,Food and beverage and tobacco products,1875565
2020-07,textiles,Textile mills and textile product mills,190452
2020-07,apparel_leather,Apparel and leather and allied products,108618
2020-07,paper,Paper products,348037
2020-07,printing,Printing and related support activities,361247
2020-07,petroleum_coal,Petroleum and coal products,110338
2020-07,chemicals,Chemical products,841403
2020-07,plastics_rubber,Plastics and rubber products,687393
2020-07,wholesale,Wholesale trade,5546178
2020-07,retail,Retail trade,14650582
2020-07,air_transport,Air transportation,440644
2020-07,rail_transport,Rail transportation,412
2020-07,water_transport,Water transportation,57184
2020-07,truck_transport,Truck transportation,1465867
2020-07,transit_ground,Transit and ground passenger transportation,238290
2020-07,pipeline,Pipeline transportation,51217
2020-07,other_transport_support,Other transportation and support activities,673902
2020-07,warehousing,Warehousing and storage,1469681
2020-07,information,Information,2605274
2020-07,credit_intermediation,"Federal Reserve banks, credit intermediation, and related activities",2670195
2020-07,securities,"Securities, commodity contracts, and investments",953582
2020-07,insurance,Insurance carriers and related activities,2397890
2020-07,funds_trusts,"Funds, trusts, and other financial vehicles",18490
2020-07,real_estate,Real estate,1651668
2020-07,rental_leasing,Rental and leasing services and lessors of intangible assets,482336
2020-07,legal,Legal services,1130215
2020-07,computer_systems,Computer systems design and related services,2200284
2020-07,misc_professional,"Miscellaneous professional, scientific, and technical services",6053579
2020-07,management_companies,Management of companies and enterprises,2292716
2020-07,admin_support,Administrative and support services,7831326
2020-07,waste_remediation,Waste management and remediation services,442610
2020-07,education,Educational services,2421085
2020-07,ambulatory_health,Ambulatory health care services,7395974
2020-07,hospitals_nursing,"Hospitals, nursing and residential care facilities",8136581
2020-07,social_assistance,Social assistance,3702608
2020-07,performing_arts_museums,"Performing arts, spectator sports, museums, and related activities",402712
2020-07,amusement_recreation,"Amusements, gambling, and recreation industries",1339593
2020-07,accommodation,Accommodation,1282275
2020-07,food_services,Food services and drinking places,9419453
2020-07,other_services,"Other services, except government",3876932
2020-08,oil_gas_extraction,Oil and gas extraction,122782
2020-08,mining_except_oil_gas,"Mining, except oil and gas",175813
2020-08,support_mining,Support activities for mining,203641
2020-08,utilities,Utilities,544097
2020-08,construction,Construction,7367181
2020-08,wood_products,Wood products,391128
2020-08,nonmetallic_mineral,Nonmetallic mineral products,398484
2020-08,primary_metals,Primary metals,341015
2020-08,fabricated_metal,Fabricated metal products,1345538
2020-08,machinery,Machinery,1025172
2020-08,computer_electronic,Computer and electronic products,1057161
2020-08,electrical_equipment,"Electrical equipment, appliances, and components",375690
2020-08,motor_vehicles,"Motor vehicles, bodies and trailers, and parts",922570
2020-08,other_transport_equipment,Other transportation equipment,689338
2020-08,furniture,Furniture and related products,359644
2020-08,misc_manufacturing,Miscellaneous manufacturing,578484
2020-08,food_beverage_tobacco,Food and beverage and tobacco products,1889669
2020-08,textiles,Textile mills and textile product mills,193799
2020-08,apparel_leather,Apparel and leather and allied products,111056
2020-08,paper,Paper products,346665
2020-08,printing,Printing and related support activities,363072
2020-08,petroleum_coal,Petroleum and coal products,110119
2020-08,chemicals,Chemical products,844432
2020-08,plastics_rubber,Plastics and rubber products,690631
2020-08,wholesale,Wholesale trade,5563800
2020-08,retail,Retail trade,14778923
2020-08,air_transport,Air transportation,449496
2020-08,rail_transport,Rail transportation,419
2020-08,water_transport,Water transportation,56805
2020-08,truck_transport,Truck transportation,1475735
2020-08,transit_ground,Transit and ground passenger transportation,260715
2020-08,pipeline,Pipeline transportation,50921
2020-08,other_transport_support,Other transportation and support activities,683101
2020-08,warehousing,Warehousing and storage,1499785
2020-08,information,Information,2634293
2020-08,credit_intermediation,"Federal Reserve banks, credit intermediation, and related activities",2677636
2020-08,securities,"Securities, commodity contracts, and investments",956030
2020-08,insurance,Insurance carriers and related activities,2401700
2020-08,funds_trusts,"Funds, trusts, and other financial vehicles",18627
2020-08,real_estate,Real estate,1658573
2020-08,rental_leasing,Rental and leasing services and lessors of intangible assets,486206
2020-08,legal,Legal services,1124840
2020-08,computer_systems,Computer systems design and related services,2200762
2020-08,misc_professional,"Miscellaneous professional, scientific, and technical services",6050784
2020-08,management_companies,Management of companies and enterprises,2295922
2020-08,admin_support,Administrative and support services,8039299
2020-08,waste_remediation,Waste management and remediation services,443148
2020-08,education,Educational services,2496254
2020-08,ambulatory_health,Ambulatory health care services,7490391
2020-08,hospitals_nursing,"Hospitals, nursing and residential care facilities",8135837
2020-08,social_assistance,Social assistance,3755674
2020-08,performing_arts_museums,"Performing arts, spectator sports, museums, and related activities",408185
2020-08,amusement_recreation,"Amusements, gambling, and recreation industries",1322528
2020-08,accommodation,Accommodation,1307920
2020-08,food_services,Food services and drinking places,9601956
2020-08,other_services,"Other services, except government",3893377
2020-09,oil_gas_extraction,Oil and gas extraction,121037
2020-09,mining_except_oil_gas,"Mining, except oil and gas",174997
2020-09,support_mining,Support activities for mining,202383
2020-09,utilities,Utilities,542480
2020-09,construction,Construction,7329031
2020-09,wood_products,Wood products,392393
2020-09,nonmetallic_mineral,Nonmetallic mineral products,398040
2020-09,primary_metals,Primary metals,340586
2020-09,fabricated_metal,Fabricated metal products,1344115
2020-09,machinery,Machinery,1023202
2020-09,computer_electronic,Computer and electronic products,1048905
2020-09,electrical_equipment,"Electrical equipment, appliances, and components",376103
2020-09,motor_vehicles,"Motor vehicles, bodies and trailers, and parts",929870
2020-09,other_transport_equipment,Other transportation equipment,689556
2020-09,furniture,Furniture and related products,360032
2020-09,misc_manufacturing,Miscellaneous manufacturing,579044
2020-09,food_beverage_tobacco,Food and beverage and tobacco products,1898547
2020-09,textiles,Textile mills and textile product mills,195735
2020-09,apparel_leather,Apparel and leather and allied products,112151
2020-09,paper,Paper products,347819
2020-09,printing,Printing and related support activities,363596
2020-09,petroleum_coal,Petroleum and coal products,109796
2020-09,chemicals,Chemical products,843202
2020-09,plastics_rubber,Plastics and rubber products,693852
2020-09,wholesale,Wholesale trade,5545066
2020-09,retail,Retail trade,14815310
2020-09,air_transport,Air transportation,443773
2020-09,rail_transport,Rail transportation,420
2020-09,water_transport,Water transportation,55997
2020-09,truck_transport,Truck transportation,1479439
2020-09,transit_ground,Transit and ground passenger transportation,328688
2020-09,pipeline,Pipeline transportation,50351
2020-09,other_transport_support,Other transportation and support activities,685387
2020-09,warehousing,Warehousing and storage,1548036
2020-09,information,Information,2651783
2020-09,credit_intermediation,"Federal Reserve banks, credit intermediation, and related activities",2670152
2020-09,securities,"Securities, commodity contracts, and investments",942067
2020-09,insurance,Insurance carriers and related activities,2396504
2020-09,funds_trusts,"Funds, trusts, and other financial vehicles",18368
2020-09,real_estate,Real estate,1643806
2020-09,rental_leasing,Rental and leasing services and lessors of intangible assets,484760
2020-09,legal,Legal services,1116544
2020-09,computer_systems,Computer systems design and related services,2177062
2020-09,misc_professional,"Miscellaneous professional, scientific, and technical services",6022560
2020-09,management_companies,Management of companies and enterprises,2291826
2020-09,admin_support,Administrative and support services,8086508
2020-09,waste_remediation,Waste management and remediation services,443152
2020-09,education,Educational services,2667391
2020-09,ambulatory_health,Ambulatory health care services,7513555
2020-09,hospitals_nursing,"Hospitals, nursing and residential care facilities",8126351
2020-09,social_assistance,Social assistance,3792096
2020-09,performing_arts_museums,"Performing arts, spectator sports, museums, and related activities",407441
2020-09,amusement_recreation,"Amusements, gambling, and recreation industries",1279241
2020-09,accommodation,Accommodation,1289990
2020-09,food_services,Food services and drinking places,9692868
2020-09,other_services,"Other services, except government",3915027
2020-10,oil_gas_extraction,Oil and gas extraction,120103
2020-10,mining_except_oil_gas,"Mining, except oil and gas",175338
2020-10,support_mining,Support activities for mining,204550
2020-10,utilities,Utilities,543309
2020-10,construction,Construction,7397969
2020-10,wood_products,Wood products,396600
2020-10,nonmetallic_mineral,Nonmetallic mineral products,398215
2020-10,primary_metals,Primary metals,339919
2020-10,fabricated_metal,Fabricated metal products,1346024
2020-10,machinery,Machinery,1023943
2020-10,computer_electronic,Computer and electronic products,1048715
2020-10,electrical_equipment,"Electrical equipment, appliances, and components",378645
2020-10,motor_vehicles,"Motor vehicles, bodies and trailers, and parts",933354
2020-10,other_transport_equipment,Other transportation equipment,684332
2020-10,furniture,Furniture and related products,361813
2020-10,misc_manufacturing,Miscellaneous manufacturing,584075
2020-10,food_beverage_tobacco,Food and beverage and tobacco products,1904886
2020-10,textiles,Textile mills and textile product mills,197140
2020-10,apparel_leather,Apparel and leather and allied products,113736
2020-10,paper,Paper products,347711
2020-10,printing,Printing and related support activities,366581
2020-10,petroleum_coal,Petroleum and coal products,109130
2020-10,chemicals,Chemical products,846394
2020-10,plastics_rubber,Plastics and rubber products,698324
2020-10,wholesale,Wholesale trade,5598886
2020-10,retail,Retail trade,15153863
2020-10,air_transport,Air transportation,435618
2020-10,rail_transport,Rail transportation,406
2020-10,water_transport,Water transportation,56014
2020-10,truck_transport,Truck transportation,1494590
2020-10,transit_ground,Transit and ground passenger transportation,363504
2020-10,pipeline,Pipeline transportation,50127
2020-10,other_transport_support,Other transportation and support activities,699941
2020-10,warehousing,Warehousing and storage,1614374
2020-10,information,Information,2686401
2020-10,credit_intermediation,"Federal Reserve banks, credit intermediation, and related activities",2687991
2020-10,securities,"Securities, commodity contracts, and investments",949400
2020-10,insurance,Insurance carriers and related activities,2412019
2020-10,funds_trusts,"Funds, trusts, and other financial vehicles",19329
2020-10,real_estate,Real estate,1673858
2020-10,rental_leasing,Rental and leasing services and lessors of intangible assets,485780
2020-10,legal,Legal services,1133048
2020-10,computer_systems,Computer systems design and related services,2220653
2020-10,misc_professional,"Miscellaneous professional, scientific, and technical services",6141345
2020-10,management_companies,Management of companies and enterprises,2305849
2020-10,admin_support,Administrative and support services,8400934
2020-10,waste_remediation,Waste management and remediation services,447531
2020-10,education,Educational services,2791708
2020-10,ambulatory_health,Ambulatory health care services,7641121
2020-10,hospitals_nursing,"Hospitals, nursing and residential care facilities",8166288
2020-10,social_assistance,Social assistance,3872961
2020-10,performing_arts_museums,"Performing arts, spectator sports, museums, and related activities",425560
2020-10,amusement_recreation,"Amusements, gambling, and recreation industries",1263659
2020-10,accommodation,Accommodation,1319031
2020-10,food_services,Food services and drinking places,9891057
2020-10,other_services,"Other services, except government",4019871
2020-11,oil_gas_extraction,Oil and gas extraction,118766
2020-11,mining_except_oil_gas,"Mining, except oil and gas",174296
2020-11,support_mining,Support activities for mining,206231
2020-11,utilities,Utilities,543088
2020-11,construction,Construction,7320976
2020-11,wood_products,Wood products,399204
2020-11,nonmetallic_mineral,Nonmetallic mineral products,397963
2020-11,primary_metals,Primary metals,340579
2020-11,fabricated_metal,Fabricated metal products,1347538
2020-11,machinery,Machinery,1026863
2020-11,computer_electronic,Computer and electronic products,1046650
2020-11,electrical_equipment,"Electrical equipment, appliances, and components",380005
2020-11,motor_vehicles,"Motor vehicles, bodies and trailers, and parts",940746
2020-11,other_transport_equipment,Other transportation equipment,681302
2020-11,furniture,Furniture and related products,363510
2020-11,misc_manufacturing,Miscellaneous manufacturing,587140
2020-11,food_beverage_tobacco,Food and beverage and tobacco products,1896674
2020-11,textiles,Textile mills and textile product mills,197831
2020-11,apparel_leather,Apparel and leather and allied products,113364
2020-11,paper,Paper products,348643
2020-11,printing,Printing and related support activities,368522
2020-11,petroleum_coal,Petroleum and coal products,107127
2020-11,chemicals,Chemical products,849743
2020-11,plastics_rubber,Plastics and rubber products,702993
2020-11,wholesale,Wholesale trade,5616259
2020-11,retail,Retail trade,15526466
2020-11,air_transport,Air transportation,427206
2020-11,rail_transport,Rail transportation,426
2020-11,water_transport,Water transportation,55411
2020-11,truck_transport,Truck transportation,1496311
2020-11,transit_ground,Transit and ground passenger transportation,364060
2020-11,pipeline,Pipeline transportation,49816
2020-11,other_transport_support,Other transportation and support activities,705118
2020-11,warehousing,Warehousing and storage,1679573
2020-11,information,Information,2719580
2020-11,credit_intermediation,"Federal Reserve banks, credit intermediation, and related activities",2698247
2020-11,securities,"Securities, commodity contracts, and investments",950710
2020-11,insurance,Insurance carriers and related activities,2413064
2020-11,funds_trusts,"Funds, trusts, and other financial vehicles",19638
2020-11,real_estate,Real estate,1672675
2020-11,rental_leasing,Rental and leasing services and lessors of intangible assets,482086
2020-11,legal,Legal services,1136555
2020-11,computer_systems,Computer systems design and related services,2226906
2020-11,misc_professional,"Miscellaneous professional, scientific, and technical services",6168762
2020-11,management_companies,Management of companies and enterprises,2310564
2020-11,admin_support,Administrative and support services,8484271
2020-11,waste_remediation,Waste management and remediation services,445758
2020-11,education,Educational services,2803993
2020-11,ambulatory_health,Ambulatory health care services,7681220
2020-11,hospitals_nursing,"Hospitals, nursing and residential care facilities",8179181
2020-11,social_assistance,Social assistance,3886330
2020-11,performing_arts_museums,"Performing arts, spectator sports, museums, and related activities",417305
2020-11,amusement_recreation,"Amusements, gambling, and recreation industries",1228754
2020-11,accommodation,Accommodation,1284550
2020-11,food_services,Food services and drinking places,9824026
2020-11,other_services,"Other services, except government",4013178
2020-12,oil_gas_extraction,Oil and gas extraction,118917
2020-12,mining_except_oil_gas,"Mining, except oil and gas",172543
2020-12,support_mining,Support activities for mining,208171
2020-12,utilities,Utilities,543080
2020-12,construction,Construction,7242002
2020-12,wood_products,Wood products,402724
2020-12,nonmetallic_mineral,Nonmetallic mineral products,397366
2020-12,primary_metals,Primary metals,343204
2020-12,fabricated_metal,Fabricated metal products,1355389
2020-12,machinery,Machinery,1034028
2020-12,computer_electronic,Computer and electronic products,1049859
2020-12,electrical_equipment,"Electrical equipment, appliances, and components",383741
2020-12,motor_vehicles,"Motor vehicles, bodies and trailers, and parts",952198
2020-12,other_transport_equipment,Other transportation equipment,683143
2020-12,furniture,Furniture and related products,365639
2020-12,misc_manufacturing,Miscellaneous manufacturing,591348
2020-12,food_beverage_tobacco,Food and beverage and tobacco products,1896029
2020-12,textiles,Textile mills and textile product mills,199748
2020-12,apparel_leather,Apparel and leather and allied products,114332
2020-12,paper,Paper products,351076
2020-12,printing,Printing and related support activities,370347
2020-12,petroleum_coal,Petroleum and coal products,106403
2020-12,chemicals,Chemical products,855590
2020-12,plastics_rubber,Plastics and rubber products,709709
2020-12,wholesale,Wholesale trade,5638843
2020-12,retail,Retail trade,15649781
2020-12,air_transport,Air transportation,429487
2020-12,rail_transport,Rail transportation,417
2020-12,water_transport,Water transportation,55198
2020-12,truck_transport,Truck transportation,1498315
2020-12,transit_ground,Transit and ground passenger transportation,353111
2020-12,pipeline,Pipeline transportation,49497
2020-12,other_transport_support,Other transportation and support activities,710354
2020-12,warehousing,Warehousing and storage,1681150
2020-12,information,Information,2705608
2020-12,credit_intermediation,"Federal Reserve banks, credit intermediation, and related activities",2706406
2020-12,securities,"Securities, commodity contracts, and investments",949864
2020-12,insurance,Insurance carriers and related activities,2413787
2020-12,funds_trusts,"Funds, trusts, and other financial vehicles",19660
2020-12,real_estate,Real estate,1682736
2020-12,rental_leasing,Rental and leasing services and lessors of intangible assets,480204
2020-12,legal,Legal services,1142473
2020-12,computer_systems,Computer systems design and related services,2217581
2020-12,misc_professional,"Miscellaneous professional, scientific, and technical services",6231171
2020-12,management_companies,Management of companies and enterprises,2316737
2020-12,admin_support,Administrative and support services,8466217
2020-12,waste_remediation,Waste management and remediation services,445780
2020-12,education,Educational services,2745317
2020-12,ambulatory_health,Ambulatory health care services,7725207
2020-12,hospitals_nursing,"Hospitals, nursing and residential care facilities",8208386
2020-12,social_assistance,Social assistance,3887417
2020-12,performing_arts_museums,"Performing arts, spectator sports, museums, and related activities",416322
2020-12,amusement_recreation,"Amusements, gambling, and recreation industries",1164445
2020-12,accommodation,Accommodation,1244745
2020-12,food_services,Food services and drinking places,9441672
2020-12,other_services,"Other services, except government",3961284
2021-01,oil_gas_extraction,Oil and gas extraction,116183
2021-01,mining_except_oil_gas,"Mining, except oil and gas",168348
2021-01,support_mining,Support activities for mining,207666
2021-01,utilities,Utilities,539746
2021-01,construction,Construction,6979645
2021-01,wood_products,Wood products,401207
2021-01,nonmetallic_mineral,Nonmetallic mineral products,391164
2021-01,primary_metals,Primary metals,343447
2021-01,fabricated_metal,Fabricated metal products,1353264
2021-01,machinery,Machinery,1030761
2021-01,computer_electronic,Computer and electronic products,1048867
2021-01,electrical_equipment,"Electrical equipment, appliances, and components",383033
2021-01,motor_vehicles,"Motor vehicles, bodies and trailers, and parts",953595
2021-01,other_transport_equipment,Other transportation equipment,680336
2021-01,furniture,Furniture and related products,364521
2021-01,misc_manufacturing,Miscellaneous manufacturing,588388
2021-01,food_beverage_tobacco,Food and beverage and tobacco products,1875095
2021-01,textiles,Textile mills and textile product mills,195973
2021-01,apparel_leather,Apparel and leather and allied products,112801
2021-01,paper,Paper products,349037
2021-01,printing,Printing and related support activities,363450
2021-01,petroleum_coal,Petroleum and coal products,103089
2021-01,chemicals,Chemical products,856243
2021-01,plastics_rubber,Plastics and rubber products,710092
2021-01,wholesale,Wholesale trade,5550789
2021-01,retail,Retail trade,15132466
2021-01,air_transport,Air transportation,445454
2021-01,rail_transport,Rail transportation,404
2021-01,water_transport,Water transportation,54685
2021-01,truck_transport,Truck transportation,1465624
2021-01,transit_ground,Transit and ground passenger transportation,351304
2021-01,pipeline,Pipeline transportation,49887
2021-01,other_transport_support,Other transportation and support activities,697299
2021-01,warehousing,Warehousing and storage,1667673
2021-01,information,Information,2685140
2021-01,credit_intermediation,"Federal Reserve banks, credit intermediation, and related activities",2710690
2021-01,securities,"Securities, commodity contracts, and investments",944630
2021-01,insurance,Insurance carriers and related activities,2405934
2021-01,funds_trusts,"Funds, trusts, and other financial vehicles",19784
2021-01,real_estate,Real estate,1653639
2021-01,rental_leasing,Rental and leasing services and lessors of intangible assets,470647
2021-01,legal,Legal services,1126261
2021-01,computer_systems,Computer systems design and related services,2230973
2021-01,misc_professional,"Miscellaneous professional, scientific, and technical services",6206755
2021-01,management_companies,Management of companies and enterprises,2315410
2021-01,admin_support,Administrative and support services,8116494
2021-01,waste_remediation,Waste management and remediation services,442917
2021-01,education,Educational services,2697749
2021-01,ambulatory_health,Ambulatory health care services,7686016
2021-01,hospitals_nursing,"Hospitals, nursing and residential care facilities",8114042
2021-01,social_assistance,Social assistance,3877617
2021-01,performing_arts_museums,"Performing arts, spectator sports, museums, and related activities",384293
2021-01,amusement_recreation,"Amusements, gambling, and recreation industries",1111618
2021-01,accommodation,Accommodation,1189211
2021-01,food_services,Food services and drinking places,9236675
2021-01,other_services,"Other services, except government",3892875
2021-02,oil_gas_extraction,Oil and gas extraction,114463
2021-02,mining_except_oil_gas,"Mining, except oil and gas",167107
2021-02,support_mining,Support activities for mining,210529
2021-02,utilities,Utilities,541166
2021-02,construction,Construction,6941702
2021-02,wood_products,Wood products,402469
2021-02,nonmetallic_mineral,Nonmetallic mineral products,388201
2021-02,primary_metals,Primary metals,344749
2021-02,fabricated_metal,Fabricated metal products,1359094
2021-02,machinery,Machinery,1034051
2021-02,computer_electronic,Computer and electronic products,1047827
2021-02,electrical_equipment,"Electrical equipment, appliances, and components",384983
2021-02,motor_vehicles,"Motor vehicles, bodies and trailers, and parts",958135
2021-02,other_transport_equipment,Other transportation equipment,683763
2021-02,furniture,Furniture and related products,366400
2021-02,misc_manufacturing,Miscellaneous manufacturing,590942
2021-02,food_beverage_tobacco,Food and beverage and tobacco products,1885980
2021-02,textiles,Textile mills and textile product mills,198090
2021-02,apparel_leather,Apparel and leather and allied products,113710
2021-02,paper,Paper products,349637
2021-02,printing,Printing and related support activities,362156
2021-02,petroleum_coal,Petroleum and coal products,102457
2021-02,chemicals,Chemical products,858924
2021-02,plastics_rubber,Plastics and rubber products,714369
2021-02,wholesale,Wholesale trade,5570754
2021-02,retail,Retail trade,15013474
2021-02,air_transport,Air transportation,443791
2021-02,rail_transport,Rail transportation,405
2021-02,water_transport,Water transportation,54935
2021-02,truck_transport,Truck transportation,1459233
2021-02,transit_ground,Transit and ground passenger transportation,361399
2021-02,pipeline,Pipeline transportation,49848
2021-02,other_transport_support,Other transportation and support activities,699750
2021-02,warehousing,Warehousing and storage,1642125
2021-02,information,Information,2755078
2021-02,credit_intermediation,"Federal Reserve banks, credit intermediation, and related activities",2720578
2021-02,securities,"Securities, commodity contracts, and investments",948783
2021-02,insurance,Insurance carriers and related activities,2409258
2021-02,funds_trusts,"Funds, trusts, and other financial vehicles",20081
2021-02,real_estate,Real estate,1660047
2021-02,rental_leasing,Rental and leasing services and lessors of intangible assets,472688
2021-02,legal,Legal services,1132811
2021-02,computer_systems,Computer systems design and related services,2244194
2021-02,misc_professional,"Miscellaneous professional, scientific, and technical services",6280064
2021-02,management_companies,Management of companies and enterprises,2316050
2021-02,admin_support,Administrative and support services,8204291
2021-02,waste_remediation,Waste management and remediation services,441988
2021-02,education,Educational services,2814534
2021-02,ambulatory_health,Ambulatory health care services,7729322
2021-02,hospitals_nursing,"Hospitals, nursing and residential care facilities",8104466
2021-02,social_assistance,Social assistance,3893277
2021-02,performing_arts_museums,"Performing arts, spectator sports, museums, and related activities",395694
2021-02,amusement_recreation,"Amusements, gambling, and recreation industries",1147037
2021-02,accommodation,Accommodation,1226029
2021-02,food_services,Food services and drinking places,9619598
2021-02,other_services,"Other services, except government",3954000
2021-03,oil_gas_extraction,Oil and gas extraction,112917
2021-03,mining_except_oil_gas,"Mining, except oil and gas",170812
2021-03,support_mining,Support activities for mining,216216
2021-03,utilities,Utilities,541917
2021-03,construction,Construction,7143968
2021-03,wood_products,Wood products,404709
2021-03,nonmetallic_mineral,Nonmetallic mineral products,394757
2021-03,primary_metals,Primary metals,345999
2021-03,fabricated_metal,Fabricated metal products,1367614
2021-03,machinery,Machinery,1039274
2021-03,computer_electronic,Computer and electronic products,1051387
2021-03,electrical_equipment,"Electrical equipment, appliances, and components",387287
2021-03,motor_vehicles,"Motor vehicles, bodies and trailers, and parts",964631
2021-03,other_transport_equipment,Other transportation equipment,681312
2021-03,furniture,Furniture and related products,366447
2021-03,misc_manufacturing,Miscellaneous manufacturing,594318
2021-03,food_beverage_tobacco,Food and beverage and tobacco products,1896649
2021-03,textiles,Textile mills and textile product mills,198714
2021-03,apparel_leather,Apparel and leather and allied products,114329
2021-03,paper,Paper products,350381
2021-03,printing,Printing and related support activities,362809
2021-03,petroleum_coal,Petroleum and coal products,103252
2021-03,chemicals,Chemical products,863729
2021-03,plastics_rubber,Plastics and rubber products,717244
2021-03,wholesale,Wholesale trade,5597813
2021-03,retail,Retail trade,15065463
2021-03,air_transport,Air transportation,445312
2021-03,rail_transport,Rail transportation,401
2021-03,water_transport,Water transportation,55222
2021-03,truck_transport,Truck transportation,1473724
2021-03,transit_ground,Transit and ground passenger transportation,367966
2021-03,pipeline,Pipeline transportation,49489
2021-03,other_transport_support,Other transportation and support activities,707943
2021-03,warehousing,Warehousing and storage,1619096
2021-03,information,Information,2754478
2021-03,credit_intermediation,"Federal Reserve banks, credit intermediation, and related activities",2723914
2021-03,securities,"Securities, commodity contracts, and investments",947869
2021-03,insurance,Insurance carriers and related activities,2416814
2021-03,funds_trusts,"Funds, trusts, and other financial vehicles",20126
2021-03,real_estate,Real estate,1667512
2021-03,rental_leasing,Rental and leasing services and lessors of intangible assets,479174
2021-03,legal,Legal services,1136965
2021-03,computer_systems,Computer systems design and related services,2236598
2021-03,misc_professional,"Miscellaneous professional, scientific, and technical services",6322069
2021-03,management_companies,Management of companies and enterprises,2324534
2021-03,admin_support,Administrative and support services,8268478
2021-03,waste_remediation,Waste management and remediation services,446041
2021-03,education,Educational services,2840807
2021-03,ambulatory_health,Ambulatory health care services,7761102
2021-03,hospitals_nursing,"Hospitals, nursing and residential care facilities",8115515
2021-03,social_assistance,Social assistance,3909915
2021-03,performing_arts_museums,"Performing arts, spectator sports, museums, and related activities",423838
2021-03,amusement_recreation,"Amusements, gambling, and recreation industries",1220833
2021-03,accommodation,Accommodation,1270332
2021-03,food_services,Food services and drinking places,9941827
2021-03,other_services,"Other services, except government",4013223
2021-04,oil_gas_extraction,Oil and gas extraction,112645
2021-04,mining_except_oil_gas,"Mining, except oil and gas",174710
2021-04,support_mining,Support activities for mining,219707
2021-04,utilities,Utilities,540779
2021-04,construction,Construction,7360724
2021-04,wood_products,Wood products,404737
2021-04,nonmetallic_mineral,Nonmetallic mineral products,400540
2021-04,primary_metals,Primary metals,343582
2021-04,fabricated_metal,Fabricated metal products,1367296
2021-04,machinery,Machinery,1041520
2021-04,computer_electronic,Computer and electronic products,1045973
2021-04,electrical_equipment,"Electrical equipment, appliances, and components",385564
2021-04,motor_vehicles,"Motor vehicles, bodies and trailers, and parts",943049
2021-04,other_transport_equipment,Other transportation equipment,678089
2021-04,furniture,Furniture and related products,366533
2021-04,misc_manufacturing,Miscellaneous manufacturing,594967
2021-04,food_beverage_tobacco,Food and beverage and tobacco products,1888787
2021-04,textiles,Textile mills and textile product mills,199299
2021-04,apparel_leather,Apparel and leather and allied products,113350
2021-04,paper,Paper products,349068
2021-04,printing,Printing and related support activities,362693
2021-04,petroleum_coal,Petroleum and coal products,104375
2021-04,chemicals,Chemical products,863147
2021-04,plastics_rubber,Plastics and rubber products,714294
2021-04,wholesale,Wholesale trade,5634458
2021-04,retail,Retail trade,15062074
2021-04,air_transport,Air transportation,449610
2021-04,rail_transport,Rail transportation,410
2021-04,water_transport,Water transportation,56233
2021-04,truck_transport,Truck transportation,1484552
2021-04,transit_ground,Transit and ground passenger transportation,376011
2021-04,pipeline,Pipeline transportation,49422
2021-04,other_transport_support,Other transportation and support activities,716543
2021-04,warehousing,Warehousing and storage,1585519
2021-04,information,Information,2756245
2021-04,credit_intermediation,"Federal Reserve banks, credit intermediation, and related activities",2723541
2021-04,securities,"Securities, commodity contracts, and investments",953745
2021-04,insurance,Insurance carriers and related activities,2413853
2021-04,funds_trusts,"Funds, trusts, and other financial vehicles",20419
2021-04,real_estate,Real estate,1688369
2021-04,rental_leasing,Rental and leasing services and lessors of intangible assets,487329
2021-04,legal,Legal services,1145848
2021-04,computer_systems,Computer systems design and related services,2275221
2021-04,misc_professional,"Miscellaneous professional, scientific, and technical services",6380101
2021-04,management_companies,Management of companies and enterprises,2324114
2021-04,admin_support,Administrative and support services,8424632
2021-04,waste_remediation,Waste management and remediation services,449145
2021-04,education,Educational services,2885094
2021-04,ambulatory_health,Ambulatory health care services,7805956
2021-04,hospitals_nursing,"Hospitals, nursing and residential care facilities",8089321
2021-04,social_assistance,Social assistance,3949515
2021-04,performing_arts_museums,"Performing arts, spectator sports, museums, and related activities",470491
2021-04,amusement_recreation,"Amusements, gambling, and recreation industries",1355407
2021-04,accommodation,Accommodation,1359539
2021-04,food_services,Food services and drinking places,10309275
2021-04,other_services,"Other services, except government",4087048
2021-05,oil_gas_extraction,Oil and gas extraction,112367
2021-05,mining_except_oil_gas,"Mining, except oil and gas",176605
2021-05,support_mining,Support activities for mining,221234
2021-05,utilities,Utilities,541399
2021-05,construction,Construction,7465447
2021-05,wood_products,Wood products,406070
2021-05,nonmetallic_mineral,Nonmetallic mineral products,402523
2021-05,primary_metals,Primary metals,344242
2021-05,fabricated_metal,Fabricated metal products,1369971
2021-05,machinery,Machinery,1044434
2021-05,computer_electronic,Computer and electronic products,1045378
2021-05,electrical_equipment,"Electrical equipment, appliances, and components",385056
2021-05,motor_vehicles,"Motor vehicles, bodies and trailers, and parts",939972
2021-05,other_transport_equipment,Other transportation equipment,676624
2021-05,furniture,Furniture and related products,367610
2021-05,misc_manufacturing,Miscellaneous manufacturing,596984
2021-05,food_beverage_tobacco,Food and beverage and tobacco products,1898238
2021-05,textiles,Textile mills and textile product mills,199757
2021-05,apparel_leather,Apparel and leather and allied products,113895
2021-05,paper,Paper products,348088
2021-05,printing,Printing and related support activities,363867
2021-05,petroleum_coal,Petroleum and coal products,104822
2021-05,chemicals,Chemical products,863350
2021-05,plastics_rubber,Plastics and rubber products,714187
2021-05,wholesale,Wholesale trade,5658639
2021-05,retail,Retail trade,15214416
2021-05,air_transport,Air transportation,450003
2021-05,rail_transport,Rail transportation,408
2021-05,water_transport,Water transportation,57451
2021-05,truck_transport,Truck transportation,1494419
2021-05,transit_ground,Transit and ground passenger transportation,382853
2021-05,pipeline,Pipeline transportation,49373
2021-05,other_transport_support,Other transportation and support activities,723846
2021-05,warehousing,Warehousing and storage,1590031
2021-05,information,Information,2810914
2021-05,credit_intermediation,"Federal Reserve banks, credit intermediation, and related activities",2718497
2021-05,securities,"Securities, commodity contracts, and investments",955266
2021-05,insurance,Insurance carriers and related activities,2413085
2021-05,funds_trusts,"Funds, trusts, and other financial vehicles",20581
2021-05,real_estate,Real estate,1697710
2021-05,rental_leasing,Rental and leasing services and lessors of intangible assets,499301
2021-05,legal,Legal services,1147690
2021-05,computer_systems,Computer systems design and related services,2280675
2021-05,misc_professional,"Miscellaneous professional, scientific, and technical services",6374352
2021-05,management_companies,Management of companies and enterprises,2328041
2021-05,admin_support,Administrative and support services,8540620
2021-05,waste_remediation,Waste management and remediation services,452161
2021-05,education,Educational services,2846650
2021-05,ambulatory_health,Ambulatory health care services,7820797
2021-05,hospitals_nursing,"Hospitals, nursing and residential care facilities",8065295
2021-05,social_assistance,Social assistance,3960334
2021-05,performing_arts_museums,"Performing arts, spectator sports, museums, and related activities",507767
2021-05,amusement_recreation,"Amusements, gambling, and recreation industries",1474692
2021-05,accommodation,Accommodation,1438328
2021-05,food_services,Food services and drinking places,10650000
2021-05,other_services,"Other services, except government",4130296
2021-06,oil_gas_extraction,Oil and gas extraction,112160
2021-06,mining_except_oil_gas,"Mining, except oil and gas",178402
2021-06,support_mining,Support activities for mining,223033
2021-06,utilities,Utilities,544651
2021-06,construction,Construction,7562750
2021-06,wood_products,Wood products,409161
2021-06,nonmetallic_mineral,Nonmetallic mineral products,405524
2021-06,primary_metals,Primary metals,346728
2021-06,fabricated_metal,Fabricated metal products,1379993
2021-06,machinery,Machinery,1055295
2021-06,computer_electronic,Computer and electronic products,1054513
2021-06,electrical_equipment,"Electrical equipment, appliances, and components",388710
2021-06,motor_vehicles,"Motor vehicles, bodies and trailers, and parts",951355
2021-06,other_transport_equipment,Other transportation equipment,681857
2021-06,furniture,Furniture and related products,371513
2021-06,misc_manufacturing,Miscellaneous manufacturing,601933
2021-06,food_beverage_tobacco,Food and beverage and tobacco products,1928005
2021-06,textiles,Textile mills and textile product mills,200920
2021-06,apparel_leather,Apparel and leather and allied products,114466
2021-06,paper,Paper products,350117
2021-06,printing,Printing and related support activities,366138
2021-06,petroleum_coal,Petroleum and coal products,105405
2021-06,chemicals,Chemical products,868472
2021-06,plastics_rubber,Plastics and rubber products,718734
2021-06,wholesale,Wholesale trade,5693481
2021-06,retail,Retail trade,15299282
2021-06,air_transport,Air transportation,453445
2021-06,rail_transport,Rail transportation,403
2021-06,water_transport,Water transportation,59365
2021-06,truck_transport,Truck transportation,1506605
2021-06,transit_ground,Transit and ground passenger transportation,363906
2021-06,pipeline,Pipeline transportation,49233
2021-06,other_transport_support,Other transportation and support activities,734546
2021-06,warehousing,Warehousing and storage,1614894
2021-06,information,Information,2814244
2021-06,credit_intermediation,"Federal Reserve banks, credit intermediation, and related activities",2724001
2021-06,securities,"Securities, commodity contracts, and investments",968555
2021-06,insurance,Insurance carriers and related activities,2417190
2021-06,funds_trusts,"Funds, trusts, and other financial vehicles",20894
2021-06,real_estate,Real estate,1710252
2021-06,rental_leasing,Rental and leasing services and lessors of intangible assets,516009
2021-06,legal,Legal services,1162593
2021-06,computer_systems,Computer systems design and related services,2283517
2021-06,misc_professional,"Miscellaneous professional, scientific, and technical services",6396328
2021-06,management_companies,Management of companies and enterprises,2346909
2021-06,admin_support,Administrative and support services,8526238
2021-06,waste_remediation,Waste management and remediation services,456014
2021-06,education,Educational services,2724913
2021-06,ambulatory_health,Ambulatory health care services,7814417
2021-06,hospitals_nursing,"Hospitals, nursing and residential care facilities",8079311
2021-06,social_assistance,Social assistance,3956174
2021-06,performing_arts_museums,"Performing arts, spectator sports, museums, and related activities",531864
2021-06,amusement_recreation,"Amusements, gambling, and recreation industries",1668428
2021-06,accommodation,Accommodation,1565120
2021-06,food_services,Food services and drinking places,10974993
2021-06,other_services,"Other services, except government",4194926
2021-07,oil_gas_extraction,Oil and gas extraction,112417
2021-07,mining_except_oil_gas,"Mining, except oil and gas",179215
2021-07,support_mining,Support activities for mining,228127
2021-07,utilities,Utilities,546887
2021-07,construction,Construction,7639950
2021-07,wood_products,Wood products,412337
2021-07,nonmetallic_mineral,Nonmetallic mineral products,407168
2021-07,primary_metals,Primary metals,348927
2021-07,fabricated_metal,Fabricated metal products,1387580
2021-07,machinery,Machinery,1061771
2021-07,computer_electronic,Computer and electronic products,1060804
2021-07,electrical_equipment,"Electrical equipment, appliances, and components",391514
2021-07,motor_vehicles,"Motor vehicles, bodies and trailers, and parts",950453
2021-07,other_transport_equipment,Other transportation equipment,684693
2021-07,furniture,Furniture and related products,374038
2021-07,misc_manufacturing,Miscellaneous manufacturing,605636
2021-07,food_beverage_tobacco,Food and beverage and tobacco products,1962697
2021-07,textiles,Textile mills and textile product mills,201067
2021-07,apparel_leather,Apparel and leather and allied products,115235
2021-07,paper,Paper products,350369
2021-07,printing,Printing and related support activities,368241
2021-07,petroleum_coal,Petroleum and coal products,105629
2021-07,chemicals,Chemical products,871812
2021-07,plastics_rubber,Plastics and rubber products,722483
2021-07,wholesale,Wholesale trade,5740672
2021-07,retail,Retail trade,15349955
2021-07,air_transport,Air transportation,460821
2021-07,rail_transport,Rail transportation,407
2021-07,water_transport,Water transportation,61246
2021-07,truck_transport,Truck transportation,1518380
2021-07,transit_ground,Transit and ground passenger transportation,314917
2021-07,pipeline,Pipeline transportation,49399
2021-07,other_transport_support,Other transportation and support activities,747324
2021-07,warehousing,Warehousing and storage,1652184
2021-07,information,Information,2869317
2021-07,credit_intermediation,"Federal Reserve banks, credit intermediation, and related activities",2736645
2021-07,securities,"Securities, commodity contracts, and investments",986249
2021-07,insurance,Insurance carriers and related activities,2433881
2021-07,funds_trusts,"Funds, trusts, and other financial vehicles",21543
2021-07,real_estate,Real estate,1737618
2021-07,rental_leasing,Rental and leasing services and lessors of intangible assets,526968
2021-07,legal,Legal services,1169607
2021-07,computer_systems,Computer systems design and related services,2328205
2021-07,misc_professional,"Miscellaneous professional, scientific, and technical services",6475629
2021-07,management_companies,Management of companies and enterprises,2353652
2021-07,admin_support,Administrative and support services,8626726
2021-07,waste_remediation,Waste management and remediation services,459714
2021-07,education,Educational services,2633324
2021-07,ambulatory_health,Ambulatory health care services,7857861
2021-07,hospitals_nursing,"Hospitals, nursing and residential care facilities",8097461
2021-07,social_assistance,Social assistance,3970957
2021-07,performing_arts_museums,"Performing arts, spectator sports, museums, and related activities",563284
2021-07,amusement_recreation,"Amusements, gambling, and recreation industries",1772603
2021-07,accommodation,Accommodation,1688972
2021-07,food_services,Food services and drinking places,11202082
2021-07,other_services,"Other services, except government",4248968
2021-08,oil_gas_extraction,Oil and gas extraction,112117
2021-08,mining_except_oil_gas,"Mining, except oil and gas",178709
2021-08,support_mining,Support activities for mining,229812
2021-08,utilities,Utilities,545800
2021-08,construction,Construction,7623829
2021-08,wood_products,Wood products,411562
2021-08,nonmetallic_mineral,Nonmetallic mineral products,406179
2021-08,primary_metals,Primary metals,349037
2021-08,fabricated_metal,Fabricated metal products,1385743
2021-08,machinery,Machinery,1063537
2021-08,computer_electronic,Computer and electronic products,1057703
2021-08,electrical_equipment,"Electrical equipment, appliances, and components",390983
2021-08,motor_vehicles,"Motor vehicles, bodies and trailers, and parts",947721
2021-08,other_transport_equipment,Other transportation equipment,682207
2021-08,furniture,Furniture and related products,372789
2021-08,misc_manufacturing,Miscellaneous manufacturing,604313
2021-08,food_beverage_tobacco,Food and beverage and tobacco products,1964983
2021-08,textiles,Textile mills and textile product mills,200978
2021-08,apparel_leather,Apparel and leather and allied products,115677
2021-08,paper,Paper products,348906
2021-08,printing,Printing and related support activities,368812
2021-08,petroleum_coal,Petroleum and coal products,105203
2021-08,chemicals,Chemical products,871176
2021-08,plastics_rubber,Plastics and rubber products,722447
2021-08,wholesale,Wholesale trade,5744903
2021-08,retail,Retail trade,15321805
2021-08,air_transport,Air transportation,465256
2021-08,rail_transport,Rail transportation,402
2021-08,water_transport,Water transportation,61683
2021-08,truck_transport,Truck transportation,1520140
2021-08,transit_ground,Transit and ground passenger transportation,322756
2021-08,pipeline,Pipeline transportation,49183
2021-08,other_transport_support,Other transportation and support activities,752181
2021-08,warehousing,Warehousing and storage,1665373
2021-08,information,Information,2904921
2021-08,credit_intermediation,"Federal Reserve banks, credit intermediation, and related activities",2728966
2021-08,securities,"Securities, commodity contracts, and investments",989023
2021-08,insurance,Insurance carriers and related activities,2436566
2021-08,funds_trusts,"Funds, trusts, and other financial vehicles",21777
2021-08,real_estate,Real estate,1739523
2021-08,rental_leasing,Rental and leasing services and lessors of intangible assets,530247
2021-08,legal,Legal services,1157348
2021-08,computer_systems,Computer systems design and related services,2332929
2021-08,misc_professional,"Miscellaneous professional, scientific, and technical services",6483252
2021-08,management_companies,Management of companies and enterprises,2352988
2021-08,admin_support,Administrative and support services,8673201
2021-08,waste_remediation,Waste management and remediation services,461385
2021-08,education,Educational services,2683624
2021-08,ambulatory_health,Ambulatory health care services,7868851
2021-08,hospitals_nursing,"Hospitals, nursing and residential care facilities",8064738
2021-08,social_assistance,Social assistance,3969478
2021-08,performing_arts_museums,"Performing arts, spectator sports, museums, and related activities",590780
2021-08,amusement_recreation,"Amusements, gambling, and recreation industries",1723051
2021-08,accommodation,Accommodation,1703612
2021-08,food_services,Food services and drinking places,11240960
2021-08,other_services,"Other services, except government",4239234
2021-09,oil_gas_extraction,Oil and gas extraction,111141
2021-09,mining_except_oil_gas,"Mining, except oil and gas",177466
2021-09,support_mining,Support activities for mining,228954
2021-09,utilities,Utilities,542875
2021-09,construction,Construction,7579238
2021-09,wood_products,Wood products,410073
2021-09,nonmetallic_mineral,Nonmetallic mineral products,405124
2021-09,primary_metals,Primary metals,348908
2021-09,fabricated_metal,Fabricated metal products,1382416
2021-09,machinery,Machinery,1060378
2021-09,computer_electronic,Computer and electronic products,1051002
2021-09,electrical_equipment,"Electrical equipment, appliances, and components",390134
2021-09,motor_vehicles,"Motor vehicles, bodies and trailers, and parts",958160
2021-09,other_transport_equipment,Other transportation equipment,681043
2021-09,furniture,Furniture and related products,371516
2021-09,misc_manufacturing,Miscellaneous manufacturing,601093
2021-09,food_beverage_tobacco,Food and beverage and tobacco products,1954901
2021-09,textiles,Textile mills and textile product mills,200060
2021-09,apparel_leather,Apparel and leather and allied products,116285
2021-09,paper,Paper products,349572
2021-09,printing,Printing and related support activities,367993
2021-09,petroleum_coal,Petroleum and coal products,104468
2021-09,chemicals,Chemical products,866200
2021-09,plastics_rubber,Plastics and rubber products,721076
2021-09,wholesale,Wholesale trade,5701527
2021-09,retail,Retail trade,15196048
2021-09,air_transport,Air transportation,465135
2021-09,rail_transport,Rail transportation,402
2021-09,water_transport,Water transportation,60696
2021-09,truck_transport,Truck transportation,1514273
2021-09,transit_ground,Transit and ground passenger transportation,385625
2021-09,pipeline,Pipeline transportation,49003
2021-09,other_transport_support,Other transportation and support activities,750296
2021-09,warehousing,Warehousing and storage,1702693
2021-09,information,Information,2876064
2021-09,credit_intermediation,"Federal Reserve banks, credit intermediation, and related activities",2702637
2021-09,securities,"Securities, commodity contracts, and investments",968900
2021-09,insurance,Insurance carriers and related activities,2431428
2021-09,funds_trusts,"Funds, trusts, and other financial vehicles",21572
2021-09,real_estate,Real estate,1718599
2021-09,rental_leasing,Rental and leasing services and lessors of intangible assets,524478
2021-09,legal,Legal services,1147899
2021-09,computer_systems,Computer systems design and related services,2305429
2021-09,misc_professional,"Miscellaneous professional, scientific, and technical services",6444099
2021-09,management_companies,Management of companies and enterprises,2341956
2021-09,admin_support,Administrative and support services,8701663
2021-09,waste_remediation,Waste management and remediation services,461755
2021-09,education,Educational services,2846671
2021-09,ambulatory_health,Ambulatory health care services,7826175
2021-09,hospitals_nursing,"Hospitals, nursing and residential care facilities",7994679
2021-09,social_assistance,Social assistance,3948094
2021-09,performing_arts_museums,"Performing arts, spectator sports, museums, and related activities",598013
2021-09,amusement_recreation,"Amusements, gambling, and recreation industries",1560808
2021-09,accommodation,Accommodation,1645481
2021-09,food_services,Food services and drinking places,11093850
2021-09,other_services,"Other services, except government",4191473
2021-10,oil_gas_extraction,Oil and gas extraction,111518
2021-10,mining_except_oil_gas,"Mining, except oil and gas",178554
2021-10,support_mining,Support activities for mining,235402
2021-10,utilities,Utilities,544588
2021-10,construction,Construction,7645892
2021-10,wood_products,Wood products,412911
2021-10,nonmetallic_mineral,Nonmetallic mineral products,406275
2021-10,primary_metals,Primary metals,351850
2021-10,fabricated_metal,Fabricated metal products,1390845
2021-10,machinery,Machinery,1067196
2021-10,computer_electronic,Computer and electronic products,1056317
2021-10,electrical_equipment,"Electrical equipment, appliances, and components",392672
2021-10,motor_vehicles,"Motor vehicles, bodies and trailers, and parts",960661
2021-10,other_transport_equipment,Other transportation equipment,682413
2021-10,furniture,Furniture and related products,374902
2021-10,misc_manufacturing,Miscellaneous manufacturing,608483
2021-10,food_beverage_tobacco,Food and beverage and tobacco products,1968208
2021-10,textiles,Textile mills and textile product mills,201958
2021-10,apparel_leather,Apparel and leather and allied products,118736
2021-10,paper,Paper products,351390
2021-10,printing,Printing and related support activities,373560
2021-10,petroleum_coal,Petroleum and coal products,104547
2021-10,chemicals,Chemical products,874156
2021-10,plastics_rubber,Plastics and rubber products,728363
2021-10,wholesale,Wholesale trade,5792615
2021-10,retail,Retail trade,15526648
2021-10,air_transport,Air transportation,474712
2021-10,rail_transport,Rail transportation,398
2021-10,water_transport,Water transportation,61030
2021-10,truck_transport,Truck transportation,1535221
2021-10,transit_ground,Transit and ground passenger transportation,405816
2021-10,pipeline,Pipeline transportation,49122
2021-10,other_transport_support,Other transportation and support activities,768501
2021-10,warehousing,Warehousing and storage,1809969
2021-10,information,Information,2920427
2021-10,credit_intermediation,"Federal Reserve banks, credit intermediation, and related activities",2729055
2021-10,securities,"Securities, commodity contracts, and investments",987439
2021-10,insurance,Insurance carriers and related activities,2464451
2021-10,funds_trusts,"Funds, trusts, and other financial vehicles",23225
2021-10,real_estate,Real estate,1755922
2021-10,rental_leasing,Rental and leasing services and lessors of intangible assets,531078
2021-10,legal,Legal services,1169772
2021-10,computer_systems,Computer systems design and related services,2371575
2021-10,misc_professional,"Miscellaneous professional, scientific, and technical services",6592510
2021-10,management_companies,Management of companies and enterprises,2361017
2021-10,admin_support,Administrative and support services,9043385
2021-10,waste_remediation,Waste management and remediation services,466764
2021-10,education,Educational services,2984470
2021-10,ambulatory_health,Ambulatory health care services,7958496
2021-10,hospitals_nursing,"Hospitals, nursing and residential care facilities",8014027
2021-10,social_assistance,Social assistance,4029599
2021-10,performing_arts_museums,"Performing arts, spectator sports, museums, and related activities",620688
2021-10,amusement_recreation,"Amusements, gambling, and recreation industries",1510336
2021-10,accommodation,Accommodation,1640831
2021-10,food_services,Food services and drinking places,11195447
2021-10,other_services,"Other services, except government",4273683
2021-11,oil_gas_extraction,Oil and gas extraction,111463
2021-11,mining_except_oil_gas,"Mining, except oil and gas",178442
2021-11,support_mining,Support activities for mining,237957
2021-11,utilities,Utilities,545663
2021-11,construction,Construction,7598851
2021-11,wood_products,Wood products,415617
2021-11,nonmetallic_mineral,Nonmetallic mineral products,407319
2021-11,primary_metals,Primary metals,354236
2021-11,fabricated_metal,Fabricated metal products,1396647
2021-11,machinery,Machinery,1068245
2021-11,computer_electronic,Computer and electronic products,1059272
2021-11,electrical_equipment,"Electrical equipment, appliances, and components",394716
2021-11,motor_vehicles,"Motor vehicles, bodies and trailers, and parts",969169
2021-11,other_transport_equipment,Other transportation equipment,684878
2021-11,furniture,Furniture and related products,376726
2021-11,misc_manufacturing,Miscellaneous manufacturing,611908
2021-11,food_beverage_tobacco,Food and beverage and tobacco products,1964018
2021-11,textiles,Textile mills and textile product mills,202655
2021-11,apparel_leather,Apparel and leather and allied products,119436
2021-11,paper,Paper products,353680
2021-11,printing,Printing and related support activities,377864
2021-11,petroleum_coal,Petroleum and coal products,104331
2021-11,chemicals,Chemical products,877421
2021-11,plastics_rubber,Plastics and rubber products,733581
2021-11,wholesale,Wholesale trade,5823902
2021-11,retail,Retail trade,15896011
2021-11,air_transport,Air transportation,476955
2021-11,rail_transport,Rail transportation,417
2021-11,water_transport,Water transportation,59913
2021-11,truck_transport,Truck transportation,1543408
2021-11,transit_ground,Transit and ground passenger transportation,407648
2021-11,pipeline,Pipeline transportation,49134
2021-11,other_transport_support,Other transportation and support activities,773932
2021-11,warehousing,Warehousing and storage,1881026
2021-11,information,Information,2958232
2021-11,credit_intermediation,"Federal Reserve banks, credit intermediation, and related activities",2730118
2021-11,securities,"Securities, commodity contracts, and investments",993349
2021-11,insurance,Insurance carriers and related activities,2475665
2021-11,funds_trusts,"Funds, trusts, and other financial vehicles",24772
2021-11,real_estate,Real estate,1757437
2021-11,rental_leasing,Rental and leasing services and lessors of intangible assets,528816
2021-11,legal,Legal services,1173407
2021-11,computer_systems,Computer systems design and related services,2386189
2021-11,misc_professional,"Miscellaneous professional, scientific, and technical services",6646270
2021-11,management_companies,Management of companies and enterprises,2372963
2021-11,admin_support,Administrative and support services,9093441
2021-11,waste_remediation,Waste management and remediation services,466833
2021-11,education,Educational services,3014966
2021-11,ambulatory_health,Ambulatory health care services,7992240
2021-11,hospitals_nursing,"Hospitals, nursing and residential care facilities",8021123
2021-11,social_assistance,Social assistance,4045646
2021-11,performing_arts_museums,"Performing arts, spectator sports, museums, and related activities",608467
2021-11,amusement_recreation,"Amusements, gambling, and recreation industries",1445275
2021-11,accommodation,Accommodation,1616501
2021-11,food_services,Food services and drinking places,11205025
2021-11,other_services,"Other services, except government",4281143
2021-12,oil_gas_extraction,Oil and gas extraction,111853
2021-12,mining_except_oil_gas,"Mining, except oil and gas",176916
2021-12,support_mining,Support activities for mining,240055
2021-12,utilities,Utilities,545547
2021-12,construction,Construction,7496891
2021-12,wood_products,Wood products,419323
2021-12,nonmetallic_mineral,Nonmetallic mineral products,406614
2021-12,primary_metals,Primary metals,356822
2021-12,fabricated_metal,Fabricated metal products,1403414
2021-12,machinery,Machinery,1082287
2021-12,computer_electronic,Computer and electronic products,1065435
2021-12,electrical_equipment,"Electrical equipment, appliances, and components",397122
2021-12,motor_vehicles,"Motor vehicles, bodies and trailers, and parts",970719
2021-12,other_transport_equipment,Other transportation equipment,688284
2021-12,furniture,Furniture and related products,378392
2021-12,misc_manufacturing,Miscellaneous manufacturing,613961
2021-12,food_beverage_tobacco,Food and beverage and tobacco products,1968543
2021-12,textiles,Textile mills and textile product mills,203374
2021-12,apparel_leather,Apparel and leather and allied products,119455
2021-12,paper,Paper products,356464
2021-12,printing,Printing and related support activities,379587
2021-12,petroleum_coal,Petroleum and coal products,103102
2021-12,chemicals,Chemical products,884671
2021-12,plastics_rubber,Plastics and rubber products,738425
2021-12,wholesale,Wholesale trade,5852036
2021-12,retail,Retail trade,16027980
2021-12,air_transport,Air transportation,481422
2021-12,rail_transport,Rail transportation,405
2021-12,water_transport,Water transportation,60025
2021-12,truck_transport,Truck transportation,1544876
2021-12,transit_ground,Transit and ground passenger transportation,408069
2021-12,pipeline,Pipeline transportation,49226
2021-12,other_transport_support,Other transportation and support activities,781704
2021-12,warehousing,Warehousing and storage,1906104
2021-12,information,Information,2956061
2021-12,credit_intermediation,"Federal Reserve banks, credit intermediation, and related activities",2729356
2021-12,securities,"Securities, commodity contracts, and investments",997314
2021-12,insurance,Insurance carriers and related activities,2478935
2021-12,funds_trusts,"Funds, trusts, and other financial vehicles",24242
2021-12,real_estate,Real estate,1772437
2021-12,rental_leasing,Rental and leasing services and lessors of intangible assets,529229
2021-12,legal,Legal services,1177592
2021-12,computer_systems,Computer systems design and related services,2379796
2021-12,misc_professional,"Miscellaneous professional, scientific, and technical services",6698199
2021-12,management_companies,Management of companies and enterprises,2379123
2021-12,admin_support,Administrative and support services,9002211
2021-12,waste_remediation,Waste management and remediation services,466069
2021-12,education,Educational services,2962392
2021-12,ambulatory_health,Ambulatory health care services,8003490
2021-12,hospitals_nursing,"Hospitals, nursing and residential care facilities",8017721
2021-12,social_assistance,Social assistance,4049577
2021-12,performing_arts_museums,"Performing arts, spectator sports, museums, and related activities",607048
2021-12,amusement_recreation,"Amusements, gambling, and recreation industries",1452629
2021-12,accommodation,Accommodation,1621476
2021-12,food_services,Food services and drinking places,11246026
2021-12,other_services,"Other services, except government",4291430
2022-01,oil_gas_extraction,Oil and gas extraction,111510
2022-01,mining_except_oil_gas,"Mining, except oil and gas",173124
2022-01,support_mining,Support activities for mining,240421
2022-01,utilities,Utilities,545583
2022-01,construction,Construction,7216707
2022-01,wood_products,Wood products,418101
2022-01,nonmetallic_mineral,Nonmetallic mineral products,400337
2022-01,primary_metals,Primary metals,355460
2022-01,fabricated_metal,Fabricated metal products,1398197
2022-01,machinery,Machinery,1078459
2022-01,computer_electronic,Computer and electronic products,1062060
2022-01,electrical_equipment,"Electrical equipment, appliances, and components",395321
2022-01,motor_vehicles,"Motor vehicles, bodies and trailers, and parts",973310
2022-01,other_transport_equipment,Other transportation equipment,690123
2022-01,furniture,Furniture and related products,375929
2022-01,misc_manufacturing,Miscellaneous manufacturing,615168
2022-01,food_beverage_tobacco,Food and beverage and tobacco products,1933592
2022-01,textiles,Textile mills and textile product mills,201248
2022-01,apparel_leather,Apparel and leather and allied products,116856
2022-01,paper,Paper products,356241
2022-01,printing,Printing and related support activities,372828
2022-01,petroleum_coal,Petroleum and coal products,100331
2022-01,chemicals,Chemical products,882419
2022-01,plastics_rubber,Plastics and rubber products,735843
2022-01,wholesale,Wholesale trade,5809391
2022-01,retail,Retail trade,15293665
2022-01,air_transport,Air transportation,478985
2022-01,rail_transport,Rail transportation,446
2022-01,water_transport,Water transportation,58792
2022-01,truck_transport,Truck transportation,1510306
2022-01,transit_ground,Transit and ground passenger transportation,401203
2022-01,pipeline,Pipeline transportation,50083
2022-01,other_transport_support,Other transportation and support activities,773781
2022-01,warehousing,Warehousing and storage,1902469
2022-01,information,Information,2942376
2022-01,credit_intermediation,"Federal Reserve banks, credit intermediation, and related activities",2721246
2022-01,securities,"Securities, commodity contracts, and investments",990209
2022-01,insurance,Insurance carriers and related activities,2467237
2022-01,funds_trusts,"Funds, trusts, and other financial vehicles",24985
2022-01,real_estate,Real estate,1728225
2022-01,rental_leasing,Rental and leasing services and lessors of intangible assets,515149
2022-01,legal,Legal services,1157530
2022-01,computer_systems,Computer systems design and related services,2403957
2022-01,misc_professional,"Miscellaneous professional, scientific, and technical services",6648545
2022-01,management_companies,Management of companies and enterprises,2442766
2022-01,admin_support,Administrative and support services,8702305
2022-01,waste_remediation,Waste management and remediation services,460152
2022-01,education,Educational services,2894877
2022-01,ambulatory_health,Ambulatory health care services,7941580
2022-01,hospitals_nursing,"Hospitals, nursing and residential care facilities",7943398
2022-01,social_assistance,Social assistance,4056587
2022-01,performing_arts_museums,"Performing arts, spectator sports, museums, and related activities",545802
2022-01,amusement_recreation,"Amusements, gambling, and recreation industries",1400159
2022-01,accommodation,Accommodation,1580318
2022-01,food_services,Food services and drinking places,10948806
2022-01,other_services,"Other services, except government",4219405
2022-02,oil_gas_extraction,Oil and gas extraction,111614
2022-02,mining_except_oil_gas,"Mining, except oil and gas",174044
2022-02,support_mining,Support activities for mining,246185
2022-02,utilities,Utilities,548875
2022-02,construction,Construction,7320796
2022-02,wood_products,Wood products,423206
2022-02,nonmetallic_mineral,Nonmetallic mineral products,402870
2022-02,primary_metals,Primary metals,358924
2022-02,fabricated_metal,Fabricated metal products,1411369
2022-02,machinery,Machinery,1088141
2022-02,computer_electronic,Computer and electronic products,1067446
2022-02,electrical_equipment,"Electrical equipment, appliances, and components",398890
2022-02,motor_vehicles,"Motor vehicles, bodies and trailers, and parts",991059
2022-02,other_transport_equipment,Other transportation equipment,698023
2022-02,furniture,Furniture and related products,381166
2022-02,misc_manufacturing,Miscellaneous manufacturing,619356
2022-02,food_beverage_tobacco,Food and beverage and tobacco products,1961280
2022-02,textiles,Textile mills and textile product mills,203651
2022-02,apparel_leather,Apparel and leather and allied products,119023
2022-02,paper,Paper products,359141
2022-02,printing,Printing and related support activities,374232
2022-02,petroleum_coal,Petroleum and coal products,100730
2022-02,chemicals,Chemical products,887791
2022-02,plastics_rubber,Plastics and rubber products,745415
2022-02,wholesale,Wholesale trade,5852412
2022-02,retail,Retail trade,15326857
2022-02,air_transport,Air transportation,484331
2022-02,rail_transport,Rail transportation,448
2022-02,water_transport,Water transportation,59443
2022-02,truck_transport,Truck transportation,1522541
2022-02,transit_ground,Transit and ground passenger transportation,409467
2022-02,pipeline,Pipeline transportation,50067
2022-02,other_transport_support,Other transportation and support activities,782348
2022-02,warehousing,Warehousing and storage,1976853
2022-02,information,Information,2989694
2022-02,credit_intermediation,"Federal Reserve banks, credit intermediation, and related activities",2724017
2022-02,securities,"Securities, commodity contracts, and investments",997075
2022-02,insurance,Insurance carriers and related activities,2474379
2022-02,funds_trusts,"Funds, trusts, and other financial vehicles",25440
2022-02,real_estate,Real estate,1740338
2022-02,rental_leasing,Rental and leasing services and lessors of intangible assets,522443
2022-02,legal,Legal services,1162397
2022-02,computer_systems,Computer systems design and related services,2424391
2022-02,misc_professional,"Miscellaneous professional, scientific, and technical services",6753945
2022-02,management_companies,Management of companies and enterprises,2454941
2022-02,admin_support,Administrative and support services,8845358
2022-02,waste_remediation,Waste management and remediation services,463501
2022-02,education,Educational services,3029969
2022-02,ambulatory_health,Ambulatory health care services,7999343
2022-02,hospitals_nursing,"Hospitals, nursing and residential care facilities",7961466
2022-02,social_assistance,Social assistance,4097259
2022-02,performing_arts_museums,"Performing arts, spectator sports, museums, and related activities",568907
2022-02,amusement_recreation,"Amusements, gambling, and recreation industries",1428865
2022-02,accommodation,Accommodation,1607724
2022-02,food_services,Food services and drinking places,11167478
2022-02,other_services,"Other services, except government",4277584
2022-03,oil_gas_extraction,Oil and gas extraction,111777
2022-03,mining_except_oil_gas,"Mining, except oil and gas",176190
2022-03,support_mining,Support activities for mining,248590
2022-03,utilities,Utilities,549237
2022-03,construction,Construction,7433476
2022-03,wood_products,Wood products,425367
2022-03,nonmetallic_mineral,Nonmetallic mineral products,407272
2022-03,primary_metals,Primary metals,359833
2022-03,fabricated_metal,Fabricated metal products,1416949
2022-03,machinery,Machinery,1092627
2022-03,computer_electronic,Computer and electronic products,1069394
2022-03,electrical_equipment,"Electrical equipment, appliances, and components",400980
2022-03,motor_vehicles,"Motor vehicles, bodies and trailers, and parts",995339
2022-03,other_transport_equipment,Other transportation equipment,697338
2022-03,furniture,Furniture and related products,381617
2022-03,misc_manufacturing,Miscellaneous manufacturing,621935
2022-03,food_beverage_tobacco,Food and beverage and tobacco products,1969752
2022-03,textiles,Textile mills and textile product mills,203828
2022-03,apparel_leather,Apparel and leather and allied products,119509
2022-03,paper,Paper products,360838
2022-03,printing,Printing and related support activities,375297
2022-03,petroleum_coal,Petroleum and coal products,102382
2022-03,chemicals,Chemical products,893115
2022-03,plastics_rubber,Plastics and rubber products,749041
2022-03,wholesale,Wholesale trade,5876333
2022-03,retail,Retail trade,15316443
2022-03,air_transport,Air transportation,486875
2022-03,rail_transport,Rail transportation,437
2022-03,water_transport,Water transportation,60052
2022-03,truck_transport,Truck transportation,1531853
2022-03,transit_ground,Transit and ground passenger transportation,410310
2022-03,pipeline,Pipeline transportation,50199
2022-03,other_transport_support,Other transportation and support activities,789344
2022-03,warehousing,Warehousing and storage,1942246
2022-03,information,Information,3003458
2022-03,credit_intermediation,"Federal Reserve banks, credit intermediation, and related activities",2714993
2022-03,securities,"Securities, commodity contracts, and investments",996104
2022-03,insurance,Insurance carriers and related activities,2480885
2022-03,funds_trusts,"Funds, trusts, and other financial vehicles",25566
2022-03,real_estate,Real estate,1741004
2022-03,rental_leasing,Rental and leasing services and lessors of intangible assets,530233
2022-03,legal,Legal services,1160843
2022-03,computer_systems,Computer systems design and related services,2411619
2022-03,misc_professional,"Miscellaneous professional, scientific, and technical services",6775815
2022-03,management_companies,Management of companies and enterprises,2463421
2022-03,admin_support,Administrative and support services,8876856
2022-03,waste_remediation,Waste management and remediation services,466126
2022-03,education,Educational services,3029390
2022-03,ambulatory_health,Ambulatory health care services,8002333
2022-03,hospitals_nursing,"Hospitals, nursing and residential care facilities",7985343
2022-03,social_assistance,Social assistance,4111159
2022-03,performing_arts_museums,"Performing arts, spectator sports, museums, and related activities",598417
2022-03,amusement_recreation,"Amusements, gambling, and recreation industries",1478240
2022-03,accommodation,Accommodation,1647885
2022-03,food_services,Food services and drinking places,11342889
2022-03,other_services,"Other services, except government",4306431
2022-04,oil_gas_extraction,Oil and gas extraction,111727
2022-04,mining_except_oil_gas,"Mining, except oil and gas",180036
2022-04,support_mining,Support activities for mining,253853
2022-04,utilities,Utilities,548568
2022-04,construction,Construction,7635343
2022-04,wood_products,Wood products,428109
2022-04,nonmetallic_mineral,Nonmetallic mineral products,413303
2022-04,primary_metals,Primary metals,361567
2022-04,fabricated_metal,Fabricated metal products,1419478
2022-04,machinery,Machinery,1097042
2022-04,computer_electronic,Computer and electronic products,1074059
2022-04,electrical_equipment,"Electrical equipment, appliances, and components",402866
2022-04,motor_vehicles,"Motor vehicles, bodies and trailers, and parts",995294
2022-04,other_transport_equipment,Other transportation equipment,699497
2022-04,furniture,Furniture and related products,381009
2022-04,misc_manufacturing,Miscellaneous manufacturing,624763
2022-04,food_beverage_tobacco,Food and beverage and tobacco products,1980288
2022-04,textiles,Textile mills and textile product mills,203419
2022-04,apparel_leather,Apparel and leather and allied products,120440
2022-04,paper,Paper products,361605
2022-04,printing,Printing and related support activities,375797
2022-04,petroleum_coal,Petroleum and coal products,103713
2022-04,chemicals,Chemical products,892433
2022-04,plastics_rubber,Plastics and rubber products,749952
2022-04,wholesale,Wholesale trade,5932241
2022-04,retail,Retail trade,15377855
2022-04,air_transport,Air transportation,499383
2022-04,rail_transport,Rail transportation,464
2022-04,water_transport,Water transportation,62213
2022-04,truck_transport,Truck transportation,1550802
2022-04,transit_ground,Transit and ground passenger transportation,408646
2022-04,pipeline,Pipeline transportation,50239
2022-04,other_transport_support,Other transportation and support activities,801155
2022-04,warehousing,Warehousing and storage,1885755
2022-04,information,Information,3017462
2022-04,credit_intermediation,"Federal Reserve banks, credit intermediation, and related activities",2713744
2022-04,securities,"Securities, commodity contracts, and investments",1006114
2022-04,insurance,Insurance carriers and related activities,2485925
2022-04,funds_trusts,"Funds, trusts, and other financial vehicles",26311
2022-04,real_estate,Real estate,1771942
2022-04,rental_leasing,Rental and leasing services and lessors of intangible assets,546101
2022-04,legal,Legal services,1170035
2022-04,computer_systems,Computer systems design and related services,2455664
2022-04,misc_professional,"Miscellaneous professional, scientific, and technical services",6860715
2022-04,management_companies,Management of companies and enterprises,2473134
2022-04,admin_support,Administrative and support services,9063061
2022-04,waste_remediation,Waste management and remediation services,470784
2022-04,education,Educational services,3067884
2022-04,ambulatory_health,Ambulatory health care services,8050966
2022-04,hospitals_nursing,"Hospitals, nursing and residential care facilities",7986679
2022-04,social_assistance,Social assistance,4134603
2022-04,performing_arts_museums,"Performing arts, spectator sports, museums, and related activities",654347
2022-04,amusement_recreation,"Amusements, gambling, and recreation industries",1576023
2022-04,accommodation,Accommodation,1698853
2022-04,food_services,Food services and drinking places,11562771
2022-04,other_services,"Other services, except government",4376484
2022-05,oil_gas_extraction,Oil and gas extraction,111807
2022-05,mining_except_oil_gas,"Mining, except oil and gas",182186
2022-05,support_mining,Support activities for mining,257249
2022-05,utilities,Utilities,549640
2022-05,construction,Construction,7763246
2022-05,wood_products,Wood products,429763
2022-05,nonmetallic_mineral,Nonmetallic mineral products,416293
2022-05,primary_metals,Primary metals,362533
2022-05,fabricated_metal,Fabricated metal products,1422061
2022-05,machinery,Machinery,1098270
2022-05,computer_electronic,Computer and electronic products,1076526
2022-05,electrical_equipment,"Electrical equipment, appliances, and components",403133
2022-05,motor_vehicles,"Motor vehicles, bodies and trailers, and parts",991341
2022-05,other_transport_equipment,Other transportation equipment,700997
2022-05,furniture,Furniture and related products,380526
2022-05,misc_manufacturing,Miscellaneous manufacturing,625613
2022-05,food_beverage_tobacco,Food and beverage and tobacco products,1994847
2022-05,textiles,Textile mills and textile product mills,202639
2022-05,apparel_leather,Apparel and leather and allied products,120497
2022-05,paper,Paper products,361430
2022-05,printing,Printing and related support activities,376481
2022-05,petroleum_coal,Petroleum and coal products,104745
2022-05,chemicals,Chemical products,892480
2022-05,plastics_rubber,Plastics and rubber products,749752
2022-05,wholesale,Wholesale trade,5963377
2022-05,retail,Retail trade,15391274
2022-05,air_transport,Air transportation,507580
2022-05,rail_transport,Rail transportation,462
2022-05,water_transport,Water transportation,63525
2022-05,truck_transport,Truck transportation,1564474
2022-05,transit_ground,Transit and ground passenger transportation,419371
2022-05,pipeline,Pipeline transportation,50350
2022-05,other_transport_support,Other transportation and support activities,807257
2022-05,warehousing,Warehousing and storage,1860964
2022-05,information,Information,3049538
2022-05,credit_intermediation,"Federal Reserve banks, credit intermediation, and related activities",2707878
2022-05,securities,"Securities, commodity contracts, and investments",1010388
2022-05,insurance,Insurance carriers and related activities,2486174
2022-05,funds_trusts,"Funds, trusts, and other financial vehicles",26364
2022-05,real_estate,Real estate,1782236
2022-05,rental_leasing,Rental and leasing services and lessors of intangible assets,560157
2022-05,legal,Legal services,1170796
2022-05,computer_systems,Computer systems design and related services,2462661
2022-05,misc_professional,"Miscellaneous professional, scientific, and technical services",6804041
2022-05,management_companies,Management of companies and enterprises,2482524
2022-05,admin_support,Administrative and support services,9153386
2022-05,waste_remediation,Waste management and remediation services,473365
2022-05,education,Educational services,3021197
2022-05,ambulatory_health,Ambulatory health care services,8074732
2022-05,hospitals_nursing,"Hospitals, nursing and residential care facilities",8008154
2022-05,social_assistance,Social assistance,4163836
2022-05,performing_arts_museums,"Performing arts, spectator sports, museums, and related activities",680726
2022-05,amusement_recreation,"Amusements, gambling, and recreation industries",1683483
2022-05,accommodation,Accommodation,1756027
2022-05,food_services,Food services and drinking places,11769205
2022-05,other_services,"Other services, except government",4412539
2022-06,oil_gas_extraction,Oil and gas extraction,112174
2022-06,mining_except_oil_gas,"Mining, except oil and gas",183188
2022-06,support_mining,Support activities for mining,259241
2022-06,utilities,Utilities,554042
2022-06,construction,Construction,7884962
2022-06,wood_products,Wood products,431344
2022-06,nonmetallic_mineral,Nonmetallic mineral products,419143
2022-06,primary_metals,Primary metals,365022
2022-06,fabricated_metal,Fabricated metal products,1429622
2022-06,machinery,Machinery,1107039
2022-06,computer_electronic,Computer and electronic products,1090390
2022-06,electrical_equipment,"Electrical equipment, appliances, and components",406568
2022-06,motor_vehicles,"Motor vehicles, bodies and trailers, and parts",1002944
2022-06,other_transport_equipment,Other transportation equipment,709798
2022-06,furniture,Furniture and related products,381500
2022-06,misc_manufacturing,Miscellaneous manufacturing,628425
2022-06,food_beverage_tobacco,Food and beverage and tobacco products,2019476
2022-06,textiles,Textile mills and textile product mills,202653
2022-06,apparel_leather,Apparel and leather and allied products,120546
2022-06,paper,Paper products,362648
2022-06,printing,Printing and related support activities,377522
2022-06,petroleum_coal,Petroleum and coal products,105641
2022-06,chemicals,Chemical products,896135
2022-06,plastics_rubber,Plastics and rubber products,751640
2022-06,wholesale,Wholesale trade,5981767
2022-06,retail,Retail trade,15419466
2022-06,air_transport,Air transportation,506434
2022-06,rail_transport,Rail transportation,465
2022-06,water_transport,Water transportation,65043
2022-06,truck_transport,Truck transportation,1573725
2022-06,transit_ground,Transit and ground passenger transportation,391350
2022-06,pipeline,Pipeline transportation,50124
2022-06,other_transport_support,Other transportation and support activities,816995
2022-06,warehousing,Warehousing and storage,1858461
2022-06,information,Information,3067316
2022-06,credit_intermediation,"Federal Reserve banks, credit intermediation, and related activities",2705994
2022-06,securities,"Securities, commodity contracts, and investments",1028287
2022-06,insurance,Insurance carriers and related activities,2494735
2022-06,funds_trusts,"Funds, trusts, and other financial vehicles",26734
2022-06,real_estate,Real estate,1794712
2022-06,rental_leasing,Rental and leasing services and lessors of intangible assets,574791
2022-06,legal,Legal services,1188622
2022-06,computer_systems,Computer systems design and related services,2457702
2022-06,misc_professional,"Miscellaneous professional, scientific, and technical services",6867691
2022-06,management_companies,Management of companies and enterprises,2510552
2022-06,admin_support,Administrative and support services,9107275
2022-06,waste_remediation,Waste management and remediation services,478081
2022-06,education,Educational services,2875350
2022-06,ambulatory_health,Ambulatory health care services,8054310
2022-06,hospitals_nursing,"Hospitals, nursing and residential care facilities",8041261
2022-06,social_assistance,Social assistance,4162435
2022-06,performing_arts_museums,"Performing arts, spectator sports, museums, and related activities",688981
2022-06,amusement_recreation,"Amusements, gambling, and recreation industries",1879583
2022-06,accommodation,Accommodation,1838326
2022-06,food_services,Food services and drinking places,11916187
2022-06,other_services,"Other services, except government",4461049
2022-07,oil_gas_extraction,Oil and gas extraction,113315
2022-07,mining_except_oil_gas,"Mining, except oil and gas",185196
2022-07,support_mining,Support activities for mining,266182
2022-07,utilities,Utilities,556665
2022-07,construction,Construction,7945263
2022-07,wood_products,Wood products,432536
2022-07,nonmetallic_mineral,Nonmetallic mineral products,421106
2022-07,primary_metals,Primary metals,367489
2022-07,fabricated_metal,Fabricated metal products,1435125
2022-07,machinery,Machinery,1114386
2022-07,computer_electronic,Computer and electronic products,1102677
2022-07,electrical_equipment,"Electrical equipment, appliances, and components",408610
2022-07,motor_vehicles,"Motor vehicles, bodies and trailers, and parts",999453
2022-07,other_transport_equipment,Other transportation equipment,714924
2022-07,furniture,Furniture and related products,379790
2022-07,misc_manufacturing,Miscellaneous manufacturing,632361
2022-07,food_beverage_tobacco,Food and beverage and tobacco products,2058340
2022-07,textiles,Textile mills and textile product mills,202218
2022-07,apparel_leather,Apparel and leather and allied products,119967
2022-07,paper,Paper products,364299
2022-07,printing,Printing and related support activities,378646
2022-07,petroleum_coal,Petroleum and coal products,106470
2022-07,chemicals,Chemical products,902676
2022-07,plastics_rubber,Plastics and rubber products,753054
2022-07,wholesale,Wholesale trade,6036522
2022-07,retail,Retail trade,15495302
2022-07,air_transport,Air transportation,518284
2022-07,rail_transport,Rail transportation,451
2022-07,water_transport,Water transportation,66397
2022-07,truck_transport,Truck transportation,1587683
2022-07,transit_ground,Transit and ground passenger transportation,345754
2022-07,pipeline,Pipeline transportation,50802
2022-07,other_transport_support,Other transportation and support activities,828456
2022-07,warehousing,Warehousing and storage,1867494
2022-07,information,Information,3094576
2022-07,credit_intermediation,"Federal Reserve banks, credit intermediation, and related activities",2714049
2022-07,securities,"Securities, commodity contracts, and investments",1049434
2022-07,insurance,Insurance carriers and related activities,2514396
2022-07,funds_trusts,"Funds, trusts, and other financial vehicles",27055
2022-07,real_estate,Real estate,1816926
2022-07,rental_leasing,Rental and leasing services and lessors of intangible assets,584990
2022-07,legal,Legal services,1192642
2022-07,computer_systems,Computer systems design and related services,2512073
2022-07,misc_professional,"Miscellaneous professional, scientific, and technical services",6969912
2022-07,management_companies,Management of companies and enterprises,2529054
2022-07,admin_support,Administrative and support services,9137196
2022-07,waste_remediation,Waste management and remediation services,481201
2022-07,education,Educational services,2778161
2022-07,ambulatory_health,Ambulatory health care services,8121066
2022-07,hospitals_nursing,"Hospitals, nursing and residential care facilities",8111674
2022-07,social_assistance,Social assistance,4185816
2022-07,performing_arts_museums,"Performing arts, spectator sports, museums, and related activities",692510
2022-07,amusement_recreation,"Amusements, gambling, and recreation industries",1956292
2022-07,accommodation,Accommodation,1912462
2022-07,food_services,Food services and drinking places,11948337
2022-07,other_services,"Other services, except government",4485352
2022-08,oil_gas_extraction,Oil and gas extraction,113784
2022-08,mining_except_oil_gas,"Mining, except oil and gas",185348
2022-08,support_mining,Support activities for mining,269509
2022-08,utilities,Utilities,557323
2022-08,construction,Construction,7947479
2022-08,wood_products,Wood products,430969
2022-08,nonmetallic_mineral,Nonmetallic mineral products,420570
2022-08,primary_metals,Primary metals,368077
2022-08,fabricated_metal,Fabricated metal products,1433539
2022-08,machinery,Machinery,1113744
2022-08,computer_electronic,Computer and electronic products,1102162
2022-08,electrical_equipment,"Electrical equipment, appliances, and components",408350
2022-08,motor_vehicles,"Motor vehicles, bodies and trailers, and parts",1002753
2022-08,other_transport_equipment,Other transportation equipment,716170
2022-08,furniture,Furniture and related products,377085
2022-08,misc_manufacturing,Miscellaneous manufacturing,630657
2022-08,food_beverage_tobacco,Food and beverage and tobacco products,2062997
2022-08,textiles,Textile mills and textile product mills,201008
2022-08,apparel_leather,Apparel and leather and allied products,119499
2022-08,paper,Paper products,363917
2022-08,printing,Printing and related support activities,378943
2022-08,petroleum_coal,Petroleum and coal products,106566
2022-08,chemicals,Chemical products,901458
2022-08,plastics_rubber,Plastics and rubber products,751009
2022-08,wholesale,Wholesale trade,6039107
2022-08,retail,Retail trade,15479425
2022-08,air_transport,Air transportation,523335
2022-08,rail_transport,Rail transportation,463
2022-08,water_transport,Water transportation,66863
2022-08,truck_transport,Truck transportation,1589951
2022-08,transit_ground,Transit and ground passenger transportation,353584
2022-08,pipeline,Pipeline transportation,50824
2022-08,other_transport_support,Other transportation and support activities,833223
2022-08,warehousing,Warehousing and storage,1865620
2022-08,information,Information,3110909
2022-08,credit_intermediation,"Federal Reserve banks, credit intermediation, and related activities",2706400
2022-08,securities,"Securities, commodity contracts, and investments",1053451
2022-08,insurance,Insurance carriers and related activities,2516448
2022-08,funds_trusts,"Funds, trusts, and other financial vehicles",27513
2022-08,real_estate,Real estate,1814820
2022-08,rental_leasing,Rental and leasing services and lessors of intangible assets,584585
2022-08,legal,Legal services,1178936
2022-08,computer_systems,Computer systems design and related services,2516538
2022-08,misc_professional,"Miscellaneous professional, scientific, and technical services",6986675
2022-08,management_companies,Management of companies and enterprises,2533392
2022-08,admin_support,Administrative and support services,9161392
2022-08,waste_remediation,Waste management and remediation services,481419
2022-08,education,Educational services,2841808
2022-08,ambulatory_health,Ambulatory health care services,8140830
2022-08,hospitals_nursing,"Hospitals, nursing and residential care facilities",8127874
2022-08,social_assistance,Social assistance,4205358
2022-08,performing_arts_museums,"Performing arts, spectator sports, museums, and related activities",701741
2022-08,amusement_recreation,"Amusements, gambling, and recreation industries",1899497
2022-08,accommodation,Accommodation,1899535
2022-08,food_services,Food services and drinking places,11991999
2022-08,other_services,"Other services, except government",4474195
2022-09,oil_gas_extraction,Oil and gas extraction,113087
2022-09,mining_except_oil_gas,"Mining, except oil and gas",185058
2022-09,support_mining,Support activities for mining,272585
2022-09,utilities,Utilities,556964
2022-09,construction,Construction,7930116
2022-09,wood_products,Wood products,429044
2022-09,nonmetallic_mineral,Nonmetallic mineral products,420006
2022-09,primary_metals,Primary metals,368342
2022-09,fabricated_metal,Fabricated metal products,1431206
2022-09,machinery,Machinery,1109927
2022-09,computer_electronic,Computer and electronic products,1094949
2022-09,electrical_equipment,"Electrical equipment, appliances, and components",407630
2022-09,motor_vehicles,"Motor vehicles, bodies and trailers, and parts",1002771
2022-09,other_transport_equipment,Other transportation equipment,717513
2022-09,furniture,Furniture and related products,373775
2022-09,misc_manufacturing,Miscellaneous manufacturing,626922
2022-09,food_beverage_tobacco,Food and beverage and tobacco products,2055611
2022-09,textiles,Textile mills and textile product mills,199635
2022-09,apparel_leather,Apparel and leather and allied products,118878
2022-09,paper,Paper products,363040
2022-09,printing,Printing and related support activities,378385
2022-09,petroleum_coal,Petroleum and coal products,106132
2022-09,chemicals,Chemical products,896940
2022-09,plastics_rubber,Plastics and rubber products,746525
2022-09,wholesale,Wholesale trade,6023605
2022-09,retail,Retail trade,15369007
2022-09,air_transport,Air transportation,520611
2022-09,rail_transport,Rail transportation,466
2022-09,water_transport,Water transportation,65990
2022-09,truck_transport,Truck transportation,1591223
2022-09,transit_ground,Transit and ground passenger transportation,425425
2022-09,pipeline,Pipeline transportation,50802
2022-09,other_transport_support,Other transportation and support activities,834405
2022-09,warehousing,Warehousing and storage,1867782
2022-09,information,Information,3075162
2022-09,credit_intermediation,"Federal Reserve banks, credit intermediation, and related activities",2685559
2022-09,securities,"Securities, commodity contracts, and investments",1032658
2022-09,insurance,Insurance carriers and related activities,2512222
2022-09,funds_trusts,"Funds, trusts, and other financial vehicles",26998
2022-09,real_estate,Real estate,1796237
2022-09,rental_leasing,Rental and leasing services and lessors of intangible assets,582215
2022-09,legal,Legal services,1173989
2022-09,computer_systems,Computer systems design and related services,2478955
2022-09,misc_professional,"Miscellaneous professional, scientific, and technical services",6940789
2022-09,management_companies,Management of companies and enterprises,2523949
2022-09,admin_support,Administrative and support services,9213207
2022-09,waste_remediation,Waste management and remediation services,481318
2022-09,education,Educational services,3032684
2022-09,ambulatory_health,Ambulatory health care services,8150548
2022-09,hospitals_nursing,"Hospitals, nursing and residential care facilities",8138637
2022-09,social_assistance,Social assistance,4204058
2022-09,performing_arts_museums,"Performing arts, spectator sports, museums, and related activities",697653
2022-09,amusement_recreation,"Amusements, gambling, and recreation industries",1703235
2022-09,accommodation,Accommodation,1837362
2022-09,food_services,Food services and drinking places,11837819
2022-09,other_services,"Other services, except government",4437724
2022-10,oil_gas_extraction,Oil and gas extraction,113413
2022-10,mining_except_oil_gas,"Mining, except oil and gas",184874
2022-10,support_mining,Support activities for mining,275787
2022-10,utilities,Utilities,558248
2022-10,construction,Construction,7923932
2022-10,wood_products,Wood products,425507
2022-10,nonmetallic_mineral,Nonmetallic mineral products,420275
2022-10,primary_metals,Primary metals,369279
2022-10,fabricated_metal,Fabricated metal products,1432795
2022-10,machinery,Machinery,1112278
2022-10,computer_electronic,Computer and electronic products,1095333
2022-10,electrical_equipment,"Electrical equipment, appliances, and components",407773
2022-10,motor_vehicles,"Motor vehicles, bodies and trailers, and parts",1004884
2022-10,other_transport_equipment,Other transportation equipment,721093
2022-10,furniture,Furniture and related products,371206
2022-10,misc_manufacturing,Miscellaneous manufacturing,628756
2022-10,food_beverage_tobacco,Food and beverage and tobacco products,2053322
2022-10,textiles,Textile mills and textile product mills,197836
2022-10,apparel_leather,Apparel and leather and allied products,118672
2022-10,paper,Paper products,362949
2022-10,printing,Printing and related support activities,379729
2022-10,petroleum_coal,Petroleum and coal products,106300
2022-10,chemicals,Chemical products,895674
2022-10,plastics_rubber,Plastics and rubber products,743185
2022-10,wholesale,Wholesale trade,6052149
2022-10,retail,Retail trade,15510972
2022-10,air_transport,Air transportation,528128
2022-10,rail_transport,Rail transportation,495
2022-10,water_transport,Water transportation,66097
2022-10,truck_transport,Truck transportation,1591897
2022-10,transit_ground,Transit and ground passenger transportation,431425
2022-10,pipeline,Pipeline transportation,51079
2022-10,other_transport_support,Other transportation and support activities,832078
2022-10,warehousing,Warehousing and storage,1901828
2022-10,information,Information,3079272
2022-10,credit_intermediation,"Federal Reserve banks, credit intermediation, and related activities",2682993
2022-10,securities,"Securities, commodity contracts, and investments",1047183
2022-10,insurance,Insurance carriers and related activities,2531620
2022-10,funds_trusts,"Funds, trusts, and other financial vehicles",27838
2022-10,real_estate,Real estate,1811045
2022-10,rental_leasing,Rental and leasing services and lessors of intangible assets,578971
2022-10,legal,Legal services,1183564
2022-10,computer_systems,Computer systems design and related services,2515006
2022-10,misc_professional,"Miscellaneous professional, scientific, and technical services",7009848
2022-10,management_companies,Management of companies and enterprises,2530676
2022-10,admin_support,Administrative and support services,9243545
2022-10,waste_remediation,Waste management and remediation services,482692
2022-10,education,Educational services,3125163
2022-10,ambulatory_health,Ambulatory health care services,8227506
2022-10,hospitals_nursing,"Hospitals, nursing and residential care facilities",8151392
2022-10,social_assistance,Social assistance,4241287
2022-10,performing_arts_museums,"Performing arts, spectator sports, museums, and related activities",696187
2022-10,amusement_recreation,"Amusements, gambling, and recreation industries",1649223
2022-10,accommodation,Accommodation,1807608
2022-10,food_services,Food services and drinking places,11773679
2022-10,other_services,"Other services, except government",4472693
2022-11,oil_gas_extraction,Oil and gas extraction,113979
2022-11,mining_except_oil_gas,"Mining, except oil and gas",183786
2022-11,support_mining,Support activities for mining,276301
2022-11,utilities,Utilities,560175
2022-11,construction,Construction,7844620
2022-11,wood_products,Wood products,425372
2022-11,nonmetallic_mineral,Nonmetallic mineral products,420104
2022-11,primary_metals,Primary metals,370413
2022-11,fabricated_metal,Fabricated metal products,1434402
2022-11,machinery,Machinery,1115828
2022-11,computer_electronic,Computer and electronic products,1097145
2022-11,electrical_equipment,"Electrical equipment, appliances, and components",408123
2022-11,motor_vehicles,"Motor vehicles, bodies and trailers, and parts",1010129
2022-11,other_transport_equipment,Other transportation equipment,725351
2022-11,furniture,Furniture and related products,370366
2022-11,misc_manufacturing,Miscellaneous manufacturing,629611
2022-11,food_beverage_tobacco,Food and beverage and tobacco products,2044815
2022-11,textiles,Textile mills and textile product mills,198052
2022-11,apparel_leather,Apparel and leather and allied products,118232
2022-11,paper,Paper products,362898
2022-11,printing,Printing and related support activities,380551
2022-11,petroleum_coal,Petroleum and coal products,105975
2022-11,chemicals,Chemical products,895923
2022-11,plastics_rubber,Plastics and rubber products,742254
2022-11,wholesale,Wholesale trade,6068857
2022-11,retail,Retail trade,15813611
2022-11,air_transport,Air transportation,529258
2022-11,rail_transport,Rail transportation,513
2022-11,water_transport,Water transportation,65127
2022-11,truck_transport,Truck transportation,1587679
2022-11,transit_ground,Transit and ground passenger transportation,433146
2022-11,pipeline,Pipeline transportation,51265
2022-11,other_transport_support,Other transportation and support activities,832632
2022-11,warehousing,Warehousing and storage,1973825
2022-11,information,Information,3093578
2022-11,credit_intermediation,"Federal Reserve banks, credit intermediation, and related activities",2678577
2022-11,securities,"Securities, commodity contracts, and investments",1053128
2022-11,insurance,Insurance carriers and related activities,2533783
2022-11,funds_trusts,"Funds, trusts, and other financial vehicles",28088
2022-11,real_estate,Real estate,1806454
2022-11,rental_leasing,Rental and leasing services and lessors of intangible assets,573566
2022-11,legal,Legal services,1184181
2022-11,computer_systems,Computer systems design and related services,2520225
2022-11,misc_professional,"Miscellaneous professional, scientific, and technical services",7037776
2022-11,management_companies,Management of companies and enterprises,2544392
2022-11,admin_support,Administrative and support services,9200942
2022-11,waste_remediation,Waste management and remediation services,483112
2022-11,education,Educational services,3157895
2022-11,ambulatory_health,Ambulatory health care services,8260308
2022-11,hospitals_nursing,"Hospitals, nursing and residential care facilities",8176919
2022-11,social_assistance,Social assistance,4269240
2022-11,performing_arts_museums,"Performing arts, spectator sports, museums, and related activities",677833
2022-11,amusement_recreation,"Amusements, gambling, and recreation industries",1587446
2022-11,accommodation,Accommodation,1780708
2022-11,food_services,Food services and drinking places,11770926
2022-11,other_services,"Other services, except government",4470849
2022-12,oil_gas_extraction,Oil and gas extraction,114400
2022-12,mining_except_oil_gas,"Mining, except oil and gas",182533
2022-12,support_mining,Support activities for mining,277421
2022-12,utilities,Utilities,560767
2022-12,construction,Construction,7732834
2022-12,wood_products,Wood products,424366
2022-12,nonmetallic_mineral,Nonmetallic mineral products,417408
2022-12,primary_metals,Primary metals,372268
2022-12,fabricated_metal,Fabricated metal products,1439485
2022-12,machinery,Machinery,1123634
2022-12,computer_electronic,Computer and electronic products,1101047
2022-12,electrical_equipment,"Electrical equipment, appliances, and components",409882
2022-12,motor_vehicles,"Motor vehicles, bodies and trailers, and parts",1017509
2022-12,other_transport_equipment,Other transportation equipment,728702
2022-12,furniture,Furniture and related products,367103
2022-12,misc_manufacturing,Miscellaneous manufacturing,630461
2022-12,food_beverage_tobacco,Food and beverage and tobacco products,2041620
2022-12,textiles,Textile mills and textile product mills,197313
2022-12,apparel_leather,Apparel and leather and allied products,117636
2022-12,paper,Paper products,363851
2022-12,printing,Printing and related support activities,381549
2022-12,petroleum_coal,Petroleum and coal products,104613
2022-12,chemicals,Chemical products,897872
2022-12,plastics_rubber,Plastics and rubber products,741445
2022-12,wholesale,Wholesale trade,6085721
2022-12,retail,Retail trade,15954649
2022-12,air_transport,Air transportation,529428
2022-12,rail_transport,Rail transportation,534
2022-12,water_transport,Water transportation,65029
2022-12,truck_transport,Truck transportation,1579364
2022-12,transit_ground,Transit and ground passenger transportation,433351
2022-12,pipeline,Pipeline transportation,51046
2022-12,other_transport_support,Other transportation and support activities,837084
2022-12,warehousing,Warehousing and storage,1962886
2022-12,information,Information,3071179
2022-12,credit_intermediation,"Federal Reserve banks, credit intermediation, and related activities",2671425
2022-12,securities,"Securities, commodity contracts, and investments",1049087
2022-12,insurance,Insurance carriers and related activities,2532916
2022-12,funds_trusts,"Funds, trusts, and other financial vehicles",28531
2022-12,real_estate,Real estate,1815056
2022-12,rental_leasing,Rental and leasing services and lessors of intangible assets,572441
2022-12,legal,Legal services,1186991
2022-12,computer_systems,Computer systems design and related services,2491942
2022-12,misc_professional,"Miscellaneous professional, scientific, and technical services",7068755
2022-12,management_companies,Management of companies and enterprises,2552787
2022-12,admin_support,Administrative and support services,9022013
2022-12,waste_remediation,Waste management and remediation services,482734
2022-12,education,Educational services,3102176
2022-12,ambulatory_health,Ambulatory health care services,8276963
2022-12,hospitals_nursing,"Hospitals, nursing and residential care facilities",8208853
2022-12,social_assistance,Social assistance,4274194
2022-12,performing_arts_museums,"Performing arts, spectator sports, museums, and related activities",666074
2022-12,amusement_recreation,"Amusements, gambling, and recreation industries",1588918
2022-12,accommodation,Accommodation,1779375
2022-12,food_services,Food services and drinking places,11749276
2022-12,other_services,"Other services, except government",4464640
2023-01,oil_gas_extraction,Oil and gas extraction,114351
2023-01,mining_except_oil_gas,"Mining, except oil and gas",179923
2023-01,support_mining,Support activities for mining,278162
2023-01,utilities,Utilities,562366
2023-01,construction,Construction,7509085
2023-01,wood_products,Wood products,420646
2023-01,nonmetallic_mineral,Nonmetallic mineral products,411687
2023-01,primary_metals,Primary metals,372035
2023-01,fabricated_metal,Fabricated metal products,1436970
2023-01,machinery,Machinery,1124399
2023-01,computer_electronic,Computer and electronic products,1099945
2023-01,electrical_equipment,"Electrical equipment, appliances, and components",411672
2023-01,motor_vehicles,"Motor vehicles, bodies and trailers, and parts",1005652
2023-01,other_transport_equipment,Other transportation equipment,731023
2023-01,furniture,Furniture and related products,364437
2023-01,misc_manufacturing,Miscellaneous manufacturing,626722
2023-01,food_beverage_tobacco,Food and beverage and tobacco products,2026616
2023-01,textiles,Textile mills and textile product mills,194772
2023-01,apparel_leather,Apparel and leather and allied products,116066
2023-01,paper,Paper products,362083
2023-01,printing,Printing and related support activities,375332
2023-01,petroleum_coal,Petroleum and coal products,103162
2023-01,chemicals,Chemical products,893963
2023-01,plastics_rubber,Plastics and rubber products,742189
2023-01,wholesale,Wholesale trade,6030262
2023-01,retail,Retail trade,15464515
2023-01,air_transport,Air transportation,534270
2023-01,rail_transport,Rail transportation,572
2023-01,water_transport,Water transportation,64490
2023-01,truck_transport,Truck transportation,1551014
2023-01,transit_ground,Transit and ground passenger transportation,438751
2023-01,pipeline,Pipeline transportation,51729
2023-01,other_transport_support,Other transportation and support activities,829878
2023-01,warehousing,Warehousing and storage,1889484
2023-01,information,Information,3061762
2023-01,credit_intermediation,"Federal Reserve banks, credit intermediation, and related activities",2661011
2023-01,securities,"Securities, commodity contracts, and investments",1051152
2023-01,insurance,Insurance carriers and related activities,2527302
2023-01,funds_trusts,"Funds, trusts, and other financial vehicles",28749
2023-01,real_estate,Real estate,1769883
2023-01,rental_leasing,Rental and leasing services and lessors of intangible assets,564311
2023-01,legal,Legal services,1166392
2023-01,computer_systems,Computer systems design and related services,2486873
2023-01,misc_professional,"Miscellaneous professional, scientific, and technical services",7011378
2023-01,management_companies,Management of companies and enterprises,2528533
2023-01,admin_support,Administrative and support services,8690418
2023-01,waste_remediation,Waste management and remediation services,484870
2023-01,education,Educational services,3038823
2023-01,ambulatory_health,Ambulatory health care services,8279252
2023-01,hospitals_nursing,"Hospitals, nursing and residential care facilities",8214291
2023-01,social_assistance,Social assistance,4280680
2023-01,performing_arts_museums,"Performing arts, spectator sports, museums, and related activities",612497
2023-01,amusement_recreation,"Amusements, gambling, and recreation industries",1557853
2023-01,accommodation,Accommodation,1753971
2023-01,food_services,Food services and drinking places,11614765
2023-01,other_services,"Other services, except government",4431904
2023-02,oil_gas_extraction,Oil and gas extraction,114749
2023-02,mining_except_oil_gas,"Mining, except oil and gas",180960
2023-02,support_mining,Support activities for mining,282177
2023-02,utilities,Utilities,566870
2023-02,construction,Construction,7589210
2023-02,wood_products,Wood products,419449
2023-02,nonmetallic_mineral,Nonmetallic mineral products,411627
2023-02,primary_metals,Primary metals,372870
2023-02,fabricated_metal,Fabricated metal products,1440065
2023-02,machinery,Machinery,1126712
2023-02,computer_electronic,Computer and electronic products,1100998
2023-02,electrical_equipment,"Electrical equipment, appliances, and components",412377
2023-02,motor_vehicles,"Motor vehicles, bodies and trailers, and parts",1018957
2023-02,other_transport_equipment,Other transportation equipment,737077
2023-02,furniture,Furniture and related products,363327
2023-02,misc_manufacturing,Miscellaneous manufacturing,625637
2023-02,food_beverage_tobacco,Food and beverage and tobacco products,2036811
2023-02,textiles,Textile mills and textile product mills,194092
2023-02,apparel_leather,Apparel and leather and allied products,116291
2023-02,paper,Paper products,361898
2023-02,printing,Printing and related support activities,374038
2023-02,petroleum_coal,Petroleum and coal products,103737
2023-02,chemicals,Chemical products,895035
2023-02,plastics_rubber,Plastics and rubber products,741851
2023-02,wholesale,Wholesale trade,6043511
2023-02,retail,Retail trade,15340156
2023-02,air_transport,Air transportation,538719
2023-02,rail_transport,Rail transportation,584
2023-02,water_transport,Water transportation,64608
2023-02,truck_transport,Truck transportation,1546057
2023-02,transit_ground,Transit and ground passenger transportation,442237
2023-02,pipeline,Pipeline transportation,51950
2023-02,other_transport_support,Other transportation and support activities,831515
2023-02,warehousing,Warehousing and storage,1852316
2023-02,information,Information,3073128
2023-02,credit_intermediation,"Federal Reserve banks, credit intermediation, and related activities",2656264
2023-02,securities,"Securities, commodity contracts, and investments",1053704
2023-02,insurance,Insurance carriers and related activities,2531423
2023-02,funds_trusts,"Funds, trusts, and other financial vehicles",29286
2023-02,real_estate,Real estate,1772646
2023-02,rental_leasing,Rental and leasing services and lessors of intangible assets,569000
2023-02,legal,Legal services,1167472
2023-02,computer_systems,Computer systems design and related services,2486595
2023-02,misc_professional,"Miscellaneous professional, scientific, and technical services",7076797
2023-02,management_companies,Management of companies and enterprises,2533507
2023-02,admin_support,Administrative and support services,8736442
2023-02,waste_remediation,Waste management and remediation services,485495
2023-02,education,Educational services,3173827
2023-02,ambulatory_health,Ambulatory health care services,8316058
2023-02,hospitals_nursing,"Hospitals, nursing and residential care facilities",8249509
2023-02,social_assistance,Social assistance,4306683
2023-02,performing_arts_museums,"Performing arts, spectator sports, museums, and related activities",636859
2023-02,amusement_recreation,"Amusements, gambling, and recreation industries",1577165
2023-02,accommodation,Accommodation,1773760
2023-02,food_services,Food services and drinking places,11748094
2023-02,other_services,"Other services, except government",4468330
2023-03,oil_gas_extraction,Oil and gas extraction,115185
2023-03,mining_except_oil_gas,"Mining, except oil and gas",182955
2023-03,support_mining,Support activities for mining,283631
2023-03,utilities,Utilities,568970
2023-03,construction,Construction,7673547
2023-03,wood_products,Wood products,418261
2023-03,nonmetallic_mineral,Nonmetallic mineral products,413423
2023-03,primary_metals,Primary metals,372555
2023-03,fabricated_metal,Fabricated metal products,1440763
2023-03,machinery,Machinery,1127694
2023-03,computer_electronic,Computer and electronic products,1099928
2023-03,electrical_equipment,"Electrical equipment, appliances, and components",413611
2023-03,motor_vehicles,"Motor vehicles, bodies and trailers, and parts",1023733
2023-03,other_transport_equipment,Other transportation equipment,737218
2023-03,furniture,Furniture and related products,362168
2023-03,misc_manufacturing,Miscellaneous manufacturing,625560
2023-03,food_beverage_tobacco,Food and beverage and tobacco products,2037587
2023-03,textiles,Textile mills and textile product mills,192863
2023-03,apparel_leather,Apparel and leather and allied products,116011
2023-03,paper,Paper products,360612
2023-03,printing,Printing and related support activities,373555
2023-03,petroleum_coal,Petroleum and coal products,104729
2023-03,chemicals,Chemical products,896498
2023-03,plastics_rubber,Plastics and rubber products,739838
2023-03,wholesale,Wholesale trade,6055956
2023-03,retail,Retail trade,15350530
2023-03,air_transport,Air transportation,540713
2023-03,rail_transport,Rail transportation,579
2023-03,water_transport,Water transportation,65403
2023-03,truck_transport,Truck transportation,1547510
2023-03,transit_ground,Transit and ground passenger transportation,443116
2023-03,pipeline,Pipeline transportation,51952
2023-03,other_transport_support,Other transportation and support activities,833291
2023-03,warehousing,Warehousing and storage,1817290
2023-03,information,Information,3040592
2023-03,credit_intermediation,"Federal Reserve banks, credit intermediation, and related activities",2651193
2023-03,securities,"Securities, commodity contracts, and investments",1051192
2023-03,insurance,Insurance carriers and related activities,2536342
2023-03,funds_trusts,"Funds, trusts, and other financial vehicles",29166
2023-03,real_estate,Real estate,1774791
2023-03,rental_leasing,Rental and leasing services and lessors of intangible assets,576025
2023-03,legal,Legal services,1167763
2023-03,computer_systems,Computer systems design and related services,2458326
2023-03,misc_professional,"Miscellaneous professional, scientific, and technical services",7080635
2023-03,management_companies,Management of companies and enterprises,2541286
2023-03,admin_support,Administrative and support services,8772588
2023-03,waste_remediation,Waste management and remediation services,488720
2023-03,education,Educational services,3176047
2023-03,ambulatory_health,Ambulatory health care services,8322045
2023-03,hospitals_nursing,"Hospitals, nursing and residential care facilities",8282058
2023-03,social_assistance,Social assistance,4322997
2023-03,performing_arts_museums,"Performing arts, spectator sports, museums, and related activities",670239
2023-03,amusement_recreation,"Amusements, gambling, and recreation industries",1617390
2023-03,accommodation,Accommodation,1802554
2023-03,food_services,Food services and drinking places,11906882
2023-03,other_services,"Other services, except government",4502414
2023-04,oil_gas_extraction,Oil and gas extraction,113236
2023-04,mining_except_oil_gas,"Mining, except oil and gas",186523
2023-04,support_mining,Support activities for mining,282404
2023-04,utilities,Utilities,569154
2023-04,construction,Construction,7846492
2023-04,wood_products,Wood products,417355
2023-04,nonmetallic_mineral,Nonmetallic mineral products,417610
2023-04,primary_metals,Primary metals,372092
2023-04,fabricated_metal,Fabricated metal products,1438846
2023-04,machinery,Machinery,1127742
2023-04,computer_electronic,Computer and electronic products,1096384
2023-04,electrical_equipment,"Electrical equipment, appliances, and components",411349
2023-04,motor_vehicles,"Motor vehicles, bodies and trailers, and parts",1023054
2023-04,other_transport_equipment,Other transportation equipment,736944
2023-04,furniture,Furniture and related products,358778
2023-04,misc_manufacturing,Miscellaneous manufacturing,624631
2023-04,food_beverage_tobacco,Food and beverage and tobacco products,2038423
2023-04,textiles,Textile mills and textile product mills,191503
2023-04,apparel_leather,Apparel and leather and allied products,115423
2023-04,paper,Paper products,359436
2023-04,printing,Printing and related support activities,370932
2023-04,petroleum_coal,Petroleum and coal products,106500
2023-04,chemicals,Chemical products,895953
2023-04,plastics_rubber,Plastics and rubber products,737364
2023-04,wholesale,Wholesale trade,6074641
2023-04,retail,Retail trade,15355904
2023-04,air_transport,Air transportation,547011
2023-04,rail_transport,Rail transportation,591
2023-04,water_transport,Water transportation,66640
2023-04,truck_transport,Truck transportation,1554045
2023-04,transit_ground,Transit and ground passenger transportation,435375
2023-04,pipeline,Pipeline transportation,52421
2023-04,other_transport_support,Other transportation and support activities,832539
2023-04,warehousing,Warehousing and storage,1806414
2023-04,information,Information,3003721
2023-04,credit_intermediation,"Federal Reserve banks, credit intermediation, and related activities",2644434
2023-04,securities,"Securities, commodity contracts, and investments",1056237
2023-04,insurance,Insurance carriers and related activities,2543941
2023-04,funds_trusts,"Funds, trusts, and other financial vehicles",29446
2023-04,real_estate,Real estate,1782186
2023-04,rental_leasing,Rental and leasing services and lessors of intangible assets,582387
2023-04,legal,Legal services,1171063
2023-04,computer_systems,Computer systems design and related services,2475406
2023-04,misc_professional,"Miscellaneous professional, scientific, and technical services",7107400
2023-04,management_companies,Management of companies and enterprises,2538727
2023-04,admin_support,Administrative and support services,8867877
2023-04,waste_remediation,Waste management and remediation services,491855
2023-04,education,Educational services,3205529
2023-04,ambulatory_health,Ambulatory health care services,8376647
2023-04,hospitals_nursing,"Hospitals, nursing and residential care facilities",8299684
2023-04,social_assistance,Social assistance,4365819
2023-04,performing_arts_museums,"Performing arts, spectator sports, museums, and related activities",708323
2023-04,amusement_recreation,"Amusements, gambling, and recreation industries",1703277
2023-04,accommodation,Accommodation,1819834
2023-04,food_services,Food services and drinking places,12047106
2023-04,other_services,"Other services, except government",4535365
2023-05,oil_gas_extraction,Oil and gas extraction,113513
2023-05,mining_except_oil_gas,"Mining, except oil and gas",189015
2023-05,support_mining,Support activities for mining,281460
2023-05,utilities,Utilities,571744
2023-05,construction,Construction,7986825
2023-05,wood_products,Wood products,418408
2023-05,nonmetallic_mineral,Nonmetallic mineral products,419624
2023-05,primary_metals,Primary metals,371855
2023-05,fabricated_metal,Fabricated metal products,1440048
2023-05,machinery,Machinery,1125509
2023-05,computer_electronic,Computer and electronic products,1095835
2023-05,electrical_equipment,"Electrical equipment, appliances, and components",411226
2023-05,motor_vehicles,"Motor vehicles, bodies and trailers, and parts",1019761
2023-05,other_transport_equipment,Other transportation equipment,739554
2023-05,furniture,Furniture and related products,358411
2023-05,misc_manufacturing,Miscellaneous manufacturing,623915
2023-05,food_beverage_tobacco,Food and beverage and tobacco products,2053126
2023-05,textiles,Textile mills and textile product mills,191820
2023-05,apparel_leather,Apparel and leather and allied products,115019
2023-05,paper,Paper products,358077
2023-05,printing,Printing and related support activities,370946
2023-05,petroleum_coal,Petroleum and coal products,107978
2023-05,chemicals,Chemical products,895923
2023-05,plastics_rubber,Plastics and rubber products,734295
2023-05,wholesale,Wholesale trade,6097040
2023-05,retail,Retail trade,15446280
2023-05,air_transport,Air transportation,551593
2023-05,rail_transport,Rail transportation,611
2023-05,water_transport,Water transportation,67928
2023-05,truck_transport,Truck transportation,1562821
2023-05,transit_ground,Transit and ground passenger transportation,453655
2023-05,pipeline,Pipeline transportation,52801
2023-05,other_transport_support,Other transportation and support activities,837913
2023-05,warehousing,Warehousing and storage,1811594
2023-05,information,Information,2999701
2023-05,credit_intermediation,"Federal Reserve banks, credit intermediation, and related activities",2641889
2023-05,securities,"Securities, commodity contracts, and investments",1057308
2023-05,insurance,Insurance carriers and related activities,2544567
2023-05,funds_trusts,"Funds, trusts, and other financial vehicles",29933
2023-05,real_estate,Real estate,1792664
2023-05,rental_leasing,Rental and leasing services and lessors of intangible assets,594260
2023-05,legal,Legal services,1173680
2023-05,computer_systems,Computer systems design and related services,2468719
2023-05,misc_professional,"Miscellaneous professional, scientific, and technical services",7052660
2023-05,management_companies,Management of companies and enterprises,2543547
2023-05,admin_support,Administrative and support services,8951438
2023-05,waste_remediation,Waste management and remediation services,495822
2023-05,education,Educational services,3168656
2023-05,ambulatory_health,Ambulatory health care services,8415491
2023-05,hospitals_nursing,"Hospitals, nursing and residential care facilities",8343150
2023-05,social_assistance,Social assistance,4401694
2023-05,performing_arts_museums,"Performing arts, spectator sports, museums, and related activities",739577
2023-05,amusement_recreation,"Amusements, gambling, and recreation industries",1815581
2023-05,accommodation,Accommodation,1873259
2023-05,food_services,Food services and drinking places,12263071
2023-05,other_services,"Other services, except government",4577855
2023-06,oil_gas_extraction,Oil and gas extraction,114476
2023-06,mining_except_oil_gas,"Mining, except oil and gas",191734
2023-06,support_mining,Support activities for mining,282440
2023-06,utilities,Utilities,579034
2023-06,construction,Construction,8135301
2023-06,wood_products,Wood products,421940
2023-06,nonmetallic_mineral,Nonmetallic mineral products,423271
2023-06,primary_metals,Primary metals,374511
2023-06,fabricated_metal,Fabricated metal products,1449800
2023-06,machinery,Machinery,1135033
2023-06,computer_electronic,Computer and electronic products,1107976
2023-06,electrical_equipment,"Electrical equipment, appliances, and components",414546
2023-06,motor_vehicles,"Motor vehicles, bodies and trailers, and parts",1028454
2023-06,other_transport_equipment,Other transportation equipment,750801
2023-06,furniture,Furniture and related products,359421
2023-06,misc_manufacturing,Miscellaneous manufacturing,626231
2023-06,food_beverage_tobacco,Food and beverage and tobacco products,2089708
2023-06,textiles,Textile mills and textile product mills,191759
2023-06,apparel_leather,Apparel and leather and allied products,115027
2023-06,paper,Paper products,359636
2023-06,printing,Printing and related support activities,371271
2023-06,petroleum_coal,Petroleum and coal products,109369
2023-06,chemicals,Chemical products,901775
2023-06,plastics_rubber,Plastics and rubber products,736346
2023-06,wholesale,Wholesale trade,6134183
2023-06,retail,Retail trade,15547970
2023-06,air_transport,Air transportation,553378
2023-06,rail_transport,Rail transportation,618
2023-06,water_transport,Water transportation,69712
2023-06,truck_transport,Truck transportation,1572195
2023-06,transit_ground,Transit and ground passenger transportation,424301
2023-06,pipeline,Pipeline transportation,53034
2023-06,other_transport_support,Other transportation and support activities,850202
2023-06,warehousing,Warehousing and storage,1813128
2023-06,information,Information,2989420
2023-06,credit_intermediation,"Federal Reserve banks, credit intermediation, and related activities",2655081
2023-06,securities,"Securities, commodity contracts, and investments",1075462
2023-06,insurance,Insurance carriers and related activities,2562785
2023-06,funds_trusts,"Funds, trusts, and other financial vehicles",29745
2023-06,real_estate,Real estate,1816468
2023-06,rental_leasing,Rental and leasing services and lessors of intangible assets,610372
2023-06,legal,Legal services,1198423
2023-06,computer_systems,Computer systems design and related services,2452695
2023-06,misc_professional,"Miscellaneous professional, scientific, and technical services",7119710
2023-06,management_companies,Management of companies and enterprises,2578788
2023-06,admin_support,Administrative and support services,8924336
2023-06,waste_remediation,Waste management and remediation services,501745
2023-06,education,Educational services,3018541
2023-06,ambulatory_health,Ambulatory health care services,8437373
2023-06,hospitals_nursing,"Hospitals, nursing and residential care facilities",8421294
2023-06,social_assistance,Social assistance,4416941
2023-06,performing_arts_museums,"Performing arts, spectator sports, museums, and related activities",749860
2023-06,amusement_recreation,"Amusements, gambling, and recreation industries",2031829
2023-06,accommodation,Accommodation,1972517
2023-06,food_services,Food services and drinking places,12395619
2023-06,other_services,"Other services, except government",4647278
2023-07,oil_gas_extraction,Oil and gas extraction,117426
2023-07,mining_except_oil_gas,"Mining, except oil and gas",192159
2023-07,support_mining,Support activities for mining,281312
2023-07,utilities,Utilities,580536
2023-07,construction,Construction,8148786
2023-07,wood_products,Wood products,419505
2023-07,nonmetallic_mineral,Nonmetallic mineral products,422000
2023-07,primary_metals,Primary metals,373196
2023-07,fabricated_metal,Fabricated metal products,1446114
2023-07,machinery,Machinery,1130476
2023-07,computer_electronic,Computer and electronic products,1098937
2023-07,electrical_equipment,"Electrical equipment, appliances, and components",415483
2023-07,motor_vehicles,"Motor vehicles, bodies and trailers, and parts",1021538
2023-07,other_transport_equipment,Other transportation equipment,762867
2023-07,furniture,Furniture and related products,357413
2023-07,misc_manufacturing,Miscellaneous manufacturing,623759
2023-07,food_beverage_tobacco,Food and beverage and tobacco products,2097243
2023-07,textiles,Textile mills and textile product mills,189791
2023-07,apparel_leather,Apparel and leather and allied products,114450
2023-07,paper,Paper products,358009
2023-07,printing,Printing and related support activities,368941
2023-07,petroleum_coal,Petroleum and coal products,109669
2023-07,chemicals,Chemical products,898376
2023-07,plastics_rubber,Plastics and rubber products,732413
2023-07,wholesale,Wholesale trade,6130335
2023-07,retail,Retail trade,15516362
2023-07,air_transport,Air transportation,555636
2023-07,rail_transport,Rail transportation,614
2023-07,water_transport,Water transportation,69853
2023-07,truck_transport,Truck transportation,1569518
2023-07,transit_ground,Transit and ground passenger transportation,374259
2023-07,pipeline,Pipeline transportation,53344
2023-07,other_transport_support,Other transportation and support activities,847073
2023-07,warehousing,Warehousing and storage,1815317
2023-07,information,Information,2961235
2023-07,credit_intermediation,"Federal Reserve banks, credit intermediation, and related activities",2649727
2023-07,securities,"Securities, commodity contracts, and investments",1088763
2023-07,insurance,Insurance carriers and related activities,2570505
2023-07,funds_trusts,"Funds, trusts, and other financial vehicles",30594
2023-07,real_estate,Real estate,1816040
2023-07,rental_leasing,Rental and leasing services and lessors of intangible assets,610876
2023-07,legal,Legal services,1195996
2023-07,computer_systems,Computer systems design and related services,2472686
2023-07,misc_professional,"Miscellaneous professional, scientific, and technical services",7128485
2023-07,management_companies,Management of companies and enterprises,2568505
2023-07,admin_support,Administrative and support services,8827519
2023-07,waste_remediation,Waste management and remediation services,503089
2023-07,education,Educational services,2879897
2023-07,ambulatory_health,Ambulatory health care services,8447162
2023-07,hospitals_nursing,"Hospitals, nursing and residential care facilities",8470517
2023-07,social_assistance,Social assistance,4431173
2023-07,performing_arts_museums,"Performing arts, spectator sports, museums, and related activities",739933
2023-07,amusement_recreation,"Amusements, gambling, and recreation industries",2068320
2023-07,accommodation,Accommodation,2002357
2023-07,food_services,Food services and drinking places,12323580
2023-07,other_services,"Other services, except government",4634476
2023-08,oil_gas_extraction,Oil and gas extraction,117324
2023-08,mining_except_oil_gas,"Mining, except oil and gas",191694
2023-08,support_mining,Support activities for mining,281177
2023-08,utilities,Utilities,580961
2023-08,construction,Construction,8157051
2023-08,wood_products,Wood products,419463
2023-08,nonmetallic_mineral,Nonmetallic mineral products,421341
2023-08,primary_metals,Primary metals,372277
2023-08,fabricated_metal,Fabricated metal products,1442274
2023-08,machinery,Machinery,1126226
2023-08,computer_electronic,Computer and electronic products,1094232
2023-08,electrical_equipment,"Electrical equipment, appliances, and components",414853
2023-08,motor_vehicles,"Motor vehicles, bodies and trailers, and parts",1022216
2023-08,other_transport_equipment,Other transportation equipment,761548
2023-08,furniture,Furniture and related products,355209
2023-08,misc_manufacturing,Miscellaneous manufacturing,621713
2023-08,food_beverage_tobacco,Food and beverage and tobacco products,2105332
2023-08,textiles,Textile mills and textile product mills,189023
2023-08,apparel_leather,Apparel and leather and allied products,114529
2023-08,paper,Paper products,356429
2023-08,printing,Printing and related support activities,368098
2023-08,petroleum_coal,Petroleum and coal products,109847
2023-08,chemicals,Chemical products,896560
2023-08,plastics_rubber,Plastics and rubber products,731378
2023-08,wholesale,Wholesale trade,6126172
2023-08,retail,Retail trade,15517558
2023-08,air_transport,Air transportation,559984
2023-08,rail_transport,Rail transportation,615
2023-08,water_transport,Water transportation,69467
2023-08,truck_transport,Truck transportation,1549839
2023-08,transit_ground,Transit and ground passenger transportation,381340
2023-08,pipeline,Pipeline transportation,53346
2023-08,other_transport_support,Other transportation and support activities,846503
2023-08,warehousing,Warehousing and storage,1809427
2023-08,information,Information,2943082
2023-08,credit_intermediation,"Federal Reserve banks, credit intermediation, and related activities",2643383
2023-08,securities,"Securities, commodity contracts, and investments",1088491
2023-08,insurance,Insurance carriers and related activities,2567683
2023-08,funds_trusts,"Funds, trusts, and other financial vehicles",30621
2023-08,real_estate,Real estate,1815669
2023-08,rental_leasing,Rental and leasing services and lessors of intangible assets,608816
2023-08,legal,Legal services,1181257
2023-08,computer_systems,Computer systems design and related services,2467366
2023-08,misc_professional,"Miscellaneous professional, scientific, and technical services",7115958
2023-08,management_companies,Management of companies and enterprises,2560118
2023-08,admin_support,Administrative and support services,8861754
2023-08,waste_remediation,Waste management and remediation services,502677
2023-08,education,Educational services,2941865
2023-08,ambulatory_health,Ambulatory health care services,8475096
2023-08,hospitals_nursing,"Hospitals, nursing and residential care facilities",8501937
2023-08,social_assistance,Social assistance,4447906
2023-08,performing_arts_museums,"Performing arts, spectator sports, museums, and related activities",749602
2023-08,amusement_recreation,"Amusements, gambling, and recreation industries",2009192
2023-08,accommodation,Accommodation,1977761
2023-08,food_services,Food services and drinking places,12373443
2023-08,other_services,"Other services, except government",4613497
2023-09,oil_gas_extraction,Oil and gas extraction,115928
2023-09,mining_except_oil_gas,"Mining, except oil and gas",191066
2023-09,support_mining,Support activities for mining,279760
2023-09,utilities,Utilities,580145
2023-09,construction,Construction,8143921
2023-09,wood_products,Wood products,419006
2023-09,nonmetallic_mineral,Nonmetallic mineral products,419618
2023-09,primary_metals,Primary metals,371581
2023-09,fabricated_metal,Fabricated metal products,1437996
2023-09,machinery,Machinery,1122047
2023-09,computer_electronic,Computer and electronic products,1087218
2023-09,electrical_equipment,"Electrical equipment, appliances, and components",413662
2023-09,motor_vehicles,"Motor vehicles, bodies and trailers, and parts",1026271
2023-09,other_transport_equipment,Other transportation equipment,763114
2023-09,furniture,Furniture and related products,351594
2023-09,misc_manufacturing,Miscellaneous manufacturing,619085
2023-09,food_beverage_tobacco,Food and beverage and tobacco products,2104586
2023-09,textiles,Textile mills and textile product mills,188299
2023-09,apparel_leather,Apparel and leather and allied products,113940
2023-09,paper,Paper products,355722
2023-09,printing,Printing and related support activities,366338
2023-09,petroleum_coal,Petroleum and coal products,109502
2023-09,chemicals,Chemical products,892550
2023-09,plastics_rubber,Plastics and rubber products,729376
2023-09,wholesale,Wholesale trade,6114219
2023-09,retail,Retail trade,15414027
2023-09,air_transport,Air transportation,559146
2023-09,rail_transport,Rail transportation,637
2023-09,water_transport,Water transportation,68448
2023-09,truck_transport,Truck transportation,1549714
2023-09,transit_ground,Transit and ground passenger transportation,457895
2023-09,pipeline,Pipeline transportation,53388
2023-09,other_transport_support,Other transportation and support activities,847102
2023-09,warehousing,Warehousing and storage,1827260
2023-09,information,Information,2909744
2023-09,credit_intermediation,"Federal Reserve banks, credit intermediation, and related activities",2623387
2023-09,securities,"Securities, commodity contracts, and investments",1064136
2023-09,insurance,Insurance carriers and related activities,2564884
2023-09,funds_trusts,"Funds, trusts, and other financial vehicles",30136
2023-09,real_estate,Real estate,1802401
2023-09,rental_leasing,Rental and leasing services and lessors of intangible assets,604253
2023-09,legal,Legal services,1176005
2023-09,computer_systems,Computer systems design and related services,2425375
2023-09,misc_professional,"Miscellaneous professional, scientific, and technical services",7056090
2023-09,management_companies,Management of companies and enterprises,2550576
2023-09,admin_support,Administrative and support services,8938349
2023-09,waste_remediation,Waste management and remediation services,500529
2023-09,education,Educational services,3148914
2023-09,ambulatory_health,Ambulatory health care services,8487452
2023-09,hospitals_nursing,"Hospitals, nursing and residential care facilities",8527507
2023-09,social_assistance,Social assistance,4441477
2023-09,performing_arts_museums,"Performing arts, spectator sports, museums, and related activities",745682
2023-09,amusement_recreation,"Amusements, gambling, and recreation industries",1818369
2023-09,accommodation,Accommodation,1914170
2023-09,food_services,Food services and drinking places,12194860
2023-09,other_services,"Other services, except government",4573995
2023-10,oil_gas_extraction,Oil and gas extraction,116358
2023-10,mining_except_oil_gas,"Mining, except oil and gas",190228
2023-10,support_mining,Support activities for mining,279965
2023-10,utilities,Utilities,581508
2023-10,construction,Construction,8157123
2023-10,wood_products,Wood products,417490
2023-10,nonmetallic_mineral,Nonmetallic mineral products,416962
2023-10,primary_metals,Primary metals,370197
2023-10,fabricated_metal,Fabricated metal products,1436021
2023-10,machinery,Machinery,1116517
2023-10,computer_electronic,Computer and electronic products,1081203
2023-10,electrical_equipment,"Electrical equipment, appliances, and components",413538
2023-10,motor_vehicles,"Motor vehicles, bodies and trailers, and parts",982987
2023-10,other_transport_equipment,Other transportation equipment,763239
2023-10,furniture,Furniture and related products,350090
2023-10,misc_manufacturing,Miscellaneous manufacturing,618433
2023-10,food_beverage_tobacco,Food and beverage and tobacco products,2095180
2023-10,textiles,Textile mills and textile product mills,186902
2023-10,apparel_leather,Apparel and leather and allied products,113107
2023-10,paper,Paper products,354199
2023-10,printing,Printing and related support activities,365855
2023-10,petroleum_coal,Petroleum and coal products,109351
2023-10,chemicals,Chemical products,889656
2023-10,plastics_rubber,Plastics and rubber products,726242
2023-10,wholesale,Wholesale trade,6123593
2023-10,retail,Retail trade,15575869
2023-10,air_transport,Air transportation,561399
2023-10,rail_transport,Rail transportation,637
2023-10,water_transport,Water transportation,68069
2023-10,truck_transport,Truck transportation,1546139
2023-10,transit_ground,Transit and ground passenger transportation,463642
2023-10,pipeline,Pipeline transportation,54449
2023-10,other_transport_support,Other transportation and support activities,847956
2023-10,warehousing,Warehousing and storage,1874124
2023-10,information,Information,2906077
2023-10,credit_intermediation,"Federal Reserve banks, credit intermediation, and related activities",2611970
2023-10,securities,"Securities, commodity contracts, and investments",1073463
2023-10,insurance,Insurance carriers and related activities,2573405
2023-10,funds_trusts,"Funds, trusts, and other financial vehicles",30310
2023-10,real_estate,Real estate,1811436
2023-10,rental_leasing,Rental and leasing services and lessors of intangible assets,598691
2023-10,legal,Legal services,1189071
2023-10,computer_systems,Computer systems design and related services,2454273
2023-10,misc_professional,"Miscellaneous professional, scientific, and technical services",7103764
2023-10,management_companies,Management of companies and enterprises,2545989
2023-10,admin_support,Administrative and support services,8945677
2023-10,waste_remediation,Waste management and remediation services,501996
2023-10,education,Educational services,3241894
2023-10,ambulatory_health,Ambulatory health care services,8560711
2023-10,hospitals_nursing,"Hospitals, nursing and residential care facilities",8540055
2023-10,social_assistance,Social assistance,4485267
2023-10,performing_arts_museums,"Performing arts, spectator sports, museums, and related activities",742965
2023-10,amusement_recreation,"Amusements, gambling, and recreation industries",1752432
2023-10,accommodation,Accommodation,1874625
2023-10,food_services,Food services and drinking places,12115777
2023-10,other_services,"Other services, except government",4602699
2023-11,oil_gas_extraction,Oil and gas extraction,116563
2023-11,mining_except_oil_gas,"Mining, except oil and gas",189406
2023-11,support_mining,Support activities for mining,277866
2023-11,utilities,Utilities,581522
2023-11,construction,Construction,8075379
2023-11,wood_products,Wood products,416529
2023-11,nonmetallic_mineral,Nonmetallic mineral products,415916
2023-11,primary_metals,Primary metals,370088
2023-11,fabricated_metal,Fabricated metal products,1435468
2023-11,machinery,Machinery,1116849
2023-11,computer_electronic,Computer and electronic products,1079122
2023-11,electrical_equipment,"Electrical equipment, appliances, and components",414208
2023-11,motor_vehicles,"Motor vehicles, bodies and trailers, and parts",1012652
2023-11,other_transport_equipment,Other transportation equipment,766408
2023-11,furniture,Furniture and related products,349203
2023-11,misc_manufacturing,Miscellaneous manufacturing,618767
2023-11,food_beverage_tobacco,Food and beverage and tobacco products,2077318
2023-11,textiles,Textile mills and textile product mills,186426
2023-11,apparel_leather,Apparel and leather and allied products,112934
2023-11,paper,Paper products,354000
2023-11,printing,Printing and related support activities,366258
2023-11,petroleum_coal,Petroleum and coal products,108927
2023-11,chemicals,Chemical products,889243
2023-11,plastics_rubber,Plastics and rubber products,726254
2023-11,wholesale,Wholesale trade,6133720
2023-11,retail,Retail trade,15876276
2023-11,air_transport,Air transportation,560292
2023-11,rail_transport,Rail transportation,658
2023-11,water_transport,Water transportation,66836
2023-11,truck_transport,Truck transportation,1543799
2023-11,transit_ground,Transit and ground passenger transportation,465762
2023-11,pipeline,Pipeline transportation,54698
2023-11,other_transport_support,Other transportation and support activities,845661
2023-11,warehousing,Warehousing and storage,2003675
2023-11,information,Information,2923999
2023-11,credit_intermediation,"Federal Reserve banks, credit intermediation, and related activities",2607872
2023-11,securities,"Securities, commodity contracts, and investments",1075867
2023-11,insurance,Insurance carriers and related activities,2574625
2023-11,funds_trusts,"Funds, trusts, and other financial vehicles",30332
2023-11,real_estate,Real estate,1806061
2023-11,rental_leasing,Rental and leasing services and lessors of intangible assets,589986
2023-11,legal,Legal services,1192211
2023-11,computer_systems,Computer systems design and related services,2452309
2023-11,misc_professional,"Miscellaneous professional, scientific, and technical services",7124365
2023-11,management_companies,Management of companies and enterprises,2553072
2023-11,admin_support,Administrative and support services,8914616
2023-11,waste_remediation,Waste management and remediation services,499768
2023-11,education,Educational services,3264540
2023-11,ambulatory_health,Ambulatory health care services,8587601
2023-11,hospitals_nursing,"Hospitals, nursing and residential care facilities",8583573
2023-11,social_assistance,Social assistance,4508605
2023-11,performing_arts_museums,"Performing arts, spectator sports, museums, and related activities",721040
2023-11,amusement_recreation,"Amusements, gambling, and recreation industries",1673675
2023-11,accommodation,Accommodation,1836703
2023-11,food_services,Food services and drinking places,12083618
2023-11,other_services,"Other services, except government",4603690
2023-12,oil_gas_extraction,Oil and gas extraction,116950
2023-12,mining_except_oil_gas,"Mining, except oil and gas",188816
2023-12,support_mining,Support activities for mining,276950
2023-12,utilities,Utilities,583084
2023-12,construction,Construction,7980397
2023-12,wood_products,Wood products,417903
2023-12,nonmetallic_mineral,Nonmetallic mineral products,414182
2023-12,primary_metals,Primary metals,371761
2023-12,fabricated_metal,Fabricated metal products,1439910
2023-12,machinery,Machinery,1122768
2023-12,computer_electronic,Computer and electronic products,1081299
2023-12,electrical_equipment,"Electrical equipment, appliances, and components",415322
2023-12,motor_vehicles,"Motor vehicles, bodies and trailers, and parts",1022020
2023-12,other_transport_equipment,Other transportation equipment,769948
2023-12,furniture,Furniture and related products,349139
2023-12,misc_manufacturing,Miscellaneous manufacturing,619864
2023-12,food_beverage_tobacco,Food and beverage and tobacco products,2076807
2023-12,textiles,Textile mills and textile product mills,186682
2023-12,apparel_leather,Apparel and leather and allied products,112262
2023-12,paper,Paper products,355251
2023-12,printing,Printing and related support activities,366304
2023-12,petroleum_coal,Petroleum and coal products,107958
2023-12,chemicals,Chemical products,892654
2023-12,plastics_rubber,Plastics and rubber products,729378
2023-12,wholesale,Wholesale trade,6156487
2023-12,retail,Retail trade,15946398
2023-12,air_transport,Air transportation,560266
2023-12,rail_transport,Rail transportation,651
2023-12,water_transport,Water transportation,66689
2023-12,truck_transport,Truck transportation,1540496
2023-12,transit_ground,Transit and ground passenger transportation,467142
2023-12,pipeline,Pipeline transportation,54649
2023-12,other_transport_support,Other transportation and support activities,853577
2023-12,warehousing,Warehousing and storage,2007057
2023-12,information,Information,2930398
2023-12,credit_intermediation,"Federal Reserve banks, credit intermediation, and related activities",2607851
2023-12,securities,"Securities, commodity contracts, and investments",1076998
2023-12,insurance,Insurance carriers and related activities,2577833
2023-12,funds_trusts,"Funds, trusts, and other financial vehicles",30625
2023-12,real_estate,Real estate,1819052
2023-12,rental_leasing,Rental and leasing services and lessors of intangible assets,589876
2023-12,legal,Legal services,1197026
2023-12,computer_systems,Computer systems design and related services,2423386
2023-12,misc_professional,"Miscellaneous professional, scientific, and technical services",7162389
2023-12,management_companies,Management of companies and enterprises,2563014
2023-12,admin_support,Administrative and support services,8741810
2023-12,waste_remediation,Waste management and remediation services,500324
2023-12,education,Educational services,3218777
2023-12,ambulatory_health,Ambulatory health care services,8625374
2023-12,hospitals_nursing,"Hospitals, nursing and residential care facilities",8627179
2023-12,social_assistance,Social assistance,4518371
2023-12,performing_arts_museums,"Performing arts, spectator sports, museums, and related activities",709883
2023-12,amusement_recreation,"Amusements, gambling, and recreation industries",1687779
2023-12,accommodation,Accommodation,1842339
2023-12,food_services,Food services and drinking places,12080467
2023-12,other_services,"Other services, except government",4610428
2024-01,oil_gas_extraction,Oil and gas extraction,121165
2024-01,mining_except_oil_gas,"Mining, except oil and gas",184863
2024-01,support_mining,Support activities for mining,276872
2024-01,utilities,Utilities,584728
2024-01,construction,Construction,7726295
2024-01,wood_products,Wood products,413767
2024-01,nonmetallic_mineral,Nonmetallic mineral products,407191
2024-01,primary_metals,Primary metals,371262
2024-01,fabricated_metal,Fabricated metal products,1438802
2024-01,machinery,Machinery,1114362
2024-01,computer_electronic,Computer and electronic products,1025670
2024-01,electrical_equipment,"Electrical equipment, appliances, and components",416416
2024-01,motor_vehicles,"Motor vehicles, bodies and trailers, and parts",1014679
2024-01,other_transport_equipment,Other transportation equipment,772596
2024-01,furniture,Furniture and related products,347850
2024-01,misc_manufacturing,Miscellaneous manufacturing,616454
2024-01,food_beverage_tobacco,Food and beverage and tobacco products,2053762
2024-01,textiles,Textile mills and textile product mills,183844
2024-01,apparel_leather,Apparel and leather and allied products,108568
2024-01,paper,Paper products,354306
2024-01,printing,Printing and related support activities,359846
2024-01,petroleum_coal,Petroleum and coal products,106361
2024-01,chemicals,Chemical products,890434
2024-01,plastics_rubber,Plastics and rubber products,722042
2024-01,wholesale,Wholesale trade,6068644
2024-01,retail,Retail trade,15439693
2024-01,air_transport,Air transportation,563511
2024-01,rail_transport,Rail transportation,572
2024-01,water_transport,Water transportation,65242
2024-01,truck_transport,Truck transportation,1501170
2024-01,transit_ground,Transit and ground passenger transportation,542802
2024-01,pipeline,Pipeline transportation,54481
2024-01,other_transport_support,Other transportation and support activities,835539
2024-01,warehousing,Warehousing and storage,1933651
2024-01,information,Information,2907327
2024-01,credit_intermediation,"Federal Reserve banks, credit intermediation, and related activities",2595404
2024-01,securities,"Securities, commodity contracts, and investments",1070209
2024-01,insurance,Insurance carriers and related activities,2576969
2024-01,funds_trusts,"Funds, trusts, and other financial vehicles",31044
2024-01,real_estate,Real estate,1781072
2024-01,rental_leasing,Rental and leasing services and lessors of intangible assets,578207
2024-01,legal,Legal services,1178670
2024-01,computer_systems,Computer systems design and related services,2443609
2024-01,misc_professional,"Miscellaneous professional, scientific, and technical services",7094778
2024-01,management_companies,Management of companies and enterprises,2600664
2024-01,admin_support,Administrative and support services,8376851
2024-01,waste_remediation,Waste management and remediation services,495840
2024-01,education,Educational services,3130523
2024-01,ambulatory_health,Ambulatory health care services,8588748
2024-01,hospitals_nursing,"Hospitals, nursing and residential care facilities",8600351
2024-01,social_assistance,Social assistance,4566323
2024-01,performing_arts_museums,"Performing arts, spectator sports, museums, and related activities",661187
2024-01,amusement_recreation,"Amusements, gambling, and recreation industries",1641712
2024-01,accommodation,Accommodation,1811769
2024-01,food_services,Food services and drinking places,11806388
2024-01,other_services,"Other services, except government",4555397
2024-02,oil_gas_extraction,Oil and gas extraction,121517
2024-02,mining_except_oil_gas,"Mining, except oil and gas",185611
2024-02,support_mining,Support activities for mining,278934
2024-02,utilities,Utilities,587007
2024-02,construction,Construction,7795128
2024-02,wood_products,Wood products,413914
2024-02,nonmetallic_mineral,Nonmetallic mineral products,408125
2024-02,primary_metals,Primary metals,370935
2024-02,fabricated_metal,Fabricated metal products,1442531
2024-02,machinery,Machinery,1113819
2024-02,computer_electronic,Computer and electronic products,1024376
2024-02,electrical_equipment,"Electrical equipment, appliances, and components",416930
2024-02,motor_vehicles,"Motor vehicles, bodies and trailers, and parts",1018031
2024-02,other_transport_equipment,Other transportation equipment,777612
2024-02,furniture,Furniture and related products,347709
2024-02,misc_manufacturing,Miscellaneous manufacturing,615598
2024-02,food_beverage_tobacco,Food and beverage and tobacco products,2062863
2024-02,textiles,Textile mills and textile product mills,183901
2024-02,apparel_leather,Apparel and leather and allied products,108441
2024-02,paper,Paper products,354730
2024-02,printing,Printing and related support activities,358371
2024-02,petroleum_coal,Petroleum and coal products,107252
2024-02,chemicals,Chemical products,891909
2024-02,plastics_rubber,Plastics and rubber products,724601
2024-02,wholesale,Wholesale trade,6077273
2024-02,retail,Retail trade,15309677
2024-02,air_transport,Air transportation,564400
2024-02,rail_transport,Rail transportation,593
2024-02,water_transport,Water transportation,65473
2024-02,truck_transport,Truck transportation,1495960
2024-02,transit_ground,Transit and ground passenger transportation,548531
2024-02,pipeline,Pipeline transportation,54553
2024-02,other_transport_support,Other transportation and support activities,834210
2024-02,warehousing,Warehousing and storage,1868660
2024-02,information,Information,2933899
2024-02,credit_intermediation,"Federal Reserve banks, credit intermediation, and related activities",2592602
2024-02,securities,"Securities, commodity contracts, and investments",1070239
2024-02,insurance,Insurance carriers and related activities,2578668
2024-02,funds_trusts,"Funds, trusts, and other financial vehicles",30950
2024-02,real_estate,Real estate,1782107
2024-02,rental_leasing,Rental and leasing services and lessors of intangible assets,580337
2024-02,legal,Legal services,1182113
2024-02,computer_systems,Computer systems design and related services,2442617
2024-02,misc_professional,"Miscellaneous professional, scientific, and technical services",7159325
2024-02,management_companies,Management of companies and enterprises,2600344
2024-02,admin_support,Administrative and support services,8422273
2024-02,waste_remediation,Waste management and remediation services,497061
2024-02,education,Educational services,3278406
2024-02,ambulatory_health,Ambulatory health care services,8633391
2024-02,hospitals_nursing,"Hospitals, nursing and residential care facilities",8635921
2024-02,social_assistance,Social assistance,4595347
2024-02,performing_arts_museums,"Performing arts, spectator sports, museums, and related activities",686841
2024-02,amusement_recreation,"Amusements, gambling, and recreation industries",1664779
2024-02,accommodation,Accommodation,1828173
2024-02,food_services,Food services and drinking places,11885076
2024-02,other_services,"Other services, except government",4590291
2024-03,oil_gas_extraction,Oil and gas extraction,121366
2024-03,mining_except_oil_gas,"Mining, except oil and gas",188419
2024-03,support_mining,Support activities for mining,277324
2024-03,utilities,Utilities,587154
2024-03,construction,Construction,7913157
2024-03,wood_products,Wood products,414979
2024-03,nonmetallic_mineral,Nonmetallic mineral products,411906
2024-03,primary_metals,Primary metals,371146
2024-03,fabricated_metal,Fabricated metal products,1444452
2024-03,machinery,Machinery,1115103
2024-03,computer_electronic,Computer and electronic products,1023551
2024-03,electrical_equipment,"Electrical equipment, appliances, and components",417682
2024-03,motor_vehicles,"Motor vehicles, bodies and trailers, and parts",1016159
2024-03,other_transport_equipment,Other transportation equipment,775473
2024-03,furniture,Furniture and related products,347338
2024-03,misc_manufacturing,Miscellaneous manufacturing,616539
2024-03,food_beverage_tobacco,Food and beverage and tobacco products,2072145
2024-03,textiles,Textile mills and textile product mills,184241
2024-03,apparel_leather,Apparel and leather and allied products,108369
2024-03,paper,Paper products,355200
2024-03,printing,Printing and related support activities,358148
2024-03,petroleum_coal,Petroleum and coal products,108615
2024-03,chemicals,Chemical products,894564
2024-03,plastics_rubber,Plastics and rubber products,725250
2024-03,wholesale,Wholesale trade,6091405
2024-03,retail,Retail trade,15336175
2024-03,air_transport,Air transportation,560667
2024-03,rail_transport,Rail transportation,595
2024-03,water_transport,Water transportation,66763
2024-03,truck_transport,Truck transportation,1501382
2024-03,transit_ground,Transit and ground passenger transportation,548891
2024-03,pipeline,Pipeline transportation,54512
2024-03,other_transport_support,Other transportation and support activities,839492
2024-03,warehousing,Warehousing and storage,1836681
2024-03,information,Information,2934107
2024-03,credit_intermediation,"Federal Reserve banks, credit intermediation, and related activities",2590193
2024-03,securities,"Securities, commodity contracts, and investments",1065336
2024-03,insurance,Insurance carriers and related activities,2580532
2024-03,funds_trusts,"Funds, trusts, and other financial vehicles",30885
2024-03,real_estate,Real estate,1785572
2024-03,rental_leasing,Rental and leasing services and lessors of intangible assets,583976
2024-03,legal,Legal services,1182472
2024-03,computer_systems,Computer systems design and related services,2416235
2024-03,misc_professional,"Miscellaneous professional, scientific, and technical services",7159681
2024-03,management_companies,Management of companies and enterprises,2607108
2024-03,admin_support,Administrative and support services,8494345
2024-03,waste_remediation,Waste management and remediation services,499345
2024-03,education,Educational services,3271582
2024-03,ambulatory_health,Ambulatory health care services,8643698
2024-03,hospitals_nursing,"Hospitals, nursing and residential care facilities",8684994
2024-03,social_assistance,Social assistance,4617566
2024-03,performing_arts_museums,"Performing arts, spectator sports, museums, and related activities",722766
2024-03,amusement_recreation,"Amusements, gambling, and recreation industries",1715887
2024-03,accommodation,Accommodation,1856466
2024-03,food_services,Food services and drinking places,12046463
2024-03,other_services,"Other services, except government",4618534
2024-04,oil_gas_extraction,Oil and gas extraction,121338
2024-04,mining_except_oil_gas,"Mining, except oil and gas",191334
2024-04,support_mining,Support activities for mining,275706
2024-04,utilities,Utilities,586091
2024-04,construction,Construction,8045192
2024-04,wood_products,Wood products,413233
2024-04,nonmetallic_mineral,Nonmetallic mineral products,415270
2024-04,primary_metals,Primary metals,369961
2024-04,fabricated_metal,Fabricated metal products,1441773
2024-04,machinery,Machinery,1109945
2024-04,computer_electronic,Computer and electronic products,1020717
2024-04,electrical_equipment,"Electrical equipment, appliances, and components",417826
2024-04,motor_vehicles,"Motor vehicles, bodies and trailers, and parts",1013088
2024-04,other_transport_equipment,Other transportation equipment,772553
2024-04,furniture,Furniture and related products,345664
2024-04,misc_manufacturing,Miscellaneous manufacturing,614869
2024-04,food_beverage_tobacco,Food and beverage and tobacco products,2072570
2024-04,textiles,Textile mills and textile product mills,183334
2024-04,apparel_leather,Apparel and leather and allied products,108617
2024-04,paper,Paper products,354268
2024-04,printing,Printing and related support activities,357107
2024-04,petroleum_coal,Petroleum and coal products,109655
2024-04,chemicals,Chemical products,892294
2024-04,plastics_rubber,Plastics and rubber products,722624
2024-04,wholesale,Wholesale trade,6102239
2024-04,retail,Retail trade,15351121
2024-04,air_transport,Air transportation,566044
2024-04,rail_transport,Rail transportation,593
2024-04,water_transport,Water transportation,66566
2024-04,truck_transport,Truck transportation,1504616
2024-04,transit_ground,Transit and ground passenger transportation,553110
2024-04,pipeline,Pipeline transportation,54619
2024-04,other_transport_support,Other transportation and support activities,836914
2024-04,warehousing,Warehousing and storage,1829739
2024-04,information,Information,2909155
2024-04,credit_intermediation,"Federal Reserve banks, credit intermediation, and related activities",2581692
2024-04,securities,"Securities, commodity contracts, and investments",1070833
2024-04,insurance,Insurance carriers and related activities,2582281
2024-04,funds_trusts,"Funds, trusts, and other financial vehicles",30729
2024-04,real_estate,Real estate,1795606
2024-04,rental_leasing,Rental and leasing services and lessors of intangible assets,589127
2024-04,legal,Legal services,1184838
2024-04,computer_systems,Computer systems design and related services,2434937
2024-04,misc_professional,"Miscellaneous professional, scientific, and technical services",7164764
2024-04,management_companies,Management of companies and enterprises,2600046
2024-04,admin_support,Administrative and support services,8629499
2024-04,waste_remediation,Waste management and remediation services,502947
2024-04,education,Educational services,3313631
2024-04,ambulatory_health,Ambulatory health care services,8700300
2024-04,hospitals_nursing,"Hospitals, nursing and residential care facilities",8672874
2024-04,social_assistance,Social assistance,4643418
2024-04,performing_arts_museums,"Performing arts, spectator sports, museums, and related activities",758665
2024-04,amusement_recreation,"Amusements, gambling, and recreation industries",1787603
2024-04,accommodation,Accommodation,1875351
2024-04,food_services,Food services and drinking places,12220113
2024-04,other_services,"Other services, except government",4654789
2024-05,oil_gas_extraction,Oil and gas extraction,121198
2024-05,mining_except_oil_gas,"Mining, except oil and gas",193238
2024-05,support_mining,Support activities for mining,274346
2024-05,utilities,Utilities,587190
2024-05,construction,Construction,8181354
2024-05,wood_products,Wood products,413237
2024-05,nonmetallic_mineral,Nonmetallic mineral products,418970
2024-05,primary_metals,Primary metals,369505
2024-05,fabricated_metal,Fabricated metal products,1439823
2024-05,machinery,Machinery,1109909
2024-05,computer_electronic,Computer and electronic products,1017930
2024-05,electrical_equipment,"Electrical equipment, appliances, and components",417541
2024-05,motor_vehicles,"Motor vehicles, bodies and trailers, and parts",1010599
2024-05,other_transport_equipment,Other transportation equipment,773619
2024-05,furniture,Furniture and related products,345340
2024-05,misc_manufacturing,Miscellaneous manufacturing,614007
2024-05,food_beverage_tobacco,Food and beverage and tobacco products,2089058
2024-05,textiles,Textile mills and textile product mills,182819
2024-05,apparel_leather,Apparel and leather and allied products,108203
2024-05,paper,Paper products,353596
2024-05,printing,Printing and related support activities,356618
2024-05,petroleum_coal,Petroleum and coal products,111069
2024-05,chemicals,Chemical products,892491
2024-05,plastics_rubber,Plastics and rubber products,721818
2024-05,wholesale,Wholesale trade,6112991
2024-05,retail,Retail trade,15425625
2024-05,air_transport,Air transportation,567124
2024-05,rail_transport,Rail transportation,592
2024-05,water_transport,Water transportation,67910
2024-05,truck_transport,Truck transportation,1514678
2024-05,transit_ground,Transit and ground passenger transportation,559018
2024-05,pipeline,Pipeline transportation,54793
2024-05,other_transport_support,Other transportation and support activities,844721
2024-05,warehousing,Warehousing and storage,1829147
2024-05,information,Information,2911909
2024-05,credit_intermediation,"Federal Reserve banks, credit intermediation, and related activities",2578955
2024-05,securities,"Securities, commodity contracts, and investments",1070476
2024-05,insurance,Insurance carriers and related activities,2583041
2024-05,funds_trusts,"Funds, trusts, and other financial vehicles",30912
2024-05,real_estate,Real estate,1803620
2024-05,rental_leasing,Rental and leasing services and lessors of intangible assets,600818
2024-05,legal,Legal services,1187429
2024-05,computer_systems,Computer systems design and related services,2430938
2024-05,misc_professional,"Miscellaneous professional, scientific, and technical services",7104179
2024-05,management_companies,Management of companies and enterprises,2602690
2024-05,admin_support,Administrative and support services,8747955
2024-05,waste_remediation,Waste management and remediation services,506810
2024-05,education,Educational services,3246523
2024-05,ambulatory_health,Ambulatory health care services,8731797
2024-05,hospitals_nursing,"Hospitals, nursing and residential care facilities",8711093
2024-05,social_assistance,Social assistance,4669605
2024-05,performing_arts_museums,"Performing arts, spectator sports, museums, and related activities",785299
2024-05,amusement_recreation,"Amusements, gambling, and recreation industries",1916219
2024-05,accommodation,Accommodation,1928862
2024-05,food_services,Food services and drinking places,12410224
2024-05,other_services,"Other services, except government",4691389
2024-06,oil_gas_extraction,Oil and gas extraction,122034
2024-06,mining_except_oil_gas,"Mining, except oil and gas",194821
2024-06,support_mining,Support activities for mining,273895
2024-06,utilities,Utilities,590758
2024-06,construction,Construction,8304673
2024-06,wood_products,Wood products,415985
2024-06,nonmetallic_mineral,Nonmetallic mineral products,422249
2024-06,primary_metals,Primary metals,371250
2024-06,fabricated_metal,Fabricated metal products,1446365
2024-06,machinery,Machinery,1115613
2024-06,computer_electronic,Computer and electronic products,1028131
2024-06,electrical_equipment,"Electrical equipment, appliances, and components",420205
2024-06,motor_vehicles,"Motor vehicles, bodies and trailers, and parts",1014031
2024-06,other_transport_equipment,Other transportation equipment,780113
2024-06,furniture,Furniture and related products,347172
2024-06,misc_manufacturing,Miscellaneous manufacturing,617154
2024-06,food_beverage_tobacco,Food and beverage and tobacco products,2120757
2024-06,textiles,Textile mills and textile product mills,183571
2024-06,apparel_leather,Apparel and leather and allied products,108348
2024-06,paper,Paper products,355663
2024-06,printing,Printing and related support activities,356684
2024-06,petroleum_coal,Petroleum and coal products,112510
2024-06,chemicals,Chemical products,898081
2024-06,plastics_rubber,Plastics and rubber products,725214
2024-06,wholesale,Wholesale trade,6139518
2024-06,retail,Retail trade,15485063
2024-06,air_transport,Air transportation,567964
2024-06,rail_transport,Rail transportation,597
2024-06,water_transport,Water transportation,69379
2024-06,truck_transport,Truck transportation,1521099
2024-06,transit_ground,Transit and ground passenger transportation,523559
2024-06,pipeline,Pipeline transportation,55434
2024-06,other_transport_support,Other transportation and support activities,854349
2024-06,warehousing,Warehousing and storage,1843215
2024-06,information,Information,2912547
2024-06,credit_intermediation,"Federal Reserve banks, credit intermediation, and related activities",2590996
2024-06,securities,"Securities, commodity contracts, and investments",1087252
2024-06,insurance,Insurance carriers and related activities,2599110
2024-06,funds_trusts,"Funds, trusts, and other financial vehicles",31133
2024-06,real_estate,Real estate,1821168
2024-06,rental_leasing,Rental and leasing services and lessors of intangible assets,612976
2024-06,legal,Legal services,1207209
2024-06,computer_systems,Computer systems design and related services,2415958
2024-06,misc_professional,"Miscellaneous professional, scientific, and technical services",7146689
2024-06,management_companies,Management of companies and enterprises,2629020
2024-06,admin_support,Administrative and support services,8687211
2024-06,waste_remediation,Waste management and remediation services,512441
2024-06,education,Educational services,3087981
2024-06,ambulatory_health,Ambulatory health care services,8727786
2024-06,hospitals_nursing,"Hospitals, nursing and residential care facilities",8774698
2024-06,social_assistance,Social assistance,4664416
2024-06,performing_arts_museums,"Performing arts, spectator sports, museums, and related activities",794644
2024-06,amusement_recreation,"Amusements, gambling, and recreation industries",2107914
2024-06,accommodation,Accommodation,2014520
2024-06,food_services,Food services and drinking places,12449710
2024-06,other_services,"Other services, except government",4739715
2024-07,oil_gas_extraction,Oil and gas extraction,122214
2024-07,mining_except_oil_gas,"Mining, except oil and gas",194923
2024-07,support_mining,Support activities for mining,273728
2024-07,utilities,Utilities,592395
2024-07,construction,Construction,8341292
2024-07,wood_products,Wood products,413133
2024-07,nonmetallic_mineral,Nonmetallic mineral products,420706
2024-07,primary_metals,Primary metals,370134
2024-07,fabricated_metal,Fabricated metal products,1441909
2024-07,machinery,Machinery,1111042
2024-07,computer_electronic,Computer and electronic products,1028436
2024-07,electrical_equipment,"Electrical equipment, appliances, and components",421711
2024-07,motor_vehicles,"Motor vehicles, bodies and trailers, and parts",979336
2024-07,other_transport_equipment,Other transportation equipment,781763
2024-07,furniture,Furniture and related products,345390
2024-07,misc_manufacturing,Miscellaneous manufacturing,616031
2024-07,food_beverage_tobacco,Food and beverage and tobacco products,2133666
2024-07,textiles,Textile mills and textile product mills,181241
2024-07,apparel_leather,Apparel and leather and allied products,107322
2024-07,paper,Paper products,355041
2024-07,printing,Printing and related support activities,355209
2024-07,petroleum_coal,Petroleum and coal products,112486
2024-07,chemicals,Chemical products,898837
2024-07,plastics_rubber,Plastics and rubber products,720375
2024-07,wholesale,Wholesale trade,6137656
2024-07,retail,Retail trade,15462645
2024-07,air_transport,Air transportation,568512
2024-07,rail_transport,Rail transportation,615
2024-07,water_transport,Water transportation,70107
2024-07,truck_transport,Truck transportation,1519049
2024-07,transit_ground,Transit and ground passenger transportation,470981
2024-07,pipeline,Pipeline transportation,55473
2024-07,other_transport_support,Other transportation and support activities,854763
2024-07,warehousing,Warehousing and storage,1875326
2024-07,information,Information,2907041
2024-07,credit_intermediation,"Federal Reserve banks, credit intermediation, and related activities",2589419
2024-07,securities,"Securities, commodity contracts, and investments",1102934
2024-07,insurance,Insurance carriers and related activities,2607836
2024-07,funds_trusts,"Funds, trusts, and other financial vehicles",31665
2024-07,real_estate,Real estate,1830600
2024-07,rental_leasing,Rental and leasing services and lessors of intangible assets,610726
2024-07,legal,Legal services,1212304
2024-07,computer_systems,Computer systems design and related services,2453343
2024-07,misc_professional,"Miscellaneous professional, scientific, and technical services",7182633
2024-07,management_companies,Management of companies and enterprises,2632633
2024-07,admin_support,Administrative and support services,8566309
2024-07,waste_remediation,Waste management and remediation services,513777
2024-07,education,Educational services,2944740
2024-07,ambulatory_health,Ambulatory health care services,8770280
2024-07,hospitals_nursing,"Hospitals, nursing and residential care facilities",8803371
2024-07,social_assistance,Social assistance,4695144
2024-07,performing_arts_museums,"Performing arts, spectator sports, museums, and related activities",776696
2024-07,amusement_recreation,"Amusements, gambling, and recreation industries",2143075
2024-07,accommodation,Accommodation,2038319
2024-07,food_services,Food services and drinking places,12351412
2024-07,other_services,"Other services, except government",4730304
2024-08,oil_gas_extraction,Oil and gas extraction,121913
2024-08,mining_except_oil_gas,"Mining, except oil and gas",194190
2024-08,support_mining,Support activities for mining,273677
2024-08,utilities,Utilities,590896
2024-08,construction,Construction,8358655
2024-08,wood_products,Wood products,412112
2024-08,nonmetallic_mineral,Nonmetallic mineral products,420332
2024-08,primary_metals,Primary metals,368607
2024-08,fabricated_metal,Fabricated metal products,1437299
2024-08,machinery,Machinery,1105485
2024-08,computer_electronic,Computer and electronic products,1021080
2024-08,electrical_equipment,"Electrical equipment, appliances, and components",421562
2024-08,motor_vehicles,"Motor vehicles, bodies and trailers, and parts",995284
2024-08,other_transport_equipment,Other transportation equipment,776482
2024-08,furniture,Furniture and related products,343232
2024-08,misc_manufacturing,Miscellaneous manufacturing,611999
2024-08,food_beverage_tobacco,Food and beverage and tobacco products,2138897
2024-08,textiles,Textile mills and textile product mills,181084
2024-08,apparel_leather,Apparel and leather and allied products,107022
2024-08,paper,Paper products,353808
2024-08,printing,Printing and related support activities,354521
2024-08,petroleum_coal,Petroleum and coal products,112278
2024-08,chemicals,Chemical products,896089
2024-08,plastics_rubber,Plastics and rubber products,719250
2024-08,wholesale,Wholesale trade,6122172
2024-08,retail,Retail trade,15464610
2024-08,air_transport,Air transportation,567325
2024-08,rail_transport,Rail transportation,610
2024-08,water_transport,Water transportation,70062
2024-08,truck_transport,Truck transportation,1522308
2024-08,transit_ground,Transit and ground passenger transportation,488775
2024-08,pipeline,Pipeline transportation,55177
2024-08,other_transport_support,Other transportation and support activities,856352
2024-08,warehousing,Warehousing and storage,1866276
2024-08,information,Information,2908325
2024-08,credit_intermediation,"Federal Reserve banks, credit intermediation, and related activities",2581812
2024-08,securities,"Securities, commodity contracts, and investments",1100204
2024-08,insurance,Insurance carriers and related activities,2603709
2024-08,funds_trusts,"Funds, trusts, and other financial vehicles",31546
2024-08,real_estate,Real estate,1827662
2024-08,rental_leasing,Rental and leasing services and lessors of intangible assets,607889
2024-08,legal,Legal services,1198163
2024-08,computer_systems,Computer systems design and related services,2449527
2024-08,misc_professional,"Miscellaneous professional, scientific, and technical services",7163841
2024-08,management_companies,Management of companies and enterprises,2623248
2024-08,admin_support,Administrative and support services,8673432
2024-08,waste_remediation,Waste management and remediation services,514695
2024-08,education,Educational services,3022825
2024-08,ambulatory_health,Ambulatory health care services,8809805
2024-08,hospitals_nursing,"Hospitals, nursing and residential care facilities",8830184
2024-08,social_assistance,Social assistance,4707208
2024-08,performing_arts_museums,"Performing arts, spectator sports, museums, and related activities",784056
2024-08,amusement_recreation,"Amusements, gambling, and recreation industries",2065433
2024-08,accommodation,Accommodation,2007623
2024-08,food_services,Food services and drinking places,12382324
2024-08,other_services,"Other services, except government",4708055
2024-09,oil_gas_extraction,Oil and gas extraction,121347
2024-09,mining_except_oil_gas,"Mining, except oil and gas",192542
2024-09,support_mining,Support activities for mining,273357
2024-09,utilities,Utilities,589111
2024-09,construction,Construction,8305947
2024-09,wood_products,Wood products,410929
2024-09,nonmetallic_mineral,Nonmetallic mineral products,419484
2024-09,primary_metals,Primary metals,366893
2024-09,fabricated_metal,Fabricated metal products,1432511
2024-09,machinery,Machinery,1099322
2024-09,computer_electronic,Computer and electronic products,1013787
2024-09,electrical_equipment,"Electrical equipment, appliances, and components",420783
2024-09,motor_vehicles,"Motor vehicles, bodies and trailers, and parts",993746
2024-09,other_transport_equipment,Other transportation equipment,774791
2024-09,furniture,Furniture and related products,340540
2024-09,misc_manufacturing,Miscellaneous manufacturing,609627
2024-09,food_beverage_tobacco,Food and beverage and tobacco products,2136854
2024-09,textiles,Textile mills and textile product mills,180370
2024-09,apparel_leather,Apparel and leather and allied products,106572
2024-09,paper,Paper products,353663
2024-09,printing,Printing and related support activities,353199
2024-09,petroleum_coal,Petroleum and coal products,111881
2024-09,chemicals,Chemical products,893236
2024-09,plastics_rubber,Plastics and rubber products,717077
2024-09,wholesale,Wholesale trade,6101563
2024-09,retail,Retail trade,15369834
2024-09,air_transport,Air transportation,565373
2024-09,rail_transport,Rail transportation,612
2024-09,water_transport,Water transportation,68982
2024-09,truck_transport,Truck transportation,1515662
2024-09,transit_ground,Transit and ground passenger transportation,563777
2024-09,pipeline,Pipeline transportation,54943
2024-09,other_transport_support,Other transportation and support activities,856136
2024-09,warehousing,Warehousing and storage,1874701
2024-09,information,Information,2887757
2024-09,credit_intermediation,"Federal Reserve banks, credit intermediation, and related activities",2570570
2024-09,securities,"Securities, commodity contracts, and investments",1080986
2024-09,insurance,Insurance carriers and related activities,2596144
2024-09,funds_trusts,"Funds, trusts, and other financial vehicles",31526
2024-09,real_estate,Real estate,1810417
2024-09,rental_leasing,Rental and leasing services and lessors of intangible assets,602302
2024-09,legal,Legal services,1193479
2024-09,computer_systems,Computer systems design and related services,2412867
2024-09,misc_professional,"Miscellaneous professional, scientific, and technical services",7100799
2024-09,management_companies,Management of companies and enterprises,2612565
2024-09,admin_support,Administrative and support services,8729649
2024-09,waste_remediation,Waste management and remediation services,513056
2024-09,education,Educational services,3212237
2024-09,ambulatory_health,Ambulatory health care services,8806881
2024-09,hospitals_nursing,"Hospitals, nursing and residential care facilities",8834615
2024-09,social_assistance,Social assistance,4689037
2024-09,performing_arts_museums,"Performing arts, spectator sports, museums, and related activities",784206
2024-09,amusement_recreation,"Amusements, gambling, and recreation industries",1882100
2024-09,accommodation,Accommodation,1952142
2024-09,food_services,Food services and drinking places,12203375
2024-09,other_services,"Other services, except government",4662700
2024-10,oil_gas_extraction,Oil and gas extraction,120717
2024-10,mining_except_oil_gas,"Mining, except oil and gas",191287
2024-10,support_mining,Support activities for mining,273200
2024-10,utilities,Utilities,591607
2024-10,construction,Construction,8297029
2024-10,wood_products,Wood products,409209
2024-10,nonmetallic_mineral,Nonmetallic mineral products,418096
2024-10,primary_metals,Primary metals,365106
2024-10,fabricated_metal,Fabricated metal products,1429133
2024-10,machinery,Machinery,1095330
2024-10,computer_electronic,Computer and electronic products,1013348
2024-10,electrical_equipment,"Electrical equipment, appliances, and components",421649
2024-10,motor_vehicles,"Motor vehicles, bodies and trailers, and parts",967173
2024-10,other_transport_equipment,Other transportation equipment,736741
2024-10,furniture,Furniture and related products,339119
2024-10,misc_manufacturing,Miscellaneous manufacturing,607512
2024-10,food_beverage_tobacco,Food and beverage and tobacco products,2120965
2024-10,textiles,Textile mills and textile product mills,179262
2024-10,apparel_leather,Apparel and leather and allied products,106463
2024-10,paper,Paper products,352865
2024-10,printing,Printing and related support activities,353911
2024-10,petroleum_coal,Petroleum and coal products,111169
2024-10,chemicals,Chemical products,890562
2024-10,plastics_rubber,Plastics and rubber products,713005
2024-10,wholesale,Wholesale trade,6108121
2024-10,retail,Retail trade,15476981
2024-10,air_transport,Air transportation,562853
2024-10,rail_transport,Rail transportation,650
2024-10,water_transport,Water transportation,68787
2024-10,truck_transport,Truck transportation,1511228
2024-10,transit_ground,Transit and ground passenger transportation,573183
2024-10,pipeline,Pipeline transportation,54976
2024-10,other_transport_support,Other transportation and support activities,853720
2024-10,warehousing,Warehousing and storage,1913720
2024-10,information,Information,2867245
2024-10,credit_intermediation,"Federal Reserve banks, credit intermediation, and related activities",2571142
2024-10,securities,"Securities, commodity contracts, and investments",1089300
2024-10,insurance,Insurance carriers and related activities,2603220
2024-10,funds_trusts,"Funds, trusts, and other financial vehicles",32353
2024-10,real_estate,Real estate,1830462
2024-10,rental_leasing,Rental and leasing services and lessors of intangible assets,597080
2024-10,legal,Legal services,1205773
2024-10,computer_systems,Computer systems design and related services,2441848
2024-10,misc_professional,"Miscellaneous professional, scientific, and technical services",7168386
2024-10,management_companies,Management of companies and enterprises,2610503
2024-10,admin_support,Administrative and support services,8755032
2024-10,waste_remediation,Waste management and remediation services,513663
2024-10,education,Educational services,3314402
2024-10,ambulatory_health,Ambulatory health care services,8911989
2024-10,hospitals_nursing,"Hospitals, nursing and residential care facilities",8837460
2024-10,social_assistance,Social assistance,4753599
2024-10,performing_arts_museums,"Performing arts, spectator sports, museums, and related activities",779344
2024-10,amusement_recreation,"Amusements, gambling, and recreation industries",1825412
2024-10,accommodation,Accommodation,1904142
2024-10,food_services,Food services and drinking places,12133434
2024-10,other_services,"Other services, except government",4695737
2024-11,oil_gas_extraction,Oil and gas extraction,120579
2024-11,mining_except_oil_gas,"Mining, except oil and gas",189184
2024-11,support_mining,Support activities for mining,270715
2024-11,utilities,Utilities,591978
2024-11,construction,Construction,8238780
2024-11,wood_products,Wood products,407745
2024-11,nonmetallic_mineral,Nonmetallic mineral products,417175
2024-11,primary_metals,Primary metals,364764
2024-11,fabricated_metal,Fabricated metal products,1428847
2024-11,machinery,Machinery,1095189
2024-11,computer_electronic,Computer and electronic products,1009249
2024-11,electrical_equipment,"Electrical equipment, appliances, and components",423490
2024-11,motor_vehicles,"Motor vehicles, bodies and trailers, and parts",978567
2024-11,other_transport_equipment,Other transportation equipment,772883
2024-11,furniture,Furniture and related products,338755
2024-11,misc_manufacturing,Miscellaneous manufacturing,609116
2024-11,food_beverage_tobacco,Food and beverage and tobacco products,2106499
2024-11,textiles,Textile mills and textile product mills,179448
2024-11,apparel_leather,Apparel and leather and allied products,106379
2024-11,paper,Paper products,353566
2024-11,printing,Printing and related support activities,354711
2024-11,petroleum_coal,Petroleum and coal products,110339
2024-11,chemicals,Chemical products,892052
2024-11,plastics_rubber,Plastics and rubber products,712060
2024-11,wholesale,Wholesale trade,6109200
2024-11,retail,Retail trade,15766095
2024-11,air_transport,Air transportation,564690
2024-11,rail_transport,Rail transportation,636
2024-11,water_transport,Water transportation,67854
2024-11,truck_transport,Truck transportation,1511386
2024-11,transit_ground,Transit and ground passenger transportation,574539
2024-11,pipeline,Pipeline transportation,54813
2024-11,other_transport_support,Other transportation and support activities,855362
2024-11,warehousing,Warehousing and storage,2017225
2024-11,information,Information,2897401
2024-11,credit_intermediation,"Federal Reserve banks, credit intermediation, and related activities",2577409
2024-11,securities,"Securities, commodity contracts, and investments",1091426
2024-11,insurance,Insurance carriers and related activities,2607366
2024-11,funds_trusts,"Funds, trusts, and other financial vehicles",32592
2024-11,real_estate,Real estate,1829130
2024-11,rental_leasing,Rental and leasing services and lessors of intangible assets,589265
2024-11,legal,Legal services,1212831
2024-11,computer_systems,Computer systems design and related services,2440186
2024-11,misc_professional,"Miscellaneous professional, scientific, and technical services",7184790
2024-11,management_companies,Management of companies and enterprises,2616880
2024-11,admin_support,Administrative and support services,8733513
2024-11,waste_remediation,Waste management and remediation services,513198
2024-11,education,Educational services,3342519
2024-11,ambulatory_health,Ambulatory health care services,8959018
2024-11,hospitals_nursing,"Hospitals, nursing and residential care facilities",8899278
2024-11,social_assistance,Social assistance,4776577
2024-11,performing_arts_museums,"Performing arts, spectator sports, museums, and related activities",750627
2024-11,amusement_recreation,"Amusements, gambling, and recreation industries",1742449
2024-11,accommodation,Accommodation,1868709
2024-11,food_services,Food services and drinking places,12123129
2024-11,other_services,"Other services, except government",4686054
2024-12,oil_gas_extraction,Oil and gas extraction,120688
2024-12,mining_except_oil_gas,"Mining, except oil and gas",187131
2024-12,support_mining,Support activities for mining,269481
2024-12,utilities,Utilities,592815
2024-12,construction,Construction,8117805
2024-12,wood_products,Wood products,407366
2024-12,nonmetallic_mineral,Nonmetallic mineral products,414982
2024-12,primary_metals,Primary metals,365145
2024-12,fabricated_metal,Fabricated metal products,1429303
2024-12,machinery,Machinery,1097460
2024-12,computer_electronic,Computer and electronic products,1011147
2024-12,electrical_equipment,"Electrical equipment, appliances, and components",425310
2024-12,motor_vehicles,"Motor vehicles, bodies and trailers, and parts",978441
2024-12,other_transport_equipment,Other transportation equipment,773502
2024-12,furniture,Furniture and related products,338012
2024-12,misc_manufacturing,Miscellaneous manufacturing,609732
2024-12,food_beverage_tobacco,Food and beverage and tobacco products,2101803
2024-12,textiles,Textile mills and textile product mills,179480
2024-12,apparel_leather,Apparel and leather and allied products,106282
2024-12,paper,Paper products,354098
2024-12,printing,Printing and related support activities,353651
2024-12,petroleum_coal,Petroleum and coal products,109422
2024-12,chemicals,Chemical products,893479
2024-12,plastics_rubber,Plastics and rubber products,713338
2024-12,wholesale,Wholesale trade,6109527
2024-12,retail,Retail trade,15862812
2024-12,air_transport,Air transportation,563412
2024-12,rail_transport,Rail transportation,633
2024-12,water_transport,Water transportation,67337
2024-12,truck_transport,Truck transportation,1502787
2024-12,transit_ground,Transit and ground passenger transportation,575438
2024-12,pipeline,Pipeline transportation,54961
2024-12,other_transport_support,Other transportation and support activities,858193
2024-12,warehousing,Warehousing and storage,2017504
2024-12,information,Information,2883121
2024-12,credit_intermediation,"Federal Reserve banks, credit intermediation, and related activities",2574662
2024-12,securities,"Securities, commodity contracts, and investments",1090156
2024-12,insurance,Insurance carriers and related activities,2602348
2024-12,funds_trusts,"Funds, trusts, and other financial vehicles",32961
2024-12,real_estate,Real estate,1835621
2024-12,rental_leasing,Rental and leasing services and lessors of intangible assets,586803
2024-12,legal,Legal services,1214140
2024-12,computer_systems,Computer systems design and related services,2412541
2024-12,misc_professional,"Miscellaneous professional, scientific, and technical services",7194207
2024-12,management_companies,Management of companies and enterprises,2621058
2024-12,admin_support,Administrative and support services,8575168
2024-12,waste_remediation,Waste management and remediation services,511992
2024-12,education,Educational services,3289614
2024-12,ambulatory_health,Ambulatory health care services,8966070
2024-12,hospitals_nursing,"Hospitals, nursing and residential care facilities",8923234
2024-12,social_assistance,Social assistance,4775580
2024-12,performing_arts_museums,"Performing arts, spectator sports, museums, and related activities",733914
2024-12,amusement_recreation,"Amusements, gambling, and recreation industries",1751968
2024-12,accommodation,Accommodation,1869105
2024-12,food_services,Food services and drinking places,12147911
2024-12,other_services,"Other services, except government",4665072
2025-01,oil_gas_extraction,Oil and gas extraction,119024
2025-01,mining_except_oil_gas,"Mining, except oil and gas",183441
2025-01,support_mining,Support activities for mining,267009
2025-01,utilities,Utilities,592780
2025-01,construction,Construction,7849272
2025-01,wood_products,Wood products,403679
2025-01,nonmetallic_mineral,Nonmetallic mineral products,406332
2025-01,primary_metals,Primary metals,362053
2025-01,fabricated_metal,Fabricated metal products,1425825
2025-01,machinery,Machinery,1092216
2025-01,computer_electronic,Computer and electronic products,1001507
2025-01,electrical_equipment,"Electrical equipment, appliances, and components",424593
2025-01,motor_vehicles,"Motor vehicles, bodies and trailers, and parts",963100
2025-01,other_transport_equipment,Other transportation equipment,771927
2025-01,furniture,Furniture and related products,336252
2025-01,misc_manufacturing,Miscellaneous manufacturing,611769
2025-01,food_beverage_tobacco,Food and beverage and tobacco products,2079586
2025-01,textiles,Textile mills and textile product mills,176616
2025-01,apparel_leather,Apparel and leather and allied products,103471
2025-01,paper,Paper products,354925
2025-01,printing,Printing and related support activities,347696
2025-01,petroleum_coal,Petroleum and coal products,107130
2025-01,chemicals,Chemical products,894017
2025-01,plastics_rubber,Plastics and rubber products,705262
2025-01,wholesale,Wholesale trade,6023691
2025-01,retail,Retail trade,15362043
2025-01,air_transport,Air transportation,566395
2025-01,rail_transport,Rail transportation,652
2025-01,water_transport,Water transportation,65716
2025-01,truck_transport,Truck transportation,1465779
2025-01,transit_ground,Transit and ground passenger transportation,567658
2025-01,pipeline,Pipeline transportation,55561
2025-01,other_transport_support,Other transportation and support activities,841564
2025-01,warehousing,Warehousing and storage,1947787
2025-01,information,Information,2846481
2025-01,credit_intermediation,"Federal Reserve banks, credit intermediation, and related activities",2578252
2025-01,securities,"Securities, commodity contracts, and investments",1087115
2025-01,insurance,Insurance carriers and related activities,2595202
2025-01,funds_trusts,"Funds, trusts, and other financial vehicles",32822
2025-01,real_estate,Real estate,1789414
2025-01,rental_leasing,Rental and leasing services and lessors of intangible assets,575066
2025-01,legal,Legal services,1198946
2025-01,computer_systems,Computer systems design and related services,2419840
2025-01,misc_professional,"Miscellaneous professional, scientific, and technical services",7104528
2025-01,management_companies,Management of companies and enterprises,2598413
2025-01,admin_support,Administrative and support services,8213269
2025-01,waste_remediation,Waste management and remediation services,508063
2025-01,education,Educational services,3210205
2025-01,ambulatory_health,Ambulatory health care services,8948626
2025-01,hospitals_nursing,"Hospitals, nursing and residential care facilities",8882313
2025-01,social_assistance,Social assistance,4825879
2025-01,performing_arts_museums,"Performing arts, spectator sports, museums, and related activities",671295
2025-01,amusement_recreation,"Amusements, gambling, and recreation industries",1705216
2025-01,accommodation,Accommodation,1830062
2025-01,food_services,Food services and drinking places,11819263
2025-01,other_services,"Other services, except government",4594721
2025-02,oil_gas_extraction,Oil and gas extraction,118295
2025-02,mining_except_oil_gas,"Mining, except oil and gas",183157
2025-02,support_mining,Support activities for mining,270009
2025-02,utilities,Utilities,596718
2025-02,construction,Construction,7905596
2025-02,wood_products,Wood products,404357
2025-02,nonmetallic_mineral,Nonmetallic mineral products,406050
2025-02,primary_metals,Primary metals,363331
2025-02,fabricated_metal,Fabricated metal products,1428256
2025-02,machinery,Machinery,1092616
2025-02,computer_electronic,Computer and electronic products,1002362
2025-02,electrical_equipment,"Electrical equipment, appliances, and components",426923
2025-02,motor_vehicles,"Motor vehicles, bodies and trailers, and parts",983814
2025-02,other_transport_equipment,Other transportation equipment,774889
2025-02,furniture,Furniture and related products,336444
2025-02,misc_manufacturing,Miscellaneous manufacturing,611706
2025-02,food_beverage_tobacco,Food and beverage and tobacco products,2083917
2025-02,textiles,Textile mills and textile product mills,176439
2025-02,apparel_leather,Apparel and leather and allied products,103513
2025-02,paper,Paper products,355053
2025-02,printing,Printing and related support activities,346838
2025-02,petroleum_coal,Petroleum and coal products,107705
2025-02,chemicals,Chemical products,896510
2025-02,plastics_rubber,Plastics and rubber products,707176
2025-02,wholesale,Wholesale trade,6027991
2025-02,retail,Retail trade,15244506
2025-02,air_transport,Air transportation,566403
2025-02,rail_transport,Rail transportation,657
2025-02,water_transport,Water transportation,65845
2025-02,truck_transport,Truck transportation,1462617
2025-02,transit_ground,Transit and ground passenger transportation,571813
2025-02,pipeline,Pipeline transportation,55762
2025-02,other_transport_support,Other transportation and support activities,839070
2025-02,warehousing,Warehousing and storage,1895810
2025-02,information,Information,2874556
2025-02,credit_intermediation,"Federal Reserve banks, credit intermediation, and related activities",2578632
2025-02,securities,"Securities, commodity contracts, and investments",1089874
2025-02,insurance,Insurance carriers and related activities,2596639
2025-02,funds_trusts,"Funds, trusts, and other financial vehicles",33074
2025-02,real_estate,Real estate,1794686
2025-02,rental_leasing,Rental and leasing services and lessors of intangible assets,577233
2025-02,legal,Legal services,1204056
2025-02,computer_systems,Computer systems design and related services,2415665
2025-02,misc_professional,"Miscellaneous professional, scientific, and technical services",7161616
2025-02,management_companies,Management of companies and enterprises,2596367
2025-02,admin_support,Administrative and support services,8284762
2025-02,waste_remediation,Waste management and remediation services,509493
2025-02,education,Educational services,3342444
2025-02,ambulatory_health,Ambulatory health care services,8986276
2025-02,hospitals_nursing,"Hospitals, nursing and residential care facilities",8898121
2025-02,social_assistance,Social assistance,4836091
2025-02,performing_arts_museums,"Performing arts, spectator sports, museums, and related activities",696521
2025-02,amusement_recreation,"Amusements, gambling, and recreation industries",1712765
2025-02,accommodation,Accommodation,1844332
2025-02,food_services,Food services and drinking places,11876170
2025-02,other_services,"Other services, except government",4618591
2025-03,oil_gas_extraction,Oil and gas extraction,117791
2025-03,mining_except_oil_gas,"Mining, except oil and gas",185479
2025-03,support_mining,Support activities for mining,269546
2025-03,utilities,Utilities,598212
2025-03,construction,Construction,8031682
2025-03,wood_products,Wood products,404320
2025-03,nonmetallic_mineral,Nonmetallic mineral products,409690
2025-03,primary_metals,Primary metals,363642
2025-03,fabricated_metal,Fabricated metal products,1429751
2025-03,machinery,Machinery,1091666
2025-03,computer_electronic,Computer and electronic products,999759
2025-03,electrical_equipment,"Electrical equipment, appliances, and components",428237
2025-03,motor_vehicles,"Motor vehicles, bodies and trailers, and parts",984441
2025-03,other_transport_equipment,Other transportation equipment,769460
2025-03,furniture,Furniture and related products,335953
2025-03,misc_manufacturing,Miscellaneous manufacturing,611664
2025-03,food_beverage_tobacco,Food and beverage and tobacco products,2087827
2025-03,textiles,Textile mills and textile product mills,176561
2025-03,apparel_leather,Apparel and leather and allied products,103212
2025-03,paper,Paper products,354208
2025-03,printing,Printing and related support activities,345767
2025-03,petroleum_coal,Petroleum and coal products,109118
2025-03,chemicals,Chemical products,898708
2025-03,plastics_rubber,Plastics and rubber products,706337
2025-03,wholesale,Wholesale trade,6028642
2025-03,retail,Retail trade,15275414
2025-03,air_transport,Air transportation,566244
2025-03,rail_transport,Rail transportation,650
2025-03,water_transport,Water transportation,66900
2025-03,truck_transport,Truck transportation,1465456
2025-03,transit_ground,Transit and ground passenger transportation,574027
2025-03,pipeline,Pipeline transportation,55508
2025-03,other_transport_support,Other transportation and support activities,843527
2025-03,warehousing,Warehousing and storage,1867765
2025-03,information,Information,2852233
2025-03,credit_intermediation,"Federal Reserve banks, credit intermediation, and related activities",2579354
2025-03,securities,"Securities, commodity contracts, and investments",1087402
2025-03,insurance,Insurance carriers and related activities,2592542
2025-03,funds_trusts,"Funds, trusts, and other financial vehicles",32979
2025-03,real_estate,Real estate,1794744
2025-03,rental_leasing,Rental and leasing services and lessors of intangible assets,579982
2025-03,legal,Legal services,1204247
2025-03,computer_systems,Computer systems design and related services,2385381
2025-03,misc_professional,"Miscellaneous professional, scientific, and technical services",7153377
2025-03,management_companies,Management of companies and enterprises,2598856
2025-03,admin_support,Administrative and support services,8323472
2025-03,waste_remediation,Waste management and remediation services,511759
2025-03,education,Educational services,3330930
2025-03,ambulatory_health,Ambulatory health care services,8978121
2025-03,hospitals_nursing,"Hospitals, nursing and residential care facilities",8929559
2025-03,social_assistance,Social assistance,4849657
2025-03,performing_arts_museums,"Performing arts, spectator sports, museums, and related activities",735581
2025-03,amusement_recreation,"Amusements, gambling, and recreation industries",1766442
2025-03,accommodation,Accommodation,1867672
2025-03,food_services,Food services and drinking places,12014980
2025-03,other_services,"Other services, except government",4644032
2025-04,oil_gas_extraction,Oil and gas extraction,117389
2025-04,mining_except_oil_gas,"Mining, except oil and gas",188698
2025-04,support_mining,Support activities for mining,271419
2025-04,utilities,Utilities,597900
2025-04,construction,Construction,8191704
2025-04,wood_products,Wood products,404583
2025-04,nonmetallic_mineral,Nonmetallic mineral products,413950
2025-04,primary_metals,Primary metals,362297
2025-04,fabricated_metal,Fabricated metal products,1427489
2025-04,machinery,Machinery,1089051
2025-04,computer_electronic,Computer and electronic products,998830
2025-04,electrical_equipment,"Electrical equipment, appliances, and components",429945
2025-04,motor_vehicles,"Motor vehicles, bodies and trailers, and parts",979906
2025-04,other_transport_equipment,Other transportation equipment,765758
2025-04,furniture,Furniture and related products,335104
2025-04,misc_manufacturing,Miscellaneous manufacturing,612131
2025-04,food_beverage_tobacco,Food and beverage and tobacco products,2090408
2025-04,textiles,Textile mills and textile product mills,175646
2025-04,apparel_leather,Apparel and leather and allied products,103248
2025-04,paper,Paper products,353470
2025-04,printing,Printing and related support activities,345803
2025-04,petroleum_coal,Petroleum and coal products,109566
2025-04,chemicals,Chemical products,894491
2025-04,plastics_rubber,Plastics and rubber products,704758
2025-04,wholesale,Wholesale trade,6047045
2025-04,retail,Retail trade,15287974
2025-04,air_transport,Air transportation,571151
2025-04,rail_transport,Rail transportation,661
2025-04,water_transport,Water transportation,67525
2025-04,truck_transport,Truck transportation,1476782
2025-04,transit_ground,Transit and ground passenger transportation,573365
2025-04,pipeline,Pipeline transportation,56012
2025-04,other_transport_support,Other transportation and support activities,849032
2025-04,warehousing,Warehousing and storage,1853222
2025-04,information,Information,2836516
2025-04,credit_intermediation,"Federal Reserve banks, credit intermediation, and related activities",2578473
2025-04,securities,"Securities, commodity contracts, and investments",1093079
2025-04,insurance,Insurance carriers and related activities,2594733
2025-04,funds_trusts,"Funds, trusts, and other financial vehicles",33153
2025-04,real_estate,Real estate,1804420
2025-04,rental_leasing,Rental and leasing services and lessors of intangible assets,586121
2025-04,legal,Legal services,1208906
2025-04,computer_systems,Computer systems design and related services,2404627
2025-04,misc_professional,"Miscellaneous professional, scientific, and technical services",7178352
2025-04,management_companies,Management of companies and enterprises,2591201
2025-04,admin_support,Administrative and support services,8511581
2025-04,waste_remediation,Waste management and remediation services,515489
2025-04,education,Educational services,3367707
2025-04,ambulatory_health,Ambulatory health care services,8944147
2025-04,hospitals_nursing,"Hospitals, nursing and residential care facilities",8934959
2025-04,social_assistance,Social assistance,4995611
2025-04,performing_arts_museums,"Performing arts, spectator sports, museums, and related activities",768451
2025-04,amusement_recreation,"Amusements, gambling, and recreation industries",1844295
2025-04,accommodation,Accommodation,1883598
2025-04,food_services,Food services and drinking places,12208181
2025-04,other_services,"Other services, except government",4678859
2025-05,oil_gas_extraction,Oil and gas extraction,117130
2025-05,mining_except_oil_gas,"Mining, except oil and gas",190282
2025-05,support_mining,Support activities for mining,269749
2025-05,utilities,Utilities,600697
2025-05,construction,Construction,8332385
2025-05,wood_products,Wood products,404868
2025-05,nonmetallic_mineral,Nonmetallic mineral products,417195
2025-05,primary_metals,Primary metals,362799
2025-05,fabricated_metal,Fabricated metal products,1427074
2025-05,machinery,Machinery,1087899
2025-05,computer_electronic,Computer and electronic products,998120
2025-05,electrical_equipment,"Electrical equipment, appliances, and components",431228
2025-05,motor_vehicles,"Motor vehicles, bodies and trailers, and parts",974139
2025-05,other_transport_equipment,Other transportation equipment,762869
2025-05,furniture,Furniture and related products,335207
2025-05,misc_manufacturing,Miscellaneous manufacturing,611391
2025-05,food_beverage_tobacco,Food and beverage and tobacco products,2100751
2025-05,textiles,Textile mills and textile product mills,175076
2025-05,apparel_leather,Apparel and leather and allied products,102760
2025-05,paper,Paper products,352652
2025-05,printing,Printing and related support activities,345226
2025-05,petroleum_coal,Petroleum and coal products,110991
2025-05,chemicals,Chemical products,894036
2025-05,plastics_rubber,Plastics and rubber products,702914
2025-05,wholesale,Wholesale trade,6054263
2025-05,retail,Retail trade,15344379
2025-05,air_transport,Air transportation,572567
2025-05,rail_transport,Rail transportation,674
2025-05,water_transport,Water transportation,69126
2025-05,truck_transport,Truck transportation,1488057
2025-05,transit_ground,Transit and ground passenger transportation,580653
2025-05,pipeline,Pipeline transportation,56176
2025-05,other_transport_support,Other transportation and support activities,853186
2025-05,warehousing,Warehousing and storage,1859885
2025-05,information,Information,2859403
2025-05,credit_intermediation,"Federal Reserve banks, credit intermediation, and related activities",2578941
2025-05,securities,"Securities, commodity contracts, and investments",1092422
2025-05,insurance,Insurance carriers and related activities,2591315
2025-05,funds_trusts,"Funds, trusts, and other financial vehicles",33432
2025-05,real_estate,Real estate,1815817
2025-05,rental_leasing,Rental and leasing services and lessors of intangible assets,599313
2025-05,legal,Legal services,1214178
2025-05,computer_systems,Computer systems design and related services,2392689
2025-05,misc_professional,"Miscellaneous professional, scientific, and technical services",7097976
2025-05,management_companies,Management of companies and enterprises,2596683
2025-05,admin_support,Administrative and support services,8639130
2025-05,waste_remediation,Waste management and remediation services,518502
2025-05,education,Educational services,3306781
2025-05,ambulatory_health,Ambulatory health care services,8975796
2025-05,hospitals_nursing,"Hospitals, nursing and residential care facilities",8958781
2025-05,social_assistance,Social assistance,5011586
2025-05,performing_arts_museums,"Performing arts, spectator sports, museums, and related activities",797589
2025-05,amusement_recreation,"Amusements, gambling, and recreation industries",1994405
2025-05,accommodation,Accommodation,1940551
2025-05,food_services,Food services and drinking places,12426104
2025-05,other_services,"Other services, except government",4714403
2025-06,oil_gas_extraction,Oil and gas extraction,117237
2025-06,mining_except_oil_gas,"Mining, except oil and gas",190952
2025-06,support_mining,Support activities for mining,267210
2025-06,utilities,Utilities,604168
2025-06,construction,Construction,8427694
2025-06,wood_products,Wood products,405627
2025-06,nonmetallic_mineral,Nonmetallic mineral products,419464
2025-06,primary_metals,Primary metals,363482
2025-06,fabricated_metal,Fabricated metal products,1430257
2025-06,machinery,Machinery,1093321
2025-06,computer_electronic,Computer and electronic products,1005716
2025-06,electrical_equipment,"Electrical equipment, appliances, and components",434659
2025-06,motor_vehicles,"Motor vehicles, bodies and trailers, and parts",974636
2025-06,other_transport_equipment,Other transportation equipment,770904
2025-06,furniture,Furniture and related products,335868
2025-06,misc_manufacturing,Miscellaneous manufacturing,612666
2025-06,food_beverage_tobacco,Food and beverage and tobacco products,2121065
2025-06,textiles,Textile mills and textile product mills,175025
2025-06,apparel_leather,Apparel and leather and allied products,102329
2025-06,paper,Paper products,353949
2025-06,printing,Printing and related support activities,344840
2025-06,petroleum_coal,Petroleum and coal products,111634
2025-06,chemicals,Chemical products,897353
2025-06,plastics_rubber,Plastics and rubber products,703766
2025-06,wholesale,Wholesale trade,6057142
2025-06,retail,Retail trade,15370527
2025-06,air_transport,Air transportation,572519
2025-06,rail_transport,Rail transportation,676
2025-06,water_transport,Water transportation,69760
2025-06,truck_transport,Truck transportation,1491280
2025-06,transit_ground,Transit and ground passenger transportation,546746
2025-06,pipeline,Pipeline transportation,56605
2025-06,other_transport_support,Other transportation and support activities,855017
2025-06,warehousing,Warehousing and storage,1873803
2025-06,information,Information,2856405
2025-06,credit_intermediation,"Federal Reserve banks, credit intermediation, and related activities",2590575
2025-06,securities,"Securities, commodity contracts, and investments",1108997
2025-06,insurance,Insurance carriers and related activities,2596109
2025-06,funds_trusts,"Funds, trusts, and other financial vehicles",33439
2025-06,real_estate,Real estate,1827537
2025-06,rental_leasing,Rental and leasing services and lessors of intangible assets,608425
2025-06,legal,Legal services,1233434
2025-06,computer_systems,Computer systems design and related services,2368173
2025-06,misc_professional,"Miscellaneous professional, scientific, and technical services",7132246
2025-06,management_companies,Management of companies and enterprises,2617751
2025-06,admin_support,Administrative and support services,8546450
2025-06,waste_remediation,Waste management and remediation services,522652
2025-06,education,Educational services,3100494
2025-06,ambulatory_health,Ambulatory health care services,8946619
2025-06,hospitals_nursing,"Hospitals, nursing and residential care facilities",9000825
2025-06,social_assistance,Social assistance,5003016
2025-06,performing_arts_museums,"Performing arts, spectator sports, museums, and related activities",794552
2025-06,amusement_recreation,"Amusements, gambling, and recreation industries",2154424
2025-06,accommodation,Accommodation,2009463
2025-06,food_services,Food services and drinking places,12452964
2025-06,other_services,"Other services, except government",4743750
2025-07,oil_gas_extraction,Oil and gas extraction,117657
2025-07,mining_except_oil_gas,"Mining, except oil and gas",191342
2025-07,support_mining,Support activities for mining,266166
2025-07,utilities,Utilities,606745
2025-07,construction,Construction,8454294
2025-07,wood_products,Wood products,403563
2025-07,nonmetallic_mineral,Nonmetallic mineral products,418459
2025-07,primary_metals,Primary metals,364590
2025-07,fabricated_metal,Fabricated metal products,1428914
2025-07,machinery,Machinery,1089988
2025-07,computer_electronic,Computer and electronic products,1006313
2025-07,electrical_equipment,"Electrical equipment, appliances, and components",436126
2025-07,motor_vehicles,"Motor vehicles, bodies and trailers, and parts",948673
2025-07,other_transport_equipment,Other transportation equipment,772008
2025-07,furniture,Furniture and related products,334800
2025-07,misc_manufacturing,Miscellaneous manufacturing,612434
2025-07,food_beverage_tobacco,Food and beverage and tobacco products,2125478
2025-07,textiles,Textile mills and textile product mills,171322
2025-07,apparel_leather,Apparel and leather and allied products,101602
2025-07,paper,Paper products,353819
2025-07,printing,Printing and related support activities,343186
2025-07,petroleum_coal,Petroleum and coal products,111533
2025-07,chemicals,Chemical products,895828
2025-07,plastics_rubber,Plastics and rubber products,701553
2025-07,wholesale,Wholesale trade,6061170
2025-07,retail,Retail trade,15374519
2025-07,air_transport,Air transportation,577042
2025-07,rail_transport,Rail transportation,698
2025-07,water_transport,Water transportation,71506
2025-07,truck_transport,Truck transportation,1492761
2025-07,transit_ground,Transit and ground passenger transportation,489364
2025-07,pipeline,Pipeline transportation,56570
2025-07,other_transport_support,Other transportation and support activities,856526
2025-07,warehousing,Warehousing and storage,1880055
2025-07,information,Information,2860301
2025-07,credit_intermediation,"Federal Reserve banks, credit intermediation, and related activities",2596155
2025-07,securities,"Securities, commodity contracts, and investments",1125786
2025-07,insurance,Insurance carriers and related activities,2603309
2025-07,funds_trusts,"Funds, trusts, and other financial vehicles",33666
2025-07,real_estate,Real estate,1836293
2025-07,rental_leasing,Rental and leasing services and lessors of intangible assets,609251
2025-07,legal,Legal services,1240590
2025-07,computer_systems,Computer systems design and related services,2408542
2025-07,misc_professional,"Miscellaneous professional, scientific, and technical services",7165576
2025-07,management_companies,Management of companies and enterprises,2625631
2025-07,admin_support,Administrative and support services,8478078
2025-07,waste_remediation,Waste management and remediation services,525446
2025-07,education,Educational services,2986016
2025-07,ambulatory_health,Ambulatory health care services,8994495
2025-07,hospitals_nursing,"Hospitals, nursing and residential care facilities",9030004
2025-07,social_assistance,Social assistance,5019565
2025-07,performing_arts_museums,"Performing arts, spectator sports, museums, and related activities",785010
2025-07,amusement_recreation,"Amusements, gambling, and recreation industries",2196063
2025-07,accommodation,Accommodation,2048449
2025-07,food_services,Food services and drinking places,12365888
2025-07,other_services,"Other services, except government",4735103
2025-08,oil_gas_extraction,Oil and gas extraction,116656
2025-08,mining_except_oil_gas,"Mining, except oil and gas",190614
2025-08,support_mining,Support activities for mining,265231
2025-08,utilities,Utilities,605239
2025-08,construction,Construction,8462815
2025-08,wood_products,Wood products,401787
2025-08,nonmetallic_mineral,Nonmetallic mineral products,417215
2025-08,primary_metals,Primary metals,362294
2025-08,fabricated_metal,Fabricated metal products,1425250
2025-08,machinery,Machinery,1087042
2025-08,computer_electronic,Computer and electronic products,1000826
2025-08,electrical_equipment,"Electrical equipment, appliances, and components",434756
2025-08,motor_vehicles,"Motor vehicles, bodies and trailers, and parts",961610
2025-08,other_transport_equipment,Other transportation equipment,769965
2025-08,furniture,Furniture and related products,332618
2025-08,misc_manufacturing,Miscellaneous manufacturing,610078
2025-08,food_beverage_tobacco,Food and beverage and tobacco products,2127570
2025-08,textiles,Textile mills and textile product mills,173152
2025-08,apparel_leather,Apparel and leather and allied products,101799
2025-08,paper,Paper products,351439
2025-08,printing,Printing and related support activities,342182
2025-08,petroleum_coal,Petroleum and coal products,110624
2025-08,chemicals,Chemical products,893440
2025-08,plastics_rubber,Plastics and rubber products,699049
2025-08,wholesale,Wholesale trade,6043222
2025-08,retail,Retail trade,15365979
2025-08,air_transport,Air transportation,574594
2025-08,rail_transport,Rail transportation,697
2025-08,water_transport,Water transportation,71147
2025-08,truck_transport,Truck transportation,1492679
2025-08,transit_ground,Transit and ground passenger transportation,508697
2025-08,pipeline,Pipeline transportation,56459
2025-08,other_transport_support,Other transportation and support activities,856306
2025-08,warehousing,Warehousing and storage,1874427
2025-08,information,Information,2868810
2025-08,credit_intermediation,"Federal Reserve banks, credit intermediation, and related activities",2590139
2025-08,securities,"Securities, commodity contracts, and investments",1121962
2025-08,insurance,Insurance carriers and related activities,2596326
2025-08,funds_trusts,"Funds, trusts, and other financial vehicles",33531
2025-08,real_estate,Real estate,1832955
2025-08,rental_leasing,Rental and leasing services and lessors of intangible assets,606530
2025-08,legal,Legal services,1224484
2025-08,computer_systems,Computer systems design and related services,2401302
2025-08,misc_professional,"Miscellaneous professional, scientific, and technical services",7139829
2025-08,management_companies,Management of companies and enterprises,2616024
2025-08,admin_support,Administrative and support services,8569239
2025-08,waste_remediation,Waste management and remediation services,523547
2025-08,education,Educational services,3066831
2025-08,ambulatory_health,Ambulatory health care services,9022224
2025-08,hospitals_nursing,"Hospitals, nursing and residential care facilities",9042215
2025-08,social_assistance,Social assistance,5032773
2025-08,performing_arts_museums,"Performing arts, spectator sports, museums, and related activities",785269
2025-08,amusement_recreation,"Amusements, gambling, and recreation industries",2123540
2025-08,accommodation,Accommodation,2015858
2025-08,food_services,Food services and drinking places,12431952
2025-08,other_services,"Other services, except government",4705982
2025-09,oil_gas_extraction,Oil and gas extraction,115557
2025-09,mining_except_oil_gas,"Mining, except oil and gas",189358
2025-09,support_mining,Support activities for mining,263239
2025-09,utilities,Utilities,603512
2025-09,construction,Construction,8399228
2025-09,wood_products,Wood products,399416
2025-09,nonmetallic_mineral,Nonmetallic mineral products,415651
2025-09,primary_metals,Primary metals,361058
2025-09,fabricated_metal,Fabricated metal products,1419145
2025-09,machinery,Machinery,1080042
2025-09,computer_electronic,Computer and electronic products,991554
2025-09,electrical_equipment,"Electrical equipment, appliances, and components",433980
2025-09,motor_vehicles,"Motor vehicles, bodies and trailers, and parts",957742
2025-09,other_transport_equipment,Other transportation equipment,765872
2025-09,furniture,Furniture and related products,329747
2025-09,misc_manufacturing,Miscellaneous manufacturing,606910
2025-09,food_beverage_tobacco,Food and beverage and tobacco products,2118874
2025-09,textiles,Textile mills and textile product mills,172383
2025-09,apparel_leather,Apparel and leather and allied products,101258
2025-09,paper,Paper products,349548
2025-09,printing,Printing and related support activities,341056
2025-09,petroleum_coal,Petroleum and coal products,109531
2025-09,chemicals,Chemical products,887934
2025-09,plastics_rubber,Plastics and rubber products,694691
2025-09,wholesale,Wholesale trade,6011784
2025-09,retail,Retail trade,15259562
2025-09,air_transport,Air transportation,571282
2025-09,rail_transport,Rail transportation,683
2025-09,water_transport,Water transportation,69970
2025-09,truck_transport,Truck transportation,1481724
2025-09,transit_ground,Transit and ground passenger transportation,581646
2025-09,pipeline,Pipeline transportation,56100
2025-09,other_transport_support,Other transportation and support activities,850748
2025-09,warehousing,Warehousing and storage,1884778
2025-09,information,Information,2827304
2025-09,credit_intermediation,"Federal Reserve banks, credit intermediation, and related activities",2573258
2025-09,securities,"Securities, commodity contracts, and investments",1101117
2025-09,insurance,Insurance carriers and related activities,2586344
2025-09,funds_trusts,"Funds, trusts, and other financial vehicles",33613
2025-09,real_estate,Real estate,1808936
2025-09,rental_leasing,Rental and leasing services and lessors of intangible assets,600724
2025-09,legal,Legal services,1215887
2025-09,computer_systems,Computer systems design and related services,2358105
2025-09,misc_professional,"Miscellaneous professional, scientific, and technical services",7049709
2025-09,management_companies,Management of companies and enterprises,2599222
2025-09,admin_support,Administrative and support services,8635189
2025-09,waste_remediation,Waste management and remediation services,521319
2025-09,education,Educational services,3238913
2025-09,ambulatory_health,Ambulatory health care services,8996618
2025-09,hospitals_nursing,"Hospitals, nursing and residential care facilities",9023379
2025-09,social_assistance,Social assistance,5003704
2025-09,performing_arts_museums,"Performing arts, spectator sports, museums, and related activities",783339
2025-09,amusement_recreation,"Amusements, gambling, and recreation industries",1922967
2025-09,accommodation,Accommodation,1937430
2025-09,food_services,Food services and drinking places,12229810
2025-09,other_services,"Other services, except government",4647728
2025-10,oil_gas_extraction,Oil and gas extraction,114953
2025-10,mining_except_oil_gas,"Mining, except oil and gas",188506
2025-10,support_mining,Support activities for mining,263381
2025-10,utilities,Utilities,605817
2025-10,construction,Construction,8414561
2025-10,wood_products,Wood products,397609
2025-10,nonmetallic_mineral,Nonmetallic mineral products,415459
2025-10,primary_metals,Primary metals,361329
2025-10,fabricated_metal,Fabricated metal products,1421164
2025-10,machinery,Machinery,1080815
2025-10,computer_electronic,Computer and electronic products,988898
2025-10,electrical_equipment,"Electrical equipment, appliances, and components",435365
2025-10,motor_vehicles,"Motor vehicles, bodies and trailers, and parts",946807
2025-10,other_transport_equipment,Other transportation equipment,768760
2025-10,furniture,Furniture and related products,328816
2025-10,misc_manufacturing,Miscellaneous manufacturing,608237
2025-10,food_beverage_tobacco,Food and beverage and tobacco products,2114547
2025-10,textiles,Textile mills and textile product mills,171992
2025-10,apparel_leather,Apparel and leather and allied products,102028
2025-10,paper,Paper products,347829
2025-10,printing,Printing and related support activities,342416
2025-10,petroleum_coal,Petroleum and coal products,109370
2025-10,chemicals,Chemical products,885692
2025-10,plastics_rubber,Plastics and rubber products,693359
2025-10,wholesale,Wholesale trade,6030413
2025-10,retail,Retail trade,15427127
2025-10,air_transport,Air transportation,574224
2025-10,rail_transport,Rail transportation,693
2025-10,water_transport,Water transportation,69422
2025-10,truck_transport,Truck transportation,1481104
2025-10,transit_ground,Transit and ground passenger transportation,590170
2025-10,pipeline,Pipeline transportation,56183
2025-10,other_transport_support,Other transportation and support activities,846819
2025-10,warehousing,Warehousing and storage,1900590
2025-10,information,Information,2842263
2025-10,credit_intermediation,"Federal Reserve banks, credit intermediation, and related activities",2579648
2025-10,securities,"Securities, commodity contracts, and investments",1111212
2025-10,insurance,Insurance carriers and related activities,2597286
2025-10,funds_trusts,"Funds, trusts, and other financial vehicles",34337
2025-10,real_estate,Real estate,1837442
2025-10,rental_leasing,Rental and leasing services and lessors of intangible assets,598582
2025-10,legal,Legal services,1233393
2025-10,computer_systems,Computer systems design and related services,2398569
2025-10,misc_professional,"Miscellaneous professional, scientific, and technical services",7135453
2025-10,management_companies,Management of companies and enterprises,2609740
2025-10,admin_support,Administrative and support services,8721085
2025-10,waste_remediation,Waste management and remediation services,522103
2025-10,education,Educational services,3342482
2025-10,ambulatory_health,Ambulatory health care services,9110927
2025-10,hospitals_nursing,"Hospitals, nursing and residential care facilities",9061687
2025-10,social_assistance,Social assistance,5073755
2025-10,performing_arts_museums,"Performing arts, spectator sports, museums, and related activities",783060
2025-10,amusement_recreation,"Amusements, gambling, and recreation industries",1889671
2025-10,accommodation,Accommodation,1913143
2025-10,food_services,Food services and drinking places,12246968
2025-10,other_services,"Other services, except government",4686785
2025-11,oil_gas_extraction,Oil and gas extraction,114472
2025-11,mining_except_oil_gas,"Mining, except oil and gas",187371
2025-11,support_mining,Support activities for mining,261341
2025-11,utilities,Utilities,606146
2025-11,construction,Construction,8331137
2025-11,wood_products,Wood products,396034
2025-11,nonmetallic_mineral,Nonmetallic mineral products,414272
2025-11,primary_metals,Primary metals,361631
2025-11,fabricated_metal,Fabricated metal products,1421193
2025-11,machinery,Machinery,1080521
2025-11,computer_electronic,Computer and electronic products,990783
2025-11,electrical_equipment,"Electrical equipment, appliances, and components",437310
2025-11,motor_vehicles,"Motor vehicles, bodies and trailers, and parts",953366
2025-11,other_transport_equipment,Other transportation equipment,775660
2025-11,furniture,Furniture and related products,328427
2025-11,misc_manufacturing,Miscellaneous manufacturing,609006
2025-11,food_beverage_tobacco,Food and beverage and tobacco products,2097371
2025-11,textiles,Textile mills and textile product mills,172050
2025-11,apparel_leather,Apparel and leather and allied products,102445
2025-11,paper,Paper products,346701
2025-11,printing,Printing and related support activities,343849
2025-11,petroleum_coal,Petroleum and coal products,107968
2025-11,chemicals,Chemical products,885636
2025-11,plastics_rubber,Plastics and rubber products,692301
2025-11,wholesale,Wholesale trade,6026938
2025-11,retail,Retail trade,15649804
2025-11,air_transport,Air transportation,576190
2025-11,rail_transport,Rail transportation,683
2025-11,water_transport,Water transportation,68380
2025-11,truck_transport,Truck transportation,1476865
2025-11,transit_ground,Transit and ground passenger transportation,593584
2025-11,pipeline,Pipeline transportation,56449
2025-11,other_transport_support,Other transportation and support activities,844488
2025-11,warehousing,Warehousing and storage,1990983
2025-11,information,Information,2852734
2025-11,credit_intermediation,"Federal Reserve banks, credit intermediation, and related activities",2583337
2025-11,securities,"Securities, commodity contracts, and investments",1113160
2025-11,insurance,Insurance carriers and related activities,2597230
2025-11,funds_trusts,"Funds, trusts, and other financial vehicles",34129
2025-11,real_estate,Real estate,1832183
2025-11,rental_leasing,Rental and leasing services and lessors of intangible assets,589086
2025-11,legal,Legal services,1236983
2025-11,computer_systems,Computer systems design and related services,2391926
2025-11,misc_professional,"Miscellaneous professional, scientific, and technical services",7140087
2025-11,management_companies,Management of companies and enterprises,2617217
2025-11,admin_support,Administrative and support services,8691504
2025-11,waste_remediation,Waste management and remediation services,519534
2025-11,education,Educational services,3358498
2025-11,ambulatory_health,Ambulatory health care services,9144392
2025-11,hospitals_nursing,"Hospitals, nursing and residential care facilities",9086955
2025-11,social_assistance,Social assistance,5082674
2025-11,performing_arts_museums,"Performing arts, spectator sports, museums, and related activities",758347
2025-11,amusement_recreation,"Amusements, gambling, and recreation industries",1795692
2025-11,accommodation,Accommodation,1871635
2025-11,food_services,Food services and drinking places,12180489
2025-11,other_services,"Other services, except government",4672760
2025-12,oil_gas_extraction,Oil and gas extraction,115162
2025-12,mining_except_oil_gas,"Mining, except oil and gas",185388
2025-12,support_mining,Support activities for mining,259464
2025-12,utilities,Utilities,607032
2025-12,construction,Construction,8211658
2025-12,wood_products,Wood products,396000
2025-12,nonmetallic_mineral,Nonmetallic mineral products,410677
2025-12,primary_metals,Primary metals,362026
2025-12,fabricated_metal,Fabricated metal products,1424295
2025-12,machinery,Machinery,1083830
2025-12,computer_electronic,Computer and electronic products,993953
2025-12,electrical_equipment,"Electrical equipment, appliances, and components",439967
2025-12,motor_vehicles,"Motor vehicles, bodies and trailers, and parts",956272
2025-12,other_transport_equipment,Other transportation equipment,780974
2025-12,furniture,Furniture and related products,328309
2025-12,misc_manufacturing,Miscellaneous manufacturing,609563
2025-12,food_beverage_tobacco,Food and beverage and tobacco products,2090597
2025-12,textiles,Textile mills and textile product mills,172535
2025-12,apparel_leather,Apparel and leather and allied products,102267
2025-12,paper,Paper products,346526
2025-12,printing,Printing and related support activities,343871
2025-12,petroleum_coal,Petroleum and coal products,106677
2025-12,chemicals,Chemical products,885468
2025-12,plastics_rubber,Plastics and rubber products,692401
2025-12,wholesale,Wholesale trade,6034251
2025-12,retail,Retail trade,15731152
2025-12,air_transport,Air transportation,573977
2025-12,rail_transport,Rail transportation,694
2025-12,water_transport,Water transportation,67800
2025-12,truck_transport,Truck transportation,1469357
2025-12,transit_ground,Transit and ground passenger transportation,594994
2025-12,pipeline,Pipeline transportation,56469
2025-12,other_transport_support,Other transportation and support activities,846801
2025-12,warehousing,Warehousing and storage,1994610
2025-12,information,Information,2833843
2025-12,credit_intermediation,"Federal Reserve banks, credit intermediation, and related activities",2589934
2025-12,securities,"Securities, commodity contracts, and investments",1115637
2025-12,insurance,Insurance carriers and related activities,2601926
2025-12,funds_trusts,"Funds, trusts, and other financial vehicles",34978
2025-12,real_estate,Real estate,1843376
2025-12,rental_leasing,Rental and leasing services and lessors of intangible assets,585295
2025-12,legal,Legal services,1242548
2025-12,computer_systems,Computer systems design and related services,2371773
2025-12,misc_professional,"Miscellaneous professional, scientific, and technical services",7178472
2025-12,management_companies,Management of companies and enterprises,2625759
2025-12,admin_support,Administrative and support services,8556119
2025-12,waste_remediation,Waste management and remediation services,518316
2025-12,education,Educational services,3308932
2025-12,ambulatory_health,Ambulatory health care services,9155016
2025-12,hospitals_nursing,"Hospitals, nursing and residential care facilities",9108717
2025-12,social_assistance,Social assistance,5076844
2025-12,performing_arts_museums,"Performing arts, spectator sports, museums, and related activities",749328
2025-12,amusement_recreation,"Amusements, gambling, and recreation industries",1798924
2025-12,accommodation,Accommodation,1866217
2025-12,food_services,Food services and drinking places,12156414
2025-12,other_services,"Other services, except government",4667849
