quarter,node_key,node_name,employment
2005Q1,oil_gas_extraction,Oil and gas extraction,123078.666667
2005Q1,mining_except_oil_gas,"Mining, except oil and gas",199580.666667
2005Q1,support_mining,Support activities for mining,209018.333333
2005Q1,utilities,Utilities,548892.333333
2005Q1,construction,Construction,6694141.33333
2005Q1,wood_products,Wood products,545735
2005Q1,nonmetallic_mineral,Nonmetallic mineral products,484943.666667
2005Q1,primary_metals,Primary metals,466582.333333
2005Q1,fabricated_metal,Fabricated metal products,1500084
2005Q1,machinery,Machinery,1149776.66667
2005Q1,computer_electronic,Computer and electronic products,1308358.66667
2005Q1,electrical_equipment,"Electrical equipment, appliances, and components",437732.666667
2005Q1,motor_vehicles,"Motor vehicles, bodies and trailers, and parts",1106921.33333
2005Q1,other_transport_equipment,Other transportation equipment,663875.333333
2005Q1,furniture,Furniture and related products,563840.333333
2005Q1,misc_manufacturing,Miscellaneous manufacturing,645446.333333
2005Q1,food_beverage_tobacco,Food and beverage and tobacco products,1639844.66667
2005Q1,textiles,Textile mills and textile product mills,394952.666667
2005Q1,apparel_leather,Apparel and leather and allied products,301431.333333
2005Q1,paper,Paper products,487513.666667
2005Q1,printing,Printing and related support activities,644995.333333
2005Q1,petroleum_coal,Petroleum and coal products,108386.333333
2005Q1,chemicals,Chemical products,874055.333333
2005Q1,plastics_rubber,Plastics and rubber products,798908.666667
2005Q1,wholesale,Wholesale trade,5657535
2005Q1,retail,Retail trade,14907418.6667
2005Q1,air_transport,Air transportation,504837
2005Q1,rail_transport,Rail transportation,547
2005Q1,water_transport,Water transportation,55648.3333333
2005Q1,truck_transport,Truck transportation,1345620.66667
2005Q1,transit_ground,Transit and ground passenger transportation,394693
2005Q1,pipeline,Pipeline transportation,37462.6666667
2005Q1,other_transport_support,Other transportation and support activities,561398.333333
2005Q1,warehousing,Warehousing and storage,572755.666667
2005Q1,information,Information,3041630.33333
2005Q1,credit_intermediation,"Federal Reserve banks, credit intermediation, and related activities",2851070.66667
2005Q1,securities,"Securities, commodity contracts, and investments",780309.666667
2005Q1,insurance,Insurance carriers and related activities,2120429
2005Q1,funds_trusts,"Funds, trusts, and other financial vehicles",87346.3333333
2005Q1,real_estate,Real estate,1405970.33333
2005Q1,rental_leasing,Rental and leasing services and lessors of intangible assets,656277
2005Q1,legal,Legal services,1149967.33333
2005Q1,computer_systems,Computer systems design and related services,1170532
2005Q1,misc_professional,"Miscellaneous professional, scientific, and technical services",4658654
2005Q1,management_companies,Management of companies and enterprises,1730330
2005Q1,admin_support,Administrative and support services,7288814.66667
2005Q1,waste_remediation,Waste management and remediation services,326885
2005Q1,education,Educational services,2142817.66667
2005Q1,ambulatory_health,Ambulatory health care services,5006813
2005Q1,hospitals_nursing,"Hospitals, nursing and residential care facilities",7070914.66667
2005Q1,social_assistance,Social assistance,2058379.33333
2005Q1,performing_arts_museums,"Performing arts, spectator sports, museums, and related activities",446882.666667
2005Q1,amusement_recreation,"Amusements, gambling, and recreation industries",1210505.33333
2005Q1,accommodation,Accommodation,1720465.66667
2005Q1,food_services,Food services and drinking places,8740403.33333
2005Q1,other_services,"Other services, except government",4246830.33333
2005Q2,oil_gas_extraction,Oil and gas extraction,124400.333333
2005Q2,mining_except_oil_gas,"Mining, except oil and gas",213245.333333
2005Q2,support_mining,Support activities for mining,218645
2005Q2,utilities,Utilities,551035
2005Q2,construction,Construction,7284283.33333
2005Q2,wood_products,Wood products,559888
2005Q2,nonmetallic_mineral,Nonmetallic mineral products,508252
2005Q2,primary_metals,Primary metals,465235.666667
2005Q2,fabricated_metal,Fabricated metal products,1516500.33333
2005Q2,machinery,Machinery,1159731
2005Q2,computer_electronic,Computer and electronic products,1307919.33333
2005Q2,electrical_equipment,"Electrical equipment, appliances, and components",434296.333333
2005Q2,motor_vehicles,"Motor vehicles, bodies and trailers, and parts",1109021.66667
2005Q2,other_transport_equipment,Other transportation equipment,672683.333333
2005Q2,furniture,Furniture and related products,567201.333333
2005Q2,misc_manufacturing,Miscellaneous manufacturing,648112.333333
2005Q2,food_beverage_tobacco,Food and beverage and tobacco products,1654082
2005Q2,textiles,Textile mills and textile product mills,390723.666667
2005Q2,apparel_leather,Apparel and leather and allied products,301130.333333
2005Q2,paper,Paper products,485029.666667
2005Q2,printing,Printing and related support activities,647091
2005Q2,petroleum_coal,Petroleum and coal products,112508.666667
2005Q2,chemicals,Chemical products,874935.666667
2005Q2,plastics_rubber,Plastics and rubber products,802069.666667
2005Q2,wholesale,Wholesale trade,5754825.33333
2005Q2,retail,Retail trade,15121435
2005Q2,air_transport,Air transportation,501938.333333
2005Q2,rail_transport,Rail transportation,566.333333333
2005Q2,water_transport,Water transportation,59281.3333333
2005Q2,truck_transport,Truck transportation,1387968.66667
2005Q2,transit_ground,Transit and ground passenger transportation,395181
2005Q2,pipeline,Pipeline transportation,37845.3333333
2005Q2,other_transport_support,Other transportation and support activities,577896.333333
2005Q2,warehousing,Warehousing and storage,577273
2005Q2,information,Information,3057111
2005Q2,credit_intermediation,"Federal Reserve banks, credit intermediation, and related activities",2873576
2005Q2,securities,"Securities, commodity contracts, and investments",787390.666667
2005Q2,insurance,Insurance carriers and related activities,2132994
2005Q2,funds_trusts,"Funds, trusts, and other financial vehicles",87860.6666667
2005Q2,real_estate,Real estate,1451992.66667
2005Q2,rental_leasing,Rental and leasing services and lessors of intangible assets,679630.666667
2005Q2,legal,Legal services,1169128
2005Q2,computer_systems,Computer systems design and related services,1186281.66667
2005Q2,misc_professional,"Miscellaneous professional, scientific, and technical services",4653245.66667
2005Q2,management_companies,Management of companies and enterprises,1740566.33333
2005Q2,admin_support,Administrative and support services,7750319.66667
2005Q2,waste_remediation,Waste management and remediation services,337708.666667
2005Q2,education,Educational services,2157887
2005Q2,ambulatory_health,Ambulatory health care services,5091425.33333
2005Q2,hospitals_nursing,"Hospitals, nursing and residential care facilities",7125704.66667
2005Q2,social_assistance,Social assistance,2096904.33333
2005Q2,performing_arts_museums,"Performing arts, spectator sports, museums, and related activities",520716.333333
2005Q2,amusement_recreation,"Amusements, gambling, and recreation industries",1445874.33333
2005Q2,accommodation,Accommodation,1832782.66667
2005Q2,food_services,Food services and drinking places,9204922.33333
2005Q2,other_services,"Other services, except government",4358209
2005Q3,oil_gas_extraction,Oil and gas extraction,127199.333333
2005Q3,mining_except_oil_gas,"Mining, except oil and gas",217249.333333
2005Q3,support_mining,Support activities for mining,229416.333333
2005Q3,utilities,Utilities,551952.666667
2005Q3,construction,Construction,7600132.33333
2005Q3,wood_products,Wood products,566582.333333
2005Q3,nonmetallic_mineral,Nonmetallic mineral products,514868
2005Q3,primary_metals,Primary metals,462994.333333
2005Q3,fabricated_metal,Fabricated metal products,1520430.33333
2005Q3,machinery,Machinery,1159945.66667
2005Q3,computer_electronic,Computer and electronic products,1310033.33333
2005Q3,electrical_equipment,"Electrical equipment, appliances, and components",431550.333333
2005Q3,motor_vehicles,"Motor vehicles, bodies and trailers, and parts",1077553.33333
2005Q3,other_transport_equipment,Other transportation equipment,670970.666667
2005Q3,furniture,Furniture and related products,565694.333333
2005Q3,misc_manufacturing,Miscellaneous manufacturing,648140.333333
2005Q3,food_beverage_tobacco,Food and beverage and tobacco products,1706465.66667
2005Q3,textiles,Textile mills and textile product mills,382975
2005Q3,apparel_leather,Apparel and leather and allied products,295629.333333
2005Q3,paper,Paper products,481870.666667
2005Q3,printing,Printing and related support activities,646019.333333
2005Q3,petroleum_coal,Petroleum and coal products,115163.666667
2005Q3,chemicals,Chemical products,872936.333333
2005Q3,plastics_rubber,Plastics and rubber products,799903.666667
2005Q3,wholesale,Wholesale trade,5792662.33333
2005Q3,retail,Retail trade,15255715.3333
2005Q3,air_transport,Air transportation,500681.333333
2005Q3,rail_transport,Rail transportation,556.333333333
2005Q3,water_transport,Water transportation,60973.3333333
2005Q3,truck_transport,Truck transportation,1414321
2005Q3,transit_ground,Transit and ground passenger transportation,348461.666667
2005Q3,pipeline,Pipeline transportation,38148
2005Q3,other_transport_support,Other transportation and support activities,588050.666667
2005Q3,warehousing,Warehousing and storage,586088
2005Q3,information,Information,3062679.33333
2005Q3,credit_intermediation,"Federal Reserve banks, credit intermediation, and related activities",2912484
2005Q3,securities,"Securities, commodity contracts, and investments",802778
2005Q3,insurance,Insurance carriers and related activities,2145601.33333
2005Q3,funds_trusts,"Funds, trusts, and other financial vehicles",88895.3333333
2005Q3,real_estate,Real estate,1486040
2005Q3,rental_leasing,Rental and leasing services and lessors of intangible assets,678858.666667
2005Q3,legal,Legal services,1178553.66667
2005Q3,computer_systems,Computer systems design and related services,1202878.33333
2005Q3,misc_professional,"Miscellaneous professional, scientific, and technical services",4672588
2005Q3,management_companies,Management of companies and enterprises,1750348.66667
2005Q3,admin_support,Administrative and support services,7943308.66667
2005Q3,waste_remediation,Waste management and remediation services,344487.666667
2005Q3,education,Educational services,2046683
2005Q3,ambulatory_health,Ambulatory health care services,5145035.66667
2005Q3,hospitals_nursing,"Hospitals, nursing and residential care facilities",7178401
2005Q3,social_assistance,Social assistance,2076067
2005Q3,performing_arts_museums,"Performing arts, spectator sports, museums, and related activities",534691.666667
2005Q3,amusement_recreation,"Amusements, gambling, and recreation industries",1541612
2005Q3,accommodation,Accommodation,1918588
2005Q3,food_services,Food services and drinking places,9244114
2005Q3,other_services,"Other services, except government",4365713.33333
2005Q4,oil_gas_extraction,Oil and gas extraction,128592.666667
2005Q4,mining_except_oil_gas,"Mining, except oil and gas",215206.666667
2005Q4,support_mining,Support activities for mining,236030
2005Q4,utilities,Utilities,550492
2005Q4,construction,Construction,7498711
2005Q4,wood_products,Wood products,564044.666667
2005Q4,nonmetallic_mineral,Nonmetallic mineral products,508400
2005Q4,primary_metals,Primary metals,464530
2005Q4,fabricated_metal,Fabricated metal products,1526591.33333
2005Q4,machinery,Machinery,1161190.33333
2005Q4,computer_electronic,Computer and electronic products,1305466
2005Q4,electrical_equipment,"Electrical equipment, appliances, and components",431124.666667
2005Q4,motor_vehicles,"Motor vehicles, bodies and trailers, and parts",1098672.33333
2005Q4,other_transport_equipment,Other transportation equipment,679635.333333
2005Q4,furniture,Furniture and related products,562658.333333
2005Q4,misc_manufacturing,Miscellaneous manufacturing,649568.333333
2005Q4,food_beverage_tobacco,Food and beverage and tobacco products,1678045.66667
2005Q4,textiles,Textile mills and textile product mills,375288.666667
2005Q4,apparel_leather,Apparel and leather and allied products,288582.333333
2005Q4,paper,Paper products,477272.666667
2005Q4,printing,Printing and related support activities,642113.666667
2005Q4,petroleum_coal,Petroleum and coal products,112905.333333
2005Q4,chemicals,Chemical products,867747.333333
2005Q4,plastics_rubber,Plastics and rubber products,798214
2005Q4,wholesale,Wholesale trade,5806186.33333
2005Q4,retail,Retail trade,15740792.3333
2005Q4,air_transport,Air transportation,490345.333333
2005Q4,rail_transport,Rail transportation,476.666666667
2005Q4,water_transport,Water transportation,59214.3333333
2005Q4,truck_transport,Truck transportation,1408117.33333
2005Q4,transit_ground,Transit and ground passenger transportation,401724.666667
2005Q4,pipeline,Pipeline transportation,38184.3333333
2005Q4,other_transport_support,Other transportation and support activities,588189
2005Q4,warehousing,Warehousing and storage,599716
2005Q4,information,Information,3064303.33333
2005Q4,credit_intermediation,"Federal Reserve banks, credit intermediation, and related activities",2929519.66667
2005Q4,securities,"Securities, commodity contracts, and investments",804676.333333
2005Q4,insurance,Insurance carriers and related activities,2154702
2005Q4,funds_trusts,"Funds, trusts, and other financial vehicles",90732.6666667
2005Q4,real_estate,Real estate,1478856.33333
2005Q4,rental_leasing,Rental and leasing services and lessors of intangible assets,663408.666667
2005Q4,legal,Legal services,1175491.33333
2005Q4,computer_systems,Computer systems design and related services,1227843.66667
2005Q4,misc_professional,"Miscellaneous professional, scientific, and technical services",4776544.66667
2005Q4,management_companies,Management of companies and enterprises,1751612.33333
2005Q4,admin_support,Administrative and support services,7949682.33333
2005Q4,waste_remediation,Waste management and remediation services,343637
2005Q4,education,Educational services,2229973.33333
2005Q4,ambulatory_health,Ambulatory health care services,5188562
2005Q4,hospitals_nursing,"Hospitals, nursing and residential care facilities",7184241
2005Q4,social_assistance,Social assistance,2118117.33333
2005Q4,performing_arts_museums,"Performing arts, spectator sports, museums, and related activities",491134.666667
2005Q4,amusement_recreation,"Amusements, gambling, and recreation industries",1280565.33333
2005Q4,accommodation,Accommodation,1773648
2005Q4,food_services,Food services and drinking places,9050958.66667
2005Q4,other_services,"Other services, except government",4325306.66667
2006Q1,oil_gas_extraction,Oil and gas extraction,129379.333333
2006Q1,mining_except_oil_gas,"Mining, except oil and gas",210047
2006Q1,support_mining,Support activities for mining,243785
2006Q1,utilities,Utilities,543598.666667
2006Q1,construction,Construction,7185159
2006Q1,wood_products,Wood products,559107
2006Q1,nonmetallic_mineral,Nonmetallic mineral products,496520.666667
2006Q1,primary_metals,Primary metals,463977.333333
2006Q1,fabricated_metal,Fabricated metal products,1527353.33333
2006Q1,machinery,Machinery,1168141
2006Q1,computer_electronic,Computer and electronic products,1297936
2006Q1,electrical_equipment,"Electrical equipment, appliances, and components",431251.666667
2006Q1,motor_vehicles,"Motor vehicles, bodies and trailers, and parts",1082001
2006Q1,other_transport_equipment,Other transportation equipment,685398.333333
2006Q1,furniture,Furniture and related products,558965.666667
2006Q1,misc_manufacturing,Miscellaneous manufacturing,645179
2006Q1,food_beverage_tobacco,Food and beverage and tobacco products,1637854
2006Q1,textiles,Textile mills and textile product mills,365493.666667
2006Q1,apparel_leather,Apparel and leather and allied products,278547.333333
2006Q1,paper,Paper products,473296.666667
2006Q1,printing,Printing and related support activities,633440.333333
2006Q1,petroleum_coal,Petroleum and coal products,108252.666667
2006Q1,chemicals,Chemical products,861801
2006Q1,plastics_rubber,Plastics and rubber products,796638
2006Q1,wholesale,Wholesale trade,5793422.66667
2006Q1,retail,Retail trade,15092140.3333
2006Q1,air_transport,Air transportation,482644
2006Q1,rail_transport,Rail transportation,426.666666667
2006Q1,water_transport,Water transportation,58319.3333333
2006Q1,truck_transport,Truck transportation,1382871.33333
2006Q1,transit_ground,Transit and ground passenger transportation,403451.333333
2006Q1,pipeline,Pipeline transportation,38022.6666667
2006Q1,other_transport_support,Other transportation and support activities,580390.333333
2006Q1,warehousing,Warehousing and storage,619272
2006Q1,information,Information,3029219
2006Q1,credit_intermediation,"Federal Reserve banks, credit intermediation, and related activities",2930456
2006Q1,securities,"Securities, commodity contracts, and investments",803072
2006Q1,insurance,Insurance carriers and related activities,2144355.66667
2006Q1,funds_trusts,"Funds, trusts, and other financial vehicles",90816.3333333
2006Q1,real_estate,Real estate,1454822.33333
2006Q1,rental_leasing,Rental and leasing services and lessors of intangible assets,650803.666667
2006Q1,legal,Legal services,1160861.33333
2006Q1,computer_systems,Computer systems design and related services,1243360.66667
2006Q1,misc_professional,"Miscellaneous professional, scientific, and technical services",4897032.66667
2006Q1,management_companies,Management of companies and enterprises,1775988.33333
2006Q1,admin_support,Administrative and support services,7572228.33333
2006Q1,waste_remediation,Waste management and remediation services,337517
2006Q1,education,Educational services,2209840.66667
2006Q1,ambulatory_health,Ambulatory health care services,5187959
2006Q1,hospitals_nursing,"Hospitals, nursing and residential care facilities",7180140
2006Q1,social_assistance,Social assistance,2147679.33333
2006Q1,performing_arts_museums,"Performing arts, spectator sports, museums, and related activities",460376.333333
2006Q1,amusement_recreation,"Amusements, gambling, and recreation industries",1231554
2006Q1,accommodation,Accommodation,1737125.66667
2006Q1,food_services,Food services and drinking places,8980176.33333
2006Q1,other_services,"Other services, except government",4284870.66667
2006Q2,oil_gas_extraction,Oil and gas extraction,132963.666667
2006Q2,mining_except_oil_gas,"Mining, except oil and gas",221273.666667
2006Q2,support_mining,Support activities for mining,257366.666667
2006Q2,utilities,Utilities,546309.333333
2006Q2,construction,Construction,7691733.66667
2006Q2,wood_products,Wood products,564748
2006Q2,nonmetallic_mineral,Nonmetallic mineral products,516941.666667
2006Q2,primary_metals,Primary metals,464867.666667
2006Q2,fabricated_metal,Fabricated metal products,1547382.33333
2006Q2,machinery,Machinery,1180616
2006Q2,computer_electronic,Computer and electronic products,1304667
2006Q2,electrical_equipment,"Electrical equipment, appliances, and components",431840.333333
2006Q2,motor_vehicles,"Motor vehicles, bodies and trailers, and parts",1086092.66667
2006Q2,other_transport_equipment,Other transportation equipment,688900.666667
2006Q2,furniture,Furniture and related products,562658.333333
2006Q2,misc_manufacturing,Miscellaneous manufacturing,648931.333333
2006Q2,food_beverage_tobacco,Food and beverage and tobacco products,1647936.66667
2006Q2,textiles,Textile mills and textile product mills,360271
2006Q2,apparel_leather,Apparel and leather and allied products,279458.333333
2006Q2,paper,Paper products,469520.666667
2006Q2,printing,Printing and related support activities,634087.666667
2006Q2,petroleum_coal,Petroleum and coal products,113465.666667
2006Q2,chemicals,Chemical products,863107
2006Q2,plastics_rubber,Plastics and rubber products,802169.666667
2006Q2,wholesale,Wholesale trade,5891326.66667
2006Q2,retail,Retail trade,15239228.3333
2006Q2,air_transport,Air transportation,479351.666667
2006Q2,rail_transport,Rail transportation,418
2006Q2,water_transport,Water transportation,61266.3333333
2006Q2,truck_transport,Truck transportation,1424061
2006Q2,transit_ground,Transit and ground passenger transportation,401167.333333
2006Q2,pipeline,Pipeline transportation,38427.6666667
2006Q2,other_transport_support,Other transportation and support activities,595504
2006Q2,warehousing,Warehousing and storage,622111.333333
2006Q2,information,Information,3044574.33333
2006Q2,credit_intermediation,"Federal Reserve banks, credit intermediation, and related activities",2945178
2006Q2,securities,"Securities, commodity contracts, and investments",814573
2006Q2,insurance,Insurance carriers and related activities,2151404.66667
2006Q2,funds_trusts,"Funds, trusts, and other financial vehicles",91551.6666667
2006Q2,real_estate,Real estate,1493821
2006Q2,rental_leasing,Rental and leasing services and lessors of intangible assets,670890.333333
2006Q2,legal,Legal services,1175716.66667
2006Q2,computer_systems,Computer systems design and related services,1267913.33333
2006Q2,misc_professional,"Miscellaneous professional, scientific, and technical services",4911094
2006Q2,management_companies,Management of companies and enterprises,1783817.66667
2006Q2,admin_support,Administrative and support services,7984364.66667
2006Q2,waste_remediation,Waste management and remediation services,347131.333333
2006Q2,education,Educational services,2220419.66667
2006Q2,ambulatory_health,Ambulatory health care services,5265188
2006Q2,hospitals_nursing,"Hospitals, nursing and residential care facilities",7226814
2006Q2,social_assistance,Social assistance,2179492.33333
2006Q2,performing_arts_museums,"Performing arts, spectator sports, museums, and related activities",533830
2006Q2,amusement_recreation,"Amusements, gambling, and recreation industries",1460804.33333
2006Q2,accommodation,Accommodation,1840046.66667
2006Q2,food_services,Food services and drinking places,9400735.66667
2006Q2,other_services,"Other services, except government",4395319.33333
2006Q3,oil_gas_extraction,Oil and gas extraction,137433
2006Q3,mining_except_oil_gas,"Mining, except oil and gas",225251.333333
2006Q3,support_mining,Support activities for mining,270823.333333
2006Q3,utilities,Utilities,549174
2006Q3,construction,Construction,7877410.33333
2006Q3,wood_products,Wood products,561178.333333
2006Q3,nonmetallic_mineral,Nonmetallic mineral products,519975
2006Q3,primary_metals,Primary metals,463543.333333
2006Q3,fabricated_metal,Fabricated metal products,1555199.33333
2006Q3,machinery,Machinery,1183315
2006Q3,computer_electronic,Computer and electronic products,1308826.33333
2006Q3,electrical_equipment,"Electrical equipment, appliances, and components",433012.333333
2006Q3,motor_vehicles,"Motor vehicles, bodies and trailers, and parts",1042310
2006Q3,other_transport_equipment,Other transportation equipment,694304.666667
2006Q3,furniture,Furniture and related products,558906.333333
2006Q3,misc_manufacturing,Miscellaneous manufacturing,647082
2006Q3,food_beverage_tobacco,Food and beverage and tobacco products,1698347
2006Q3,textiles,Textile mills and textile product mills,350626.333333
2006Q3,apparel_leather,Apparel and leather and allied products,274321
2006Q3,paper,Paper products,467431.666667
2006Q3,printing,Printing and related support activities,632389
2006Q3,petroleum_coal,Petroleum and coal products,115944.333333
2006Q3,chemicals,Chemical products,860465.666667
2006Q3,plastics_rubber,Plastics and rubber products,795521.666667
2006Q3,wholesale,Wholesale trade,5919877.33333
2006Q3,retail,Retail trade,15302084
2006Q3,air_transport,Air transportation,482632
2006Q3,rail_transport,Rail transportation,492.666666667
2006Q3,water_transport,Water transportation,63447
2006Q3,truck_transport,Truck transportation,1448406
2006Q3,transit_ground,Transit and ground passenger transportation,354576.333333
2006Q3,pipeline,Pipeline transportation,39129
2006Q3,other_transport_support,Other transportation and support activities,604117
2006Q3,warehousing,Warehousing and storage,629622
2006Q3,information,Information,3044123.33333
2006Q3,credit_intermediation,"Federal Reserve banks, credit intermediation, and related activities",2949073.33333
2006Q3,securities,"Securities, commodity contracts, and investments",831503.666667
2006Q3,insurance,Insurance carriers and related activities,2151737.33333
2006Q3,funds_trusts,"Funds, trusts, and other financial vehicles",92437
2006Q3,real_estate,Real estate,1511724.33333
2006Q3,rental_leasing,Rental and leasing services and lessors of intangible assets,674574.666667
2006Q3,legal,Legal services,1179278
2006Q3,computer_systems,Computer systems design and related services,1283832.33333
2006Q3,misc_professional,"Miscellaneous professional, scientific, and technical services",4930956
2006Q3,management_companies,Management of companies and enterprises,1790056.33333
2006Q3,admin_support,Administrative and support services,8129340.33333
2006Q3,waste_remediation,Waste management and remediation services,352449
2006Q3,education,Educational services,2102998.66667
2006Q3,ambulatory_health,Ambulatory health care services,5314987
2006Q3,hospitals_nursing,"Hospitals, nursing and residential care facilities",7286528.66667
2006Q3,social_assistance,Social assistance,2154749.33333
2006Q3,performing_arts_museums,"Performing arts, spectator sports, museums, and related activities",547387.666667
2006Q3,amusement_recreation,"Amusements, gambling, and recreation industries",1556070.33333
2006Q3,accommodation,Accommodation,1923608
2006Q3,food_services,Food services and drinking places,9468587
2006Q3,other_services,"Other services, except government",4396750
2006Q4,oil_gas_extraction,Oil and gas extraction,139654.333333
2006Q4,mining_except_oil_gas,"Mining, except oil and gas",220398.666667
2006Q4,support_mining,Support activities for mining,278016
2006Q4,utilities,Utilities,547000.333333
2006Q4,construction,Construction,7654290
2006Q4,wood_products,Wood products,535913.333333
2006Q4,nonmetallic_mineral,Nonmetallic mineral products,509636.666667
2006Q4,primary_metals,Primary metals,460168
2006Q4,fabricated_metal,Fabricated metal products,1550465.33333
2006Q4,machinery,Machinery,1180163.66667
2006Q4,computer_electronic,Computer and electronic products,1302869.33333
2006Q4,electrical_equipment,"Electrical equipment, appliances, and components",430700
2006Q4,motor_vehicles,"Motor vehicles, bodies and trailers, and parts",1045981
2006Q4,other_transport_equipment,Other transportation equipment,699107
2006Q4,furniture,Furniture and related products,547612.666667
2006Q4,misc_manufacturing,Miscellaneous manufacturing,648338.333333
2006Q4,food_beverage_tobacco,Food and beverage and tobacco products,1677024
2006Q4,textiles,Textile mills and textile product mills,341329.666667
2006Q4,apparel_leather,Apparel and leather and allied products,269078
2006Q4,paper,Paper products,463439
2006Q4,printing,Printing and related support activities,630790.666667
2006Q4,petroleum_coal,Petroleum and coal products,114562
2006Q4,chemicals,Chemical products,855302.333333
2006Q4,plastics_rubber,Plastics and rubber products,778654.666667
2006Q4,wholesale,Wholesale trade,5936150
2006Q4,retail,Retail trade,15846709
2006Q4,air_transport,Air transportation,479996.333333
2006Q4,rail_transport,Rail transportation,510
2006Q4,water_transport,Water transportation,61120
2006Q4,truck_transport,Truck transportation,1439483
2006Q4,transit_ground,Transit and ground passenger transportation,413012
2006Q4,pipeline,Pipeline transportation,39126
2006Q4,other_transport_support,Other transportation and support activities,602491.333333
2006Q4,warehousing,Warehousing and storage,649470
2006Q4,information,Information,3044392.33333
2006Q4,credit_intermediation,"Federal Reserve banks, credit intermediation, and related activities",2949549
2006Q4,securities,"Securities, commodity contracts, and investments",838047
2006Q4,insurance,Insurance carriers and related activities,2152994
2006Q4,funds_trusts,"Funds, trusts, and other financial vehicles",93123.6666667
2006Q4,real_estate,Real estate,1498997.66667
2006Q4,rental_leasing,Rental and leasing services and lessors of intangible assets,662744.666667
2006Q4,legal,Legal services,1178029
2006Q4,computer_systems,Computer systems design and related services,1307156.33333
2006Q4,misc_professional,"Miscellaneous professional, scientific, and technical services",5036167.66667
2006Q4,management_companies,Management of companies and enterprises,1791163.66667
2006Q4,admin_support,Administrative and support services,8096378
2006Q4,waste_remediation,Waste management and remediation services,346882.333333
2006Q4,education,Educational services,2295538.66667
2006Q4,ambulatory_health,Ambulatory health care services,5375591.33333
2006Q4,hospitals_nursing,"Hospitals, nursing and residential care facilities",7309642.66667
2006Q4,social_assistance,Social assistance,2207340.66667
2006Q4,performing_arts_museums,"Performing arts, spectator sports, museums, and related activities",513440.333333
2006Q4,amusement_recreation,"Amusements, gambling, and recreation industries",1301313.66667
2006Q4,accommodation,Accommodation,1804209.33333
2006Q4,food_services,Food services and drinking places,9339196
2006Q4,other_services,"Other services, except government",4382615.66667
2007Q1,oil_gas_extraction,Oil and gas extraction,140953.666667
2007Q1,mining_except_oil_gas,"Mining, except oil and gas",211684.333333
2007Q1,support_mining,Support activities for mining,282485.333333
2007Q1,utilities,Utilities,543458.333333
2007Q1,construction,Construction,7209185
2007Q1,wood_products,Wood products,517134
2007Q1,nonmetallic_mineral,Nonmetallic mineral products,491425
2007Q1,primary_metals,Primary metals,458724.666667
2007Q1,fabricated_metal,Fabricated metal products,1548692
2007Q1,machinery,Machinery,1180990.66667
2007Q1,computer_electronic,Computer and electronic products,1274558
2007Q1,electrical_equipment,"Electrical equipment, appliances, and components",428414
2007Q1,motor_vehicles,"Motor vehicles, bodies and trailers, and parts",1026046
2007Q1,other_transport_equipment,Other transportation equipment,706064.333333
2007Q1,furniture,Furniture and related products,537460.333333
2007Q1,misc_manufacturing,Miscellaneous manufacturing,638928.666667
2007Q1,food_beverage_tobacco,Food and beverage and tobacco products,1637653.33333
2007Q1,textiles,Textile mills and textile product mills,336505.333333
2007Q1,apparel_leather,Apparel and leather and allied products,252033
2007Q1,paper,Paper products,459709.666667
2007Q1,printing,Printing and related support activities,624764.666667
2007Q1,petroleum_coal,Petroleum and coal products,110913.333333
2007Q1,chemicals,Chemical products,856611.666667
2007Q1,plastics_rubber,Plastics and rubber products,753941.666667
2007Q1,wholesale,Wholesale trade,5913194
2007Q1,retail,Retail trade,15250231
2007Q1,air_transport,Air transportation,483146
2007Q1,rail_transport,Rail transportation,483
2007Q1,water_transport,Water transportation,60061.6666667
2007Q1,truck_transport,Truck transportation,1412319.33333
2007Q1,transit_ground,Transit and ground passenger transportation,412390
2007Q1,pipeline,Pipeline transportation,39819
2007Q1,other_transport_support,Other transportation and support activities,594849
2007Q1,warehousing,Warehousing and storage,651957.666667
2007Q1,information,Information,3004994
2007Q1,credit_intermediation,"Federal Reserve banks, credit intermediation, and related activities",2934413.66667
2007Q1,securities,"Securities, commodity contracts, and investments",837141.333333
2007Q1,insurance,Insurance carriers and related activities,2150621.66667
2007Q1,funds_trusts,"Funds, trusts, and other financial vehicles",86887
2007Q1,real_estate,Real estate,1468131.66667
2007Q1,rental_leasing,Rental and leasing services and lessors of intangible assets,649235.333333
2007Q1,legal,Legal services,1162992.33333
2007Q1,computer_systems,Computer systems design and related services,1329206
2007Q1,misc_professional,"Miscellaneous professional, scientific, and technical services",5085625.66667
2007Q1,management_companies,Management of companies and enterprises,1826608.33333
2007Q1,admin_support,Administrative and support services,7701060.66667
2007Q1,waste_remediation,Waste management and remediation services,344121.666667
2007Q1,education,Educational services,2283723.33333
2007Q1,ambulatory_health,Ambulatory health care services,5366668.33333
2007Q1,hospitals_nursing,"Hospitals, nursing and residential care facilities",7320764.66667
2007Q1,social_assistance,Social assistance,2239027
2007Q1,performing_arts_museums,"Performing arts, spectator sports, museums, and related activities",481789.666667
2007Q1,amusement_recreation,"Amusements, gambling, and recreation industries",1260638
2007Q1,accommodation,Accommodation,1770588.66667
2007Q1,food_services,Food services and drinking places,9222050
2007Q1,other_services,"Other services, except government",4354428.66667
2007Q2,oil_gas_extraction,Oil and gas extraction,144584
2007Q2,mining_except_oil_gas,"Mining, except oil and gas",221610
2007Q2,support_mining,Support activities for mining,291392
2007Q2,utilities,Utilities,548219.333333
2007Q2,construction,Construction,7661692
2007Q2,wood_products,Wood products,520256
2007Q2,nonmetallic_mineral,Nonmetallic mineral products,506106.666667
2007Q2,primary_metals,Primary metals,457352
2007Q2,fabricated_metal,Fabricated metal products,1553905.33333
2007Q2,machinery,Machinery,1187281.33333
2007Q2,computer_electronic,Computer and electronic products,1271476.33333
2007Q2,electrical_equipment,"Electrical equipment, appliances, and components",428144
2007Q2,motor_vehicles,"Motor vehicles, bodies and trailers, and parts",1012506
2007Q2,other_transport_equipment,Other transportation equipment,712871.666667
2007Q2,furniture,Furniture and related products,534079
2007Q2,misc_manufacturing,Miscellaneous manufacturing,640872.333333
2007Q2,food_beverage_tobacco,Food and beverage and tobacco products,1652292
2007Q2,textiles,Textile mills and textile product mills,331877
2007Q2,apparel_leather,Apparel and leather and allied products,251743.333333
2007Q2,paper,Paper products,456740.666667
2007Q2,printing,Printing and related support activities,624400.666667
2007Q2,petroleum_coal,Petroleum and coal products,115835
2007Q2,chemicals,Chemical products,860343.666667
2007Q2,plastics_rubber,Plastics and rubber products,757950.333333
2007Q2,wholesale,Wholesale trade,5991100.66667
2007Q2,retail,Retail trade,15384505
2007Q2,air_transport,Air transportation,489027.333333
2007Q2,rail_transport,Rail transportation,576
2007Q2,water_transport,Water transportation,63403.6666667
2007Q2,truck_transport,Truck transportation,1445183.66667
2007Q2,transit_ground,Transit and ground passenger transportation,411646
2007Q2,pipeline,Pipeline transportation,40150
2007Q2,other_transport_support,Other transportation and support activities,611859.666667
2007Q2,warehousing,Warehousing and storage,653264.666667
2007Q2,information,Information,3036193.66667
2007Q2,credit_intermediation,"Federal Reserve banks, credit intermediation, and related activities",2916761
2007Q2,securities,"Securities, commodity contracts, and investments",849911.666667
2007Q2,insurance,Insurance carriers and related activities,2158666.33333
2007Q2,funds_trusts,"Funds, trusts, and other financial vehicles",89084.3333333
2007Q2,real_estate,Real estate,1498109.66667
2007Q2,rental_leasing,Rental and leasing services and lessors of intangible assets,665548.333333
2007Q2,legal,Legal services,1177281.66667
2007Q2,computer_systems,Computer systems design and related services,1355401.66667
2007Q2,misc_professional,"Miscellaneous professional, scientific, and technical services",5066773.33333
2007Q2,management_companies,Management of companies and enterprises,1836724.33333
2007Q2,admin_support,Administrative and support services,8092494.33333
2007Q2,waste_remediation,Waste management and remediation services,354368
2007Q2,education,Educational services,2292875.33333
2007Q2,ambulatory_health,Ambulatory health care services,5443265.33333
2007Q2,hospitals_nursing,"Hospitals, nursing and residential care facilities",7380886.66667
2007Q2,social_assistance,Social assistance,2280750.66667
2007Q2,performing_arts_museums,"Performing arts, spectator sports, museums, and related activities",553869.666667
2007Q2,amusement_recreation,"Amusements, gambling, and recreation industries",1493220.66667
2007Q2,accommodation,Accommodation,1871474.66667
2007Q2,food_services,Food services and drinking places,9639067.33333
2007Q2,other_services,"Other services, except government",4466933
2007Q3,oil_gas_extraction,Oil and gas extraction,148782.333333
2007Q3,mining_except_oil_gas,"Mining, except oil and gas",225588
2007Q3,support_mining,Support activities for mining,299298
2007Q3,utilities,Utilities,552872.666667
2007Q3,construction,Construction,7823345
2007Q3,wood_products,Wood products,519078
2007Q3,nonmetallic_mineral,Nonmetallic mineral products,506618.333333
2007Q3,primary_metals,Primary metals,455163
2007Q3,fabricated_metal,Fabricated metal products,1557609.66667
2007Q3,machinery,Machinery,1183336.66667
2007Q3,computer_electronic,Computer and electronic products,1270912.66667
2007Q3,electrical_equipment,"Electrical equipment, appliances, and components",427919.333333
2007Q3,motor_vehicles,"Motor vehicles, bodies and trailers, and parts",969838.666667
2007Q3,other_transport_equipment,Other transportation equipment,716872.333333
2007Q3,furniture,Furniture and related products,528544.666667
2007Q3,misc_manufacturing,Miscellaneous manufacturing,639517.666667
2007Q3,food_beverage_tobacco,Food and beverage and tobacco products,1709408.33333
2007Q3,textiles,Textile mills and textile product mills,326010.666667
2007Q3,apparel_leather,Apparel and leather and allied products,247047.333333
2007Q3,paper,Paper products,454891.666667
2007Q3,printing,Printing and related support activities,621124
2007Q3,petroleum_coal,Petroleum and coal products,117818.333333
2007Q3,chemicals,Chemical products,859886.666667
2007Q3,plastics_rubber,Plastics and rubber products,753682
2007Q3,wholesale,Wholesale trade,6014067
2007Q3,retail,Retail trade,15461801
2007Q3,air_transport,Air transportation,493188.333333
2007Q3,rail_transport,Rail transportation,597.333333333
2007Q3,water_transport,Water transportation,64712.3333333
2007Q3,truck_transport,Truck transportation,1459396.33333
2007Q3,transit_ground,Transit and ground passenger transportation,364908.666667
2007Q3,pipeline,Pipeline transportation,40463.6666667
2007Q3,other_transport_support,Other transportation and support activities,620684.333333
2007Q3,warehousing,Warehousing and storage,658545.333333
2007Q3,information,Information,3044834.66667
2007Q3,credit_intermediation,"Federal Reserve banks, credit intermediation, and related activities",2877083.33333
2007Q3,securities,"Securities, commodity contracts, and investments",868064.333333
2007Q3,insurance,Insurance carriers and related activities,2162336.66667
2007Q3,funds_trusts,"Funds, trusts, and other financial vehicles",89310
2007Q3,real_estate,Real estate,1514317.33333
2007Q3,rental_leasing,Rental and leasing services and lessors of intangible assets,668156
2007Q3,legal,Legal services,1180935.33333
2007Q3,computer_systems,Computer systems design and related services,1378413.66667
2007Q3,misc_professional,"Miscellaneous professional, scientific, and technical services",5064004.33333
2007Q3,management_companies,Management of companies and enterprises,1846437.33333
2007Q3,admin_support,Administrative and support services,8187198.66667
2007Q3,waste_remediation,Waste management and remediation services,360370
2007Q3,education,Educational services,2175227.66667
2007Q3,ambulatory_health,Ambulatory health care services,5501480.33333
2007Q3,hospitals_nursing,"Hospitals, nursing and residential care facilities",7446218
2007Q3,social_assistance,Social assistance,2258260.66667
2007Q3,performing_arts_museums,"Performing arts, spectator sports, museums, and related activities",567633.666667
2007Q3,amusement_recreation,"Amusements, gambling, and recreation industries",1589615.66667
2007Q3,accommodation,Accommodation,1948180.66667
2007Q3,food_services,Food services and drinking places,9685402.33333
2007Q3,other_services,"Other services, except government",4466803.33333
2007Q4,oil_gas_extraction,Oil and gas extraction,150002
2007Q4,mining_except_oil_gas,"Mining, except oil and gas",220846.666667
2007Q4,support_mining,Support activities for mining,303879
2007Q4,utilities,Utilities,553606
2007Q4,construction,Construction,7556706
2007Q4,wood_products,Wood products,499494
2007Q4,nonmetallic_mineral,Nonmetallic mineral products,494403.333333
2007Q4,primary_metals,Primary metals,451492.333333
2007Q4,fabricated_metal,Fabricated metal products,1555206.33333
2007Q4,machinery,Machinery,1182234
2007Q4,computer_electronic,Computer and electronic products,1263126
2007Q4,electrical_equipment,"Electrical equipment, appliances, and components",425527.666667
2007Q4,motor_vehicles,"Motor vehicles, bodies and trailers, and parts",962008
2007Q4,other_transport_equipment,Other transportation equipment,722937
2007Q4,furniture,Furniture and related products,516675
2007Q4,misc_manufacturing,Miscellaneous manufacturing,642160.666667
2007Q4,food_beverage_tobacco,Food and beverage and tobacco products,1688443.66667
2007Q4,textiles,Textile mills and textile product mills,319795.333333
2007Q4,apparel_leather,Apparel and leather and allied products,240805
2007Q4,paper,Paper products,451023.333333
2007Q4,printing,Printing and related support activities,616792.666667
2007Q4,petroleum_coal,Petroleum and coal products,116108
2007Q4,chemicals,Chemical products,855756.666667
2007Q4,plastics_rubber,Plastics and rubber products,746213.333333
2007Q4,wholesale,Wholesale trade,6030463.33333
2007Q4,retail,Retail trade,15939531.6667
2007Q4,air_transport,Air transportation,496111.666667
2007Q4,rail_transport,Rail transportation,579
2007Q4,water_transport,Water transportation,63513.6666667
2007Q4,truck_transport,Truck transportation,1439743.33333
2007Q4,transit_ground,Transit and ground passenger transportation,426547
2007Q4,pipeline,Pipeline transportation,40779
2007Q4,other_transport_support,Other transportation and support activities,616469
2007Q4,warehousing,Warehousing and storage,671900
2007Q4,information,Information,3033132.33333
2007Q4,credit_intermediation,"Federal Reserve banks, credit intermediation, and related activities",2824503.33333
2007Q4,securities,"Securities, commodity contracts, and investments",870214.333333
2007Q4,insurance,Insurance carriers and related activities,2163937.66667
2007Q4,funds_trusts,"Funds, trusts, and other financial vehicles",90556.3333333
2007Q4,real_estate,Real estate,1497711.33333
2007Q4,rental_leasing,Rental and leasing services and lessors of intangible assets,653221.333333
2007Q4,legal,Legal services,1176102.66667
2007Q4,computer_systems,Computer systems design and related services,1405437.66667
2007Q4,misc_professional,"Miscellaneous professional, scientific, and technical services",5158073.33333
2007Q4,management_companies,Management of companies and enterprises,1848693
2007Q4,admin_support,Administrative and support services,8146262
2007Q4,waste_remediation,Waste management and remediation services,354596.666667
2007Q4,education,Educational services,2386396.33333
2007Q4,ambulatory_health,Ambulatory health care services,5567697.66667
2007Q4,hospitals_nursing,"Hospitals, nursing and residential care facilities",7476574
2007Q4,social_assistance,Social assistance,2312831.33333
2007Q4,performing_arts_museums,"Performing arts, spectator sports, museums, and related activities",529337.333333
2007Q4,amusement_recreation,"Amusements, gambling, and recreation industries",1339490.66667
2007Q4,accommodation,Accommodation,1829518.33333
2007Q4,food_services,Food services and drinking places,9528356.66667
2007Q4,other_services,"Other services, except government",4465590
2008Q1,oil_gas_extraction,Oil and gas extraction,153802
2008Q1,mining_except_oil_gas,"Mining, except oil and gas",212772.333333
2008Q1,support_mining,Support activities for mining,312142.666667
2008Q1,utilities,Utilities,552596.333333
2008Q1,construction,Construction,6981201.33333
2008Q1,wood_products,Wood products,475025.333333
2008Q1,nonmetallic_mineral,Nonmetallic mineral products,467661.333333
2008Q1,primary_metals,Primary metals,449807
2008Q1,fabricated_metal,Fabricated metal products,1546228.66667
2008Q1,machinery,Machinery,1187174
2008Q1,computer_electronic,Computer and electronic products,1252871.33333
2008Q1,electrical_equipment,"Electrical equipment, appliances, and components",424922.666667
2008Q1,motor_vehicles,"Motor vehicles, bodies and trailers, and parts",937667.666667
2008Q1,other_transport_equipment,Other transportation equipment,731022.666667
2008Q1,furniture,Furniture and related products,501865.666667
2008Q1,misc_manufacturing,Miscellaneous manufacturing,633038.666667
2008Q1,food_beverage_tobacco,Food and beverage and tobacco products,1649932
2008Q1,textiles,Textile mills and textile product mills,311284.666667
2008Q1,apparel_leather,Apparel and leather and allied products,234954.333333
2008Q1,paper,Paper products,447562
2008Q1,printing,Printing and related support activities,605264.333333
2008Q1,petroleum_coal,Petroleum and coal products,112631.333333
2008Q1,chemicals,Chemical products,851239.666667
2008Q1,plastics_rubber,Plastics and rubber products,744268.333333
2008Q1,wholesale,Wholesale trade,5952747.66667
2008Q1,retail,Retail trade,15285037
2008Q1,air_transport,Air transportation,498835
2008Q1,rail_transport,Rail transportation,531
2008Q1,water_transport,Water transportation,62526
2008Q1,truck_transport,Truck transportation,1386648.33333
2008Q1,transit_ground,Transit and ground passenger transportation,425634.333333
2008Q1,pipeline,Pipeline transportation,40214.6666667
2008Q1,other_transport_support,Other transportation and support activities,609280.333333
2008Q1,warehousing,Warehousing and storage,672653.333333
2008Q1,information,Information,2993466.66667
2008Q1,credit_intermediation,"Federal Reserve banks, credit intermediation, and related activities",2784832.33333
2008Q1,securities,"Securities, commodity contracts, and investments",867564.333333
2008Q1,insurance,Insurance carriers and related activities,2158281.66667
2008Q1,funds_trusts,"Funds, trusts, and other financial vehicles",89095.3333333
2008Q1,real_estate,Real estate,1458542.66667
2008Q1,rental_leasing,Rental and leasing services and lessors of intangible assets,638429.333333
2008Q1,legal,Legal services,1157451.66667
2008Q1,computer_systems,Computer systems design and related services,1422528.66667
2008Q1,misc_professional,"Miscellaneous professional, scientific, and technical services",5259941.33333
2008Q1,management_companies,Management of companies and enterprises,1892500.33333
2008Q1,admin_support,Administrative and support services,7512579.33333
2008Q1,waste_remediation,Waste management and remediation services,349508.333333
2008Q1,education,Educational services,2367889
2008Q1,ambulatory_health,Ambulatory health care services,5552175
2008Q1,hospitals_nursing,"Hospitals, nursing and residential care facilities",7503184.33333
2008Q1,social_assistance,Social assistance,2333850.66667
2008Q1,performing_arts_museums,"Performing arts, spectator sports, museums, and related activities",494163
2008Q1,amusement_recreation,"Amusements, gambling, and recreation industries",1292393
2008Q1,accommodation,Accommodation,1798292
2008Q1,food_services,Food services and drinking places,9358366.33333
2008Q1,other_services,"Other services, except government",4420073.33333
2008Q2,oil_gas_extraction,Oil and gas extraction,158432
2008Q2,mining_except_oil_gas,"Mining, except oil and gas",224711
2008Q2,support_mining,Support activities for mining,323034
2008Q2,utilities,Utilities,557573.666667
2008Q2,construction,Construction,7279656.33333
2008Q2,wood_products,Wood products,465578
2008Q2,nonmetallic_mineral,Nonmetallic mineral products,475099.333333
2008Q2,primary_metals,Primary metals,447203.333333
2008Q2,fabricated_metal,Fabricated metal products,1549397
2008Q2,machinery,Machinery,1186528
2008Q2,computer_electronic,Computer and electronic products,1251202.33333
2008Q2,electrical_equipment,"Electrical equipment, appliances, and components",424468
2008Q2,motor_vehicles,"Motor vehicles, bodies and trailers, and parts",910682.333333
2008Q2,other_transport_equipment,Other transportation equipment,735134
2008Q2,furniture,Furniture and related products,490734.333333
2008Q2,misc_manufacturing,Miscellaneous manufacturing,630906
2008Q2,food_beverage_tobacco,Food and beverage and tobacco products,1658995.66667
2008Q2,textiles,Textile mills and textile product mills,306658
2008Q2,apparel_leather,Apparel and leather and allied products,236256
2008Q2,paper,Paper products,445145
2008Q2,printing,Printing and related support activities,599754.333333
2008Q2,petroleum_coal,Petroleum and coal products,117196
2008Q2,chemicals,Chemical products,852141.333333
2008Q2,plastics_rubber,Plastics and rubber products,736642.333333
2008Q2,wholesale,Wholesale trade,5994254.33333
2008Q2,retail,Retail trade,15274339.6667
2008Q2,air_transport,Air transportation,496526.666667
2008Q2,rail_transport,Rail transportation,600
2008Q2,water_transport,Water transportation,65265
2008Q2,truck_transport,Truck transportation,1403992
2008Q2,transit_ground,Transit and ground passenger transportation,426369.666667
2008Q2,pipeline,Pipeline transportation,40796
2008Q2,other_transport_support,Other transportation and support activities,620056.666667
2008Q2,warehousing,Warehousing and storage,666843.666667
2008Q2,information,Information,3019088.66667
2008Q2,credit_intermediation,"Federal Reserve banks, credit intermediation, and related activities",2761478.66667
2008Q2,securities,"Securities, commodity contracts, and investments",869647
2008Q2,insurance,Insurance carriers and related activities,2162617.66667
2008Q2,funds_trusts,"Funds, trusts, and other financial vehicles",90172
2008Q2,real_estate,Real estate,1479584.33333
2008Q2,rental_leasing,Rental and leasing services and lessors of intangible assets,654646
2008Q2,legal,Legal services,1170619.66667
2008Q2,computer_systems,Computer systems design and related services,1442629.66667
2008Q2,misc_professional,"Miscellaneous professional, scientific, and technical services",5212151.66667
2008Q2,management_companies,Management of companies and enterprises,1901209
2008Q2,admin_support,Administrative and support services,7789285.66667
2008Q2,waste_remediation,Waste management and remediation services,357842
2008Q2,education,Educational services,2376988.33333
2008Q2,ambulatory_health,Ambulatory health care services,5620955.33333
2008Q2,hospitals_nursing,"Hospitals, nursing and residential care facilities",7561990.33333
2008Q2,social_assistance,Social assistance,2367543.33333
2008Q2,performing_arts_museums,"Performing arts, spectator sports, museums, and related activities",568510
2008Q2,amusement_recreation,"Amusements, gambling, and recreation industries",1523349.66667
2008Q2,accommodation,Accommodation,1891339.33333
2008Q2,food_services,Food services and drinking places,9737231.66667
2008Q2,other_services,"Other services, except government",4524238
2008Q3,oil_gas_extraction,Oil and gas extraction,163502
2008Q3,mining_except_oil_gas,"Mining, except oil and gas",229811.666667
2008Q3,support_mining,Support activities for mining,339501
2008Q3,utilities,Utilities,561832.333333
2008Q3,construction,Construction,7342119
2008Q3,wood_products,Wood products,454302.666667
2008Q3,nonmetallic_mineral,Nonmetallic mineral products,468717.333333
2008Q3,primary_metals,Primary metals,445127.666667
2008Q3,fabricated_metal,Fabricated metal products,1539189.66667
2008Q3,machinery,Machinery,1183640.33333
2008Q3,computer_electronic,Computer and electronic products,1249601
2008Q3,electrical_equipment,"Electrical equipment, appliances, and components",423500.333333
2008Q3,motor_vehicles,"Motor vehicles, bodies and trailers, and parts",852533
2008Q3,other_transport_equipment,Other transportation equipment,731623.333333
2008Q3,furniture,Furniture and related products,477933.333333
2008Q3,misc_manufacturing,Miscellaneous manufacturing,627178
2008Q3,food_beverage_tobacco,Food and beverage and tobacco products,1699843
2008Q3,textiles,Textile mills and textile product mills,297852.666667
2008Q3,apparel_leather,Apparel and leather and allied products,232695.333333
2008Q3,paper,Paper products,440217.333333
2008Q3,printing,Printing and related support activities,589114
2008Q3,petroleum_coal,Petroleum and coal products,118630.666667
2008Q3,chemicals,Chemical products,848668
2008Q3,plastics_rubber,Plastics and rubber products,722652.333333
2008Q3,wholesale,Wholesale trade,5973590.33333
2008Q3,retail,Retail trade,15253392.3333
2008Q3,air_transport,Air transportation,488496.666667
2008Q3,rail_transport,Rail transportation,597
2008Q3,water_transport,Water transportation,66226.3333333
2008Q3,truck_transport,Truck transportation,1410223.66667
2008Q3,transit_ground,Transit and ground passenger transportation,376388.333333
2008Q3,pipeline,Pipeline transportation,41561
2008Q3,other_transport_support,Other transportation and support activities,625419
2008Q3,warehousing,Warehousing and storage,667293.666667
2008Q3,information,Information,2992570.33333
2008Q3,credit_intermediation,"Federal Reserve banks, credit intermediation, and related activities",2728900.66667
2008Q3,securities,"Securities, commodity contracts, and investments",875284.333333
2008Q3,insurance,Insurance carriers and related activities,2159919.33333
2008Q3,funds_trusts,"Funds, trusts, and other financial vehicles",90540.6666667
2008Q3,real_estate,Real estate,1488013.66667
2008Q3,rental_leasing,Rental and leasing services and lessors of intangible assets,647108
2008Q3,legal,Legal services,1167525.66667
2008Q3,computer_systems,Computer systems design and related services,1454065.33333
2008Q3,misc_professional,"Miscellaneous professional, scientific, and technical services",5169853
2008Q3,management_companies,Management of companies and enterprises,1900672.66667
2008Q3,admin_support,Administrative and support services,7767440
2008Q3,waste_remediation,Waste management and remediation services,364075
2008Q3,education,Educational services,2252224
2008Q3,ambulatory_health,Ambulatory health care services,5662091
2008Q3,hospitals_nursing,"Hospitals, nursing and residential care facilities",7627075
2008Q3,social_assistance,Social assistance,2342010.66667
2008Q3,performing_arts_museums,"Performing arts, spectator sports, museums, and related activities",573441.666667
2008Q3,amusement_recreation,"Amusements, gambling, and recreation industries",1606535
2008Q3,accommodation,Accommodation,1948492.33333
2008Q3,food_services,Food services and drinking places,9709602
2008Q3,other_services,"Other services, except government",4526328.33333
2008Q4,oil_gas_extraction,Oil and gas extraction,164586
2008Q4,mining_except_oil_gas,"Mining, except oil and gas",225301.666667
2008Q4,support_mining,Support activities for mining,345993.666667
2008Q4,utilities,Utilities,559930.333333
2008Q4,construction,Construction,6896565.66667
2008Q4,wood_products,Wood products,423289
2008Q4,nonmetallic_mineral,Nonmetallic mineral products,443534
2008Q4,primary_metals,Primary metals,433331
2008Q4,fabricated_metal,Fabricated metal products,1500464.66667
2008Q4,machinery,Machinery,1163468.66667
2008Q4,computer_electronic,Computer and electronic products,1229430.66667
2008Q4,electrical_equipment,"Electrical equipment, appliances, and components",415011.333333
2008Q4,motor_vehicles,"Motor vehicles, bodies and trailers, and parts",818349.666667
2008Q4,other_transport_equipment,Other transportation equipment,714155
2008Q4,furniture,Furniture and related products,447381.666667
2008Q4,misc_manufacturing,Miscellaneous manufacturing,618620.666667
2008Q4,food_beverage_tobacco,Food and beverage and tobacco products,1672314
2008Q4,textiles,Textile mills and textile product mills,284981.666667
2008Q4,apparel_leather,Apparel and leather and allied products,222117
2008Q4,paper,Paper products,432488
2008Q4,printing,Printing and related support activities,574404.666667
2008Q4,petroleum_coal,Petroleum and coal products,116534.666667
2008Q4,chemicals,Chemical products,838336.333333
2008Q4,plastics_rubber,Plastics and rubber products,695412.666667
2008Q4,wholesale,Wholesale trade,5899065.66667
2008Q4,retail,Retail trade,15418961.3333
2008Q4,air_transport,Air transportation,474556.333333
2008Q4,rail_transport,Rail transportation,525
2008Q4,water_transport,Water transportation,64362
2008Q4,truck_transport,Truck transportation,1374198
2008Q4,transit_ground,Transit and ground passenger transportation,434879.333333
2008Q4,pipeline,Pipeline transportation,41891.3333333
2008Q4,other_transport_support,Other transportation and support activities,614154.333333
2008Q4,warehousing,Warehousing and storage,673266
2008Q4,information,Information,2951517.33333
2008Q4,credit_intermediation,"Federal Reserve banks, credit intermediation, and related activities",2685018
2008Q4,securities,"Securities, commodity contracts, and investments",860905
2008Q4,insurance,Insurance carriers and related activities,2153483
2008Q4,funds_trusts,"Funds, trusts, and other financial vehicles",91047.6666667
2008Q4,real_estate,Real estate,1457245
2008Q4,rental_leasing,Rental and leasing services and lessors of intangible assets,621145.333333
2008Q4,legal,Legal services,1157974.33333
2008Q4,computer_systems,Computer systems design and related services,1459809.33333
2008Q4,misc_professional,"Miscellaneous professional, scientific, and technical services",5193446.66667
2008Q4,management_companies,Management of companies and enterprises,1887286.66667
2008Q4,admin_support,Administrative and support services,7475524
2008Q4,waste_remediation,Waste management and remediation services,355200.333333
2008Q4,education,Educational services,2470098
2008Q4,ambulatory_health,Ambulatory health care services,5722285.66667
2008Q4,hospitals_nursing,"Hospitals, nursing and residential care facilities",7665224.66667
2008Q4,social_assistance,Social assistance,2390825.66667
2008Q4,performing_arts_museums,"Performing arts, spectator sports, museums, and related activities",528850.666667
2008Q4,amusement_recreation,"Amusements, gambling, and recreation industries",1326600
2008Q4,accommodation,Accommodation,1797519.66667
2008Q4,food_services,Food services and drinking places,9427222
2008Q4,other_services,"Other services, except government",4468986.33333
2009Q1,oil_gas_extraction,Oil and gas extraction,161613
2009Q1,mining_except_oil_gas,"Mining, except oil and gas",208718
2009Q1,support_mining,Support activities for mining,309092.333333
2009Q1,utilities,Utilities,559950.666667
2009Q1,construction,Construction,5978945
2009Q1,wood_products,Wood products,374437
2009Q1,nonmetallic_mineral,Nonmetallic mineral products,399170.333333
2009Q1,primary_metals,Primary metals,395180.333333
2009Q1,fabricated_metal,Fabricated metal products,1392258.66667
2009Q1,machinery,Machinery,1098500
2009Q1,computer_electronic,Computer and electronic products,1185323.33333
2009Q1,electrical_equipment,"Electrical equipment, appliances, and components",393054
2009Q1,motor_vehicles,"Motor vehicles, bodies and trailers, and parts",707105.333333
2009Q1,other_transport_equipment,Other transportation equipment,708896.333333
2009Q1,furniture,Furniture and related products,407783.333333
2009Q1,misc_manufacturing,Miscellaneous manufacturing,594941
2009Q1,food_beverage_tobacco,Food and beverage and tobacco products,1609736
2009Q1,textiles,Textile mills and textile product mills,261191.333333
2009Q1,apparel_leather,Apparel and leather and allied products,205703.333333
2009Q1,paper,Paper products,417654
2009Q1,printing,Printing and related support activities,545522.333333
2009Q1,petroleum_coal,Petroleum and coal products,112426
2009Q1,chemicals,Chemical products,817076.333333
2009Q1,plastics_rubber,Plastics and rubber products,646389.666667
2009Q1,wholesale,Wholesale trade,5662829.33333
2009Q1,retail,Retail trade,14490598.6667
2009Q1,air_transport,Air transportation,466052.666667
2009Q1,rail_transport,Rail transportation,616.666666667
2009Q1,water_transport,Water transportation,62337
2009Q1,truck_transport,Truck transportation,1277337.33333
2009Q1,transit_ground,Transit and ground passenger transportation,430158.666667
2009Q1,pipeline,Pipeline transportation,41488
2009Q1,other_transport_support,Other transportation and support activities,580463.666667
2009Q1,warehousing,Warehousing and storage,648184.333333
2009Q1,information,Information,2864543.33333
2009Q1,credit_intermediation,"Federal Reserve banks, credit intermediation, and related activities",2646309
2009Q1,securities,"Securities, commodity contracts, and investments",832355
2009Q1,insurance,Insurance carriers and related activities,2130676
2009Q1,funds_trusts,"Funds, trusts, and other financial vehicles",87672.3333333
2009Q1,real_estate,Real estate,1393563.33333
2009Q1,rental_leasing,Rental and leasing services and lessors of intangible assets,580772
2009Q1,legal,Legal services,1130182.66667
2009Q1,computer_systems,Computer systems design and related services,1427446
2009Q1,misc_professional,"Miscellaneous professional, scientific, and technical services",5124771.66667
2009Q1,management_companies,Management of companies and enterprises,1887159
2009Q1,admin_support,Administrative and support services,6691627.66667
2009Q1,waste_remediation,Waste management and remediation services,342747.333333
2009Q1,education,Educational services,2445189.33333
2009Q1,ambulatory_health,Ambulatory health care services,5690102.33333
2009Q1,hospitals_nursing,"Hospitals, nursing and residential care facilities",7661948
2009Q1,social_assistance,Social assistance,2391521
2009Q1,performing_arts_museums,"Performing arts, spectator sports, museums, and related activities",482003.333333
2009Q1,amusement_recreation,"Amusements, gambling, and recreation industries",1256584.66667
2009Q1,accommodation,Accommodation,1707769.33333
2009Q1,food_services,Food services and drinking places,9139337
2009Q1,other_services,"Other services, except government",4345289.33333
2009Q2,oil_gas_extraction,Oil and gas extraction,160093.666667
2009Q2,mining_except_oil_gas,"Mining, except oil and gas",209066
2009Q2,support_mining,Support activities for mining,270909.666667
2009Q2,utilities,Utilities,561465.666667
2009Q2,construction,Construction,6039105.33333
2009Q2,wood_products,Wood products,360224.333333
2009Q2,nonmetallic_mineral,Nonmetallic mineral products,394383.333333
2009Q2,primary_metals,Primary metals,358748.666667
2009Q2,fabricated_metal,Fabricated metal products,1308448
2009Q2,machinery,Machinery,1024181.66667
2009Q2,computer_electronic,Computer and electronic products,1137851
2009Q2,electrical_equipment,"Electrical equipment, appliances, and components",372540
2009Q2,motor_vehicles,"Motor vehicles, bodies and trailers, and parts",656619
2009Q2,other_transport_equipment,Other transportation equipment,684980.333333
2009Q2,furniture,Furniture and related products,387042
2009Q2,misc_manufacturing,Miscellaneous manufacturing,581859.333333
2009Q2,food_beverage_tobacco,Food and beverage and tobacco products,1621664.33333
2009Q2,textiles,Textile mills and textile product mills,250546
2009Q2,apparel_leather,Apparel and leather and allied products,200096
2009Q2,paper,Paper products,405972.666667
2009Q2,printing,Printing and related support activities,525267.666667
2009Q2,petroleum_coal,Petroleum and coal products,115269.333333
2009Q2,chemicals,Chemical products,802344.333333
2009Q2,plastics_rubber,Plastics and rubber products,624325
2009Q2,wholesale,Wholesale trade,5584192
2009Q2,retail,Retail trade,14456079
2009Q2,air_transport,Air transportation,463717
2009Q2,rail_transport,Rail transportation,612
2009Q2,water_transport,Water transportation,63154.3333333
2009Q2,truck_transport,Truck transportation,1258721.66667
2009Q2,transit_ground,Transit and ground passenger transportation,426460.666667
2009Q2,pipeline,Pipeline transportation,41344.3333333
2009Q2,other_transport_support,Other transportation and support activities,570954.333333
2009Q2,warehousing,Warehousing and storage,632394.333333
2009Q2,information,Information,2825811.66667
2009Q2,credit_intermediation,"Federal Reserve banks, credit intermediation, and related activities",2624609.33333
2009Q2,securities,"Securities, commodity contracts, and investments",813463.666667
2009Q2,insurance,Insurance carriers and related activities,2117777.33333
2009Q2,funds_trusts,"Funds, trusts, and other financial vehicles",86714.6666667
2009Q2,real_estate,Real estate,1403764
2009Q2,rental_leasing,Rental and leasing services and lessors of intangible assets,579728.666667
2009Q2,legal,Legal services,1132732.66667
2009Q2,computer_systems,Computer systems design and related services,1409936.33333
2009Q2,misc_professional,"Miscellaneous professional, scientific, and technical services",4932618
2009Q2,management_companies,Management of companies and enterprises,1860267.66667
2009Q2,admin_support,Administrative and support services,6791659.66667
2009Q2,waste_remediation,Waste management and remediation services,345713.333333
2009Q2,education,Educational services,2431551.66667
2009Q2,ambulatory_health,Ambulatory health care services,5761216.66667
2009Q2,hospitals_nursing,"Hospitals, nursing and residential care facilities",7695663.33333
2009Q2,social_assistance,Social assistance,2420109.33333
2009Q2,performing_arts_museums,"Performing arts, spectator sports, museums, and related activities",547584.333333
2009Q2,amusement_recreation,"Amusements, gambling, and recreation industries",1478766.33333
2009Q2,accommodation,Accommodation,1761810.66667
2009Q2,food_services,Food services and drinking places,9501946
2009Q2,other_services,"Other services, except government",4402561.66667
2009Q3,oil_gas_extraction,Oil and gas extraction,160924
2009Q3,mining_except_oil_gas,"Mining, except oil and gas",207362.333333
2009Q3,support_mining,Support activities for mining,257956.666667
2009Q3,utilities,Utilities,562370.666667
2009Q3,construction,Construction,6046821.33333
2009Q3,wood_products,Wood products,355543
2009Q3,nonmetallic_mineral,Nonmetallic mineral products,389355
2009Q3,primary_metals,Primary metals,349289.333333
2009Q3,fabricated_metal,Fabricated metal products,1267170.66667
2009Q3,machinery,Machinery,984746.333333
2009Q3,computer_electronic,Computer and electronic products,1110293.33333
2009Q3,electrical_equipment,"Electrical equipment, appliances, and components",362909.666667
2009Q3,motor_vehicles,"Motor vehicles, bodies and trailers, and parts",656284
2009Q3,other_transport_equipment,Other transportation equipment,667712
2009Q3,furniture,Furniture and related products,374563.666667
2009Q3,misc_manufacturing,Miscellaneous manufacturing,572501.333333
2009Q3,food_beverage_tobacco,Food and beverage and tobacco products,1670454
2009Q3,textiles,Textile mills and textile product mills,245013
2009Q3,apparel_leather,Apparel and leather and allied products,192980
2009Q3,paper,Paper products,401320.333333
2009Q3,printing,Printing and related support activities,511883.666667
2009Q3,petroleum_coal,Petroleum and coal products,116608.333333
2009Q3,chemicals,Chemical products,793552.666667
2009Q3,plastics_rubber,Plastics and rubber products,617242.333333
2009Q3,wholesale,Wholesale trade,5515865.33333
2009Q3,retail,Retail trade,14453988
2009Q3,air_transport,Air transportation,459573.333333
2009Q3,rail_transport,Rail transportation,559
2009Q3,water_transport,Water transportation,63916.6666667
2009Q3,truck_transport,Truck transportation,1262762
2009Q3,transit_ground,Transit and ground passenger transportation,375971
2009Q3,pipeline,Pipeline transportation,41453.6666667
2009Q3,other_transport_support,Other transportation and support activities,563997.666667
2009Q3,warehousing,Warehousing and storage,628703
2009Q3,information,Information,2784592.66667
2009Q3,credit_intermediation,"Federal Reserve banks, credit intermediation, and related activities",2594148
2009Q3,securities,"Securities, commodity contracts, and investments",806622.666667
2009Q3,insurance,Insurance carriers and related activities,2098433.66667
2009Q3,funds_trusts,"Funds, trusts, and other financial vehicles",85937.6666667
2009Q3,real_estate,Real estate,1409819.33333
2009Q3,rental_leasing,Rental and leasing services and lessors of intangible assets,574289.333333
2009Q3,legal,Legal services,1125911
2009Q3,computer_systems,Computer systems design and related services,1401195.33333
2009Q3,misc_professional,"Miscellaneous professional, scientific, and technical services",4822637
2009Q3,management_companies,Management of companies and enterprises,1841697.66667
2009Q3,admin_support,Administrative and support services,6830178
2009Q3,waste_remediation,Waste management and remediation services,350329
2009Q3,education,Educational services,2289524
2009Q3,ambulatory_health,Ambulatory health care services,5806322.33333
2009Q3,hospitals_nursing,"Hospitals, nursing and residential care facilities",7733381.66667
2009Q3,social_assistance,Social assistance,2391472
2009Q3,performing_arts_museums,"Performing arts, spectator sports, museums, and related activities",550622
2009Q3,amusement_recreation,"Amusements, gambling, and recreation industries",1569946.66667
2009Q3,accommodation,Accommodation,1819426
2009Q3,food_services,Food services and drinking places,9471889
2009Q3,other_services,"Other services, except government",4385267.33333
2009Q4,oil_gas_extraction,Oil and gas extraction,160120.666667
2009Q4,mining_except_oil_gas,"Mining, except oil and gas",201928.666667
2009Q4,support_mining,Support activities for mining,257680.333333
2009Q4,utilities,Utilities,559064
2009Q4,construction,Construction,5730476.33333
2009Q4,wood_products,Wood products,344626
2009Q4,nonmetallic_mineral,Nonmetallic mineral products,377550
2009Q4,primary_metals,Primary metals,351759
2009Q4,fabricated_metal,Fabricated metal products,1254073
2009Q4,machinery,Machinery,976549.666667
2009Q4,computer_electronic,Computer and electronic products,1095499.66667
2009Q4,electrical_equipment,"Electrical equipment, appliances, and components",358343.333333
2009Q4,motor_vehicles,"Motor vehicles, bodies and trailers, and parts",670308.666667
2009Q4,other_transport_equipment,Other transportation equipment,659566
2009Q4,furniture,Furniture and related products,363459
2009Q4,misc_manufacturing,Miscellaneous manufacturing,570435
2009Q4,food_beverage_tobacco,Food and beverage and tobacco products,1642966
2009Q4,textiles,Textile mills and textile product mills,243248.666667
2009Q4,apparel_leather,Apparel and leather and allied products,189462
2009Q4,paper,Paper products,396806
2009Q4,printing,Printing and related support activities,504510.333333
2009Q4,petroleum_coal,Petroleum and coal products,113720.666667
2009Q4,chemicals,Chemical products,790296.333333
2009Q4,plastics_rubber,Plastics and rubber products,614169.666667
2009Q4,wholesale,Wholesale trade,5484260.66667
2009Q4,retail,Retail trade,14775776.6667
2009Q4,air_transport,Air transportation,453373.666667
2009Q4,rail_transport,Rail transportation,573
2009Q4,water_transport,Water transportation,61542.6666667
2009Q4,truck_transport,Truck transportation,1244812.66667
2009Q4,transit_ground,Transit and ground passenger transportation,433353
2009Q4,pipeline,Pipeline transportation,41250.3333333
2009Q4,other_transport_support,Other transportation and support activities,556585.666667
2009Q4,warehousing,Warehousing and storage,632984
2009Q4,information,Information,2755935.33333
2009Q4,credit_intermediation,"Federal Reserve banks, credit intermediation, and related activities",2574021.33333
2009Q4,securities,"Securities, commodity contracts, and investments",802912.666667
2009Q4,insurance,Insurance carriers and related activities,2085666.33333
2009Q4,funds_trusts,"Funds, trusts, and other financial vehicles",86588.6666667
2009Q4,real_estate,Real estate,1392175.33333
2009Q4,rental_leasing,Rental and leasing services and lessors of intangible assets,551263.666667
2009Q4,legal,Legal services,1120667
2009Q4,computer_systems,Computer systems design and related services,1413509.33333
2009Q4,misc_professional,"Miscellaneous professional, scientific, and technical services",4877431
2009Q4,management_companies,Management of companies and enterprises,1831430
2009Q4,admin_support,Administrative and support services,6919822
2009Q4,waste_remediation,Waste management and remediation services,343670.666667
2009Q4,education,Educational services,2511262
2009Q4,ambulatory_health,Ambulatory health care services,5871052.33333
2009Q4,hospitals_nursing,"Hospitals, nursing and residential care facilities",7758317.33333
2009Q4,social_assistance,Social assistance,2427906.66667
2009Q4,performing_arts_museums,"Performing arts, spectator sports, museums, and related activities",515503
2009Q4,amusement_recreation,"Amusements, gambling, and recreation industries",1285601.66667
2009Q4,accommodation,Accommodation,1693220.66667
2009Q4,food_services,Food services and drinking places,9222100
2009Q4,other_services,"Other services, except government",4346000.66667
2010Q1,oil_gas_extraction,Oil and gas extraction,154995.666667
2010Q1,mining_except_oil_gas,"Mining, except oil and gas",191298.666667
2010Q1,support_mining,Support activities for mining,265721.333333
2010Q1,utilities,Utilities,552111
2010Q1,construction,Construction,5127747.33333
2010Q1,wood_products,Wood products,330963.333333
2010Q1,nonmetallic_mineral,Nonmetallic mineral products,355460.666667
2010Q1,primary_metals,Primary metals,351451
2010Q1,fabricated_metal,Fabricated metal products,1245219.33333
2010Q1,machinery,Machinery,972842.666667
2010Q1,computer_electronic,Computer and electronic products,1091692
2010Q1,electrical_equipment,"Electrical equipment, appliances, and components",352428.333333
2010Q1,motor_vehicles,"Motor vehicles, bodies and trailers, and parts",663509.333333
2010Q1,other_transport_equipment,Other transportation equipment,651908.666667
2010Q1,furniture,Furniture and related products,354501.666667
2010Q1,misc_manufacturing,Miscellaneous manufacturing,562262
2010Q1,food_beverage_tobacco,Food and beverage and tobacco products,1591769.33333
2010Q1,textiles,Textile mills and textile product mills,236135.666667
2010Q1,apparel_leather,Apparel and leather and allied products,183936.333333
2010Q1,paper,Paper products,392950
2010Q1,printing,Printing and related support activities,487229
2010Q1,petroleum_coal,Petroleum and coal products,109070.666667
2010Q1,chemicals,Chemical products,785291.666667
2010Q1,plastics_rubber,Plastics and rubber products,610981
2010Q1,wholesale,Wholesale trade,5385999.33333
2010Q1,retail,Retail trade,14178595
2010Q1,air_transport,Air transportation,449642
2010Q1,rail_transport,Rail transportation,547
2010Q1,water_transport,Water transportation,59356
2010Q1,truck_transport,Truck transportation,1198329
2010Q1,transit_ground,Transit and ground passenger transportation,428874
2010Q1,pipeline,Pipeline transportation,42132.6666667
2010Q1,other_transport_support,Other transportation and support activities,548631.333333
2010Q1,warehousing,Warehousing and storage,623672
2010Q1,information,Information,2704892.66667
2010Q1,credit_intermediation,"Federal Reserve banks, credit intermediation, and related activities",2558739.33333
2010Q1,securities,"Securities, commodity contracts, and investments",792646.666667
2010Q1,insurance,Insurance carriers and related activities,2046868
2010Q1,funds_trusts,"Funds, trusts, and other financial vehicles",86045
2010Q1,real_estate,Real estate,1356556.66667
2010Q1,rental_leasing,Rental and leasing services and lessors of intangible assets,527995.666667
2010Q1,legal,Legal services,1104337
2010Q1,computer_systems,Computer systems design and related services,1409956
2010Q1,misc_professional,"Miscellaneous professional, scientific, and technical services",4910710
2010Q1,management_companies,Management of companies and enterprises,1843506
2010Q1,admin_support,Administrative and support services,6571029.33333
2010Q1,waste_remediation,Waste management and remediation services,340950.666667
2010Q1,education,Educational services,2461154
2010Q1,ambulatory_health,Ambulatory health care services,5885337.66667
2010Q1,hospitals_nursing,"Hospitals, nursing and residential care facilities",7709307.33333
2010Q1,social_assistance,Social assistance,2436364.66667
2010Q1,performing_arts_museums,"Performing arts, spectator sports, museums, and related activities",471045.333333
2010Q1,amusement_recreation,"Amusements, gambling, and recreation industries",1220359.33333
2010Q1,accommodation,Accommodation,1657091
2010Q1,food_services,Food services and drinking places,9011570.33333
2010Q1,other_services,"Other services, except government",4274342.33333
2010Q2,oil_gas_extraction,Oil and gas extraction,157261
2010Q2,mining_except_oil_gas,"Mining, except oil and gas",204927.666667
2010Q2,support_mining,Support activities for mining,284192.666667
2010Q2,utilities,Utilities,551808.666667
2010Q2,construction,Construction,5549667
2010Q2,wood_products,Wood products,343341
2010Q2,nonmetallic_mineral,Nonmetallic mineral products,373759.666667
2010Q2,primary_metals,Primary metals,358356
2010Q2,fabricated_metal,Fabricated metal products,1268759
2010Q2,machinery,Machinery,985170
2010Q2,computer_electronic,Computer and electronic products,1093189
2010Q2,electrical_equipment,"Electrical equipment, appliances, and components",354336.666667
2010Q2,motor_vehicles,"Motor vehicles, bodies and trailers, and parts",675496.666667
2010Q2,other_transport_equipment,Other transportation equipment,650669
2010Q2,furniture,Furniture and related products,359543
2010Q2,misc_manufacturing,Miscellaneous manufacturing,566471.666667
2010Q2,food_beverage_tobacco,Food and beverage and tobacco products,1611391.33333
2010Q2,textiles,Textile mills and textile product mills,239517.666667
2010Q2,apparel_leather,Apparel and leather and allied products,187990
2010Q2,paper,Paper products,392813
2010Q2,printing,Printing and related support activities,486701.333333
2010Q2,petroleum_coal,Petroleum and coal products,112060.666667
2010Q2,chemicals,Chemical products,786765
2010Q2,plastics_rubber,Plastics and rubber products,623713.333333
2010Q2,wholesale,Wholesale trade,5469564.33333
2010Q2,retail,Retail trade,14389684.6667
2010Q2,air_transport,Air transportation,449258.666667
2010Q2,rail_transport,Rail transportation,598.666666667
2010Q2,water_transport,Water transportation,63114.3333333
2010Q2,truck_transport,Truck transportation,1241788.33333
2010Q2,transit_ground,Transit and ground passenger transportation,429174
2010Q2,pipeline,Pipeline transportation,42161.6666667
2010Q2,other_transport_support,Other transportation and support activities,564788.666667
2010Q2,warehousing,Warehousing and storage,623652.333333
2010Q2,information,Information,2706583.33333
2010Q2,credit_intermediation,"Federal Reserve banks, credit intermediation, and related activities",2551522.66667
2010Q2,securities,"Securities, commodity contracts, and investments",797224.333333
2010Q2,insurance,Insurance carriers and related activities,2039349
2010Q2,funds_trusts,"Funds, trusts, and other financial vehicles",86371.6666667
2010Q2,real_estate,Real estate,1384470.33333
2010Q2,rental_leasing,Rental and leasing services and lessors of intangible assets,541583.333333
2010Q2,legal,Legal services,1115780.33333
2010Q2,computer_systems,Computer systems design and related services,1434117.33333
2010Q2,misc_professional,"Miscellaneous professional, scientific, and technical services",4880009.33333
2010Q2,management_companies,Management of companies and enterprises,1853110.66667
2010Q2,admin_support,Administrative and support services,7051183.33333
2010Q2,waste_remediation,Waste management and remediation services,356279
2010Q2,education,Educational services,2478896.33333
2010Q2,ambulatory_health,Ambulatory health care services,5949672.33333
2010Q2,hospitals_nursing,"Hospitals, nursing and residential care facilities",7742864
2010Q2,social_assistance,Social assistance,2480184.66667
2010Q2,performing_arts_museums,"Performing arts, spectator sports, museums, and related activities",545011.333333
2010Q2,amusement_recreation,"Amusements, gambling, and recreation industries",1458219.33333
2010Q2,accommodation,Accommodation,1761285.33333
2010Q2,food_services,Food services and drinking places,9483074.66667
2010Q2,other_services,"Other services, except government",4366098
2010Q3,oil_gas_extraction,Oil and gas extraction,160164.666667
2010Q3,mining_except_oil_gas,"Mining, except oil and gas",210137.666667
2010Q3,support_mining,Support activities for mining,299015.333333
2010Q3,utilities,Utilities,551865
2010Q3,construction,Construction,5728391
2010Q3,wood_products,Wood products,345872
2010Q3,nonmetallic_mineral,Nonmetallic mineral products,375990.666667
2010Q3,primary_metals,Primary metals,365339
2010Q3,fabricated_metal,Fabricated metal products,1290326
2010Q3,machinery,Machinery,997262.666667
2010Q3,computer_electronic,Computer and electronic products,1100317.33333
2010Q3,electrical_equipment,"Electrical equipment, appliances, and components",357998
2010Q3,motor_vehicles,"Motor vehicles, bodies and trailers, and parts",676232.666667
2010Q3,other_transport_equipment,Other transportation equipment,650135.333333
2010Q3,furniture,Furniture and related products,358883
2010Q3,misc_manufacturing,Miscellaneous manufacturing,568089.666667
2010Q3,food_beverage_tobacco,Food and beverage and tobacco products,1659608
2010Q3,textiles,Textile mills and textile product mills,240023.666667
2010Q3,apparel_leather,Apparel and leather and allied products,186765.333333
2010Q3,paper,Paper products,393942
2010Q3,printing,Printing and related support activities,485651.666667
2010Q3,petroleum_coal,Petroleum and coal products,112595
2010Q3,chemicals,Chemical products,786551.666667
2010Q3,plastics_rubber,Plastics and rubber products,628682
2010Q3,wholesale,Wholesale trade,5494115
2010Q3,retail,Retail trade,14455147.6667
2010Q3,air_transport,Air transportation,445036.333333
2010Q3,rail_transport,Rail transportation,601.666666667
2010Q3,water_transport,Water transportation,64912.3333333
2010Q3,truck_transport,Truck transportation,1278561.66667
2010Q3,transit_ground,Transit and ground passenger transportation,378893.666667
2010Q3,pipeline,Pipeline transportation,42365.3333333
2010Q3,other_transport_support,Other transportation and support activities,578215.333333
2010Q3,warehousing,Warehousing and storage,628697.333333
2010Q3,information,Information,2705683.66667
2010Q3,credit_intermediation,"Federal Reserve banks, credit intermediation, and related activities",2553699.33333
2010Q3,securities,"Securities, commodity contracts, and investments",805090
2010Q3,insurance,Insurance carriers and related activities,2040598.33333
2010Q3,funds_trusts,"Funds, trusts, and other financial vehicles",86536.3333333
2010Q3,real_estate,Real estate,1399994
2010Q3,rental_leasing,Rental and leasing services and lessors of intangible assets,536972
2010Q3,legal,Legal services,1117787.66667
2010Q3,computer_systems,Computer systems design and related services,1457636.66667
2010Q3,misc_professional,"Miscellaneous professional, scientific, and technical services",4858340
2010Q3,management_companies,Management of companies and enterprises,1861829
2010Q3,admin_support,Administrative and support services,7227905.33333
2010Q3,waste_remediation,Waste management and remediation services,366981.333333
2010Q3,education,Educational services,2339911.33333
2010Q3,ambulatory_health,Ambulatory health care services,5986014.33333
2010Q3,hospitals_nursing,"Hospitals, nursing and residential care facilities",7778316.66667
2010Q3,social_assistance,Social assistance,2452727
2010Q3,performing_arts_museums,"Performing arts, spectator sports, museums, and related activities",553817
2010Q3,amusement_recreation,"Amusements, gambling, and recreation industries",1557240.66667
2010Q3,accommodation,Accommodation,1842576
2010Q3,food_services,Food services and drinking places,9530608.66667
2010Q3,other_services,"Other services, except government",4385464.33333
2010Q4,oil_gas_extraction,Oil and gas extraction,161272.333333
2010Q4,mining_except_oil_gas,"Mining, except oil and gas",207626.666667
2010Q4,support_mining,Support activities for mining,309908.333333
2010Q4,utilities,Utilities,549365
2010Q4,construction,Construction,5552189.33333
2010Q4,wood_products,Wood products,337989.666667
2010Q4,nonmetallic_mineral,Nonmetallic mineral products,367177
2010Q4,primary_metals,Primary metals,369698.666667
2010Q4,fabricated_metal,Fabricated metal products,1303429
2010Q4,machinery,Machinery,1008880.33333
2010Q4,computer_electronic,Computer and electronic products,1103664
2010Q4,electrical_equipment,"Electrical equipment, appliances, and components",359537
2010Q4,motor_vehicles,"Motor vehicles, bodies and trailers, and parts",693006.333333
2010Q4,other_transport_equipment,Other transportation equipment,647719.333333
2010Q4,furniture,Furniture and related products,351447
2010Q4,misc_manufacturing,Miscellaneous manufacturing,569091.666667
2010Q4,food_beverage_tobacco,Food and beverage and tobacco products,1639337.66667
2010Q4,textiles,Textile mills and textile product mills,238442.666667
2010Q4,apparel_leather,Apparel and leather and allied products,184089.666667
2010Q4,paper,Paper products,391707.333333
2010Q4,printing,Printing and related support activities,482511.333333
2010Q4,petroleum_coal,Petroleum and coal products,110161
2010Q4,chemicals,Chemical products,782523.666667
2010Q4,plastics_rubber,Plastics and rubber products,629659.333333
2010Q4,wholesale,Wholesale trade,5516173.66667
2010Q4,retail,Retail trade,14901867.3333
2010Q4,air_transport,Air transportation,448642.666667
2010Q4,rail_transport,Rail transportation,588.666666667
2010Q4,water_transport,Water transportation,62222
2010Q4,truck_transport,Truck transportation,1281057
2010Q4,transit_ground,Transit and ground passenger transportation,439665.333333
2010Q4,pipeline,Pipeline transportation,42400.3333333
2010Q4,other_transport_support,Other transportation and support activities,577913.333333
2010Q4,warehousing,Warehousing and storage,643714.333333
2010Q4,information,Information,2698383.33333
2010Q4,credit_intermediation,"Federal Reserve banks, credit intermediation, and related activities",2566027
2010Q4,securities,"Securities, commodity contracts, and investments",806942
2010Q4,insurance,Insurance carriers and related activities,2040659.66667
2010Q4,funds_trusts,"Funds, trusts, and other financial vehicles",86644
2010Q4,real_estate,Real estate,1390155.33333
2010Q4,rental_leasing,Rental and leasing services and lessors of intangible assets,524556.666667
2010Q4,legal,Legal services,1121029
2010Q4,computer_systems,Computer systems design and related services,1483810.33333
2010Q4,misc_professional,"Miscellaneous professional, scientific, and technical services",4938138
2010Q4,management_companies,Management of companies and enterprises,1860666.66667
2010Q4,admin_support,Administrative and support services,7323548.66667
2010Q4,waste_remediation,Waste management and remediation services,359400.666667
2010Q4,education,Educational services,2560639
2010Q4,ambulatory_health,Ambulatory health care services,6057155
2010Q4,hospitals_nursing,"Hospitals, nursing and residential care facilities",7803636.33333
2010Q4,social_assistance,Social assistance,2502457.66667
2010Q4,performing_arts_museums,"Performing arts, spectator sports, museums, and related activities",519574
2010Q4,amusement_recreation,"Amusements, gambling, and recreation industries",1289689.66667
2010Q4,accommodation,Accommodation,1728062.33333
2010Q4,food_services,Food services and drinking places,9398029.66667
2010Q4,other_services,"Other services, except government",4372345.33333
2011Q1,oil_gas_extraction,Oil and gas extraction,163972.666667
2011Q1,mining_except_oil_gas,"Mining, except oil and gas",201141
2011Q1,support_mining,Support activities for mining,316947.666667
2011Q1,utilities,Utilities,548954.333333
2011Q1,construction,Construction,5057007.33333
2011Q1,wood_products,Wood products,331239
2011Q1,nonmetallic_mineral,Nonmetallic mineral products,349951.333333
2011Q1,primary_metals,Primary metals,377147
2011Q1,fabricated_metal,Fabricated metal products,1308775
2011Q1,machinery,Machinery,1027832.33333
2011Q1,computer_electronic,Computer and electronic products,1097318
2011Q1,electrical_equipment,"Electrical equipment, appliances, and components",360281.666667
2011Q1,motor_vehicles,"Motor vehicles, bodies and trailers, and parts",704627.333333
2011Q1,other_transport_equipment,Other transportation equipment,654142.333333
2011Q1,furniture,Furniture and related products,347308
2011Q1,misc_manufacturing,Miscellaneous manufacturing,567688.666667
2011Q1,food_beverage_tobacco,Food and beverage and tobacco products,1604924.66667
2011Q1,textiles,Textile mills and textile product mills,236937.333333
2011Q1,apparel_leather,Apparel and leather and allied products,179069.333333
2011Q1,paper,Paper products,387886.666667
2011Q1,printing,Printing and related support activities,473009
2011Q1,petroleum_coal,Petroleum and coal products,107387.666667
2011Q1,chemicals,Chemical products,778683.666667
2011Q1,plastics_rubber,Plastics and rubber products,628168
2011Q1,wholesale,Wholesale trade,5447707.66667
2011Q1,retail,Retail trade,14328522.6667
2011Q1,air_transport,Air transportation,450880.333333
2011Q1,rail_transport,Rail transportation,656
2011Q1,water_transport,Water transportation,60608.3333333
2011Q1,truck_transport,Truck transportation,1252504.66667
2011Q1,transit_ground,Transit and ground passenger transportation,438882.333333
2011Q1,pipeline,Pipeline transportation,42423.3333333
2011Q1,other_transport_support,Other transportation and support activities,572025
2011Q1,warehousing,Warehousing and storage,637017.666667
2011Q1,information,Information,2667219.33333
2011Q1,credit_intermediation,"Federal Reserve banks, credit intermediation, and related activities",2566140.66667
2011Q1,securities,"Securities, commodity contracts, and investments",804353.666667
2011Q1,insurance,Insurance carriers and related activities,2028291
2011Q1,funds_trusts,"Funds, trusts, and other financial vehicles",85966.3333333
2011Q1,real_estate,Real estate,1353474.66667
2011Q1,rental_leasing,Rental and leasing services and lessors of intangible assets,511277
2011Q1,legal,Legal services,1104659
2011Q1,computer_systems,Computer systems design and related services,1497830.33333
2011Q1,misc_professional,"Miscellaneous professional, scientific, and technical services",5006048
2011Q1,management_companies,Management of companies and enterprises,1892417
2011Q1,admin_support,Administrative and support services,6961196.66667
2011Q1,waste_remediation,Waste management and remediation services,353339.666667
2011Q1,education,Educational services,2563410.66667
2011Q1,ambulatory_health,Ambulatory health care services,6037458
2011Q1,hospitals_nursing,"Hospitals, nursing and residential care facilities",7774368.33333
2011Q1,social_assistance,Social assistance,2503859.33333
2011Q1,performing_arts_museums,"Performing arts, spectator sports, museums, and related activities",482083
2011Q1,amusement_recreation,"Amusements, gambling, and recreation industries",1231009
2011Q1,accommodation,Accommodation,1695008.33333
2011Q1,food_services,Food services and drinking places,9220273.66667
2011Q1,other_services,"Other services, except government",4319423.33333
2011Q2,oil_gas_extraction,Oil and gas extraction,167793
2011Q2,mining_except_oil_gas,"Mining, except oil and gas",214702
2011Q2,support_mining,Support activities for mining,335188.666667
2011Q2,utilities,Utilities,550268.666667
2011Q2,construction,Construction,5495379.33333
2011Q2,wood_products,Wood products,338110.333333
2011Q2,nonmetallic_mineral,Nonmetallic mineral products,368318.666667
2011Q2,primary_metals,Primary metals,386018
2011Q2,fabricated_metal,Fabricated metal products,1336069
2011Q2,machinery,Machinery,1049728.33333
2011Q2,computer_electronic,Computer and electronic products,1104796.33333
2011Q2,electrical_equipment,"Electrical equipment, appliances, and components",364425.666667
2011Q2,motor_vehicles,"Motor vehicles, bodies and trailers, and parts",723215.666667
2011Q2,other_transport_equipment,Other transportation equipment,659277
2011Q2,furniture,Furniture and related products,352432.333333
2011Q2,misc_manufacturing,Miscellaneous manufacturing,572410
2011Q2,food_beverage_tobacco,Food and beverage and tobacco products,1620827
2011Q2,textiles,Textile mills and textile product mills,239759.666667
2011Q2,apparel_leather,Apparel and leather and allied products,181655.333333
2011Q2,paper,Paper products,388570.333333
2011Q2,printing,Printing and related support activities,473126.333333
2011Q2,petroleum_coal,Petroleum and coal products,111092.333333
2011Q2,chemicals,Chemical products,782283.333333
2011Q2,plastics_rubber,Plastics and rubber products,635737
2011Q2,wholesale,Wholesale trade,5543876.33333
2011Q2,retail,Retail trade,14553212.3333
2011Q2,air_transport,Air transportation,455388.333333
2011Q2,rail_transport,Rail transportation,660
2011Q2,water_transport,Water transportation,63459.3333333
2011Q2,truck_transport,Truck transportation,1297130.66667
2011Q2,transit_ground,Transit and ground passenger transportation,439628
2011Q2,pipeline,Pipeline transportation,42813.6666667
2011Q2,other_transport_support,Other transportation and support activities,587076
2011Q2,warehousing,Warehousing and storage,641663
2011Q2,information,Information,2678358.66667
2011Q2,credit_intermediation,"Federal Reserve banks, credit intermediation, and related activities",2560428.66667
2011Q2,securities,"Securities, commodity contracts, and investments",811102.333333
2011Q2,insurance,Insurance carriers and related activities,2034392
2011Q2,funds_trusts,"Funds, trusts, and other financial vehicles",86625.3333333
2011Q2,real_estate,Real estate,1384472.66667
2011Q2,rental_leasing,Rental and leasing services and lessors of intangible assets,528061
2011Q2,legal,Legal services,1114675
2011Q2,computer_systems,Computer systems design and related services,1526003
2011Q2,misc_professional,"Miscellaneous professional, scientific, and technical services",4986973.33333
2011Q2,management_companies,Management of companies and enterprises,1910221.33333
2011Q2,admin_support,Administrative and support services,7364100.33333
2011Q2,waste_remediation,Waste management and remediation services,364128.666667
2011Q2,education,Educational services,2559102.33333
2011Q2,ambulatory_health,Ambulatory health care services,6108665.33333
2011Q2,hospitals_nursing,"Hospitals, nursing and residential care facilities",7826781
2011Q2,social_assistance,Social assistance,2532072.33333
2011Q2,performing_arts_museums,"Performing arts, spectator sports, museums, and related activities",550693
2011Q2,amusement_recreation,"Amusements, gambling, and recreation industries",1465045.66667
2011Q2,accommodation,Accommodation,1799624.66667
2011Q2,food_services,Food services and drinking places,9717322.33333
2011Q2,other_services,"Other services, except government",4442317
2011Q3,oil_gas_extraction,Oil and gas extraction,173750.666667
2011Q3,mining_except_oil_gas,"Mining, except oil and gas",221045.333333
2011Q3,support_mining,Support activities for mining,356958
2011Q3,utilities,Utilities,551820.333333
2011Q3,construction,Construction,5746186
2011Q3,wood_products,Wood products,340504
2011Q3,nonmetallic_mineral,Nonmetallic mineral products,372391.333333
2011Q3,primary_metals,Primary metals,391481.333333
2011Q3,fabricated_metal,Fabricated metal products,1356016.33333
2011Q3,machinery,Machinery,1066191.66667
2011Q3,computer_electronic,Computer and electronic products,1110134.33333
2011Q3,electrical_equipment,"Electrical equipment, appliances, and components",367697
2011Q3,motor_vehicles,"Motor vehicles, bodies and trailers, and parts",722154.333333
2011Q3,other_transport_equipment,Other transportation equipment,666681.666667
2011Q3,furniture,Furniture and related products,353186.333333
2011Q3,misc_manufacturing,Miscellaneous manufacturing,574808.666667
2011Q3,food_beverage_tobacco,Food and beverage and tobacco products,1676515.33333
2011Q3,textiles,Textile mills and textile product mills,238269.333333
2011Q3,apparel_leather,Apparel and leather and allied products,181149.666667
2011Q3,paper,Paper products,387877
2011Q3,printing,Printing and related support activities,470393
2011Q3,petroleum_coal,Petroleum and coal products,113065.333333
2011Q3,chemicals,Chemical products,786095.333333
2011Q3,plastics_rubber,Plastics and rubber products,635428.333333
2011Q3,wholesale,Wholesale trade,5586588.33333
2011Q3,retail,Retail trade,14654253.6667
2011Q3,air_transport,Air transportation,456906.666667
2011Q3,rail_transport,Rail transportation,663.333333333
2011Q3,water_transport,Water transportation,65833.3333333
2011Q3,truck_transport,Truck transportation,1328282.33333
2011Q3,transit_ground,Transit and ground passenger transportation,390935
2011Q3,pipeline,Pipeline transportation,43323.6666667
2011Q3,other_transport_support,Other transportation and support activities,601441
2011Q3,warehousing,Warehousing and storage,647647
2011Q3,information,Information,2675105
2011Q3,credit_intermediation,"Federal Reserve banks, credit intermediation, and related activities",2566088.33333
2011Q3,securities,"Securities, commodity contracts, and investments",824880.666667
2011Q3,insurance,Insurance carriers and related activities,2040962.66667
2011Q3,funds_trusts,"Funds, trusts, and other financial vehicles",86461
2011Q3,real_estate,Real estate,1407724.66667
2011Q3,rental_leasing,Rental and leasing services and lessors of intangible assets,535833.666667
2011Q3,legal,Legal services,1117091
2011Q3,computer_systems,Computer systems design and related services,1557031.33333
2011Q3,misc_professional,"Miscellaneous professional, scientific, and technical services",4995297
2011Q3,management_companies,Management of companies and enterprises,1926629.66667
2011Q3,admin_support,Administrative and support services,7516704.33333
2011Q3,waste_remediation,Waste management and remediation services,372437.333333
2011Q3,education,Educational services,2421533.33333
2011Q3,ambulatory_health,Ambulatory health care services,6164799.66667
2011Q3,hospitals_nursing,"Hospitals, nursing and residential care facilities",7871714.66667
2011Q3,social_assistance,Social assistance,2493221.66667
2011Q3,performing_arts_museums,"Performing arts, spectator sports, museums, and related activities",561799
2011Q3,amusement_recreation,"Amusements, gambling, and recreation industries",1569080
2011Q3,accommodation,Accommodation,1886211.33333
2011Q3,food_services,Food services and drinking places,9776709.33333
2011Q3,other_services,"Other services, except government",4450961
2011Q4,oil_gas_extraction,Oil and gas extraction,177424.666667
2011Q4,mining_except_oil_gas,"Mining, except oil and gas",220193
2011Q4,support_mining,Support activities for mining,371073.333333
2011Q4,utilities,Utilities,548641.333333
2011Q4,construction,Construction,5593608
2011Q4,wood_products,Wood products,335087
2011Q4,nonmetallic_mineral,Nonmetallic mineral products,365425.666667
2011Q4,primary_metals,Primary metals,396081
2011Q4,fabricated_metal,Fabricated metal products,1365555
2011Q4,machinery,Machinery,1072648
2011Q4,computer_electronic,Computer and electronic products,1102101.33333
2011Q4,electrical_equipment,"Electrical equipment, appliances, and components",366740.333333
2011Q4,motor_vehicles,"Motor vehicles, bodies and trailers, and parts",744634
2011Q4,other_transport_equipment,Other transportation equipment,669481
2011Q4,furniture,Furniture and related products,346956.666667
2011Q4,misc_manufacturing,Miscellaneous manufacturing,575454.666667
2011Q4,food_beverage_tobacco,Food and beverage and tobacco products,1651227.33333
2011Q4,textiles,Textile mills and textile product mills,235948
2011Q4,apparel_leather,Apparel and leather and allied products,179680.666667
2011Q4,paper,Paper products,383893.333333
2011Q4,printing,Printing and related support activities,465810
2011Q4,petroleum_coal,Petroleum and coal products,111867
2011Q4,chemicals,Chemical products,782406.666667
2011Q4,plastics_rubber,Plastics and rubber products,634719
2011Q4,wholesale,Wholesale trade,5605034.33333
2011Q4,retail,Retail trade,15130510.3333
2011Q4,air_transport,Air transportation,457272.333333
2011Q4,rail_transport,Rail transportation,712
2011Q4,water_transport,Water transportation,63503.6666667
2011Q4,truck_transport,Truck transportation,1325148.33333
2011Q4,transit_ground,Transit and ground passenger transportation,449815.666667
2011Q4,pipeline,Pipeline transportation,43478
2011Q4,other_transport_support,Other transportation and support activities,597444.666667
2011Q4,warehousing,Warehousing and storage,663626
2011Q4,information,Information,2678726
2011Q4,credit_intermediation,"Federal Reserve banks, credit intermediation, and related activities",2573445.66667
2011Q4,securities,"Securities, commodity contracts, and investments",820609.666667
2011Q4,insurance,Insurance carriers and related activities,2049165.33333
2011Q4,funds_trusts,"Funds, trusts, and other financial vehicles",87622.6666667
2011Q4,real_estate,Real estate,1392328.33333
2011Q4,rental_leasing,Rental and leasing services and lessors of intangible assets,525927.666667
2011Q4,legal,Legal services,1117946.33333
2011Q4,computer_systems,Computer systems design and related services,1581667
2011Q4,misc_professional,"Miscellaneous professional, scientific, and technical services",5085044.66667
2011Q4,management_companies,Management of companies and enterprises,1928904.66667
2011Q4,admin_support,Administrative and support services,7547697
2011Q4,waste_remediation,Waste management and remediation services,364889.666667
2011Q4,education,Educational services,2639719.33333
2011Q4,ambulatory_health,Ambulatory health care services,6220211
2011Q4,hospitals_nursing,"Hospitals, nursing and residential care facilities",7886068
2011Q4,social_assistance,Social assistance,2538352.66667
2011Q4,performing_arts_museums,"Performing arts, spectator sports, museums, and related activities",526426
2011Q4,amusement_recreation,"Amusements, gambling, and recreation industries",1304440.66667
2011Q4,accommodation,Accommodation,1757385.66667
2011Q4,food_services,Food services and drinking places,9635300.66667
2011Q4,other_services,"Other services, except government",4422237.66667
2012Q1,oil_gas_extraction,Oil and gas extraction,181664
2012Q1,mining_except_oil_gas,"Mining, except oil and gas",214082
2012Q1,support_mining,Support activities for mining,383967.333333
2012Q1,utilities,Utilities,550217
2012Q1,construction,Construction,5212599.33333
2012Q1,wood_products,Wood products,329152.333333
2012Q1,nonmetallic_mineral,Nonmetallic mineral products,352976.666667
2012Q1,primary_metals,Primary metals,397866
2012Q1,fabricated_metal,Fabricated metal products,1381802
2012Q1,machinery,Machinery,1084798
2012Q1,computer_electronic,Computer and electronic products,1095274.33333
2012Q1,electrical_equipment,"Electrical equipment, appliances, and components",368673
2012Q1,motor_vehicles,"Motor vehicles, bodies and trailers, and parts",758716.666667
2012Q1,other_transport_equipment,Other transportation equipment,674762.333333
2012Q1,furniture,Furniture and related products,345696.666667
2012Q1,misc_manufacturing,Miscellaneous manufacturing,572685.666667
2012Q1,food_beverage_tobacco,Food and beverage and tobacco products,1613395
2012Q1,textiles,Textile mills and textile product mills,233167
2012Q1,apparel_leather,Apparel and leather and allied products,177432.333333
2012Q1,paper,Paper products,380138.666667
2012Q1,printing,Printing and related support activities,460409.666667
2012Q1,petroleum_coal,Petroleum and coal products,108762.333333
2012Q1,chemicals,Chemical products,779472.666667
2012Q1,plastics_rubber,Plastics and rubber products,635329
2012Q1,wholesale,Wholesale trade,5568273.33333
2012Q1,retail,Retail trade,14567424
2012Q1,air_transport,Air transportation,458369.333333
2012Q1,rail_transport,Rail transportation,599.333333333
2012Q1,water_transport,Water transportation,61597.6666667
2012Q1,truck_transport,Truck transportation,1299700
2012Q1,transit_ground,Transit and ground passenger transportation,447534
2012Q1,pipeline,Pipeline transportation,43336.6666667
2012Q1,other_transport_support,Other transportation and support activities,589789
2012Q1,warehousing,Warehousing and storage,665016.333333
2012Q1,information,Information,2662662.33333
2012Q1,credit_intermediation,"Federal Reserve banks, credit intermediation, and related activities",2576952.33333
2012Q1,securities,"Securities, commodity contracts, and investments",811023.666667
2012Q1,insurance,Insurance carriers and related activities,2044729
2012Q1,funds_trusts,"Funds, trusts, and other financial vehicles",86298
2012Q1,real_estate,Real estate,1373890.33333
2012Q1,rental_leasing,Rental and leasing services and lessors of intangible assets,514749.333333
2012Q1,legal,Legal services,1106613.66667
2012Q1,computer_systems,Computer systems design and related services,1580897
2012Q1,misc_professional,"Miscellaneous professional, scientific, and technical services",5143593.33333
2012Q1,management_companies,Management of companies and enterprises,1983978.66667
2012Q1,admin_support,Administrative and support services,7221478.33333
2012Q1,waste_remediation,Waste management and remediation services,360975.333333
2012Q1,education,Educational services,2633156
2012Q1,ambulatory_health,Ambulatory health care services,6203490.66667
2012Q1,hospitals_nursing,"Hospitals, nursing and residential care facilities",7869131.66667
2012Q1,social_assistance,Social assistance,2559409.33333
2012Q1,performing_arts_museums,"Performing arts, spectator sports, museums, and related activities",497204.333333
2012Q1,amusement_recreation,"Amusements, gambling, and recreation industries",1264516.66667
2012Q1,accommodation,Accommodation,1723070
2012Q1,food_services,Food services and drinking places,9564300.66667
2012Q1,other_services,"Other services, except government",4452850.33333
2012Q2,oil_gas_extraction,Oil and gas extraction,186625.666667
2012Q2,mining_except_oil_gas,"Mining, except oil and gas",221402
2012Q2,support_mining,Support activities for mining,392041.333333
2012Q2,utilities,Utilities,550590.333333
2012Q2,construction,Construction,5598243.33333
2012Q2,wood_products,Wood products,338663
2012Q2,nonmetallic_mineral,Nonmetallic mineral products,368581.666667
2012Q2,primary_metals,Primary metals,402985.333333
2012Q2,fabricated_metal,Fabricated metal products,1405010
2012Q2,machinery,Machinery,1100918
2012Q2,computer_electronic,Computer and electronic products,1094389.33333
2012Q2,electrical_equipment,"Electrical equipment, appliances, and components",372971
2012Q2,motor_vehicles,"Motor vehicles, bodies and trailers, and parts",782057.666667
2012Q2,other_transport_equipment,Other transportation equipment,675663.333333
2012Q2,furniture,Furniture and related products,351867.666667
2012Q2,misc_manufacturing,Miscellaneous manufacturing,577078.666667
2012Q2,food_beverage_tobacco,Food and beverage and tobacco products,1637102.66667
2012Q2,textiles,Textile mills and textile product mills,234896.666667
2012Q2,apparel_leather,Apparel and leather and allied products,179134.333333
2012Q2,paper,Paper products,379844
2012Q2,printing,Printing and related support activities,460704
2012Q2,petroleum_coal,Petroleum and coal products,111748.333333
2012Q2,chemicals,Chemical products,785582.333333
2012Q2,plastics_rubber,Plastics and rubber products,646216.666667
2012Q2,wholesale,Wholesale trade,5662327.66667
2012Q2,retail,Retail trade,14737210
2012Q2,air_transport,Air transportation,460340
2012Q2,rail_transport,Rail transportation,591.333333333
2012Q2,water_transport,Water transportation,65103.6666667
2012Q2,truck_transport,Truck transportation,1339784
2012Q2,transit_ground,Transit and ground passenger transportation,441899
2012Q2,pipeline,Pipeline transportation,43712.6666667
2012Q2,other_transport_support,Other transportation and support activities,604107.333333
2012Q2,warehousing,Warehousing and storage,668218.333333
2012Q2,information,Information,2678341
2012Q2,credit_intermediation,"Federal Reserve banks, credit intermediation, and related activities",2586174.33333
2012Q2,securities,"Securities, commodity contracts, and investments",811719
2012Q2,insurance,Insurance carriers and related activities,2059044.66667
2012Q2,funds_trusts,"Funds, trusts, and other financial vehicles",88439.3333333
2012Q2,real_estate,Real estate,1408919.33333
2012Q2,rental_leasing,Rental and leasing services and lessors of intangible assets,536718.666667
2012Q2,legal,Legal services,1120778.33333
2012Q2,computer_systems,Computer systems design and related services,1609634.33333
2012Q2,misc_professional,"Miscellaneous professional, scientific, and technical services",5132720.33333
2012Q2,management_companies,Management of companies and enterprises,1999018.33333
2012Q2,admin_support,Administrative and support services,7644825.33333
2012Q2,waste_remediation,Waste management and remediation services,370898
2012Q2,education,Educational services,2626045.33333
2012Q2,ambulatory_health,Ambulatory health care services,6278876.66667
2012Q2,hospitals_nursing,"Hospitals, nursing and residential care facilities",7900669
2012Q2,social_assistance,Social assistance,2586743.66667
2012Q2,performing_arts_museums,"Performing arts, spectator sports, museums, and related activities",572215.666667
2012Q2,amusement_recreation,"Amusements, gambling, and recreation industries",1506302.33333
2012Q2,accommodation,Accommodation,1835311
2012Q2,food_services,Food services and drinking places,10068882.6667
2012Q2,other_services,"Other services, except government",4574252.66667
2012Q3,oil_gas_extraction,Oil and gas extraction,191395
2012Q3,mining_except_oil_gas,"Mining, except oil and gas",222408.666667
2012Q3,support_mining,Support activities for mining,396345
2012Q3,utilities,Utilities,549179.666667
2012Q3,construction,Construction,5806401.33333
2012Q3,wood_products,Wood products,344413
2012Q3,nonmetallic_mineral,Nonmetallic mineral products,373681
2012Q3,primary_metals,Primary metals,402068.666667
2012Q3,fabricated_metal,Fabricated metal products,1416899
2012Q3,machinery,Machinery,1104491.33333
2012Q3,computer_electronic,Computer and electronic products,1093292.33333
2012Q3,electrical_equipment,"Electrical equipment, appliances, and components",375265.333333
2012Q3,motor_vehicles,"Motor vehicles, bodies and trailers, and parts",791947
2012Q3,other_transport_equipment,Other transportation equipment,684141.333333
2012Q3,furniture,Furniture and related products,354020.333333
2012Q3,misc_manufacturing,Miscellaneous manufacturing,578746
2012Q3,food_beverage_tobacco,Food and beverage and tobacco products,1690329
2012Q3,textiles,Textile mills and textile product mills,232750.666667
2012Q3,apparel_leather,Apparel and leather and allied products,177523.333333
2012Q3,paper,Paper products,379628.666667
2012Q3,printing,Printing and related support activities,458655
2012Q3,petroleum_coal,Petroleum and coal products,113467
2012Q3,chemicals,Chemical products,788763.666667
2012Q3,plastics_rubber,Plastics and rubber products,649091.333333
2012Q3,wholesale,Wholesale trade,5688698.33333
2012Q3,retail,Retail trade,14811580.6667
2012Q3,air_transport,Air transportation,459359
2012Q3,rail_transport,Rail transportation,749
2012Q3,water_transport,Water transportation,67522.6666667
2012Q3,truck_transport,Truck transportation,1366297.33333
2012Q3,transit_ground,Transit and ground passenger transportation,398303.666667
2012Q3,pipeline,Pipeline transportation,43913.6666667
2012Q3,other_transport_support,Other transportation and support activities,614027.666667
2012Q3,warehousing,Warehousing and storage,675542.333333
2012Q3,information,Information,2679185.33333
2012Q3,credit_intermediation,"Federal Reserve banks, credit intermediation, and related activities",2604123.66667
2012Q3,securities,"Securities, commodity contracts, and investments",816288.666667
2012Q3,insurance,Insurance carriers and related activities,2070554
2012Q3,funds_trusts,"Funds, trusts, and other financial vehicles",87789.6666667
2012Q3,real_estate,Real estate,1430604.66667
2012Q3,rental_leasing,Rental and leasing services and lessors of intangible assets,545384
2012Q3,legal,Legal services,1125767
2012Q3,computer_systems,Computer systems design and related services,1636914
2012Q3,misc_professional,"Miscellaneous professional, scientific, and technical services",5124834.66667
2012Q3,management_companies,Management of companies and enterprises,2010841.66667
2012Q3,admin_support,Administrative and support services,7762008.66667
2012Q3,waste_remediation,Waste management and remediation services,373566
2012Q3,education,Educational services,2478632.33333
2012Q3,ambulatory_health,Ambulatory health care services,6324073.66667
2012Q3,hospitals_nursing,"Hospitals, nursing and residential care facilities",7945438.66667
2012Q3,social_assistance,Social assistance,2554213
2012Q3,performing_arts_museums,"Performing arts, spectator sports, museums, and related activities",574119.666667
2012Q3,amusement_recreation,"Amusements, gambling, and recreation industries",1602333
2012Q3,accommodation,Accommodation,1916332.33333
2012Q3,food_services,Food services and drinking places,10146183
2012Q3,other_services,"Other services, except government",4584180
2012Q4,oil_gas_extraction,Oil and gas extraction,192325.333333
2012Q4,mining_except_oil_gas,"Mining, except oil and gas",214350.666667
2012Q4,support_mining,Support activities for mining,395922.666667
2012Q4,utilities,Utilities,548736
2012Q4,construction,Construction,5728968.66667
2012Q4,wood_products,Wood products,343680
2012Q4,nonmetallic_mineral,Nonmetallic mineral products,368966.666667
2012Q4,primary_metals,Primary metals,396999.666667
2012Q4,fabricated_metal,Fabricated metal products,1413099.66667
2012Q4,machinery,Machinery,1100748.66667
2012Q4,computer_electronic,Computer and electronic products,1080207.33333
2012Q4,electrical_equipment,"Electrical equipment, appliances, and components",373990.333333
2012Q4,motor_vehicles,"Motor vehicles, bodies and trailers, and parts",801922.666667
2012Q4,other_transport_equipment,Other transportation equipment,685815.666667
2012Q4,furniture,Furniture and related products,351623.666667
2012Q4,misc_manufacturing,Miscellaneous manufacturing,580498
2012Q4,food_beverage_tobacco,Food and beverage and tobacco products,1663645.66667
2012Q4,textiles,Textile mills and textile product mills,232767.666667
2012Q4,apparel_leather,Apparel and leather and allied products,176894.333333
2012Q4,paper,Paper products,378466
2012Q4,printing,Printing and related support activities,456824
2012Q4,petroleum_coal,Petroleum and coal products,111764.666667
2012Q4,chemicals,Chemical products,788138
2012Q4,plastics_rubber,Plastics and rubber products,648627
2012Q4,wholesale,Wholesale trade,5707568
2012Q4,retail,Retail trade,15343568
2012Q4,air_transport,Air transportation,457057.666667
2012Q4,rail_transport,Rail transportation,761
2012Q4,water_transport,Water transportation,64862.6666667
2012Q4,truck_transport,Truck transportation,1359683
2012Q4,transit_ground,Transit and ground passenger transportation,456605.333333
2012Q4,pipeline,Pipeline transportation,43866.6666667
2012Q4,other_transport_support,Other transportation and support activities,613649.666667
2012Q4,warehousing,Warehousing and storage,696662.666667
2012Q4,information,Information,2688708.33333
2012Q4,credit_intermediation,"Federal Reserve banks, credit intermediation, and related activities",2627405
2012Q4,securities,"Securities, commodity contracts, and investments",813033.666667
2012Q4,insurance,Insurance carriers and related activities,2083359
2012Q4,funds_trusts,"Funds, trusts, and other financial vehicles",87677.6666667
2012Q4,real_estate,Real estate,1428006.66667
2012Q4,rental_leasing,Rental and leasing services and lessors of intangible assets,534914.666667
2012Q4,legal,Legal services,1132401.66667
2012Q4,computer_systems,Computer systems design and related services,1662108.66667
2012Q4,misc_professional,"Miscellaneous professional, scientific, and technical services",5213451.33333
2012Q4,management_companies,Management of companies and enterprises,2018459.66667
2012Q4,admin_support,Administrative and support services,7844255.66667
2012Q4,waste_remediation,Waste management and remediation services,370527.666667
2012Q4,education,Educational services,2694738.66667
2012Q4,ambulatory_health,Ambulatory health care services,6396062.33333
2012Q4,hospitals_nursing,"Hospitals, nursing and residential care facilities",7965017
2012Q4,social_assistance,Social assistance,2604367.33333
2012Q4,performing_arts_museums,"Performing arts, spectator sports, museums, and related activities",542129.333333
2012Q4,amusement_recreation,"Amusements, gambling, and recreation industries",1344597.66667
2012Q4,accommodation,Accommodation,1787753.33333
2012Q4,food_services,Food services and drinking places,10012007.6667
2012Q4,other_services,"Other services, except government",4583856.33333
2013Q1,oil_gas_extraction,Oil and gas extraction,191927.333333
2013Q1,mining_except_oil_gas,"Mining, except oil and gas",205510.333333
2013Q1,support_mining,Support activities for mining,394920.333333
2013Q1,utilities,Utilities,547638
2013Q1,construction,Construction,5395642.66667
2013Q1,wood_products,Wood products,341042.666667
2013Q1,nonmetallic_mineral,Nonmetallic mineral products,358594.666667
2013Q1,primary_metals,Primary metals,396603.666667
2013Q1,fabricated_metal,Fabricated metal products,1412447.66667
2013Q1,machinery,Machinery,1100898.66667
2013Q1,computer_electronic,Computer and electronic products,1066743.66667
2013Q1,electrical_equipment,"Electrical equipment, appliances, and components",372329.333333
2013Q1,motor_vehicles,"Motor vehicles, bodies and trailers, and parts",811769.333333
2013Q1,other_transport_equipment,Other transportation equipment,689930.333333
2013Q1,furniture,Furniture and related products,352067.666667
2013Q1,misc_manufacturing,Miscellaneous manufacturing,573587.666667
2013Q1,food_beverage_tobacco,Food and beverage and tobacco products,1630474.66667
2013Q1,textiles,Textile mills and textile product mills,230097.333333
2013Q1,apparel_leather,Apparel and leather and allied products,172273.333333
2013Q1,paper,Paper products,376870.333333
2013Q1,printing,Printing and related support activities,451171.333333
2013Q1,petroleum_coal,Petroleum and coal products,108360.333333
2013Q1,chemicals,Chemical products,787494.333333
2013Q1,plastics_rubber,Plastics and rubber products,650452.333333
2013Q1,wholesale,Wholesale trade,5648948
2013Q1,retail,Retail trade,14692282
2013Q1,air_transport,Air transportation,448169
2013Q1,rail_transport,Rail transportation,623.666666667
2013Q1,water_transport,Water transportation,63727
2013Q1,truck_transport,Truck transportation,1332197.33333
2013Q1,transit_ground,Transit and ground passenger transportation,451008.333333
2013Q1,pipeline,Pipeline transportation,43442.6666667
2013Q1,other_transport_support,Other transportation and support activities,608043.333333
2013Q1,warehousing,Warehousing and storage,696551.666667
2013Q1,information,Information,2679694.33333
2013Q1,credit_intermediation,"Federal Reserve banks, credit intermediation, and related activities",2624620.33333
2013Q1,securities,"Securities, commodity contracts, and investments",854296
2013Q1,insurance,Insurance carriers and related activities,2108017.66667
2013Q1,funds_trusts,"Funds, trusts, and other financial vehicles",3097
2013Q1,real_estate,Real estate,1408564.33333
2013Q1,rental_leasing,Rental and leasing services and lessors of intangible assets,521978.333333
2013Q1,legal,Legal services,1122488
2013Q1,computer_systems,Computer systems design and related services,1666575.33333
2013Q1,misc_professional,"Miscellaneous professional, scientific, and technical services",5276200.33333
2013Q1,management_companies,Management of companies and enterprises,2063637
2013Q1,admin_support,Administrative and support services,7488188.33333
2013Q1,waste_remediation,Waste management and remediation services,366247
2013Q1,education,Educational services,2645078.66667
2013Q1,ambulatory_health,Ambulatory health care services,6372656.66667
2013Q1,hospitals_nursing,"Hospitals, nursing and residential care facilities",7933553
2013Q1,social_assistance,Social assistance,3112313
2013Q1,performing_arts_museums,"Performing arts, spectator sports, museums, and related activities",512056
2013Q1,amusement_recreation,"Amusements, gambling, and recreation industries",1301087.66667
2013Q1,accommodation,Accommodation,1757413.66667
2013Q1,food_services,Food services and drinking places,9905113
2013Q1,other_services,"Other services, except government",4069455.66667
2013Q2,oil_gas_extraction,Oil and gas extraction,195833.666667
2013Q2,mining_except_oil_gas,"Mining, except oil and gas",212966.333333
2013Q2,support_mining,Support activities for mining,404002
2013Q2,utilities,Utilities,548835.666667
2013Q2,construction,Construction,5820181.66667
2013Q2,wood_products,Wood products,351866.333333
2013Q2,nonmetallic_mineral,Nonmetallic mineral products,374436
2013Q2,primary_metals,Primary metals,396617
2013Q2,fabricated_metal,Fabricated metal products,1422182.33333
2013Q2,machinery,Machinery,1106326.33333
2013Q2,computer_electronic,Computer and electronic products,1063824.33333
2013Q2,electrical_equipment,"Electrical equipment, appliances, and components",373421.666667
2013Q2,motor_vehicles,"Motor vehicles, bodies and trailers, and parts",824328.666667
2013Q2,other_transport_equipment,Other transportation equipment,687627.666667
2013Q2,furniture,Furniture and related products,357426.666667
2013Q2,misc_manufacturing,Miscellaneous manufacturing,576876.666667
2013Q2,food_beverage_tobacco,Food and beverage and tobacco products,1650480
2013Q2,textiles,Textile mills and textile product mills,231757.666667
2013Q2,apparel_leather,Apparel and leather and allied products,173423.666667
2013Q2,paper,Paper products,377134.666667
2013Q2,printing,Printing and related support activities,453415.666667
2013Q2,petroleum_coal,Petroleum and coal products,112241
2013Q2,chemicals,Chemical products,793936.666667
2013Q2,plastics_rubber,Plastics and rubber products,656385.666667
2013Q2,wholesale,Wholesale trade,5735825.66667
2013Q2,retail,Retail trade,14917735.3333
2013Q2,air_transport,Air transportation,450231.666667
2013Q2,rail_transport,Rail transportation,656.333333333
2013Q2,water_transport,Water transportation,66224
2013Q2,truck_transport,Truck transportation,1368568.66667
2013Q2,transit_ground,Transit and ground passenger transportation,451991.333333
2013Q2,pipeline,Pipeline transportation,43565.3333333
2013Q2,other_transport_support,Other transportation and support activities,620380.666667
2013Q2,warehousing,Warehousing and storage,698078
2013Q2,information,Information,2703007.33333
2013Q2,credit_intermediation,"Federal Reserve banks, credit intermediation, and related activities",2634289
2013Q2,securities,"Securities, commodity contracts, and investments",859997.666667
2013Q2,insurance,Insurance carriers and related activities,2121095
2013Q2,funds_trusts,"Funds, trusts, and other financial vehicles",3602.33333333
2013Q2,real_estate,Real estate,1447441
2013Q2,rental_leasing,Rental and leasing services and lessors of intangible assets,544723.666667
2013Q2,legal,Legal services,1135859
2013Q2,computer_systems,Computer systems design and related services,1689379.66667
2013Q2,misc_professional,"Miscellaneous professional, scientific, and technical services",5270308.66667
2013Q2,management_companies,Management of companies and enterprises,2084875.66667
2013Q2,admin_support,Administrative and support services,7877308
2013Q2,waste_remediation,Waste management and remediation services,375553
2013Q2,education,Educational services,2644527
2013Q2,ambulatory_health,Ambulatory health care services,6440121.33333
2013Q2,hospitals_nursing,"Hospitals, nursing and residential care facilities",7963701
2013Q2,social_assistance,Social assistance,3138083.33333
2013Q2,performing_arts_museums,"Performing arts, spectator sports, museums, and related activities",588334
2013Q2,amusement_recreation,"Amusements, gambling, and recreation industries",1536165
2013Q2,accommodation,Accommodation,1868122
2013Q2,food_services,Food services and drinking places,10440931
2013Q2,other_services,"Other services, except government",4173942.33333
2013Q3,oil_gas_extraction,Oil and gas extraction,199262.666667
2013Q3,mining_except_oil_gas,"Mining, except oil and gas",214439.333333
2013Q3,support_mining,Support activities for mining,411386.333333
2013Q3,utilities,Utilities,549522
2013Q3,construction,Construction,6080977.33333
2013Q3,wood_products,Wood products,360214.666667
2013Q3,nonmetallic_mineral,Nonmetallic mineral products,379875.333333
2013Q3,primary_metals,Primary metals,395038.666667
2013Q3,fabricated_metal,Fabricated metal products,1425301.33333
2013Q3,machinery,Machinery,1104993
2013Q3,computer_electronic,Computer and electronic products,1063999.33333
2013Q3,electrical_equipment,"Electrical equipment, appliances, and components",374869
2013Q3,motor_vehicles,"Motor vehicles, bodies and trailers, and parts",824739.666667
2013Q3,other_transport_equipment,Other transportation equipment,687015
2013Q3,furniture,Furniture and related products,361369.333333
2013Q3,misc_manufacturing,Miscellaneous manufacturing,579678.666667
2013Q3,food_beverage_tobacco,Food and beverage and tobacco products,1703740.66667
2013Q3,textiles,Textile mills and textile product mills,230310
2013Q3,apparel_leather,Apparel and leather and allied products,173345.666667
2013Q3,paper,Paper products,377217
2013Q3,printing,Printing and related support activities,452474.666667
2013Q3,petroleum_coal,Petroleum and coal products,114260
2013Q3,chemicals,Chemical products,796174
2013Q3,plastics_rubber,Plastics and rubber products,658836
2013Q3,wholesale,Wholesale trade,5771674
2013Q3,retail,Retail trade,15080475.6667
2013Q3,air_transport,Air transportation,447410.333333
2013Q3,rail_transport,Rail transportation,670.666666667
2013Q3,water_transport,Water transportation,68172.3333333
2013Q3,truck_transport,Truck transportation,1394903.66667
2013Q3,transit_ground,Transit and ground passenger transportation,406766.333333
2013Q3,pipeline,Pipeline transportation,43680
2013Q3,other_transport_support,Other transportation and support activities,630508
2013Q3,warehousing,Warehousing and storage,705581
2013Q3,information,Information,2709508.33333
2013Q3,credit_intermediation,"Federal Reserve banks, credit intermediation, and related activities",2632900.66667
2013Q3,securities,"Securities, commodity contracts, and investments",872458.333333
2013Q3,insurance,Insurance carriers and related activities,2136971.66667
2013Q3,funds_trusts,"Funds, trusts, and other financial vehicles",3490.66666667
2013Q3,real_estate,Real estate,1473796.33333
2013Q3,rental_leasing,Rental and leasing services and lessors of intangible assets,554115.666667
2013Q3,legal,Legal services,1136301.66667
2013Q3,computer_systems,Computer systems design and related services,1713671
2013Q3,misc_professional,"Miscellaneous professional, scientific, and technical services",5265209
2013Q3,management_companies,Management of companies and enterprises,2097216.66667
2013Q3,admin_support,Administrative and support services,8048114
2013Q3,waste_remediation,Waste management and remediation services,382189.333333
2013Q3,education,Educational services,2506225
2013Q3,ambulatory_health,Ambulatory health care services,6484047.33333
2013Q3,hospitals_nursing,"Hospitals, nursing and residential care facilities",7980894
2013Q3,social_assistance,Social assistance,3128951.66667
2013Q3,performing_arts_museums,"Performing arts, spectator sports, museums, and related activities",599317.666667
2013Q3,amusement_recreation,"Amusements, gambling, and recreation industries",1633841
2013Q3,accommodation,Accommodation,1949371.66667
2013Q3,food_services,Food services and drinking places,10530161.3333
2013Q3,other_services,"Other services, except government",4190517
2013Q4,oil_gas_extraction,Oil and gas extraction,199904
2013Q4,mining_except_oil_gas,"Mining, except oil and gas",209126.666667
2013Q4,support_mining,Support activities for mining,413754.333333
2013Q4,utilities,Utilities,545234
2013Q4,construction,Construction,5982996.66667
2013Q4,wood_products,Wood products,361316.666667
2013Q4,nonmetallic_mineral,Nonmetallic mineral products,376597
2013Q4,primary_metals,Primary metals,395603
2013Q4,fabricated_metal,Fabricated metal products,1427833
2013Q4,machinery,Machinery,1104774
2013Q4,computer_electronic,Computer and electronic products,1051668.33333
2013Q4,electrical_equipment,"Electrical equipment, appliances, and components",374843.333333
2013Q4,motor_vehicles,"Motor vehicles, bodies and trailers, and parts",846970.666667
2013Q4,other_transport_equipment,Other transportation equipment,683190.666667
2013Q4,furniture,Furniture and related products,362106.666667
2013Q4,misc_manufacturing,Miscellaneous manufacturing,581379.333333
2013Q4,food_beverage_tobacco,Food and beverage and tobacco products,1682257.33333
2013Q4,textiles,Textile mills and textile product mills,230549.666667
2013Q4,apparel_leather,Apparel and leather and allied products,173028.333333
2013Q4,paper,Paper products,374855.666667
2013Q4,printing,Printing and related support activities,453062
2013Q4,petroleum_coal,Petroleum and coal products,112656.333333
2013Q4,chemicals,Chemical products,795355.333333
2013Q4,plastics_rubber,Plastics and rubber products,661271
2013Q4,wholesale,Wholesale trade,5799881.66667
2013Q4,retail,Retail trade,15603524.6667
2013Q4,air_transport,Air transportation,448661.333333
2013Q4,rail_transport,Rail transportation,699
2013Q4,water_transport,Water transportation,65827
2013Q4,truck_transport,Truck transportation,1388747.33333
2013Q4,transit_ground,Transit and ground passenger transportation,465671.666667
2013Q4,pipeline,Pipeline transportation,44270
2013Q4,other_transport_support,Other transportation and support activities,629610.666667
2013Q4,warehousing,Warehousing and storage,732059
2013Q4,information,Information,2720790.33333
2013Q4,credit_intermediation,"Federal Reserve banks, credit intermediation, and related activities",2614799.33333
2013Q4,securities,"Securities, commodity contracts, and investments",873018
2013Q4,insurance,Insurance carriers and related activities,2156192
2013Q4,funds_trusts,"Funds, trusts, and other financial vehicles",4098.66666667
2013Q4,real_estate,Real estate,1469822.66667
2013Q4,rental_leasing,Rental and leasing services and lessors of intangible assets,544301.333333
2013Q4,legal,Legal services,1134665.33333
2013Q4,computer_systems,Computer systems design and related services,1733514
2013Q4,misc_professional,"Miscellaneous professional, scientific, and technical services",5345227
2013Q4,management_companies,Management of companies and enterprises,2102595.33333
2013Q4,admin_support,Administrative and support services,8160145.66667
2013Q4,waste_remediation,Waste management and remediation services,377186
2013Q4,education,Educational services,2722006.33333
2013Q4,ambulatory_health,Ambulatory health care services,6554988.66667
2013Q4,hospitals_nursing,"Hospitals, nursing and residential care facilities",7991812
2013Q4,social_assistance,Social assistance,3198449
2013Q4,performing_arts_museums,"Performing arts, spectator sports, museums, and related activities",571185.333333
2013Q4,amusement_recreation,"Amusements, gambling, and recreation industries",1376698.33333
2013Q4,accommodation,Accommodation,1822087
2013Q4,food_services,Food services and drinking places,10388832.3333
2013Q4,other_services,"Other services, except government",4165361.33333
2014Q1,oil_gas_extraction,Oil and gas extraction,192024.333333
2014Q1,mining_except_oil_gas,"Mining, except oil and gas",199137
2014Q1,support_mining,Support activities for mining,419484.333333
2014Q1,utilities,Utilities,546596
2014Q1,construction,Construction,5632599
2014Q1,wood_products,Wood products,359223
2014Q1,nonmetallic_mineral,Nonmetallic mineral products,364520.333333
2014Q1,primary_metals,Primary metals,394687.666667
2014Q1,fabricated_metal,Fabricated metal products,1430479.66667
2014Q1,machinery,Machinery,1110339.66667
2014Q1,computer_electronic,Computer and electronic products,1047176
2014Q1,electrical_equipment,"Electrical equipment, appliances, and components",374921.666667
2014Q1,motor_vehicles,"Motor vehicles, bodies and trailers, and parts",858554
2014Q1,other_transport_equipment,Other transportation equipment,682455.333333
2014Q1,furniture,Furniture and related products,363732.666667
2014Q1,misc_manufacturing,Miscellaneous manufacturing,578263
2014Q1,food_beverage_tobacco,Food and beverage and tobacco products,1655440
2014Q1,textiles,Textile mills and textile product mills,229094
2014Q1,apparel_leather,Apparel and leather and allied products,169522.333333
2014Q1,paper,Paper products,371918.333333
2014Q1,printing,Printing and related support activities,450886
2014Q1,petroleum_coal,Petroleum and coal products,106400.666667
2014Q1,chemicals,Chemical products,794321.666667
2014Q1,plastics_rubber,Plastics and rubber products,664895.666667
2014Q1,wholesale,Wholesale trade,5722938.33333
2014Q1,retail,Retail trade,14984736.6667
2014Q1,air_transport,Air transportation,442256.333333
2014Q1,rail_transport,Rail transportation,616.666666667
2014Q1,water_transport,Water transportation,64521.6666667
2014Q1,truck_transport,Truck transportation,1360434.33333
2014Q1,transit_ground,Transit and ground passenger transportation,463752.666667
2014Q1,pipeline,Pipeline transportation,45928.6666667
2014Q1,other_transport_support,Other transportation and support activities,631822
2014Q1,warehousing,Warehousing and storage,721873.666667
2014Q1,information,Information,2707468.66667
2014Q1,credit_intermediation,"Federal Reserve banks, credit intermediation, and related activities",2581892
2014Q1,securities,"Securities, commodity contracts, and investments",865705.333333
2014Q1,insurance,Insurance carriers and related activities,2144314
2014Q1,funds_trusts,"Funds, trusts, and other financial vehicles",5414.66666667
2014Q1,real_estate,Real estate,1448859.66667
2014Q1,rental_leasing,Rental and leasing services and lessors of intangible assets,528237
2014Q1,legal,Legal services,1113566.33333
2014Q1,computer_systems,Computer systems design and related services,1742122.66667
2014Q1,misc_professional,"Miscellaneous professional, scientific, and technical services",5398173.33333
2014Q1,management_companies,Management of companies and enterprises,2135299.66667
2014Q1,admin_support,Administrative and support services,7742030
2014Q1,waste_remediation,Waste management and remediation services,372641
2014Q1,education,Educational services,2683195.66667
2014Q1,ambulatory_health,Ambulatory health care services,6512442.33333
2014Q1,hospitals_nursing,"Hospitals, nursing and residential care facilities",7960607
2014Q1,social_assistance,Social assistance,3211217.66667
2014Q1,performing_arts_museums,"Performing arts, spectator sports, museums, and related activities",534166.666667
2014Q1,amusement_recreation,"Amusements, gambling, and recreation industries",1331927.33333
2014Q1,accommodation,Accommodation,1790949.33333
2014Q1,food_services,Food services and drinking places,10255646.3333
2014Q1,other_services,"Other services, except government",4136969.33333
2014Q2,oil_gas_extraction,Oil and gas extraction,195121
2014Q2,mining_except_oil_gas,"Mining, except oil and gas",208070.666667
2014Q2,support_mining,Support activities for mining,432408
2014Q2,utilities,Utilities,548010.333333
2014Q2,construction,Construction,6116080.33333
2014Q2,wood_products,Wood products,368949.666667
2014Q2,nonmetallic_mineral,Nonmetallic mineral products,383432
2014Q2,primary_metals,Primary metals,396922.666667
2014Q2,fabricated_metal,Fabricated metal products,1447172.33333
2014Q2,machinery,Machinery,1119831
2014Q2,computer_electronic,Computer and electronic products,1046550.66667
2014Q2,electrical_equipment,"Electrical equipment, appliances, and components",377218.333333
2014Q2,motor_vehicles,"Motor vehicles, bodies and trailers, and parts",874353.333333
2014Q2,other_transport_equipment,Other transportation equipment,682591.333333
2014Q2,furniture,Furniture and related products,368263.666667
2014Q2,misc_manufacturing,Miscellaneous manufacturing,581721.333333
2014Q2,food_beverage_tobacco,Food and beverage and tobacco products,1682947
2014Q2,textiles,Textile mills and textile product mills,231278.333333
2014Q2,apparel_leather,Apparel and leather and allied products,169689.333333
2014Q2,paper,Paper products,372499
2014Q2,printing,Printing and related support activities,452446
2014Q2,petroleum_coal,Petroleum and coal products,110182.333333
2014Q2,chemicals,Chemical products,799984.333333
2014Q2,plastics_rubber,Plastics and rubber products,672301.333333
2014Q2,wholesale,Wholesale trade,5809808
2014Q2,retail,Retail trade,15216953
2014Q2,air_transport,Air transportation,447661
2014Q2,rail_transport,Rail transportation,626
2014Q2,water_transport,Water transportation,68408.3333333
2014Q2,truck_transport,Truck transportation,1404655.33333
2014Q2,transit_ground,Transit and ground passenger transportation,467408.333333
2014Q2,pipeline,Pipeline transportation,46865.3333333
2014Q2,other_transport_support,Other transportation and support activities,649881.333333
2014Q2,warehousing,Warehousing and storage,728021
2014Q2,information,Information,2733073.33333
2014Q2,credit_intermediation,"Federal Reserve banks, credit intermediation, and related activities",2573236.33333
2014Q2,securities,"Securities, commodity contracts, and investments",874904.666667
2014Q2,insurance,Insurance carriers and related activities,2162175.33333
2014Q2,funds_trusts,"Funds, trusts, and other financial vehicles",5567.33333333
2014Q2,real_estate,Real estate,1486199.33333
2014Q2,rental_leasing,Rental and leasing services and lessors of intangible assets,555119
2014Q2,legal,Legal services,1120581.33333
2014Q2,computer_systems,Computer systems design and related services,1772158.66667
2014Q2,misc_professional,"Miscellaneous professional, scientific, and technical services",5411462.66667
2014Q2,management_companies,Management of companies and enterprises,2149319
2014Q2,admin_support,Administrative and support services,8191719.66667
2014Q2,waste_remediation,Waste management and remediation services,386549.333333
2014Q2,education,Educational services,2679678.33333
2014Q2,ambulatory_health,Ambulatory health care services,6593486.66667
2014Q2,hospitals_nursing,"Hospitals, nursing and residential care facilities",7997259.66667
2014Q2,social_assistance,Social assistance,3274620.33333
2014Q2,performing_arts_museums,"Performing arts, spectator sports, museums, and related activities",615277.666667
2014Q2,amusement_recreation,"Amusements, gambling, and recreation industries",1583058.33333
2014Q2,accommodation,Accommodation,1906653
2014Q2,food_services,Food services and drinking places,10789517.6667
2014Q2,other_services,"Other services, except government",4263475.33333
2014Q3,oil_gas_extraction,Oil and gas extraction,199405
2014Q3,mining_except_oil_gas,"Mining, except oil and gas",210338.333333
2014Q3,support_mining,Support activities for mining,448244
2014Q3,utilities,Utilities,551269
2014Q3,construction,Construction,6380052
2014Q3,wood_products,Wood products,375298.333333
2014Q3,nonmetallic_mineral,Nonmetallic mineral products,390993
2014Q3,primary_metals,Primary metals,398832.333333
2014Q3,fabricated_metal,Fabricated metal products,1457086.66667
2014Q3,machinery,Machinery,1123409
2014Q3,computer_electronic,Computer and electronic products,1050394
2014Q3,electrical_equipment,"Electrical equipment, appliances, and components",379314.666667
2014Q3,motor_vehicles,"Motor vehicles, bodies and trailers, and parts",880543.666667
2014Q3,other_transport_equipment,Other transportation equipment,683325.666667
2014Q3,furniture,Furniture and related products,370078.666667
2014Q3,misc_manufacturing,Miscellaneous manufacturing,583416.666667
2014Q3,food_beverage_tobacco,Food and beverage and tobacco products,1733119.66667
2014Q3,textiles,Textile mills and textile product mills,231468.333333
2014Q3,apparel_leather,Apparel and leather and allied products,167600.666667
2014Q3,paper,Paper products,372222.666667
2014Q3,printing,Printing and related support activities,451573.666667
2014Q3,petroleum_coal,Petroleum and coal products,112384
2014Q3,chemicals,Chemical products,803806
2014Q3,plastics_rubber,Plastics and rubber products,676707.666667
2014Q3,wholesale,Wholesale trade,5849237.33333
2014Q3,retail,Retail trade,15320277
2014Q3,air_transport,Air transportation,446186.666667
2014Q3,rail_transport,Rail transportation,788.666666667
2014Q3,water_transport,Water transportation,70713.3333333
2014Q3,truck_transport,Truck transportation,1434789
2014Q3,transit_ground,Transit and ground passenger transportation,421531
2014Q3,pipeline,Pipeline transportation,47305.3333333
2014Q3,other_transport_support,Other transportation and support activities,659123
2014Q3,warehousing,Warehousing and storage,741667.666667
2014Q3,information,Information,2741982.33333
2014Q3,credit_intermediation,"Federal Reserve banks, credit intermediation, and related activities",2573492.33333
2014Q3,securities,"Securities, commodity contracts, and investments",890506.666667
2014Q3,insurance,Insurance carriers and related activities,2180999.66667
2014Q3,funds_trusts,"Funds, trusts, and other financial vehicles",5733
2014Q3,real_estate,Real estate,1509575
2014Q3,rental_leasing,Rental and leasing services and lessors of intangible assets,567760.333333
2014Q3,legal,Legal services,1120884.33333
2014Q3,computer_systems,Computer systems design and related services,1803662
2014Q3,misc_professional,"Miscellaneous professional, scientific, and technical services",5431176
2014Q3,management_companies,Management of companies and enterprises,2164718
2014Q3,admin_support,Administrative and support services,8325378
2014Q3,waste_remediation,Waste management and remediation services,393258.666667
2014Q3,education,Educational services,2545841.33333
2014Q3,ambulatory_health,Ambulatory health care services,6639999.33333
2014Q3,hospitals_nursing,"Hospitals, nursing and residential care facilities",8036385.33333
2014Q3,social_assistance,Social assistance,3270671.33333
2014Q3,performing_arts_museums,"Performing arts, spectator sports, museums, and related activities",624051.666667
2014Q3,amusement_recreation,"Amusements, gambling, and recreation industries",1680450.66667
2014Q3,accommodation,Accommodation,1982183.66667
2014Q3,food_services,Food services and drinking places,10837680.3333
2014Q3,other_services,"Other services, except government",4279689
2014Q4,oil_gas_extraction,Oil and gas extraction,200265.666667
2014Q4,mining_except_oil_gas,"Mining, except oil and gas",205638.333333
2014Q4,support_mining,Support activities for mining,457377.666667
2014Q4,utilities,Utilities,550095.333333
2014Q4,construction,Construction,6305959
2014Q4,wood_products,Wood products,375110.666667
2014Q4,nonmetallic_mineral,Nonmetallic mineral products,388539
2014Q4,primary_metals,Primary metals,399635.666667
2014Q4,fabricated_metal,Fabricated metal products,1462746.33333
2014Q4,machinery,Machinery,1128272.33333
2014Q4,computer_electronic,Computer and electronic products,1045674
2014Q4,electrical_equipment,"Electrical equipment, appliances, and components",379720
2014Q4,motor_vehicles,"Motor vehicles, bodies and trailers, and parts",901717
2014Q4,other_transport_equipment,Other transportation equipment,680853.333333
2014Q4,furniture,Furniture and related products,370284
2014Q4,misc_manufacturing,Miscellaneous manufacturing,586378
2014Q4,food_beverage_tobacco,Food and beverage and tobacco products,1708792.66667
2014Q4,textiles,Textile mills and textile product mills,231942.333333
2014Q4,apparel_leather,Apparel and leather and allied products,166124
2014Q4,paper,Paper products,370496.333333
2014Q4,printing,Printing and related support activities,451282
2014Q4,petroleum_coal,Petroleum and coal products,110646.666667
2014Q4,chemicals,Chemical products,802704.333333
2014Q4,plastics_rubber,Plastics and rubber products,678488
2014Q4,wholesale,Wholesale trade,5881983
2014Q4,retail,Retail trade,15852875.3333
2014Q4,air_transport,Air transportation,448448.666667
2014Q4,rail_transport,Rail transportation,912.333333333
2014Q4,water_transport,Water transportation,67997
2014Q4,truck_transport,Truck transportation,1441099.33333
2014Q4,transit_ground,Transit and ground passenger transportation,479459.333333
2014Q4,pipeline,Pipeline transportation,47394
2014Q4,other_transport_support,Other transportation and support activities,659860
2014Q4,warehousing,Warehousing and storage,773148.666667
2014Q4,information,Information,2746240
2014Q4,credit_intermediation,"Federal Reserve banks, credit intermediation, and related activities",2570350.33333
2014Q4,securities,"Securities, commodity contracts, and investments",891938.333333
2014Q4,insurance,Insurance carriers and related activities,2203293.33333
2014Q4,funds_trusts,"Funds, trusts, and other financial vehicles",5832.33333333
2014Q4,real_estate,Real estate,1504465.33333
2014Q4,rental_leasing,Rental and leasing services and lessors of intangible assets,560575.666667
2014Q4,legal,Legal services,1123070.33333
2014Q4,computer_systems,Computer systems design and related services,1833552.33333
2014Q4,misc_professional,"Miscellaneous professional, scientific, and technical services",5521568.33333
2014Q4,management_companies,Management of companies and enterprises,2167205.33333
2014Q4,admin_support,Administrative and support services,8486746.33333
2014Q4,waste_remediation,Waste management and remediation services,390257.333333
2014Q4,education,Educational services,2766953.33333
2014Q4,ambulatory_health,Ambulatory health care services,6731718.66667
2014Q4,hospitals_nursing,"Hospitals, nursing and residential care facilities",8058955.33333
2014Q4,social_assistance,Social assistance,3329513.66667
2014Q4,performing_arts_museums,"Performing arts, spectator sports, museums, and related activities",591393.666667
2014Q4,amusement_recreation,"Amusements, gambling, and recreation industries",1418133
2014Q4,accommodation,Accommodation,1855257.33333
2014Q4,food_services,Food services and drinking places,10709876.6667
2014Q4,other_services,"Other services, except government",4261427.33333
2015Q1,oil_gas_extraction,Oil and gas extraction,197872
2015Q1,mining_except_oil_gas,"Mining, except oil and gas",196039
2015Q1,support_mining,Support activities for mining,424180.666667
2015Q1,utilities,Utilities,550622
2015Q1,construction,Construction,5958344.66667
2015Q1,wood_products,Wood products,371448
2015Q1,nonmetallic_mineral,Nonmetallic mineral products,379235.333333
2015Q1,primary_metals,Primary metals,399047.333333
2015Q1,fabricated_metal,Fabricated metal products,1461485
2015Q1,machinery,Machinery,1131138.33333
2015Q1,computer_electronic,Computer and electronic products,1047384
2015Q1,electrical_equipment,"Electrical equipment, appliances, and components",380938.333333
2015Q1,motor_vehicles,"Motor vehicles, bodies and trailers, and parts",898640.333333
2015Q1,other_transport_equipment,Other transportation equipment,692328
2015Q1,furniture,Furniture and related products,372914.333333
2015Q1,misc_manufacturing,Miscellaneous manufacturing,581372.333333
2015Q1,food_beverage_tobacco,Food and beverage and tobacco products,1687862
2015Q1,textiles,Textile mills and textile product mills,230296.333333
2015Q1,apparel_leather,Apparel and leather and allied products,164740.666667
2015Q1,paper,Paper products,370908.666667
2015Q1,printing,Printing and related support activities,448324
2015Q1,petroleum_coal,Petroleum and coal products,105618.666667
2015Q1,chemicals,Chemical products,802297
2015Q1,plastics_rubber,Plastics and rubber products,680016
2015Q1,wholesale,Wholesale trade,5796564
2015Q1,retail,Retail trade,15272623.6667
2015Q1,air_transport,Air transportation,449618.333333
2015Q1,rail_transport,Rail transportation,711.666666667
2015Q1,water_transport,Water transportation,65001.3333333
2015Q1,truck_transport,Truck transportation,1407400.33333
2015Q1,transit_ground,Transit and ground passenger transportation,477503
2015Q1,pipeline,Pipeline transportation,48177
2015Q1,other_transport_support,Other transportation and support activities,662429.333333
2015Q1,warehousing,Warehousing and storage,784867.666667
2015Q1,information,Information,2713107
2015Q1,credit_intermediation,"Federal Reserve banks, credit intermediation, and related activities",2567640.33333
2015Q1,securities,"Securities, commodity contracts, and investments",887081.666667
2015Q1,insurance,Insurance carriers and related activities,2216075
2015Q1,funds_trusts,"Funds, trusts, and other financial vehicles",6447.33333333
2015Q1,real_estate,Real estate,1482065.33333
2015Q1,rental_leasing,Rental and leasing services and lessors of intangible assets,547881.666667
2015Q1,legal,Legal services,1107494.33333
2015Q1,computer_systems,Computer systems design and related services,1861988.66667
2015Q1,misc_professional,"Miscellaneous professional, scientific, and technical services",5561742.33333
2015Q1,management_companies,Management of companies and enterprises,2178247
2015Q1,admin_support,Administrative and support services,8000340
2015Q1,waste_remediation,Waste management and remediation services,383906.333333
2015Q1,education,Educational services,2717639
2015Q1,ambulatory_health,Ambulatory health care services,6722578.66667
2015Q1,hospitals_nursing,"Hospitals, nursing and residential care facilities",8020397.33333
2015Q1,social_assistance,Social assistance,3365114.33333
2015Q1,performing_arts_museums,"Performing arts, spectator sports, museums, and related activities",550947.333333
2015Q1,amusement_recreation,"Amusements, gambling, and recreation industries",1375713
2015Q1,accommodation,Accommodation,1824588
2015Q1,food_services,Food services and drinking places,10600622.6667
2015Q1,other_services,"Other services, except government",4212816.33333
2015Q2,oil_gas_extraction,Oil and gas extraction,194575
2015Q2,mining_except_oil_gas,"Mining, except oil and gas",201849.333333
2015Q2,support_mining,Support activities for mining,366851.333333
2015Q2,utilities,Utilities,553607.666667
2015Q2,construction,Construction,6433216.66667
2015Q2,wood_products,Wood products,379416.333333
2015Q2,nonmetallic_mineral,Nonmetallic mineral products,397618.333333
2015Q2,primary_metals,Primary metals,395181.666667
2015Q2,fabricated_metal,Fabricated metal products,1460157.33333
2015Q2,machinery,Machinery,1123070
2015Q2,computer_electronic,Computer and electronic products,1051253.66667
2015Q2,electrical_equipment,"Electrical equipment, appliances, and components",381666.333333
2015Q2,motor_vehicles,"Motor vehicles, bodies and trailers, and parts",913290.333333
2015Q2,other_transport_equipment,Other transportation equipment,690409
2015Q2,furniture,Furniture and related products,377699.333333
2015Q2,misc_manufacturing,Miscellaneous manufacturing,586353
2015Q2,food_beverage_tobacco,Food and beverage and tobacco products,1715331.33333
2015Q2,textiles,Textile mills and textile product mills,232932.333333
2015Q2,apparel_leather,Apparel and leather and allied products,165582.666667
2015Q2,paper,Paper products,371171
2015Q2,printing,Printing and related support activities,448948
2015Q2,petroleum_coal,Petroleum and coal products,110031
2015Q2,chemicals,Chemical products,806152
2015Q2,plastics_rubber,Plastics and rubber products,686842.666667
2015Q2,wholesale,Wholesale trade,5876109
2015Q2,retail,Retail trade,15528308.6667
2015Q2,air_transport,Air transportation,456673.666667
2015Q2,rail_transport,Rail transportation,733
2015Q2,water_transport,Water transportation,67923.6666667
2015Q2,truck_transport,Truck transportation,1445722
2015Q2,transit_ground,Transit and ground passenger transportation,476698.666667
2015Q2,pipeline,Pipeline transportation,48553
2015Q2,other_transport_support,Other transportation and support activities,680618.333333
2015Q2,warehousing,Warehousing and storage,799521.666667
2015Q2,information,Information,2750019
2015Q2,credit_intermediation,"Federal Reserve banks, credit intermediation, and related activities",2576550.66667
2015Q2,securities,"Securities, commodity contracts, and investments",897297.666667
2015Q2,insurance,Insurance carriers and related activities,2236987.66667
2015Q2,funds_trusts,"Funds, trusts, and other financial vehicles",6862
2015Q2,real_estate,Real estate,1522942.66667
2015Q2,rental_leasing,Rental and leasing services and lessors of intangible assets,568925.666667
2015Q2,legal,Legal services,1120180.33333
2015Q2,computer_systems,Computer systems design and related services,1894288
2015Q2,misc_professional,"Miscellaneous professional, scientific, and technical services",5559597
2015Q2,management_companies,Management of companies and enterprises,2194648.66667
2015Q2,admin_support,Administrative and support services,8382978
2015Q2,waste_remediation,Waste management and remediation services,394831
2015Q2,education,Educational services,2719352.66667
2015Q2,ambulatory_health,Ambulatory health care services,6811940.66667
2015Q2,hospitals_nursing,"Hospitals, nursing and residential care facilities",8073068.66667
2015Q2,social_assistance,Social assistance,3422510
2015Q2,performing_arts_museums,"Performing arts, spectator sports, museums, and related activities",626942.666667
2015Q2,amusement_recreation,"Amusements, gambling, and recreation industries",1626680.66667
2015Q2,accommodation,Accommodation,1934796.66667
2015Q2,food_services,Food services and drinking places,11139198.6667
2015Q2,other_services,"Other services, except government",4330288
2015Q3,oil_gas_extraction,Oil and gas extraction,191995
2015Q3,mining_except_oil_gas,"Mining, except oil and gas",200636.333333
2015Q3,support_mining,Support activities for mining,342193.333333
2015Q3,utilities,Utilities,556140
2015Q3,construction,Construction,6675210.66667
2015Q3,wood_products,Wood products,384821.333333
2015Q3,nonmetallic_mineral,Nonmetallic mineral products,403127.333333
2015Q3,primary_metals,Primary metals,391372.666667
2015Q3,fabricated_metal,Fabricated metal products,1451472
2015Q3,machinery,Machinery,1111277.33333
2015Q3,computer_electronic,Computer and electronic products,1057819.66667
2015Q3,electrical_equipment,"Electrical equipment, appliances, and components",382796.666667
2015Q3,motor_vehicles,"Motor vehicles, bodies and trailers, and parts",920687.666667
2015Q3,other_transport_equipment,Other transportation equipment,692912.666667
2015Q3,furniture,Furniture and related products,382191.666667
2015Q3,misc_manufacturing,Miscellaneous manufacturing,588964.333333
2015Q3,food_beverage_tobacco,Food and beverage and tobacco products,1776173.33333
2015Q3,textiles,Textile mills and textile product mills,232713.666667
2015Q3,apparel_leather,Apparel and leather and allied products,163661.666667
2015Q3,paper,Paper products,372224
2015Q3,printing,Printing and related support activities,448102
2015Q3,petroleum_coal,Petroleum and coal products,112381.333333
2015Q3,chemicals,Chemical products,809169.666667
2015Q3,plastics_rubber,Plastics and rubber products,689289.666667
2015Q3,wholesale,Wholesale trade,5905651.33333
2015Q3,retail,Retail trade,15645814.6667
2015Q3,air_transport,Air transportation,460933
2015Q3,rail_transport,Rail transportation,773.666666667
2015Q3,water_transport,Water transportation,69841
2015Q3,truck_transport,Truck transportation,1466930.33333
2015Q3,transit_ground,Transit and ground passenger transportation,427453
2015Q3,pipeline,Pipeline transportation,48931.3333333
2015Q3,other_transport_support,Other transportation and support activities,691361
2015Q3,warehousing,Warehousing and storage,832423
2015Q3,information,Information,2766888
2015Q3,credit_intermediation,"Federal Reserve banks, credit intermediation, and related activities",2586509
2015Q3,securities,"Securities, commodity contracts, and investments",912803.666667
2015Q3,insurance,Insurance carriers and related activities,2256935.66667
2015Q3,funds_trusts,"Funds, trusts, and other financial vehicles",7059.33333333
2015Q3,real_estate,Real estate,1550894
2015Q3,rental_leasing,Rental and leasing services and lessors of intangible assets,578796.333333
2015Q3,legal,Legal services,1121205.66667
2015Q3,computer_systems,Computer systems design and related services,1926735.33333
2015Q3,misc_professional,"Miscellaneous professional, scientific, and technical services",5583755.33333
2015Q3,management_companies,Management of companies and enterprises,2207778.66667
2015Q3,admin_support,Administrative and support services,8520238.66667
2015Q3,waste_remediation,Waste management and remediation services,401496.666667
2015Q3,education,Educational services,2585871
2015Q3,ambulatory_health,Ambulatory health care services,6873339
2015Q3,hospitals_nursing,"Hospitals, nursing and residential care facilities",8136908
2015Q3,social_assistance,Social assistance,3414195.33333
2015Q3,performing_arts_museums,"Performing arts, spectator sports, museums, and related activities",639855.333333
2015Q3,amusement_recreation,"Amusements, gambling, and recreation industries",1739453.66667
2015Q3,accommodation,Accommodation,2017466.33333
2015Q3,food_services,Food services and drinking places,11222648.6667
2015Q3,other_services,"Other services, except government",4355153.66667
2015Q4,oil_gas_extraction,Oil and gas extraction,185706
2015Q4,mining_except_oil_gas,"Mining, except oil and gas",191758.666667
2015Q4,support_mining,Support activities for mining,313989
2015Q4,utilities,Utilities,554371.333333
2015Q4,construction,Construction,6628690.66667
2015Q4,wood_products,Wood products,385411
2015Q4,nonmetallic_mineral,Nonmetallic mineral products,401016
2015Q4,primary_metals,Primary metals,384160.333333
2015Q4,fabricated_metal,Fabricated metal products,1435413
2015Q4,machinery,Machinery,1096424.66667
2015Q4,computer_electronic,Computer and electronic products,1049374.33333
2015Q4,electrical_equipment,"Electrical equipment, appliances, and components",381138.333333
2015Q4,motor_vehicles,"Motor vehicles, bodies and trailers, and parts",927987
2015Q4,other_transport_equipment,Other transportation equipment,687267.333333
2015Q4,furniture,Furniture and related products,381936.666667
2015Q4,misc_manufacturing,Miscellaneous manufacturing,590945.333333
2015Q4,food_beverage_tobacco,Food and beverage and tobacco products,1754159
2015Q4,textiles,Textile mills and textile product mills,233014.333333
2015Q4,apparel_leather,Apparel and leather and allied products,162354
2015Q4,paper,Paper products,370632
2015Q4,printing,Printing and related support activities,447845
2015Q4,petroleum_coal,Petroleum and coal products,110828
2015Q4,chemicals,Chemical products,806620.333333
2015Q4,plastics_rubber,Plastics and rubber products,689919
2015Q4,wholesale,Wholesale trade,5918802
2015Q4,retail,Retail trade,16121716.3333
2015Q4,air_transport,Air transportation,463623
2015Q4,rail_transport,Rail transportation,760.666666667
2015Q4,water_transport,Water transportation,66672.3333333
2015Q4,truck_transport,Truck transportation,1457186.66667
2015Q4,transit_ground,Transit and ground passenger transportation,488168.666667
2015Q4,pipeline,Pipeline transportation,48924.6666667
2015Q4,other_transport_support,Other transportation and support activities,688576
2015Q4,warehousing,Warehousing and storage,877127.666667
2015Q4,information,Information,2786421.66667
2015Q4,credit_intermediation,"Federal Reserve banks, credit intermediation, and related activities",2587930.66667
2015Q4,securities,"Securities, commodity contracts, and investments",913752
2015Q4,insurance,Insurance carriers and related activities,2276920.33333
2015Q4,funds_trusts,"Funds, trusts, and other financial vehicles",7567.66666667
2015Q4,real_estate,Real estate,1551654
2015Q4,rental_leasing,Rental and leasing services and lessors of intangible assets,567134.666667
2015Q4,legal,Legal services,1124582
2015Q4,computer_systems,Computer systems design and related services,1949027.33333
2015Q4,misc_professional,"Miscellaneous professional, scientific, and technical services",5675368.66667
2015Q4,management_companies,Management of companies and enterprises,2209933
2015Q4,admin_support,Administrative and support services,8671853.33333
2015Q4,waste_remediation,Waste management and remediation services,397270.333333
2015Q4,education,Educational services,2818078.33333
2015Q4,ambulatory_health,Ambulatory health care services,6967838.66667
2015Q4,hospitals_nursing,"Hospitals, nursing and residential care facilities",8189247.66667
2015Q4,social_assistance,Social assistance,3485088.66667
2015Q4,performing_arts_museums,"Performing arts, spectator sports, museums, and related activities",613037.333333
2015Q4,amusement_recreation,"Amusements, gambling, and recreation industries",1471251.66667
2015Q4,accommodation,Accommodation,1889683.33333
2015Q4,food_services,Food services and drinking places,11130854.6667
2015Q4,other_services,"Other services, except government",4337261.66667
2016Q1,oil_gas_extraction,Oil and gas extraction,183330.666667
2016Q1,mining_except_oil_gas,"Mining, except oil and gas",177522
2016Q1,support_mining,Support activities for mining,281136.333333
2016Q1,utilities,Utilities,552166.666667
2016Q1,construction,Construction,6288995.66667
2016Q1,wood_products,Wood products,383188
2016Q1,nonmetallic_mineral,Nonmetallic mineral products,392258
2016Q1,primary_metals,Primary metals,379772
2016Q1,fabricated_metal,Fabricated metal products,1423517.33333
2016Q1,machinery,Machinery,1088232.33333
2016Q1,computer_electronic,Computer and electronic products,1049060.66667
2016Q1,electrical_equipment,"Electrical equipment, appliances, and components",379943
2016Q1,motor_vehicles,"Motor vehicles, bodies and trailers, and parts",934253
2016Q1,other_transport_equipment,Other transportation equipment,688235
2016Q1,furniture,Furniture and related products,386445.333333
2016Q1,misc_manufacturing,Miscellaneous manufacturing,584510.333333
2016Q1,food_beverage_tobacco,Food and beverage and tobacco products,1742349.33333
2016Q1,textiles,Textile mills and textile product mills,229846
2016Q1,apparel_leather,Apparel and leather and allied products,160610.333333
2016Q1,paper,Paper products,368982.666667
2016Q1,printing,Printing and related support activities,446655.333333
2016Q1,petroleum_coal,Petroleum and coal products,107774.666667
2016Q1,chemicals,Chemical products,806584.333333
2016Q1,plastics_rubber,Plastics and rubber products,695203.333333
2016Q1,wholesale,Wholesale trade,5802903.33333
2016Q1,retail,Retail trade,15531289.6667
2016Q1,air_transport,Air transportation,468905.666667
2016Q1,rail_transport,Rail transportation,560.666666667
2016Q1,water_transport,Water transportation,63330.3333333
2016Q1,truck_transport,Truck transportation,1417975
2016Q1,transit_ground,Transit and ground passenger transportation,486244.333333
2016Q1,pipeline,Pipeline transportation,49603
2016Q1,other_transport_support,Other transportation and support activities,679934
2016Q1,warehousing,Warehousing and storage,885243.333333
2016Q1,information,Information,2769859
2016Q1,credit_intermediation,"Federal Reserve banks, credit intermediation, and related activities",2602048
2016Q1,securities,"Securities, commodity contracts, and investments",908178
2016Q1,insurance,Insurance carriers and related activities,2256292.33333
2016Q1,funds_trusts,"Funds, trusts, and other financial vehicles",9452.33333333
2016Q1,real_estate,Real estate,1515965
2016Q1,rental_leasing,Rental and leasing services and lessors of intangible assets,555467.333333
2016Q1,legal,Legal services,1110477.66667
2016Q1,computer_systems,Computer systems design and related services,1943425.66667
2016Q1,misc_professional,"Miscellaneous professional, scientific, and technical services",5718172.33333
2016Q1,management_companies,Management of companies and enterprises,2210430.66667
2016Q1,admin_support,Administrative and support services,8206498.33333
2016Q1,waste_remediation,Waste management and remediation services,391548.333333
2016Q1,education,Educational services,2779422
2016Q1,ambulatory_health,Ambulatory health care services,6946163
2016Q1,hospitals_nursing,"Hospitals, nursing and residential care facilities",8169123.33333
2016Q1,social_assistance,Social assistance,3525788
2016Q1,performing_arts_museums,"Performing arts, spectator sports, museums, and related activities",567001.333333
2016Q1,amusement_recreation,"Amusements, gambling, and recreation industries",1438168.66667
2016Q1,accommodation,Accommodation,1854770.33333
2016Q1,food_services,Food services and drinking places,11012807.3333
2016Q1,other_services,"Other services, except government",4299863.66667
2016Q2,oil_gas_extraction,Oil and gas extraction,176105
2016Q2,mining_except_oil_gas,"Mining, except oil and gas",181638
2016Q2,support_mining,Support activities for mining,252279.333333
2016Q2,utilities,Utilities,554148.333333
2016Q2,construction,Construction,6720922
2016Q2,wood_products,Wood products,389770
2016Q2,nonmetallic_mineral,Nonmetallic mineral products,407710
2016Q2,primary_metals,Primary metals,374191.333333
2016Q2,fabricated_metal,Fabricated metal products,1417744
2016Q2,machinery,Machinery,1073799.33333
2016Q2,computer_electronic,Computer and electronic products,1047715.66667
2016Q2,electrical_equipment,"Electrical equipment, appliances, and components",379397
2016Q2,motor_vehicles,"Motor vehicles, bodies and trailers, and parts",943085.333333
2016Q2,other_transport_equipment,Other transportation equipment,680222.666667
2016Q2,furniture,Furniture and related products,388914.333333
2016Q2,misc_manufacturing,Miscellaneous manufacturing,587961.333333
2016Q2,food_beverage_tobacco,Food and beverage and tobacco products,1774114.66667
2016Q2,textiles,Textile mills and textile product mills,230781.333333
2016Q2,apparel_leather,Apparel and leather and allied products,159980.666667
2016Q2,paper,Paper products,369432
2016Q2,printing,Printing and related support activities,446713
2016Q2,petroleum_coal,Petroleum and coal products,111641.333333
2016Q2,chemicals,Chemical products,811626.333333
2016Q2,plastics_rubber,Plastics and rubber products,700197.666667
2016Q2,wholesale,Wholesale trade,5864860.33333
2016Q2,retail,Retail trade,15726404.6667
2016Q2,air_transport,Air transportation,472349.333333
2016Q2,rail_transport,Rail transportation,597.333333333
2016Q2,water_transport,Water transportation,65929.3333333
2016Q2,truck_transport,Truck transportation,1445037.33333
2016Q2,transit_ground,Transit and ground passenger transportation,482943.666667
2016Q2,pipeline,Pipeline transportation,49302.3333333
2016Q2,other_transport_support,Other transportation and support activities,692811.666667
2016Q2,warehousing,Warehousing and storage,896137.666667
2016Q2,information,Information,2796185.33333
2016Q2,credit_intermediation,"Federal Reserve banks, credit intermediation, and related activities",2613357
2016Q2,securities,"Securities, commodity contracts, and investments",913470
2016Q2,insurance,Insurance carriers and related activities,2273128.66667
2016Q2,funds_trusts,"Funds, trusts, and other financial vehicles",9802.33333333
2016Q2,real_estate,Real estate,1551971
2016Q2,rental_leasing,Rental and leasing services and lessors of intangible assets,575945.333333
2016Q2,legal,Legal services,1124133.66667
2016Q2,computer_systems,Computer systems design and related services,1967248.33333
2016Q2,misc_professional,"Miscellaneous professional, scientific, and technical services",5710166.33333
2016Q2,management_companies,Management of companies and enterprises,2225953
2016Q2,admin_support,Administrative and support services,8561818
2016Q2,waste_remediation,Waste management and remediation services,400468.333333
2016Q2,education,Educational services,2780083.33333
2016Q2,ambulatory_health,Ambulatory health care services,7030428.33333
2016Q2,hospitals_nursing,"Hospitals, nursing and residential care facilities",8217260.66667
2016Q2,social_assistance,Social assistance,3586823
2016Q2,performing_arts_museums,"Performing arts, spectator sports, museums, and related activities",651027.333333
2016Q2,amusement_recreation,"Amusements, gambling, and recreation industries",1684108
2016Q2,accommodation,Accommodation,1959920.33333
2016Q2,food_services,Food services and drinking places,11523523.6667
2016Q2,other_services,"Other services, except government",4413395
2016Q3,oil_gas_extraction,Oil and gas extraction,171854.333333
2016Q3,mining_except_oil_gas,"Mining, except oil and gas",181596
2016Q3,support_mining,Support activities for mining,247359.666667
2016Q3,utilities,Utilities,554967.666667
2016Q3,construction,Construction,6923316.33333
2016Q3,wood_products,Wood products,394305.333333
2016Q3,nonmetallic_mineral,Nonmetallic mineral products,412994.333333
2016Q3,primary_metals,Primary metals,370937.333333
2016Q3,fabricated_metal,Fabricated metal products,1411484.66667
2016Q3,machinery,Machinery,1065880.33333
2016Q3,computer_electronic,Computer and electronic products,1046325.33333
2016Q3,electrical_equipment,"Electrical equipment, appliances, and components",381603
2016Q3,motor_vehicles,"Motor vehicles, bodies and trailers, and parts",945738
2016Q3,other_transport_equipment,Other transportation equipment,678285.333333
2016Q3,furniture,Furniture and related products,390862
2016Q3,misc_manufacturing,Miscellaneous manufacturing,591143.666667
2016Q3,food_beverage_tobacco,Food and beverage and tobacco products,1834658
2016Q3,textiles,Textile mills and textile product mills,228560.333333
2016Q3,apparel_leather,Apparel and leather and allied products,156818
2016Q3,paper,Paper products,369609.333333
2016Q3,printing,Printing and related support activities,446002.666667
2016Q3,petroleum_coal,Petroleum and coal products,113090.333333
2016Q3,chemicals,Chemical products,814821.333333
2016Q3,plastics_rubber,Plastics and rubber products,703384
2016Q3,wholesale,Wholesale trade,5884051.66667
2016Q3,retail,Retail trade,15806658.6667
2016Q3,air_transport,Air transportation,476701.333333
2016Q3,rail_transport,Rail transportation,577
2016Q3,water_transport,Water transportation,67152.3333333
2016Q3,truck_transport,Truck transportation,1463221.33333
2016Q3,transit_ground,Transit and ground passenger transportation,433565.666667
2016Q3,pipeline,Pipeline transportation,48952.3333333
2016Q3,other_transport_support,Other transportation and support activities,702325.333333
2016Q3,warehousing,Warehousing and storage,924789.333333
2016Q3,information,Information,2813734.33333
2016Q3,credit_intermediation,"Federal Reserve banks, credit intermediation, and related activities",2628792.33333
2016Q3,securities,"Securities, commodity contracts, and investments",925943
2016Q3,insurance,Insurance carriers and related activities,2288033.33333
2016Q3,funds_trusts,"Funds, trusts, and other financial vehicles",10030.3333333
2016Q3,real_estate,Real estate,1579345.33333
2016Q3,rental_leasing,Rental and leasing services and lessors of intangible assets,585349.666667
2016Q3,legal,Legal services,1129614.66667
2016Q3,computer_systems,Computer systems design and related services,1993374.33333
2016Q3,misc_professional,"Miscellaneous professional, scientific, and technical services",5733169.33333
2016Q3,management_companies,Management of companies and enterprises,2242975
2016Q3,admin_support,Administrative and support services,8696409
2016Q3,waste_remediation,Waste management and remediation services,406730.666667
2016Q3,education,Educational services,2652307
2016Q3,ambulatory_health,Ambulatory health care services,7092876.33333
2016Q3,hospitals_nursing,"Hospitals, nursing and residential care facilities",8293370.33333
2016Q3,social_assistance,Social assistance,3565621.66667
2016Q3,performing_arts_museums,"Performing arts, spectator sports, museums, and related activities",666106
2016Q3,amusement_recreation,"Amusements, gambling, and recreation industries",1794402
2016Q3,accommodation,Accommodation,2047946.33333
2016Q3,food_services,Food services and drinking places,11560896
2016Q3,other_services,"Other services, except government",4431414.66667
2016Q4,oil_gas_extraction,Oil and gas extraction,168501.333333
2016Q4,mining_except_oil_gas,"Mining, except oil and gas",178833.333333
2016Q4,support_mining,Support activities for mining,253400.666667
2016Q4,utilities,Utilities,550743.666667
2016Q4,construction,Construction,6811335.66667
2016Q4,wood_products,Wood products,393590.333333
2016Q4,nonmetallic_mineral,Nonmetallic mineral products,408824
2016Q4,primary_metals,Primary metals,368696.333333
2016Q4,fabricated_metal,Fabricated metal products,1406159.66667
2016Q4,machinery,Machinery,1054167.66667
2016Q4,computer_electronic,Computer and electronic products,1035830.33333
2016Q4,electrical_equipment,"Electrical equipment, appliances, and components",380189
2016Q4,motor_vehicles,"Motor vehicles, bodies and trailers, and parts",950955.666667
2016Q4,other_transport_equipment,Other transportation equipment,671518.333333
2016Q4,furniture,Furniture and related products,389389.666667
2016Q4,misc_manufacturing,Miscellaneous manufacturing,591266.333333
2016Q4,food_beverage_tobacco,Food and beverage and tobacco products,1815557.33333
2016Q4,textiles,Textile mills and textile product mills,228517.666667
2016Q4,apparel_leather,Apparel and leather and allied products,154822
2016Q4,paper,Paper products,368286
2016Q4,printing,Printing and related support activities,444132.333333
2016Q4,petroleum_coal,Petroleum and coal products,111327.666667
2016Q4,chemicals,Chemical products,811304.333333
2016Q4,plastics_rubber,Plastics and rubber products,703331
2016Q4,wholesale,Wholesale trade,5886604.66667
2016Q4,retail,Retail trade,16233232
2016Q4,air_transport,Air transportation,478208.666667
2016Q4,rail_transport,Rail transportation,648.666666667
2016Q4,water_transport,Water transportation,63664
2016Q4,truck_transport,Truck transportation,1451801.33333
2016Q4,transit_ground,Transit and ground passenger transportation,491708
2016Q4,pipeline,Pipeline transportation,47953.3333333
2016Q4,other_transport_support,Other transportation and support activities,698102.666667
2016Q4,warehousing,Warehousing and storage,995337.333333
2016Q4,information,Information,2808011
2016Q4,credit_intermediation,"Federal Reserve banks, credit intermediation, and related activities",2638374.66667
2016Q4,securities,"Securities, commodity contracts, and investments",921129.333333
2016Q4,insurance,Insurance carriers and related activities,2296679.33333
2016Q4,funds_trusts,"Funds, trusts, and other financial vehicles",10833.3333333
2016Q4,real_estate,Real estate,1576757.66667
2016Q4,rental_leasing,Rental and leasing services and lessors of intangible assets,568697
2016Q4,legal,Legal services,1133063.33333
2016Q4,computer_systems,Computer systems design and related services,2005076.33333
2016Q4,misc_professional,"Miscellaneous professional, scientific, and technical services",5793850.33333
2016Q4,management_companies,Management of companies and enterprises,2241164.66667
2016Q4,admin_support,Administrative and support services,8749718
2016Q4,waste_remediation,Waste management and remediation services,404179.666667
2016Q4,education,Educational services,2856042.66667
2016Q4,ambulatory_health,Ambulatory health care services,7159994.33333
2016Q4,hospitals_nursing,"Hospitals, nursing and residential care facilities",8322740.33333
2016Q4,social_assistance,Social assistance,3639016
2016Q4,performing_arts_museums,"Performing arts, spectator sports, museums, and related activities",627076.333333
2016Q4,amusement_recreation,"Amusements, gambling, and recreation industries",1523799.66667
2016Q4,accommodation,Accommodation,1911230.33333
2016Q4,food_services,Food services and drinking places,11403717.6667
2016Q4,other_services,"Other services, except government",4405780.33333
2017Q1,oil_gas_extraction,Oil and gas extraction,143900
2017Q1,mining_except_oil_gas,"Mining, except oil and gas",176131.333333
2017Q1,support_mining,Support activities for mining,272106
2017Q1,utilities,Utilities,551669.333333
2017Q1,construction,Construction,6502366.33333
2017Q1,wood_products,Wood products,391030
2017Q1,nonmetallic_mineral,Nonmetallic mineral products,398542
2017Q1,primary_metals,Primary metals,366563.666667
2017Q1,fabricated_metal,Fabricated metal products,1405477.66667
2017Q1,machinery,Machinery,1060355
2017Q1,computer_electronic,Computer and electronic products,1037258.33333
2017Q1,electrical_equipment,"Electrical equipment, appliances, and components",381799.666667
2017Q1,motor_vehicles,"Motor vehicles, bodies and trailers, and parts",958852.666667
2017Q1,other_transport_equipment,Other transportation equipment,676919.333333
2017Q1,furniture,Furniture and related products,391870
2017Q1,misc_manufacturing,Miscellaneous manufacturing,587068.666667
2017Q1,food_beverage_tobacco,Food and beverage and tobacco products,1807377
2017Q1,textiles,Textile mills and textile product mills,227301.666667
2017Q1,apparel_leather,Apparel and leather and allied products,150910
2017Q1,paper,Paper products,367184
2017Q1,printing,Printing and related support activities,440293.333333
2017Q1,petroleum_coal,Petroleum and coal products,110098.666667
2017Q1,chemicals,Chemical products,814847
2017Q1,plastics_rubber,Plastics and rubber products,708959.333333
2017Q1,wholesale,Wholesale trade,5820645.33333
2017Q1,retail,Retail trade,15648782.6667
2017Q1,air_transport,Air transportation,482857
2017Q1,rail_transport,Rail transportation,576.666666667
2017Q1,water_transport,Water transportation,62129
2017Q1,truck_transport,Truck transportation,1418298.33333
2017Q1,transit_ground,Transit and ground passenger transportation,491538
2017Q1,pipeline,Pipeline transportation,49600
2017Q1,other_transport_support,Other transportation and support activities,701809
2017Q1,warehousing,Warehousing and storage,976155
2017Q1,information,Information,2783703.33333
2017Q1,credit_intermediation,"Federal Reserve banks, credit intermediation, and related activities",2648502.66667
2017Q1,securities,"Securities, commodity contracts, and investments",911756.333333
2017Q1,insurance,Insurance carriers and related activities,2293984.33333
2017Q1,funds_trusts,"Funds, trusts, and other financial vehicles",12001
2017Q1,real_estate,Real estate,1558141.66667
2017Q1,rental_leasing,Rental and leasing services and lessors of intangible assets,559703
2017Q1,legal,Legal services,1119876.66667
2017Q1,computer_systems,Computer systems design and related services,2010329.66667
2017Q1,misc_professional,"Miscellaneous professional, scientific, and technical services",5782292
2017Q1,management_companies,Management of companies and enterprises,2265833.66667
2017Q1,admin_support,Administrative and support services,8305592.66667
2017Q1,waste_remediation,Waste management and remediation services,402357.666667
2017Q1,education,Educational services,2835607
2017Q1,ambulatory_health,Ambulatory health care services,7157306.66667
2017Q1,hospitals_nursing,"Hospitals, nursing and residential care facilities",8293602.66667
2017Q1,social_assistance,Social assistance,3672050.33333
2017Q1,performing_arts_museums,"Performing arts, spectator sports, museums, and related activities",582482
2017Q1,amusement_recreation,"Amusements, gambling, and recreation industries",1475569
2017Q1,accommodation,Accommodation,1894238.33333
2017Q1,food_services,Food services and drinking places,11288888
2017Q1,other_services,"Other services, except government",4351340.33333
2017Q2,oil_gas_extraction,Oil and gas extraction,143758
2017Q2,mining_except_oil_gas,"Mining, except oil and gas",185674
2017Q2,support_mining,Support activities for mining,290572.666667
2017Q2,utilities,Utilities,552462.333333
2017Q2,construction,Construction,6960114.33333
2017Q2,wood_products,Wood products,395923.666667
2017Q2,nonmetallic_mineral,Nonmetallic mineral products,413354.666667
2017Q2,primary_metals,Primary metals,368172
2017Q2,fabricated_metal,Fabricated metal products,1417348.33333
2017Q2,machinery,Machinery,1072016.66667
2017Q2,computer_electronic,Computer and electronic products,1038239
2017Q2,electrical_equipment,"Electrical equipment, appliances, and components",384853.333333
2017Q2,motor_vehicles,"Motor vehicles, bodies and trailers, and parts",967805.666667
2017Q2,other_transport_equipment,Other transportation equipment,675020
2017Q2,furniture,Furniture and related products,393814
2017Q2,misc_manufacturing,Miscellaneous manufacturing,590151.666667
2017Q2,food_beverage_tobacco,Food and beverage and tobacco products,1839636.33333
2017Q2,textiles,Textile mills and textile product mills,228306
2017Q2,apparel_leather,Apparel and leather and allied products,149516
2017Q2,paper,Paper products,367414.666667
2017Q2,printing,Printing and related support activities,440275
2017Q2,petroleum_coal,Petroleum and coal products,113484
2017Q2,chemicals,Chemical products,821253.666667
2017Q2,plastics_rubber,Plastics and rubber products,713334
2017Q2,wholesale,Wholesale trade,5902676.33333
2017Q2,retail,Retail trade,15753144.6667
2017Q2,air_transport,Air transportation,491183
2017Q2,rail_transport,Rail transportation,503.333333333
2017Q2,water_transport,Water transportation,64906
2017Q2,truck_transport,Truck transportation,1450725.66667
2017Q2,transit_ground,Transit and ground passenger transportation,483424.333333
2017Q2,pipeline,Pipeline transportation,49485.3333333
2017Q2,other_transport_support,Other transportation and support activities,715256.666667
2017Q2,warehousing,Warehousing and storage,977790.333333
2017Q2,information,Information,2791421
2017Q2,credit_intermediation,"Federal Reserve banks, credit intermediation, and related activities",2658068
2017Q2,securities,"Securities, commodity contracts, and investments",918462.666667
2017Q2,insurance,Insurance carriers and related activities,2304712
2017Q2,funds_trusts,"Funds, trusts, and other financial vehicles",12347
2017Q2,real_estate,Real estate,1596362.33333
2017Q2,rental_leasing,Rental and leasing services and lessors of intangible assets,584448.666667
2017Q2,legal,Legal services,1133657.33333
2017Q2,computer_systems,Computer systems design and related services,2038079
2017Q2,misc_professional,"Miscellaneous professional, scientific, and technical services",5791405.33333
2017Q2,management_companies,Management of companies and enterprises,2275224
2017Q2,admin_support,Administrative and support services,8655332.66667
2017Q2,waste_remediation,Waste management and remediation services,413082
2017Q2,education,Educational services,2840959.66667
2017Q2,ambulatory_health,Ambulatory health care services,7238569.66667
2017Q2,hospitals_nursing,"Hospitals, nursing and residential care facilities",8331936.66667
2017Q2,social_assistance,Social assistance,3726027.66667
2017Q2,performing_arts_museums,"Performing arts, spectator sports, museums, and related activities",673864.333333
2017Q2,amusement_recreation,"Amusements, gambling, and recreation industries",1725243.33333
2017Q2,accommodation,Accommodation,2008594
2017Q2,food_services,Food services and drinking places,11769655.3333
2017Q2,other_services,"Other services, except government",4468385.33333
2017Q3,oil_gas_extraction,Oil and gas extraction,144079
2017Q3,mining_except_oil_gas,"Mining, except oil and gas",189169.333333
2017Q3,support_mining,Support activities for mining,305529.666667
2017Q3,utilities,Utilities,553157.666667
2017Q3,construction,Construction,7144716.33333
2017Q3,wood_products,Wood products,399069
2017Q3,nonmetallic_mineral,Nonmetallic mineral products,416492
2017Q3,primary_metals,Primary metals,370166
2017Q3,fabricated_metal,Fabricated metal products,1423307.33333
2017Q3,machinery,Machinery,1078279.33333
2017Q3,computer_electronic,Computer and electronic products,1046345.66667
2017Q3,electrical_equipment,"Electrical equipment, appliances, and components",387524.333333
2017Q3,motor_vehicles,"Motor vehicles, bodies and trailers, and parts",965001.333333
2017Q3,other_transport_equipment,Other transportation equipment,675419.333333
2017Q3,furniture,Furniture and related products,394053.333333
2017Q3,misc_manufacturing,Miscellaneous manufacturing,593712.333333
2017Q3,food_beverage_tobacco,Food and beverage and tobacco products,1894255
2017Q3,textiles,Textile mills and textile product mills,227461.333333
2017Q3,apparel_leather,Apparel and leather and allied products,146632
2017Q3,paper,Paper products,367685
2017Q3,printing,Printing and related support activities,438101.333333
2017Q3,petroleum_coal,Petroleum and coal products,114606.666667
2017Q3,chemicals,Chemical products,823843.666667
2017Q3,plastics_rubber,Plastics and rubber products,715663.666667
2017Q3,wholesale,Wholesale trade,5928213.66667
2017Q3,retail,Retail trade,15786410.3333
2017Q3,air_transport,Air transportation,498632
2017Q3,rail_transport,Rail transportation,501.666666667
2017Q3,water_transport,Water transportation,66116.3333333
2017Q3,truck_transport,Truck transportation,1470720.33333
2017Q3,transit_ground,Transit and ground passenger transportation,436801
2017Q3,pipeline,Pipeline transportation,49505.3333333
2017Q3,other_transport_support,Other transportation and support activities,726997
2017Q3,warehousing,Warehousing and storage,1020915.33333
2017Q3,information,Information,2801844.66667
2017Q3,credit_intermediation,"Federal Reserve banks, credit intermediation, and related activities",2666469.66667
2017Q3,securities,"Securities, commodity contracts, and investments",932239.666667
2017Q3,insurance,Insurance carriers and related activities,2320724.33333
2017Q3,funds_trusts,"Funds, trusts, and other financial vehicles",12631
2017Q3,real_estate,Real estate,1623779
2017Q3,rental_leasing,Rental and leasing services and lessors of intangible assets,594661.666667
2017Q3,legal,Legal services,1136083.66667
2017Q3,computer_systems,Computer systems design and related services,2059517.66667
2017Q3,misc_professional,"Miscellaneous professional, scientific, and technical services",5811249
2017Q3,management_companies,Management of companies and enterprises,2288665.33333
2017Q3,admin_support,Administrative and support services,8766790.66667
2017Q3,waste_remediation,Waste management and remediation services,421525.666667
2017Q3,education,Educational services,2696508.33333
2017Q3,ambulatory_health,Ambulatory health care services,7279594
2017Q3,hospitals_nursing,"Hospitals, nursing and residential care facilities",8365618
2017Q3,social_assistance,Social assistance,3711915
2017Q3,performing_arts_museums,"Performing arts, spectator sports, museums, and related activities",682724.666667
2017Q3,amusement_recreation,"Amusements, gambling, and recreation industries",1829040.66667
2017Q3,accommodation,Accommodation,2085521.33333
2017Q3,food_services,Food services and drinking places,11787372
2017Q3,other_services,"Other services, except government",4468591.33333
2017Q4,oil_gas_extraction,Oil and gas extraction,143963
2017Q4,mining_except_oil_gas,"Mining, except oil and gas",186502
2017Q4,support_mining,Support activities for mining,314351.333333
2017Q4,utilities,Utilities,550451
2017Q4,construction,Construction,7069231.33333
2017Q4,wood_products,Wood products,399850.666667
2017Q4,nonmetallic_mineral,Nonmetallic mineral products,410874
2017Q4,primary_metals,Primary metals,372890.333333
2017Q4,fabricated_metal,Fabricated metal products,1428909.33333
2017Q4,machinery,Machinery,1083595.33333
2017Q4,computer_electronic,Computer and electronic products,1043356
2017Q4,electrical_equipment,"Electrical equipment, appliances, and components",389091.333333
2017Q4,motor_vehicles,"Motor vehicles, bodies and trailers, and parts",979802.666667
2017Q4,other_transport_equipment,Other transportation equipment,675222.666667
2017Q4,furniture,Furniture and related products,392579.333333
2017Q4,misc_manufacturing,Miscellaneous manufacturing,597157.666667
2017Q4,food_beverage_tobacco,Food and beverage and tobacco products,1871831.33333
2017Q4,textiles,Textile mills and textile product mills,228272
2017Q4,apparel_leather,Apparel and leather and allied products,145404.666667
2017Q4,paper,Paper products,365773.333333
2017Q4,printing,Printing and related support activities,436759
2017Q4,petroleum_coal,Petroleum and coal products,113198.333333
2017Q4,chemicals,Chemical products,823409
2017Q4,plastics_rubber,Plastics and rubber products,718805.666667
2017Q4,wholesale,Wholesale trade,5943013
2017Q4,retail,Retail trade,16229478.6667
2017Q4,air_transport,Air transportation,500722
2017Q4,rail_transport,Rail transportation,503.333333333
2017Q4,water_transport,Water transportation,63952.3333333
2017Q4,truck_transport,Truck transportation,1470949.66667
2017Q4,transit_ground,Transit and ground passenger transportation,494614.666667
2017Q4,pipeline,Pipeline transportation,49462.6666667
2017Q4,other_transport_support,Other transportation and support activities,728597.666667
2017Q4,warehousing,Warehousing and storage,1099592.66667
2017Q4,information,Information,2796747.66667
2017Q4,credit_intermediation,"Federal Reserve banks, credit intermediation, and related activities",2663262.33333
2017Q4,securities,"Securities, commodity contracts, and investments",933682.333333
2017Q4,insurance,Insurance carriers and related activities,2332484
2017Q4,funds_trusts,"Funds, trusts, and other financial vehicles",13510
2017Q4,real_estate,Real estate,1624541
2017Q4,rental_leasing,Rental and leasing services and lessors of intangible assets,577144.666667
2017Q4,legal,Legal services,1141369.66667
2017Q4,computer_systems,Computer systems design and related services,2076687
2017Q4,misc_professional,"Miscellaneous professional, scientific, and technical services",5885174.66667
2017Q4,management_companies,Management of companies and enterprises,2282445.33333
2017Q4,admin_support,Administrative and support services,8872838.33333
2017Q4,waste_remediation,Waste management and remediation services,421726
2017Q4,education,Educational services,2924608.33333
2017Q4,ambulatory_health,Ambulatory health care services,7360030.33333
2017Q4,hospitals_nursing,"Hospitals, nursing and residential care facilities",8384201
2017Q4,social_assistance,Social assistance,3769113
2017Q4,performing_arts_museums,"Performing arts, spectator sports, museums, and related activities",646766
2017Q4,amusement_recreation,"Amusements, gambling, and recreation industries",1559798
2017Q4,accommodation,Accommodation,1951333.33333
2017Q4,food_services,Food services and drinking places,11641441.6667
2017Q4,other_services,"Other services, except government",4450394.33333
2018Q1,oil_gas_extraction,Oil and gas extraction,141488
2018Q1,mining_except_oil_gas,"Mining, except oil and gas",182371.333333
2018Q1,support_mining,Support activities for mining,323135.666667
2018Q1,utilities,Utilities,552128.666667
2018Q1,construction,Construction,6799129.33333
2018Q1,wood_products,Wood products,399915.666667
2018Q1,nonmetallic_mineral,Nonmetallic mineral products,403739.666667
2018Q1,primary_metals,Primary metals,374576
2018Q1,fabricated_metal,Fabricated metal products,1442575.66667
2018Q1,machinery,Machinery,1095071.66667
2018Q1,computer_electronic,Computer and electronic products,1044878.66667
2018Q1,electrical_equipment,"Electrical equipment, appliances, and components",391099.666667
2018Q1,motor_vehicles,"Motor vehicles, bodies and trailers, and parts",992692.333333
2018Q1,other_transport_equipment,Other transportation equipment,686721
2018Q1,furniture,Furniture and related products,392519.333333
2018Q1,misc_manufacturing,Miscellaneous manufacturing,600276
2018Q1,food_beverage_tobacco,Food and beverage and tobacco products,1846986.33333
2018Q1,textiles,Textile mills and textile product mills,226724
2018Q1,apparel_leather,Apparel and leather and allied products,141993.333333
2018Q1,paper,Paper products,363327.666667
2018Q1,printing,Printing and related support activities,431580
2018Q1,petroleum_coal,Petroleum and coal products,110118.333333
2018Q1,chemicals,Chemical products,823058.333333
2018Q1,plastics_rubber,Plastics and rubber products,723486
2018Q1,wholesale,Wholesale trade,5784681.33333
2018Q1,retail,Retail trade,15629700.3333
2018Q1,air_transport,Air transportation,493730.666667
2018Q1,rail_transport,Rail transportation,499
2018Q1,water_transport,Water transportation,61036.3333333
2018Q1,truck_transport,Truck transportation,1449932.33333
2018Q1,transit_ground,Transit and ground passenger transportation,492210.333333
2018Q1,pipeline,Pipeline transportation,49171.3333333
2018Q1,other_transport_support,Other transportation and support activities,725612.333333
2018Q1,warehousing,Warehousing and storage,1112272.33333
2018Q1,information,Information,2808754
2018Q1,credit_intermediation,"Federal Reserve banks, credit intermediation, and related activities",2654576.33333
2018Q1,securities,"Securities, commodity contracts, and investments",929002
2018Q1,insurance,Insurance carriers and related activities,2326184
2018Q1,funds_trusts,"Funds, trusts, and other financial vehicles",14176.3333333
2018Q1,real_estate,Real estate,1607062
2018Q1,rental_leasing,Rental and leasing services and lessors of intangible assets,565293.666667
2018Q1,legal,Legal services,1128752
2018Q1,computer_systems,Computer systems design and related services,2083896.66667
2018Q1,misc_professional,"Miscellaneous professional, scientific, and technical services",5971301.33333
2018Q1,management_companies,Management of companies and enterprises,2329866.66667
2018Q1,admin_support,Administrative and support services,8466595
2018Q1,waste_remediation,Waste management and remediation services,421695.666667
2018Q1,education,Educational services,2908932.33333
2018Q1,ambulatory_health,Ambulatory health care services,7376311.66667
2018Q1,hospitals_nursing,"Hospitals, nursing and residential care facilities",8359278
2018Q1,social_assistance,Social assistance,3805579
2018Q1,performing_arts_museums,"Performing arts, spectator sports, museums, and related activities",608326
2018Q1,amusement_recreation,"Amusements, gambling, and recreation industries",1522481
2018Q1,accommodation,Accommodation,1923929.33333
2018Q1,food_services,Food services and drinking places,11507999.3333
2018Q1,other_services,"Other services, except government",4410935.66667
2018Q2,oil_gas_extraction,Oil and gas extraction,142151.666667
2018Q2,mining_except_oil_gas,"Mining, except oil and gas",191278.666667
2018Q2,support_mining,Support activities for mining,336527.666667
2018Q2,utilities,Utilities,552886.666667
2018Q2,construction,Construction,7254940
2018Q2,wood_products,Wood products,405306.333333
2018Q2,nonmetallic_mineral,Nonmetallic mineral products,418085.666667
2018Q2,primary_metals,Primary metals,377342
2018Q2,fabricated_metal,Fabricated metal products,1459962.66667
2018Q2,machinery,Machinery,1109153
2018Q2,computer_electronic,Computer and electronic products,1054701
2018Q2,electrical_equipment,"Electrical equipment, appliances, and components",395830.333333
2018Q2,motor_vehicles,"Motor vehicles, bodies and trailers, and parts",1000508
2018Q2,other_transport_equipment,Other transportation equipment,693598.666667
2018Q2,furniture,Furniture and related products,394091.666667
2018Q2,misc_manufacturing,Miscellaneous manufacturing,606157.333333
2018Q2,food_beverage_tobacco,Food and beverage and tobacco products,1870379
2018Q2,textiles,Textile mills and textile product mills,227594
2018Q2,apparel_leather,Apparel and leather and allied products,141598.333333
2018Q2,paper,Paper products,364295.666667
2018Q2,printing,Printing and related support activities,430543.333333
2018Q2,petroleum_coal,Petroleum and coal products,113050
2018Q2,chemicals,Chemical products,828386.666667
2018Q2,plastics_rubber,Plastics and rubber products,729534
2018Q2,wholesale,Wholesale trade,5851300
2018Q2,retail,Retail trade,15711831.3333
2018Q2,air_transport,Air transportation,502328
2018Q2,rail_transport,Rail transportation,499.666666667
2018Q2,water_transport,Water transportation,65146.6666667
2018Q2,truck_transport,Truck transportation,1490286.33333
2018Q2,transit_ground,Transit and ground passenger transportation,486386.666667
2018Q2,pipeline,Pipeline transportation,49359
2018Q2,other_transport_support,Other transportation and support activities,740422.666667
2018Q2,warehousing,Warehousing and storage,1109106
2018Q2,information,Information,2805398.33333
2018Q2,credit_intermediation,"Federal Reserve banks, credit intermediation, and related activities",2657812.66667
2018Q2,securities,"Securities, commodity contracts, and investments",937950
2018Q2,insurance,Insurance carriers and related activities,2333828.66667
2018Q2,funds_trusts,"Funds, trusts, and other financial vehicles",14474.3333333
2018Q2,real_estate,Real estate,1642274.33333
2018Q2,rental_leasing,Rental and leasing services and lessors of intangible assets,590462.333333
2018Q2,legal,Legal services,1141173.66667
2018Q2,computer_systems,Computer systems design and related services,2109083
2018Q2,misc_professional,"Miscellaneous professional, scientific, and technical services",5984850
2018Q2,management_companies,Management of companies and enterprises,2344748.66667
2018Q2,admin_support,Administrative and support services,8803152
2018Q2,waste_remediation,Waste management and remediation services,431166.333333
2018Q2,education,Educational services,2903291
2018Q2,ambulatory_health,Ambulatory health care services,7450649
2018Q2,hospitals_nursing,"Hospitals, nursing and residential care facilities",8390975
2018Q2,social_assistance,Social assistance,3861655.66667
2018Q2,performing_arts_museums,"Performing arts, spectator sports, museums, and related activities",692256.666667
2018Q2,amusement_recreation,"Amusements, gambling, and recreation industries",1768360
2018Q2,accommodation,Accommodation,2035861.33333
2018Q2,food_services,Food services and drinking places,11955852
2018Q2,other_services,"Other services, except government",4529854
2018Q3,oil_gas_extraction,Oil and gas extraction,143018
2018Q3,mining_except_oil_gas,"Mining, except oil and gas",195461
2018Q3,support_mining,Support activities for mining,348255
2018Q3,utilities,Utilities,552921.333333
2018Q3,construction,Construction,7468836.33333
2018Q3,wood_products,Wood products,409320
2018Q3,nonmetallic_mineral,Nonmetallic mineral products,421946.333333
2018Q3,primary_metals,Primary metals,381280.666667
2018Q3,fabricated_metal,Fabricated metal products,1472881.33333
2018Q3,machinery,Machinery,1117397
2018Q3,computer_electronic,Computer and electronic products,1066039.33333
2018Q3,electrical_equipment,"Electrical equipment, appliances, and components",399841.333333
2018Q3,motor_vehicles,"Motor vehicles, bodies and trailers, and parts",998863.666667
2018Q3,other_transport_equipment,Other transportation equipment,702916
2018Q3,furniture,Furniture and related products,393610.333333
2018Q3,misc_manufacturing,Miscellaneous manufacturing,609555.666667
2018Q3,food_beverage_tobacco,Food and beverage and tobacco products,1920211.33333
2018Q3,textiles,Textile mills and textile product mills,226858.333333
2018Q3,apparel_leather,Apparel and leather and allied products,140600.666667
2018Q3,paper,Paper products,364456.666667
2018Q3,printing,Printing and related support activities,428339.666667
2018Q3,petroleum_coal,Petroleum and coal products,114331.333333
2018Q3,chemicals,Chemical products,834585.333333
2018Q3,plastics_rubber,Plastics and rubber products,732143
2018Q3,wholesale,Wholesale trade,5881403
2018Q3,retail,Retail trade,15735780.6667
2018Q3,air_transport,Air transportation,506951.333333
2018Q3,rail_transport,Rail transportation,503
2018Q3,water_transport,Water transportation,67185
2018Q3,truck_transport,Truck transportation,1517821.66667
2018Q3,transit_ground,Transit and ground passenger transportation,441716.333333
2018Q3,pipeline,Pipeline transportation,49875
2018Q3,other_transport_support,Other transportation and support activities,752006.333333
2018Q3,warehousing,Warehousing and storage,1129747.66667
2018Q3,information,Information,2820273.33333
2018Q3,credit_intermediation,"Federal Reserve banks, credit intermediation, and related activities",2655879.66667
2018Q3,securities,"Securities, commodity contracts, and investments",951844.333333
2018Q3,insurance,Insurance carriers and related activities,2348395.33333
2018Q3,funds_trusts,"Funds, trusts, and other financial vehicles",14681.6666667
2018Q3,real_estate,Real estate,1667202
2018Q3,rental_leasing,Rental and leasing services and lessors of intangible assets,604336
2018Q3,legal,Legal services,1144132
2018Q3,computer_systems,Computer systems design and related services,2137133.33333
2018Q3,misc_professional,"Miscellaneous professional, scientific, and technical services",6024357.66667
2018Q3,management_companies,Management of companies and enterprises,2358269.66667
2018Q3,admin_support,Administrative and support services,8929866
2018Q3,waste_remediation,Waste management and remediation services,440263.666667
2018Q3,education,Educational services,2760814
2018Q3,ambulatory_health,Ambulatory health care services,7496863
2018Q3,hospitals_nursing,"Hospitals, nursing and residential care facilities",8426837.33333
2018Q3,social_assistance,Social assistance,3849668.66667
2018Q3,performing_arts_museums,"Performing arts, spectator sports, museums, and related activities",702827
2018Q3,amusement_recreation,"Amusements, gambling, and recreation industries",1875406.33333
2018Q3,accommodation,Accommodation,2119175.66667
2018Q3,food_services,Food services and drinking places,11992799
2018Q3,other_services,"Other services, except government",4537557.33333
2018Q4,oil_gas_extraction,Oil and gas extraction,142795.333333
2018Q4,mining_except_oil_gas,"Mining, except oil and gas",192659
2018Q4,support_mining,Support activities for mining,355030.666667
2018Q4,utilities,Utilities,549743
2018Q4,construction,Construction,7380574.33333
2018Q4,wood_products,Wood products,407526.333333
2018Q4,nonmetallic_mineral,Nonmetallic mineral products,418153.666667
2018Q4,primary_metals,Primary metals,385360.333333
2018Q4,fabricated_metal,Fabricated metal products,1478176.33333
2018Q4,machinery,Machinery,1121929
2018Q4,computer_electronic,Computer and electronic products,1063915.33333
2018Q4,electrical_equipment,"Electrical equipment, appliances, and components",402373.666667
2018Q4,motor_vehicles,"Motor vehicles, bodies and trailers, and parts",1008327.66667
2018Q4,other_transport_equipment,Other transportation equipment,710862.333333
2018Q4,furniture,Furniture and related products,389892.666667
2018Q4,misc_manufacturing,Miscellaneous manufacturing,613313
2018Q4,food_beverage_tobacco,Food and beverage and tobacco products,1902072.66667
2018Q4,textiles,Textile mills and textile product mills,227023.666667
2018Q4,apparel_leather,Apparel and leather and allied products,139536.333333
2018Q4,paper,Paper products,364671
2018Q4,printing,Printing and related support activities,429911.666667
2018Q4,petroleum_coal,Petroleum and coal products,112923.333333
2018Q4,chemicals,Chemical products,835856
2018Q4,plastics_rubber,Plastics and rubber products,733141.333333
2018Q4,wholesale,Wholesale trade,5904522
2018Q4,retail,Retail trade,16087095
2018Q4,air_transport,Air transportation,508250.333333
2018Q4,rail_transport,Rail transportation,508
2018Q4,water_transport,Water transportation,64484
2018Q4,truck_transport,Truck transportation,1519950.66667
2018Q4,transit_ground,Transit and ground passenger transportation,499581
2018Q4,pipeline,Pipeline transportation,50158.6666667
2018Q4,other_transport_support,Other transportation and support activities,757016
2018Q4,warehousing,Warehousing and storage,1220786
2018Q4,information,Information,2827027.66667
2018Q4,credit_intermediation,"Federal Reserve banks, credit intermediation, and related activities",2643638
2018Q4,securities,"Securities, commodity contracts, and investments",951637
2018Q4,insurance,Insurance carriers and related activities,2364685
2018Q4,funds_trusts,"Funds, trusts, and other financial vehicles",15425.3333333
2018Q4,real_estate,Real estate,1669609.66667
2018Q4,rental_leasing,Rental and leasing services and lessors of intangible assets,588803
2018Q4,legal,Legal services,1151411.66667
2018Q4,computer_systems,Computer systems design and related services,2161370.66667
2018Q4,misc_professional,"Miscellaneous professional, scientific, and technical services",6116612
2018Q4,management_companies,Management of companies and enterprises,2355992.66667
2018Q4,admin_support,Administrative and support services,9013670.33333
2018Q4,waste_remediation,Waste management and remediation services,438784.333333
2018Q4,education,Educational services,2992550.66667
2018Q4,ambulatory_health,Ambulatory health care services,7587543
2018Q4,hospitals_nursing,"Hospitals, nursing and residential care facilities",8449008.33333
2018Q4,social_assistance,Social assistance,3911335
2018Q4,performing_arts_museums,"Performing arts, spectator sports, museums, and related activities",670978.333333
2018Q4,amusement_recreation,"Amusements, gambling, and recreation industries",1610015.66667
2018Q4,accommodation,Accommodation,1996125.33333
2018Q4,food_services,Food services and drinking places,11805033.3333
2018Q4,other_services,"Other services, except government",4529303.33333
2019Q1,oil_gas_extraction,Oil and gas extraction,142829
2019Q1,mining_except_oil_gas,"Mining, except oil and gas",187021.666667
2019Q1,support_mining,Support activities for mining,352205
2019Q1,utilities,Utilities,547999.333333
2019Q1,construction,Construction,7068510
2019Q1,wood_products,Wood products,403295
2019Q1,nonmetallic_mineral,Nonmetallic mineral products,409201.333333
2019Q1,primary_metals,Primary metals,389044.333333
2019Q1,fabricated_metal,Fabricated metal products,1485568.66667
2019Q1,machinery,Machinery,1128546
2019Q1,computer_electronic,Computer and electronic products,1066475.66667
2019Q1,electrical_equipment,"Electrical equipment, appliances, and components",402651.333333
2019Q1,motor_vehicles,"Motor vehicles, bodies and trailers, and parts",1011432.33333
2019Q1,other_transport_equipment,Other transportation equipment,724272.666667
2019Q1,furniture,Furniture and related products,387741.333333
2019Q1,misc_manufacturing,Miscellaneous manufacturing,610674
2019Q1,food_beverage_tobacco,Food and beverage and tobacco products,1881073
2019Q1,textiles,Textile mills and textile product mills,223274.333333
2019Q1,apparel_leather,Apparel and leather and allied products,137788.333333
2019Q1,paper,Paper products,365119
2019Q1,printing,Printing and related support activities,424944
2019Q1,petroleum_coal,Petroleum and coal products,110889.333333
2019Q1,chemicals,Chemical products,844032.666667
2019Q1,plastics_rubber,Plastics and rubber products,732270.666667
2019Q1,wholesale,Wholesale trade,5837943
2019Q1,retail,Retail trade,15475861.3333
2019Q1,air_transport,Air transportation,497458.333333
2019Q1,rail_transport,Rail transportation,436.666666667
2019Q1,water_transport,Water transportation,62642.3333333
2019Q1,truck_transport,Truck transportation,1498599.66667
2019Q1,transit_ground,Transit and ground passenger transportation,499889.666667
2019Q1,pipeline,Pipeline transportation,50462.6666667
2019Q1,other_transport_support,Other transportation and support activities,762792.666667
2019Q1,warehousing,Warehousing and storage,1184077
2019Q1,information,Information,2830428.66667
2019Q1,credit_intermediation,"Federal Reserve banks, credit intermediation, and related activities",2654804.66667
2019Q1,securities,"Securities, commodity contracts, and investments",937700.666667
2019Q1,insurance,Insurance carriers and related activities,2369717
2019Q1,funds_trusts,"Funds, trusts, and other financial vehicles",16159
2019Q1,real_estate,Real estate,1648418.66667
2019Q1,rental_leasing,Rental and leasing services and lessors of intangible assets,580515.333333
2019Q1,legal,Legal services,1137285
2019Q1,computer_systems,Computer systems design and related services,2156977.66667
2019Q1,misc_professional,"Miscellaneous professional, scientific, and technical services",6144882
2019Q1,management_companies,Management of companies and enterprises,2393398.33333
2019Q1,admin_support,Administrative and support services,8529292.66667
2019Q1,waste_remediation,Waste management and remediation services,437174.666667
2019Q1,education,Educational services,2961257
2019Q1,ambulatory_health,Ambulatory health care services,7584468.33333
2019Q1,hospitals_nursing,"Hospitals, nursing and residential care facilities",8444831.33333
2019Q1,social_assistance,Social assistance,3958480
2019Q1,performing_arts_museums,"Performing arts, spectator sports, museums, and related activities",626765.666667
2019Q1,amusement_recreation,"Amusements, gambling, and recreation industries",1574398.66667
2019Q1,accommodation,Accommodation,1973276.66667
2019Q1,food_services,Food services and drinking places,11677178.3333
2019Q1,other_services,"Other services, except government",4467827.33333
2019Q2,oil_gas_extraction,Oil and gas extraction,143117.333333
2019Q2,mining_except_oil_gas,"Mining, except oil and gas",193560.666667
2019Q2,support_mining,Support activities for mining,349304
2019Q2,utilities,Utilities,548820
2019Q2,construction,Construction,7493792.33333
2019Q2,wood_products,Wood products,405858.333333
2019Q2,nonmetallic_mineral,Nonmetallic mineral products,419771
2019Q2,primary_metals,Primary metals,388561
2019Q2,fabricated_metal,Fabricated metal products,1488440.33333
2019Q2,machinery,Machinery,1129878.33333
2019Q2,computer_electronic,Computer and electronic products,1072893.33333
2019Q2,electrical_equipment,"Electrical equipment, appliances, and components",401163
2019Q2,motor_vehicles,"Motor vehicles, bodies and trailers, and parts",1004934
2019Q2,other_transport_equipment,Other transportation equipment,731728.333333
2019Q2,furniture,Furniture and related products,385780.333333
2019Q2,misc_manufacturing,Miscellaneous manufacturing,615682
2019Q2,food_beverage_tobacco,Food and beverage and tobacco products,1907467.66667
2019Q2,textiles,Textile mills and textile product mills,222662.333333
2019Q2,apparel_leather,Apparel and leather and allied products,136965
2019Q2,paper,Paper products,365192.333333
2019Q2,printing,Printing and related support activities,424262.333333
2019Q2,petroleum_coal,Petroleum and coal products,113908
2019Q2,chemicals,Chemical products,848833.666667
2019Q2,plastics_rubber,Plastics and rubber products,733594.666667
2019Q2,wholesale,Wholesale trade,5890161
2019Q2,retail,Retail trade,15495714
2019Q2,air_transport,Air transportation,504295.666667
2019Q2,rail_transport,Rail transportation,396.333333333
2019Q2,water_transport,Water transportation,66273
2019Q2,truck_transport,Truck transportation,1529288.33333
2019Q2,transit_ground,Transit and ground passenger transportation,496169.666667
2019Q2,pipeline,Pipeline transportation,50697.6666667
2019Q2,other_transport_support,Other transportation and support activities,776550
2019Q2,warehousing,Warehousing and storage,1185312.66667
2019Q2,information,Information,2838808.66667
2019Q2,credit_intermediation,"Federal Reserve banks, credit intermediation, and related activities",2657981.33333
2019Q2,securities,"Securities, commodity contracts, and investments",946378.333333
2019Q2,insurance,Insurance carriers and related activities,2386655
2019Q2,funds_trusts,"Funds, trusts, and other financial vehicles",16358.6666667
2019Q2,real_estate,Real estate,1683529
2019Q2,rental_leasing,Rental and leasing services and lessors of intangible assets,607130.333333
2019Q2,legal,Legal services,1149440
2019Q2,computer_systems,Computer systems design and related services,2176859.33333
2019Q2,misc_professional,"Miscellaneous professional, scientific, and technical services",6166271
2019Q2,management_companies,Management of companies and enterprises,2404164.33333
2019Q2,admin_support,Administrative and support services,8860685.33333
2019Q2,waste_remediation,Waste management and remediation services,448520
2019Q2,education,Educational services,2948347.33333
2019Q2,ambulatory_health,Ambulatory health care services,7653575.66667
2019Q2,hospitals_nursing,"Hospitals, nursing and residential care facilities",8464747
2019Q2,social_assistance,Social assistance,4011933.66667
2019Q2,performing_arts_museums,"Performing arts, spectator sports, museums, and related activities",710754.666667
2019Q2,amusement_recreation,"Amusements, gambling, and recreation industries",1815104.66667
2019Q2,accommodation,Accommodation,2079951.66667
2019Q2,food_services,Food services and drinking places,12114178.3333
2019Q2,other_services,"Other services, except government",4581648.33333
2019Q3,oil_gas_extraction,Oil and gas extraction,142020.333333
2019Q3,mining_except_oil_gas,"Mining, except oil and gas",194820.333333
2019Q3,support_mining,Support activities for mining,341833.333333
2019Q3,utilities,Utilities,550149
2019Q3,construction,Construction,7685499.66667
2019Q3,wood_products,Wood products,407630
2019Q3,nonmetallic_mineral,Nonmetallic mineral products,421093.666667
2019Q3,primary_metals,Primary metals,386435
2019Q3,fabricated_metal,Fabricated metal products,1480507.33333
2019Q3,machinery,Machinery,1124148.66667
2019Q3,computer_electronic,Computer and electronic products,1080262.33333
2019Q3,electrical_equipment,"Electrical equipment, appliances, and components",400444
2019Q3,motor_vehicles,"Motor vehicles, bodies and trailers, and parts",995308.333333
2019Q3,other_transport_equipment,Other transportation equipment,738836.333333
2019Q3,furniture,Furniture and related products,383920.666667
2019Q3,misc_manufacturing,Miscellaneous manufacturing,617098
2019Q3,food_beverage_tobacco,Food and beverage and tobacco products,1956119
2019Q3,textiles,Textile mills and textile product mills,218951
2019Q3,apparel_leather,Apparel and leather and allied products,134913
2019Q3,paper,Paper products,364855.333333
2019Q3,printing,Printing and related support activities,422254
2019Q3,petroleum_coal,Petroleum and coal products,114683.333333
2019Q3,chemicals,Chemical products,853525.333333
2019Q3,plastics_rubber,Plastics and rubber products,730301.666667
2019Q3,wholesale,Wholesale trade,5902777.33333
2019Q3,retail,Retail trade,15502909.3333
2019Q3,air_transport,Air transportation,508887
2019Q3,rail_transport,Rail transportation,391.666666667
2019Q3,water_transport,Water transportation,69057.6666667
2019Q3,truck_transport,Truck transportation,1548719.66667
2019Q3,transit_ground,Transit and ground passenger transportation,450060.333333
2019Q3,pipeline,Pipeline transportation,50990.3333333
2019Q3,other_transport_support,Other transportation and support activities,786652.666667
2019Q3,warehousing,Warehousing and storage,1245902
2019Q3,information,Information,2858138
2019Q3,credit_intermediation,"Federal Reserve banks, credit intermediation, and related activities",2672266.66667
2019Q3,securities,"Securities, commodity contracts, and investments",959723.333333
2019Q3,insurance,Insurance carriers and related activities,2405721
2019Q3,funds_trusts,"Funds, trusts, and other financial vehicles",16585.3333333
2019Q3,real_estate,Real estate,1710271.66667
2019Q3,rental_leasing,Rental and leasing services and lessors of intangible assets,617891.333333
2019Q3,legal,Legal services,1156591.66667
2019Q3,computer_systems,Computer systems design and related services,2205369
2019Q3,misc_professional,"Miscellaneous professional, scientific, and technical services",6205855.66667
2019Q3,management_companies,Management of companies and enterprises,2417172
2019Q3,admin_support,Administrative and support services,8952225.33333
2019Q3,waste_remediation,Waste management and remediation services,454396.333333
2019Q3,education,Educational services,2800407.33333
2019Q3,ambulatory_health,Ambulatory health care services,7706110.33333
2019Q3,hospitals_nursing,"Hospitals, nursing and residential care facilities",8507684.33333
2019Q3,social_assistance,Social assistance,4011089.33333
2019Q3,performing_arts_museums,"Performing arts, spectator sports, museums, and related activities",716971.333333
2019Q3,amusement_recreation,"Amusements, gambling, and recreation industries",1915887.66667
2019Q3,accommodation,Accommodation,2156714.66667
2019Q3,food_services,Food services and drinking places,12133133.6667
2019Q3,other_services,"Other services, except government",4588730.33333
2019Q4,oil_gas_extraction,Oil and gas extraction,138648.333333
2019Q4,mining_except_oil_gas,"Mining, except oil and gas",189419.333333
2019Q4,support_mining,Support activities for mining,325597
2019Q4,utilities,Utilities,547878.333333
2019Q4,construction,Construction,7558101
2019Q4,wood_products,Wood products,406619.333333
2019Q4,nonmetallic_mineral,Nonmetallic mineral products,416297
2019Q4,primary_metals,Primary metals,381411.666667
2019Q4,fabricated_metal,Fabricated metal products,1467484.66667
2019Q4,machinery,Machinery,1111965.66667
2019Q4,computer_electronic,Computer and electronic products,1073711.66667
2019Q4,electrical_equipment,"Electrical equipment, appliances, and components",398149
2019Q4,motor_vehicles,"Motor vehicles, bodies and trailers, and parts",978902.666667
2019Q4,other_transport_equipment,Other transportation equipment,739290.666667
2019Q4,furniture,Furniture and related products,381858.333333
2019Q4,misc_manufacturing,Miscellaneous manufacturing,618437.333333
2019Q4,food_beverage_tobacco,Food and beverage and tobacco products,1938763.66667
2019Q4,textiles,Textile mills and textile product mills,217231.666667
2019Q4,apparel_leather,Apparel and leather and allied products,133892.666667
2019Q4,paper,Paper products,363017.666667
2019Q4,printing,Printing and related support activities,421783.333333
2019Q4,petroleum_coal,Petroleum and coal products,112823
2019Q4,chemicals,Chemical products,849736.666667
2019Q4,plastics_rubber,Plastics and rubber products,726094
2019Q4,wholesale,Wholesale trade,5904909
2019Q4,retail,Retail trade,15937037.3333
2019Q4,air_transport,Air transportation,510717.333333
2019Q4,rail_transport,Rail transportation,414.666666667
2019Q4,water_transport,Water transportation,66207.6666667
2019Q4,truck_transport,Truck transportation,1536055.66667
2019Q4,transit_ground,Transit and ground passenger transportation,507274
2019Q4,pipeline,Pipeline transportation,50652.3333333
2019Q4,other_transport_support,Other transportation and support activities,786637.333333
2019Q4,warehousing,Warehousing and storage,1381286.66667
2019Q4,information,Information,2869366.33333
2019Q4,credit_intermediation,"Federal Reserve banks, credit intermediation, and related activities",2678543.66667
2019Q4,securities,"Securities, commodity contracts, and investments",955060
2019Q4,insurance,Insurance carriers and related activities,2419060.66667
2019Q4,funds_trusts,"Funds, trusts, and other financial vehicles",17226
2019Q4,real_estate,Real estate,1718088.33333
2019Q4,rental_leasing,Rental and leasing services and lessors of intangible assets,603591.333333
2019Q4,legal,Legal services,1166251
2019Q4,computer_systems,Computer systems design and related services,2223917
2019Q4,misc_professional,"Miscellaneous professional, scientific, and technical services",6279547.33333
2019Q4,management_companies,Management of companies and enterprises,2413997.66667
2019Q4,admin_support,Administrative and support services,9004252
2019Q4,waste_remediation,Waste management and remediation services,451401.666667
2019Q4,education,Educational services,3038925.33333
2019Q4,ambulatory_health,Ambulatory health care services,7797111
2019Q4,hospitals_nursing,"Hospitals, nursing and residential care facilities",8529445.66667
2019Q4,social_assistance,Social assistance,4066748.33333
2019Q4,performing_arts_museums,"Performing arts, spectator sports, museums, and related activities",689499
2019Q4,amusement_recreation,"Amusements, gambling, and recreation industries",1656454
2019Q4,accommodation,Accommodation,2024244.66667
2019Q4,food_services,Food services and drinking places,11964498
2019Q4,other_services,"Other services, except government",4574436.33333
2020Q1,oil_gas_extraction,Oil and gas extraction,134747.333333
2020Q1,mining_except_oil_gas,"Mining, except oil and gas",180836.666667
2020Q1,support_mining,Support activities for mining,308623.666667
2020Q1,utilities,Utilities,544797.333333
2020Q1,construction,Construction,7233113
2020Q1,wood_products,Wood products,404838.666667
2020Q1,nonmetallic_mineral,Nonmetallic mineral products,407325.666667
2020Q1,primary_metals,Primary metals,380605.666667
2020Q1,fabricated_metal,Fabricated metal products,1452220.66667
2020Q1,machinery,Machinery,1105954.66667
2020Q1,computer_electronic,Computer and electronic products,1077315.66667
2020Q1,electrical_equipment,"Electrical equipment, appliances, and components",394472.333333
2020Q1,motor_vehicles,"Motor vehicles, bodies and trailers, and parts",985075
2020Q1,other_transport_equipment,Other transportation equipment,741775.333333
2020Q1,furniture,Furniture and related products,382379
2020Q1,misc_manufacturing,Miscellaneous manufacturing,616045.666667
2020Q1,food_beverage_tobacco,Food and beverage and tobacco products,1916706
2020Q1,textiles,Textile mills and textile product mills,212868.333333
2020Q1,apparel_leather,Apparel and leather and allied products,130987.666667
2020Q1,paper,Paper products,362238
2020Q1,printing,Printing and related support activities,414376.666667
2020Q1,petroleum_coal,Petroleum and coal products,108602.666667
2020Q1,chemicals,Chemical products,850397
2020Q1,plastics_rubber,Plastics and rubber products,725719.333333
2020Q1,wholesale,Wholesale trade,5841477.66667
2020Q1,retail,Retail trade,15343069.3333
2020Q1,air_transport,Air transportation,516356.666667
2020Q1,rail_transport,Rail transportation,411.666666667
2020Q1,water_transport,Water transportation,64481
2020Q1,truck_transport,Truck transportation,1491225.66667
2020Q1,transit_ground,Transit and ground passenger transportation,493406.333333
2020Q1,pipeline,Pipeline transportation,51892
2020Q1,other_transport_support,Other transportation and support activities,772947.333333
2020Q1,warehousing,Warehousing and storage,1341669.66667
2020Q1,information,Information,2895300.33333
2020Q1,credit_intermediation,"Federal Reserve banks, credit intermediation, and related activities",2683794.33333
2020Q1,securities,"Securities, commodity contracts, and investments",945363
2020Q1,insurance,Insurance carriers and related activities,2410419.33333
2020Q1,funds_trusts,"Funds, trusts, and other financial vehicles",17821
2020Q1,real_estate,Real estate,1692871.66667
2020Q1,rental_leasing,Rental and leasing services and lessors of intangible assets,585064.333333
2020Q1,legal,Legal services,1154940
2020Q1,computer_systems,Computer systems design and related services,2214797.66667
2020Q1,misc_professional,"Miscellaneous professional, scientific, and technical services",6315758
2020Q1,management_companies,Management of companies and enterprises,2403479.66667
2020Q1,admin_support,Administrative and support services,8510238
2020Q1,waste_remediation,Waste management and remediation services,447567
2020Q1,education,Educational services,3005985.66667
2020Q1,ambulatory_health,Ambulatory health care services,7783433
2020Q1,hospitals_nursing,"Hospitals, nursing and residential care facilities",8506512.66667
2020Q1,social_assistance,Social assistance,4152948.33333
2020Q1,performing_arts_museums,"Performing arts, spectator sports, museums, and related activities",634283
2020Q1,amusement_recreation,"Amusements, gambling, and recreation industries",1610849.33333
2020Q1,accommodation,Accommodation,1983579
2020Q1,food_services,Food services and drinking places,11665803.6667
2020Q1,other_services,"Other services, except government",4461000.33333
2020Q2,oil_gas_extraction,Oil and gas extraction,127624.666667
2020Q2,mining_except_oil_gas,"Mining, except oil and gas",174491.333333
2020Q2,support_mining,Support activities for mining,233956.333333
2020Q2,utilities,Utilities,542695
2020Q2,construction,Construction,6922076.33333
2020Q2,wood_products,Wood products,383071.666667
2020Q2,nonmetallic_mineral,Nonmetallic mineral products,384611
2020Q2,primary_metals,Primary metals,339389
2020Q2,fabricated_metal,Fabricated metal products,1334768.66667
2020Q2,machinery,Machinery,1022158.33333
2020Q2,computer_electronic,Computer and electronic products,1052734
2020Q2,electrical_equipment,"Electrical equipment, appliances, and components",372008.333333
2020Q2,motor_vehicles,"Motor vehicles, bodies and trailers, and parts",713891.333333
2020Q2,other_transport_equipment,Other transportation equipment,690857
2020Q2,furniture,Furniture and related products,331839.666667
2020Q2,misc_manufacturing,Miscellaneous manufacturing,541728
2020Q2,food_beverage_tobacco,Food and beverage and tobacco products,1793827.33333
2020Q2,textiles,Textile mills and textile product mills,178427.666667
2020Q2,apparel_leather,Apparel and leather and allied products,95414.6666667
2020Q2,paper,Paper products,349455.333333
2020Q2,printing,Printing and related support activities,354319.333333
2020Q2,petroleum_coal,Petroleum and coal products,109332.666667
2020Q2,chemicals,Chemical products,832422
2020Q2,plastics_rubber,Plastics and rubber products,649439.666667
2020Q2,wholesale,Wholesale trade,5470725.33333
2020Q2,retail,Retail trade,13498394.3333
2020Q2,air_transport,Air transportation,458007.333333
2020Q2,rail_transport,Rail transportation,390.666666667
2020Q2,water_transport,Water transportation,58528.6666667
2020Q2,truck_transport,Truck transportation,1422933.66667
2020Q2,transit_ground,Transit and ground passenger transportation,285787
2020Q2,pipeline,Pipeline transportation,51588.3333333
2020Q2,other_transport_support,Other transportation and support activities,657549
2020Q2,warehousing,Warehousing and storage,1381753
2020Q2,information,Information,2609469.33333
2020Q2,credit_intermediation,"Federal Reserve banks, credit intermediation, and related activities",2657051.33333
2020Q2,securities,"Securities, commodity contracts, and investments",938098
2020Q2,insurance,Insurance carriers and related activities,2390567
2020Q2,funds_trusts,"Funds, trusts, and other financial vehicles",17822.3333333
2020Q2,real_estate,Real estate,1605047
2020Q2,rental_leasing,Rental and leasing services and lessors of intangible assets,465926.666667
2020Q2,legal,Legal services,1109567.33333
2020Q2,computer_systems,Computer systems design and related services,2184788.33333
2020Q2,misc_professional,"Miscellaneous professional, scientific, and technical services",5956401.33333
2020Q2,management_companies,Management of companies and enterprises,2264012.66667
2020Q2,admin_support,Administrative and support services,7474050
2020Q2,waste_remediation,Waste management and remediation services,434456.666667
2020Q2,education,Educational services,2593704.33333
2020Q2,ambulatory_health,Ambulatory health care services,6911772.66667
2020Q2,hospitals_nursing,"Hospitals, nursing and residential care facilities",8133981.66667
2020Q2,social_assistance,Social assistance,3615913.66667
2020Q2,performing_arts_museums,"Performing arts, spectator sports, museums, and related activities",407895.666667
2020Q2,amusement_recreation,"Amusements, gambling, and recreation industries",900069
2020Q2,accommodation,Accommodation,1033700.33333
2020Q2,food_services,Food services and drinking places,7741032.66667
2020Q2,other_services,"Other services, except government",3425596.66667
2020Q3,oil_gas_extraction,Oil and gas extraction,122546.666667
2020Q3,mining_except_oil_gas,"Mining, except oil and gas",175069.333333
2020Q3,support_mining,Support activities for mining,203714
2020Q3,utilities,Utilities,543858.666667
2020Q3,construction,Construction,7337611
2020Q3,wood_products,Wood products,391107
2020Q3,nonmetallic_mineral,Nonmetallic mineral products,398033.333333
2020Q3,primary_metals,Primary metals,341084.333333
2020Q3,fabricated_metal,Fabricated metal products,1344732
2020Q3,machinery,Machinery,1023929.33333
2020Q3,computer_electronic,Computer and electronic products,1055065.33333
2020Q3,electrical_equipment,"Electrical equipment, appliances, and components",375948.666667
2020Q3,motor_vehicles,"Motor vehicles, bodies and trailers, and parts",920278
2020Q3,other_transport_equipment,Other transportation equipment,690137.666667
2020Q3,furniture,Furniture and related products,359230
2020Q3,misc_manufacturing,Miscellaneous manufacturing,576437.333333
2020Q3,food_beverage_tobacco,Food and beverage and tobacco products,1887927
2020Q3,textiles,Textile mills and textile product mills,193328.666667
2020Q3,apparel_leather,Apparel and leather and allied products,110608.333333
2020Q3,paper,Paper products,347507
2020Q3,printing,Printing and related support activities,362638.333333
2020Q3,petroleum_coal,Petroleum and coal products,110084.333333
2020Q3,chemicals,Chemical products,843012.333333
2020Q3,plastics_rubber,Plastics and rubber products,690625.333333
2020Q3,wholesale,Wholesale trade,5551681.33333
2020Q3,retail,Retail trade,14748271.6667
2020Q3,air_transport,Air transportation,444637.666667
2020Q3,rail_transport,Rail transportation,417
2020Q3,water_transport,Water transportation,56662
2020Q3,truck_transport,Truck transportation,1473680.33333
2020Q3,transit_ground,Transit and ground passenger transportation,275897.666667
2020Q3,pipeline,Pipeline transportation,50829.6666667
2020Q3,other_transport_support,Other transportation and support activities,680796.666667
2020Q3,warehousing,Warehousing and storage,1505834
2020Q3,information,Information,2630450
2020Q3,credit_intermediation,"Federal Reserve banks, credit intermediation, and related activities",2672661
2020Q3,securities,"Securities, commodity contracts, and investments",950559.666667
2020Q3,insurance,Insurance carriers and related activities,2398698
2020Q3,funds_trusts,"Funds, trusts, and other financial vehicles",18495
2020Q3,real_estate,Real estate,1651349
2020Q3,rental_leasing,Rental and leasing services and lessors of intangible assets,484434
2020Q3,legal,Legal services,1123866.33333
2020Q3,computer_systems,Computer systems design and related services,2192702.66667
2020Q3,misc_professional,"Miscellaneous professional, scientific, and technical services",6042307.66667
2020Q3,management_companies,Management of companies and enterprises,2293488
2020Q3,admin_support,Administrative and support services,7985711
2020Q3,waste_remediation,Waste management and remediation services,442970
2020Q3,education,Educational services,2528243.33333
2020Q3,ambulatory_health,Ambulatory health care services,7466640
2020Q3,hospitals_nursing,"Hospitals, nursing and residential care facilities",8132923
2020Q3,social_assistance,Social assistance,3750126
2020Q3,performing_arts_museums,"Performing arts, spectator sports, museums, and related activities",406112.666667
2020Q3,amusement_recreation,"Amusements, gambling, and recreation industries",1313787.33333
2020Q3,accommodation,Accommodation,1293395
2020Q3,food_services,Food services and drinking places,9571425.66667
2020Q3,other_services,"Other services, except government",3895112
2020Q4,oil_gas_extraction,Oil and gas extraction,119262
2020Q4,mining_except_oil_gas,"Mining, except oil and gas",174059
2020Q4,support_mining,Support activities for mining,206317.333333
2020Q4,utilities,Utilities,543159
2020Q4,construction,Construction,7320315.66667
2020Q4,wood_products,Wood products,399509.333333
2020Q4,nonmetallic_mineral,Nonmetallic mineral products,397848
2020Q4,primary_metals,Primary metals,341234
2020Q4,fabricated_metal,Fabricated metal products,1349650.33333
2020Q4,machinery,Machinery,1028278
2020Q4,computer_electronic,Computer and electronic products,1048408
2020Q4,electrical_equipment,"Electrical equipment, appliances, and components",380797
2020Q4,motor_vehicles,"Motor vehicles, bodies and trailers, and parts",942099.333333
2020Q4,other_transport_equipment,Other transportation equipment,682925.666667
2020Q4,furniture,Furniture and related products,363654
2020Q4,misc_manufacturing,Miscellaneous manufacturing,587521
2020Q4,food_beverage_tobacco,Food and beverage and tobacco products,1899196.33333
2020Q4,textiles,Textile mills and textile product mills,198239.666667
2020Q4,apparel_leather,Apparel and leather and allied products,113810.666667
2020Q4,paper,Paper products,349143.333333
2020Q4,printing,Printing and related support activities,368483.333333
2020Q4,petroleum_coal,Petroleum and coal products,107553.333333
2020Q4,chemicals,Chemical products,850575.666667
2020Q4,plastics_rubber,Plastics and rubber products,703675.333333
2020Q4,wholesale,Wholesale trade,5617996
2020Q4,retail,Retail trade,15443370
2020Q4,air_transport,Air transportation,430770.333333
2020Q4,rail_transport,Rail transportation,416.333333333
2020Q4,water_transport,Water transportation,55541
2020Q4,truck_transport,Truck transportation,1496405.33333
2020Q4,transit_ground,Transit and ground passenger transportation,360225
2020Q4,pipeline,Pipeline transportation,49813.3333333
2020Q4,other_transport_support,Other transportation and support activities,705137.666667
2020Q4,warehousing,Warehousing and storage,1658365.66667
2020Q4,information,Information,2703863
2020Q4,credit_intermediation,"Federal Reserve banks, credit intermediation, and related activities",2697548
2020Q4,securities,"Securities, commodity contracts, and investments",949991.333333
2020Q4,insurance,Insurance carriers and related activities,2412956.66667
2020Q4,funds_trusts,"Funds, trusts, and other financial vehicles",19542.3333333
2020Q4,real_estate,Real estate,1676423
2020Q4,rental_leasing,Rental and leasing services and lessors of intangible assets,482690
2020Q4,legal,Legal services,1137358.66667
2020Q4,computer_systems,Computer systems design and related services,2221713.33333
2020Q4,misc_professional,"Miscellaneous professional, scientific, and technical services",6180426
2020Q4,management_companies,Management of companies and enterprises,2311050
2020Q4,admin_support,Administrative and support services,8450474
2020Q4,waste_remediation,Waste management and remediation services,446356.333333
2020Q4,education,Educational services,2780339.33333
2020Q4,ambulatory_health,Ambulatory health care services,7682516
2020Q4,hospitals_nursing,"Hospitals, nursing and residential care facilities",8184618.33333
2020Q4,social_assistance,Social assistance,3882236
2020Q4,performing_arts_museums,"Performing arts, spectator sports, museums, and related activities",419729
2020Q4,amusement_recreation,"Amusements, gambling, and recreation industries",1218952.66667
2020Q4,accommodation,Accommodation,1282775.33333
2020Q4,food_services,Food services and drinking places,9718918.33333
2020Q4,other_services,"Other services, except government",3998111
2021Q1,oil_gas_extraction,Oil and gas extraction,114521
2021Q1,mining_except_oil_gas,"Mining, except oil and gas",168755.666667
2021Q1,support_mining,Support activities for mining,211470.333333
2021Q1,utilities,Utilities,540943
2021Q1,construction,Construction,7021771.66667
2021Q1,wood_products,Wood products,402795
2021Q1,nonmetallic_mineral,Nonmetallic mineral products,391374
2021Q1,primary_metals,Primary metals,344731.666667
2021Q1,fabricated_metal,Fabricated metal products,1359990.66667
2021Q1,machinery,Machinery,1034695.33333
2021Q1,computer_electronic,Computer and electronic products,1049360.33333
2021Q1,electrical_equipment,"Electrical equipment, appliances, and components",385101
2021Q1,motor_vehicles,"Motor vehicles, bodies and trailers, and parts",958787
2021Q1,other_transport_equipment,Other transportation equipment,681803.666667
2021Q1,furniture,Furniture and related products,365789.333333
2021Q1,misc_manufacturing,Miscellaneous manufacturing,591216
2021Q1,food_beverage_tobacco,Food and beverage and tobacco products,1885908
2021Q1,textiles,Textile mills and textile product mills,197592.333333
2021Q1,apparel_leather,Apparel and leather and allied products,113613.333333
2021Q1,paper,Paper products,349685
2021Q1,printing,Printing and related support activities,362805
2021Q1,petroleum_coal,Petroleum and coal products,102932.666667
2021Q1,chemicals,Chemical products,859632
2021Q1,plastics_rubber,Plastics and rubber products,713901.666667
2021Q1,wholesale,Wholesale trade,5573118.66667
2021Q1,retail,Retail trade,15070467.6667
2021Q1,air_transport,Air transportation,444852.333333
2021Q1,rail_transport,Rail transportation,403.333333333
2021Q1,water_transport,Water transportation,54947.3333333
2021Q1,truck_transport,Truck transportation,1466193.66667
2021Q1,transit_ground,Transit and ground passenger transportation,360223
2021Q1,pipeline,Pipeline transportation,49741.3333333
2021Q1,other_transport_support,Other transportation and support activities,701664
2021Q1,warehousing,Warehousing and storage,1642964.66667
2021Q1,information,Information,2731565.33333
2021Q1,credit_intermediation,"Federal Reserve banks, credit intermediation, and related activities",2718394
2021Q1,securities,"Securities, commodity contracts, and investments",947094
2021Q1,insurance,Insurance carriers and related activities,2410668.66667
2021Q1,funds_trusts,"Funds, trusts, and other financial vehicles",19997
2021Q1,real_estate,Real estate,1660399.33333
2021Q1,rental_leasing,Rental and leasing services and lessors of intangible assets,474169.666667
2021Q1,legal,Legal services,1132012.33333
2021Q1,computer_systems,Computer systems design and related services,2237255
2021Q1,misc_professional,"Miscellaneous professional, scientific, and technical services",6269629.33333
2021Q1,management_companies,Management of companies and enterprises,2318664.66667
2021Q1,admin_support,Administrative and support services,8196421
2021Q1,waste_remediation,Waste management and remediation services,443648.666667
2021Q1,education,Educational services,2784363.33333
2021Q1,ambulatory_health,Ambulatory health care services,7725480
2021Q1,hospitals_nursing,"Hospitals, nursing and residential care facilities",8111341
2021Q1,social_assistance,Social assistance,3893603
2021Q1,performing_arts_museums,"Performing arts, spectator sports, museums, and related activities",401275
2021Q1,amusement_recreation,"Amusements, gambling, and recreation industries",1159829.33333
2021Q1,accommodation,Accommodation,1228524
2021Q1,food_services,Food services and drinking places,9599366.66667
2021Q1,other_services,"Other services, except government",3953366
2021Q2,oil_gas_extraction,Oil and gas extraction,112390.666667
2021Q2,mining_except_oil_gas,"Mining, except oil and gas",176572.333333
2021Q2,support_mining,Support activities for mining,221324.666667
2021Q2,utilities,Utilities,542276.333333
2021Q2,construction,Construction,7462973.66667
2021Q2,wood_products,Wood products,406656
2021Q2,nonmetallic_mineral,Nonmetallic mineral products,402862.333333
2021Q2,primary_metals,Primary metals,344850.666667
2021Q2,fabricated_metal,Fabricated metal products,1372420
2021Q2,machinery,Machinery,1047083
2021Q2,computer_electronic,Computer and electronic products,1048621.33333
2021Q2,electrical_equipment,"Electrical equipment, appliances, and components",386443.333333
2021Q2,motor_vehicles,"Motor vehicles, bodies and trailers, and parts",944792
2021Q2,other_transport_equipment,Other transportation equipment,678856.666667
2021Q2,furniture,Furniture and related products,368552
2021Q2,misc_manufacturing,Miscellaneous manufacturing,597961.333333
2021Q2,food_beverage_tobacco,Food and beverage and tobacco products,1905010
2021Q2,textiles,Textile mills and textile product mills,199992
2021Q2,apparel_leather,Apparel and leather and allied products,113903.666667
2021Q2,paper,Paper products,349091
2021Q2,printing,Printing and related support activities,364232.666667
2021Q2,petroleum_coal,Petroleum and coal products,104867.333333
2021Q2,chemicals,Chemical products,864989.666667
2021Q2,plastics_rubber,Plastics and rubber products,715738.333333
2021Q2,wholesale,Wholesale trade,5662192.66667
2021Q2,retail,Retail trade,15191924
2021Q2,air_transport,Air transportation,451019.333333
2021Q2,rail_transport,Rail transportation,407
2021Q2,water_transport,Water transportation,57683
2021Q2,truck_transport,Truck transportation,1495192
2021Q2,transit_ground,Transit and ground passenger transportation,374256.666667
2021Q2,pipeline,Pipeline transportation,49342.6666667
2021Q2,other_transport_support,Other transportation and support activities,724978.333333
2021Q2,warehousing,Warehousing and storage,1596814.66667
2021Q2,information,Information,2793801
2021Q2,credit_intermediation,"Federal Reserve banks, credit intermediation, and related activities",2722013
2021Q2,securities,"Securities, commodity contracts, and investments",959188.666667
2021Q2,insurance,Insurance carriers and related activities,2414709.33333
2021Q2,funds_trusts,"Funds, trusts, and other financial vehicles",20631.3333333
2021Q2,real_estate,Real estate,1698777
2021Q2,rental_leasing,Rental and leasing services and lessors of intangible assets,500879.666667
2021Q2,legal,Legal services,1152043.66667
2021Q2,computer_systems,Computer systems design and related services,2279804.33333
2021Q2,misc_professional,"Miscellaneous professional, scientific, and technical services",6383593.66667
2021Q2,management_companies,Management of companies and enterprises,2333021.33333
2021Q2,admin_support,Administrative and support services,8497163.33333
2021Q2,waste_remediation,Waste management and remediation services,452440
2021Q2,education,Educational services,2818885.66667
2021Q2,ambulatory_health,Ambulatory health care services,7813723.33333
2021Q2,hospitals_nursing,"Hospitals, nursing and residential care facilities",8077975.66667
2021Q2,social_assistance,Social assistance,3955341
2021Q2,performing_arts_museums,"Performing arts, spectator sports, museums, and related activities",503374
2021Q2,amusement_recreation,"Amusements, gambling, and recreation industries",1499509
2021Q2,accommodation,Accommodation,1454329
2021Q2,food_services,Food services and drinking places,10644756
2021Q2,other_services,"Other services, except government",4137423.33333
2021Q3,oil_gas_extraction,Oil and gas extraction,111891.666667
2021Q3,mining_except_oil_gas,"Mining, except oil and gas",178463.333333
2021Q3,support_mining,Support activities for mining,228964.333333
2021Q3,utilities,Utilities,545187.333333
2021Q3,construction,Construction,7614339
2021Q3,wood_products,Wood products,411324
2021Q3,nonmetallic_mineral,Nonmetallic mineral products,406157
2021Q3,primary_metals,Primary metals,348957.333333
2021Q3,fabricated_metal,Fabricated metal products,1385246.33333
2021Q3,machinery,Machinery,1061895.33333
2021Q3,computer_electronic,Computer and electronic products,1056503
2021Q3,electrical_equipment,"Electrical equipment, appliances, and components",390877
2021Q3,motor_vehicles,"Motor vehicles, bodies and trailers, and parts",952111.333333
2021Q3,other_transport_equipment,Other transportation equipment,682647.666667
2021Q3,furniture,Furniture and related products,372781
2021Q3,misc_manufacturing,Miscellaneous manufacturing,603680.666667
2021Q3,food_beverage_tobacco,Food and beverage and tobacco products,1960860.33333
2021Q3,textiles,Textile mills and textile product mills,200701.666667
2021Q3,apparel_leather,Apparel and leather and allied products,115732.333333
2021Q3,paper,Paper products,349615.666667
2021Q3,printing,Printing and related support activities,368348.666667
2021Q3,petroleum_coal,Petroleum and coal products,105100
2021Q3,chemicals,Chemical products,869729.333333
2021Q3,plastics_rubber,Plastics and rubber products,722002
2021Q3,wholesale,Wholesale trade,5729034
2021Q3,retail,Retail trade,15289269.3333
2021Q3,air_transport,Air transportation,463737.333333
2021Q3,rail_transport,Rail transportation,403.666666667
2021Q3,water_transport,Water transportation,61208.3333333
2021Q3,truck_transport,Truck transportation,1517597.66667
2021Q3,transit_ground,Transit and ground passenger transportation,341099.333333
2021Q3,pipeline,Pipeline transportation,49195
2021Q3,other_transport_support,Other transportation and support activities,749933.666667
2021Q3,warehousing,Warehousing and storage,1673416.66667
2021Q3,information,Information,2883434
2021Q3,credit_intermediation,"Federal Reserve banks, credit intermediation, and related activities",2722749.33333
2021Q3,securities,"Securities, commodity contracts, and investments",981390.666667
2021Q3,insurance,Insurance carriers and related activities,2433958.33333
2021Q3,funds_trusts,"Funds, trusts, and other financial vehicles",21630.6666667
2021Q3,real_estate,Real estate,1731913.33333
2021Q3,rental_leasing,Rental and leasing services and lessors of intangible assets,527231
2021Q3,legal,Legal services,1158284.66667
2021Q3,computer_systems,Computer systems design and related services,2322187.66667
2021Q3,misc_professional,"Miscellaneous professional, scientific, and technical services",6467660
2021Q3,management_companies,Management of companies and enterprises,2349532
2021Q3,admin_support,Administrative and support services,8667196.66667
2021Q3,waste_remediation,Waste management and remediation services,460951.333333
2021Q3,education,Educational services,2721206.33333
2021Q3,ambulatory_health,Ambulatory health care services,7850962.33333
2021Q3,hospitals_nursing,"Hospitals, nursing and residential care facilities",8052292.66667
2021Q3,social_assistance,Social assistance,3962843
2021Q3,performing_arts_museums,"Performing arts, spectator sports, museums, and related activities",584025.666667
2021Q3,amusement_recreation,"Amusements, gambling, and recreation industries",1685487.33333
2021Q3,accommodation,Accommodation,1679355
2021Q3,food_services,Food services and drinking places,11178964
2021Q3,other_services,"Other services, except government",4226558.33333
2021Q4,oil_gas_extraction,Oil and gas extraction,111611.333333
2021Q4,mining_except_oil_gas,"Mining, except oil and gas",177970.666667
2021Q4,support_mining,Support activities for mining,237804.666667
2021Q4,utilities,Utilities,545266
2021Q4,construction,Construction,7580544.66667
2021Q4,wood_products,Wood products,415950.333333
2021Q4,nonmetallic_mineral,Nonmetallic mineral products,406736
2021Q4,primary_metals,Primary metals,354302.666667
2021Q4,fabricated_metal,Fabricated metal products,1396968.66667
2021Q4,machinery,Machinery,1072576
2021Q4,computer_electronic,Computer and electronic products,1060341.33333
2021Q4,electrical_equipment,"Electrical equipment, appliances, and components",394836.666667
2021Q4,motor_vehicles,"Motor vehicles, bodies and trailers, and parts",966849.666667
2021Q4,other_transport_equipment,Other transportation equipment,685191.666667
2021Q4,furniture,Furniture and related products,376673.333333
2021Q4,misc_manufacturing,Miscellaneous manufacturing,611450.666667
2021Q4,food_beverage_tobacco,Food and beverage and tobacco products,1966923
2021Q4,textiles,Textile mills and textile product mills,202662.333333
2021Q4,apparel_leather,Apparel and leather and allied products,119209
2021Q4,paper,Paper products,353844.666667
2021Q4,printing,Printing and related support activities,377003.666667
2021Q4,petroleum_coal,Petroleum and coal products,103993.333333
2021Q4,chemicals,Chemical products,878749.333333
2021Q4,plastics_rubber,Plastics and rubber products,733456.333333
2021Q4,wholesale,Wholesale trade,5822851
2021Q4,retail,Retail trade,15816879.6667
2021Q4,air_transport,Air transportation,477696.333333
2021Q4,rail_transport,Rail transportation,406.666666667
2021Q4,water_transport,Water transportation,60322.6666667
2021Q4,truck_transport,Truck transportation,1541168.33333
2021Q4,transit_ground,Transit and ground passenger transportation,407177.666667
2021Q4,pipeline,Pipeline transportation,49160.6666667
2021Q4,other_transport_support,Other transportation and support activities,774712.333333
2021Q4,warehousing,Warehousing and storage,1865699.66667
2021Q4,information,Information,2944906.66667
2021Q4,credit_intermediation,"Federal Reserve banks, credit intermediation, and related activities",2729509.66667
2021Q4,securities,"Securities, commodity contracts, and investments",992700.666667
2021Q4,insurance,Insurance carriers and related activities,2473017
2021Q4,funds_trusts,"Funds, trusts, and other financial vehicles",24079.6666667
2021Q4,real_estate,Real estate,1761932
2021Q4,rental_leasing,Rental and leasing services and lessors of intangible assets,529707.666667
2021Q4,legal,Legal services,1173590.33333
2021Q4,computer_systems,Computer systems design and related services,2379186.66667
2021Q4,misc_professional,"Miscellaneous professional, scientific, and technical services",6645659.66667
2021Q4,management_companies,Management of companies and enterprises,2371034.33333
2021Q4,admin_support,Administrative and support services,9046345.66667
2021Q4,waste_remediation,Waste management and remediation services,466555.333333
2021Q4,education,Educational services,2987276
2021Q4,ambulatory_health,Ambulatory health care services,7984742
2021Q4,hospitals_nursing,"Hospitals, nursing and residential care facilities",8017623.66667
2021Q4,social_assistance,Social assistance,4041607.33333
2021Q4,performing_arts_museums,"Performing arts, spectator sports, museums, and related activities",612067.666667
2021Q4,amusement_recreation,"Amusements, gambling, and recreation industries",1469413.33333
2021Q4,accommodation,Accommodation,1626269.33333
2021Q4,food_services,Food services and drinking places,11215499.3333
2021Q4,other_services,"Other services, except government",4282085.33333
2022Q1,oil_gas_extraction,Oil and gas extraction,111633.666667
2022Q1,mining_except_oil_gas,"Mining, except oil and gas",174452.666667
2022Q1,support_mining,Support activities for mining,245065.333333
2022Q1,utilities,Utilities,547898.333333
2022Q1,construction,Construction,7323659.66667
2022Q1,wood_products,Wood products,422224.666667
2022Q1,nonmetallic_mineral,Nonmetallic mineral products,403493
2022Q1,primary_metals,Primary metals,358072.333333
2022Q1,fabricated_metal,Fabricated metal products,1408838.33333
2022Q1,machinery,Machinery,1086409
2022Q1,computer_electronic,Computer and electronic products,1066300
2022Q1,electrical_equipment,"Electrical equipment, appliances, and components",398397
2022Q1,motor_vehicles,"Motor vehicles, bodies and trailers, and parts",986569.333333
2022Q1,other_transport_equipment,Other transportation equipment,695161.333333
2022Q1,furniture,Furniture and related products,379570.666667
2022Q1,misc_manufacturing,Miscellaneous manufacturing,618819.666667
2022Q1,food_beverage_tobacco,Food and beverage and tobacco products,1954874.66667
2022Q1,textiles,Textile mills and textile product mills,202909
2022Q1,apparel_leather,Apparel and leather and allied products,118462.666667
2022Q1,paper,Paper products,358740
2022Q1,printing,Printing and related support activities,374119
2022Q1,petroleum_coal,Petroleum and coal products,101147.666667
2022Q1,chemicals,Chemical products,887775
2022Q1,plastics_rubber,Plastics and rubber products,743433
2022Q1,wholesale,Wholesale trade,5846045.33333
2022Q1,retail,Retail trade,15312321.6667
2022Q1,air_transport,Air transportation,483397
2022Q1,rail_transport,Rail transportation,443.666666667
2022Q1,water_transport,Water transportation,59429
2022Q1,truck_transport,Truck transportation,1521566.66667
2022Q1,transit_ground,Transit and ground passenger transportation,406993.333333
2022Q1,pipeline,Pipeline transportation,50116.3333333
2022Q1,other_transport_support,Other transportation and support activities,781824.333333
2022Q1,warehousing,Warehousing and storage,1940522.66667
2022Q1,information,Information,2978509.33333
2022Q1,credit_intermediation,"Federal Reserve banks, credit intermediation, and related activities",2720085.33333
2022Q1,securities,"Securities, commodity contracts, and investments",994462.666667
2022Q1,insurance,Insurance carriers and related activities,2474167
2022Q1,funds_trusts,"Funds, trusts, and other financial vehicles",25330.3333333
2022Q1,real_estate,Real estate,1736522.33333
2022Q1,rental_leasing,Rental and leasing services and lessors of intangible assets,522608.333333
2022Q1,legal,Legal services,1160256.66667
2022Q1,computer_systems,Computer systems design and related services,2413322.33333
2022Q1,misc_professional,"Miscellaneous professional, scientific, and technical services",6726101.66667
2022Q1,management_companies,Management of companies and enterprises,2453709.33333
2022Q1,admin_support,Administrative and support services,8808173
2022Q1,waste_remediation,Waste management and remediation services,463259.666667
2022Q1,education,Educational services,2984745.33333
2022Q1,ambulatory_health,Ambulatory health care services,7981085.33333
2022Q1,hospitals_nursing,"Hospitals, nursing and residential care facilities",7963402.33333
2022Q1,social_assistance,Social assistance,4088335
2022Q1,performing_arts_museums,"Performing arts, spectator sports, museums, and related activities",571042
2022Q1,amusement_recreation,"Amusements, gambling, and recreation industries",1435754.66667
2022Q1,accommodation,Accommodation,1611975.66667
2022Q1,food_services,Food services and drinking places,11153057.6667
2022Q1,other_services,"Other services, except government",4267806.66667
2022Q2,oil_gas_extraction,Oil and gas extraction,111902.666667
2022Q2,mining_except_oil_gas,"Mining, except oil and gas",181803.333333
2022Q2,support_mining,Support activities for mining,256781
2022Q2,utilities,Utilities,550750
2022Q2,construction,Construction,7761183.66667
2022Q2,wood_products,Wood products,429738.666667
2022Q2,nonmetallic_mineral,Nonmetallic mineral products,416246.333333
2022Q2,primary_metals,Primary metals,363040.666667
2022Q2,fabricated_metal,Fabricated metal products,1423720.33333
2022Q2,machinery,Machinery,1100783.66667
2022Q2,computer_electronic,Computer and electronic products,1080325
2022Q2,electrical_equipment,"Electrical equipment, appliances, and components",404189
2022Q2,motor_vehicles,"Motor vehicles, bodies and trailers, and parts",996526.333333
2022Q2,other_transport_equipment,Other transportation equipment,703430.666667
2022Q2,furniture,Furniture and related products,381011.666667
2022Q2,misc_manufacturing,Miscellaneous manufacturing,626267
2022Q2,food_beverage_tobacco,Food and beverage and tobacco products,1998203.66667
2022Q2,textiles,Textile mills and textile product mills,202903.666667
2022Q2,apparel_leather,Apparel and leather and allied products,120494.333333
2022Q2,paper,Paper products,361894.333333
2022Q2,printing,Printing and related support activities,376600
2022Q2,petroleum_coal,Petroleum and coal products,104699.666667
2022Q2,chemicals,Chemical products,893682.666667
2022Q2,plastics_rubber,Plastics and rubber products,750448
2022Q2,wholesale,Wholesale trade,5959128.33333
2022Q2,retail,Retail trade,15396198.3333
2022Q2,air_transport,Air transportation,504465.666667
2022Q2,rail_transport,Rail transportation,463.666666667
2022Q2,water_transport,Water transportation,63593.6666667
2022Q2,truck_transport,Truck transportation,1563000.33333
2022Q2,transit_ground,Transit and ground passenger transportation,406455.666667
2022Q2,pipeline,Pipeline transportation,50237.6666667
2022Q2,other_transport_support,Other transportation and support activities,808469
2022Q2,warehousing,Warehousing and storage,1868393.33333
2022Q2,information,Information,3044772
2022Q2,credit_intermediation,"Federal Reserve banks, credit intermediation, and related activities",2709205.33333
2022Q2,securities,"Securities, commodity contracts, and investments",1014929.66667
2022Q2,insurance,Insurance carriers and related activities,2488944.66667
2022Q2,funds_trusts,"Funds, trusts, and other financial vehicles",26469.6666667
2022Q2,real_estate,Real estate,1782963.33333
2022Q2,rental_leasing,Rental and leasing services and lessors of intangible assets,560349.666667
2022Q2,legal,Legal services,1176484.33333
2022Q2,computer_systems,Computer systems design and related services,2458675.66667
2022Q2,misc_professional,"Miscellaneous professional, scientific, and technical services",6844149
2022Q2,management_companies,Management of companies and enterprises,2488736.66667
2022Q2,admin_support,Administrative and support services,9107907.33333
2022Q2,waste_remediation,Waste management and remediation services,474076.666667
2022Q2,education,Educational services,2988143.66667
2022Q2,ambulatory_health,Ambulatory health care services,8060002.66667
2022Q2,hospitals_nursing,"Hospitals, nursing and residential care facilities",8012031.33333
2022Q2,social_assistance,Social assistance,4153624.66667
2022Q2,performing_arts_museums,"Performing arts, spectator sports, museums, and related activities",674684.666667
2022Q2,amusement_recreation,"Amusements, gambling, and recreation industries",1713029.66667
2022Q2,accommodation,Accommodation,1764402
2022Q2,food_services,Food services and drinking places,11749387.6667
2022Q2,other_services,"Other services, except government",4416690.66667
2022Q3,oil_gas_extraction,Oil and gas extraction,113395.333333
2022Q3,mining_except_oil_gas,"Mining, except oil and gas",185200.666667
2022Q3,support_mining,Support activities for mining,269425.333333
2022Q3,utilities,Utilities,556984
2022Q3,construction,Construction,7940952.66667
2022Q3,wood_products,Wood products,430849.666667
2022Q3,nonmetallic_mineral,Nonmetallic mineral products,420560.666667
2022Q3,primary_metals,Primary metals,367969.333333
2022Q3,fabricated_metal,Fabricated metal products,1433290
2022Q3,machinery,Machinery,1112685.66667
2022Q3,computer_electronic,Computer and electronic products,1099929.33333
2022Q3,electrical_equipment,"Electrical equipment, appliances, and components",408196.666667
2022Q3,motor_vehicles,"Motor vehicles, bodies and trailers, and parts",1001659
2022Q3,other_transport_equipment,Other transportation equipment,716202.333333
2022Q3,furniture,Furniture and related products,376883.333333
2022Q3,misc_manufacturing,Miscellaneous manufacturing,629980
2022Q3,food_beverage_tobacco,Food and beverage and tobacco products,2058982.66667
2022Q3,textiles,Textile mills and textile product mills,200953.666667
2022Q3,apparel_leather,Apparel and leather and allied products,119448
2022Q3,paper,Paper products,363752
2022Q3,printing,Printing and related support activities,378658
2022Q3,petroleum_coal,Petroleum and coal products,106389.333333
2022Q3,chemicals,Chemical products,900358
2022Q3,plastics_rubber,Plastics and rubber products,750196
2022Q3,wholesale,Wholesale trade,6033078
2022Q3,retail,Retail trade,15447911.3333
2022Q3,air_transport,Air transportation,520743.333333
2022Q3,rail_transport,Rail transportation,460
2022Q3,water_transport,Water transportation,66416.6666667
2022Q3,truck_transport,Truck transportation,1589619
2022Q3,transit_ground,Transit and ground passenger transportation,374921
2022Q3,pipeline,Pipeline transportation,50809.3333333
2022Q3,other_transport_support,Other transportation and support activities,832028
2022Q3,warehousing,Warehousing and storage,1866965.33333
2022Q3,information,Information,3093549
2022Q3,credit_intermediation,"Federal Reserve banks, credit intermediation, and related activities",2702002.66667
2022Q3,securities,"Securities, commodity contracts, and investments",1045181
2022Q3,insurance,Insurance carriers and related activities,2514355.33333
2022Q3,funds_trusts,"Funds, trusts, and other financial vehicles",27188.6666667
2022Q3,real_estate,Real estate,1809327.66667
2022Q3,rental_leasing,Rental and leasing services and lessors of intangible assets,583930
2022Q3,legal,Legal services,1181855.66667
2022Q3,computer_systems,Computer systems design and related services,2502522
2022Q3,misc_professional,"Miscellaneous professional, scientific, and technical services",6965792
2022Q3,management_companies,Management of companies and enterprises,2528798.33333
2022Q3,admin_support,Administrative and support services,9170598.33333
2022Q3,waste_remediation,Waste management and remediation services,481312.666667
2022Q3,education,Educational services,2884217.66667
2022Q3,ambulatory_health,Ambulatory health care services,8137481.33333
2022Q3,hospitals_nursing,"Hospitals, nursing and residential care facilities",8126061.66667
2022Q3,social_assistance,Social assistance,4198410.66667
2022Q3,performing_arts_museums,"Performing arts, spectator sports, museums, and related activities",697301.333333
2022Q3,amusement_recreation,"Amusements, gambling, and recreation industries",1853008
2022Q3,accommodation,Accommodation,1883119.66667
2022Q3,food_services,Food services and drinking places,11926051.6667
2022Q3,other_services,"Other services, except government",4465757
2022Q4,oil_gas_extraction,Oil and gas extraction,113930.666667
2022Q4,mining_except_oil_gas,"Mining, except oil and gas",183731
2022Q4,support_mining,Support activities for mining,276503
2022Q4,utilities,Utilities,559730
2022Q4,construction,Construction,7833795.33333
2022Q4,wood_products,Wood products,425081.666667
2022Q4,nonmetallic_mineral,Nonmetallic mineral products,419262.333333
2022Q4,primary_metals,Primary metals,370653.333333
2022Q4,fabricated_metal,Fabricated metal products,1435560.66667
2022Q4,machinery,Machinery,1117246.66667
2022Q4,computer_electronic,Computer and electronic products,1097841.66667
2022Q4,electrical_equipment,"Electrical equipment, appliances, and components",408592.666667
2022Q4,motor_vehicles,"Motor vehicles, bodies and trailers, and parts",1010840.66667
2022Q4,other_transport_equipment,Other transportation equipment,725048.666667
2022Q4,furniture,Furniture and related products,369558.333333
2022Q4,misc_manufacturing,Miscellaneous manufacturing,629609.333333
2022Q4,food_beverage_tobacco,Food and beverage and tobacco products,2046585.66667
2022Q4,textiles,Textile mills and textile product mills,197733.666667
2022Q4,apparel_leather,Apparel and leather and allied products,118180
2022Q4,paper,Paper products,363232.666667
2022Q4,printing,Printing and related support activities,380609.666667
2022Q4,petroleum_coal,Petroleum and coal products,105629.333333
2022Q4,chemicals,Chemical products,896489.666667
2022Q4,plastics_rubber,Plastics and rubber products,742294.666667
2022Q4,wholesale,Wholesale trade,6068909
2022Q4,retail,Retail trade,15759744
2022Q4,air_transport,Air transportation,528938
2022Q4,rail_transport,Rail transportation,514
2022Q4,water_transport,Water transportation,65417.6666667
2022Q4,truck_transport,Truck transportation,1586313.33333
2022Q4,transit_ground,Transit and ground passenger transportation,432640.666667
2022Q4,pipeline,Pipeline transportation,51130
2022Q4,other_transport_support,Other transportation and support activities,833931.333333
2022Q4,warehousing,Warehousing and storage,1946179.66667
2022Q4,information,Information,3081343
2022Q4,credit_intermediation,"Federal Reserve banks, credit intermediation, and related activities",2677665
2022Q4,securities,"Securities, commodity contracts, and investments",1049799.33333
2022Q4,insurance,Insurance carriers and related activities,2532773
2022Q4,funds_trusts,"Funds, trusts, and other financial vehicles",28152.3333333
2022Q4,real_estate,Real estate,1810851.66667
2022Q4,rental_leasing,Rental and leasing services and lessors of intangible assets,574992.666667
2022Q4,legal,Legal services,1184912
2022Q4,computer_systems,Computer systems design and related services,2509057.66667
2022Q4,misc_professional,"Miscellaneous professional, scientific, and technical services",7038793
2022Q4,management_companies,Management of companies and enterprises,2542618.33333
2022Q4,admin_support,Administrative and support services,9155500
2022Q4,waste_remediation,Waste management and remediation services,482846
2022Q4,education,Educational services,3128411.33333
2022Q4,ambulatory_health,Ambulatory health care services,8254925.66667
2022Q4,hospitals_nursing,"Hospitals, nursing and residential care facilities",8179054.66667
2022Q4,social_assistance,Social assistance,4261573.66667
2022Q4,performing_arts_museums,"Performing arts, spectator sports, museums, and related activities",680031.333333
2022Q4,amusement_recreation,"Amusements, gambling, and recreation industries",1608529
2022Q4,accommodation,Accommodation,1789230.33333
2022Q4,food_services,Food services and drinking places,11764627
2022Q4,other_services,"Other services, except government",4469394
2023Q1,oil_gas_extraction,Oil and gas extraction,114761.666667
2023Q1,mining_except_oil_gas,"Mining, except oil and gas",181279.333333
2023Q1,support_mining,Support activities for mining,281323.333333
2023Q1,utilities,Utilities,566068.666667
2023Q1,construction,Construction,7590614
2023Q1,wood_products,Wood products,419452
2023Q1,nonmetallic_mineral,Nonmetallic mineral products,412245.666667
2023Q1,primary_metals,Primary metals,372486.666667
2023Q1,fabricated_metal,Fabricated metal products,1439266
2023Q1,machinery,Machinery,1126268.33333
2023Q1,computer_electronic,Computer and electronic products,1100290.33333
2023Q1,electrical_equipment,"Electrical equipment, appliances, and components",412553.333333
2023Q1,motor_vehicles,"Motor vehicles, bodies and trailers, and parts",1016114
2023Q1,other_transport_equipment,Other transportation equipment,735106
2023Q1,furniture,Furniture and related products,363310.666667
2023Q1,misc_manufacturing,Miscellaneous manufacturing,625973
2023Q1,food_beverage_tobacco,Food and beverage and tobacco products,2033671.33333
2023Q1,textiles,Textile mills and textile product mills,193909
2023Q1,apparel_leather,Apparel and leather and allied products,116122.666667
2023Q1,paper,Paper products,361531
2023Q1,printing,Printing and related support activities,374308.333333
2023Q1,petroleum_coal,Petroleum and coal products,103876
2023Q1,chemicals,Chemical products,895165.333333
2023Q1,plastics_rubber,Plastics and rubber products,741292.666667
2023Q1,wholesale,Wholesale trade,6043243
2023Q1,retail,Retail trade,15385067
2023Q1,air_transport,Air transportation,537900.666667
2023Q1,rail_transport,Rail transportation,578.333333333
2023Q1,water_transport,Water transportation,64833.6666667
2023Q1,truck_transport,Truck transportation,1548193.66667
2023Q1,transit_ground,Transit and ground passenger transportation,441368
2023Q1,pipeline,Pipeline transportation,51877
2023Q1,other_transport_support,Other transportation and support activities,831561.333333
2023Q1,warehousing,Warehousing and storage,1853030
2023Q1,information,Information,3058494
2023Q1,credit_intermediation,"Federal Reserve banks, credit intermediation, and related activities",2656156
2023Q1,securities,"Securities, commodity contracts, and investments",1052016
2023Q1,insurance,Insurance carriers and related activities,2531689
2023Q1,funds_trusts,"Funds, trusts, and other financial vehicles",29067
2023Q1,real_estate,Real estate,1772440
2023Q1,rental_leasing,Rental and leasing services and lessors of intangible assets,569778.666667
2023Q1,legal,Legal services,1167209
2023Q1,computer_systems,Computer systems design and related services,2477264.66667
2023Q1,misc_professional,"Miscellaneous professional, scientific, and technical services",7056270
2023Q1,management_companies,Management of companies and enterprises,2534442
2023Q1,admin_support,Administrative and support services,8733149.33333
2023Q1,waste_remediation,Waste management and remediation services,486361.666667
2023Q1,education,Educational services,3129565.66667
2023Q1,ambulatory_health,Ambulatory health care services,8305785
2023Q1,hospitals_nursing,"Hospitals, nursing and residential care facilities",8248619.33333
2023Q1,social_assistance,Social assistance,4303453.33333
2023Q1,performing_arts_museums,"Performing arts, spectator sports, museums, and related activities",639865
2023Q1,amusement_recreation,"Amusements, gambling, and recreation industries",1584136
2023Q1,accommodation,Accommodation,1776761.66667
2023Q1,food_services,Food services and drinking places,11756580.3333
2023Q1,other_services,"Other services, except government",4467549.33333
2023Q2,oil_gas_extraction,Oil and gas extraction,113741.666667
2023Q2,mining_except_oil_gas,"Mining, except oil and gas",189090.666667
2023Q2,support_mining,Support activities for mining,282101.333333
2023Q2,utilities,Utilities,573310.666667
2023Q2,construction,Construction,7989539.33333
2023Q2,wood_products,Wood products,419234.333333
2023Q2,nonmetallic_mineral,Nonmetallic mineral products,420168.333333
2023Q2,primary_metals,Primary metals,372819.333333
2023Q2,fabricated_metal,Fabricated metal products,1442898
2023Q2,machinery,Machinery,1129428
2023Q2,computer_electronic,Computer and electronic products,1100065
2023Q2,electrical_equipment,"Electrical equipment, appliances, and components",412373.666667
2023Q2,motor_vehicles,"Motor vehicles, bodies and trailers, and parts",1023756.33333
2023Q2,other_transport_equipment,Other transportation equipment,742433
2023Q2,furniture,Furniture and related products,358870
2023Q2,misc_manufacturing,Miscellaneous manufacturing,624925.666667
2023Q2,food_beverage_tobacco,Food and beverage and tobacco products,2060419
2023Q2,textiles,Textile mills and textile product mills,191694
2023Q2,apparel_leather,Apparel and leather and allied products,115156.333333
2023Q2,paper,Paper products,359049.666667
2023Q2,printing,Printing and related support activities,371049.666667
2023Q2,petroleum_coal,Petroleum and coal products,107949
2023Q2,chemicals,Chemical products,897883.666667
2023Q2,plastics_rubber,Plastics and rubber products,736001.666667
2023Q2,wholesale,Wholesale trade,6101954.66667
2023Q2,retail,Retail trade,15450051.3333
2023Q2,air_transport,Air transportation,550660.666667
2023Q2,rail_transport,Rail transportation,606.666666667
2023Q2,water_transport,Water transportation,68093.3333333
2023Q2,truck_transport,Truck transportation,1563020.33333
2023Q2,transit_ground,Transit and ground passenger transportation,437777
2023Q2,pipeline,Pipeline transportation,52752
2023Q2,other_transport_support,Other transportation and support activities,840218
2023Q2,warehousing,Warehousing and storage,1810378.66667
2023Q2,information,Information,2997614
2023Q2,credit_intermediation,"Federal Reserve banks, credit intermediation, and related activities",2647134.66667
2023Q2,securities,"Securities, commodity contracts, and investments",1063002.33333
2023Q2,insurance,Insurance carriers and related activities,2550431
2023Q2,funds_trusts,"Funds, trusts, and other financial vehicles",29708
2023Q2,real_estate,Real estate,1797106
2023Q2,rental_leasing,Rental and leasing services and lessors of intangible assets,595673
2023Q2,legal,Legal services,1181055.33333
2023Q2,computer_systems,Computer systems design and related services,2465606.66667
2023Q2,misc_professional,"Miscellaneous professional, scientific, and technical services",7093256.66667
2023Q2,management_companies,Management of companies and enterprises,2553687.33333
2023Q2,admin_support,Administrative and support services,8914550.33333
2023Q2,waste_remediation,Waste management and remediation services,496474
2023Q2,education,Educational services,3130908.66667
2023Q2,ambulatory_health,Ambulatory health care services,8409837
2023Q2,hospitals_nursing,"Hospitals, nursing and residential care facilities",8354709.33333
2023Q2,social_assistance,Social assistance,4394818
2023Q2,performing_arts_museums,"Performing arts, spectator sports, museums, and related activities",732586.666667
2023Q2,amusement_recreation,"Amusements, gambling, and recreation industries",1850229
2023Q2,accommodation,Accommodation,1888536.66667
2023Q2,food_services,Food services and drinking places,12235265.3333
2023Q2,other_services,"Other services, except government",4586832.66667
2023Q3,oil_gas_extraction,Oil and gas extraction,116892.666667
2023Q3,mining_except_oil_gas,"Mining, except oil and gas",191639.666667
2023Q3,support_mining,Support activities for mining,280749.666667
2023Q3,utilities,Utilities,580547.333333
2023Q3,construction,Construction,8149919.33333
2023Q3,wood_products,Wood products,419324.666667
2023Q3,nonmetallic_mineral,Nonmetallic mineral products,420986.333333
2023Q3,primary_metals,Primary metals,372351.333333
2023Q3,fabricated_metal,Fabricated metal products,1442128
2023Q3,machinery,Machinery,1126249.66667
2023Q3,computer_electronic,Computer and electronic products,1093462.33333
2023Q3,electrical_equipment,"Electrical equipment, appliances, and components",414666
2023Q3,motor_vehicles,"Motor vehicles, bodies and trailers, and parts",1023341.66667
2023Q3,other_transport_equipment,Other transportation equipment,762509.666667
2023Q3,furniture,Furniture and related products,354738.666667
2023Q3,misc_manufacturing,Miscellaneous manufacturing,621519
2023Q3,food_beverage_tobacco,Food and beverage and tobacco products,2102387
2023Q3,textiles,Textile mills and textile product mills,189037.666667
2023Q3,apparel_leather,Apparel and leather and allied products,114306.333333
2023Q3,paper,Paper products,356720
2023Q3,printing,Printing and related support activities,367792.333333
2023Q3,petroleum_coal,Petroleum and coal products,109672.666667
2023Q3,chemicals,Chemical products,895828.666667
2023Q3,plastics_rubber,Plastics and rubber products,731055.666667
2023Q3,wholesale,Wholesale trade,6123575.33333
2023Q3,retail,Retail trade,15482649
2023Q3,air_transport,Air transportation,558255.333333
2023Q3,rail_transport,Rail transportation,622
2023Q3,water_transport,Water transportation,69256
2023Q3,truck_transport,Truck transportation,1556357
2023Q3,transit_ground,Transit and ground passenger transportation,404498
2023Q3,pipeline,Pipeline transportation,53359.3333333
2023Q3,other_transport_support,Other transportation and support activities,846892.666667
2023Q3,warehousing,Warehousing and storage,1817334.66667
2023Q3,information,Information,2938020.33333
2023Q3,credit_intermediation,"Federal Reserve banks, credit intermediation, and related activities",2638832.33333
2023Q3,securities,"Securities, commodity contracts, and investments",1080463.33333
2023Q3,insurance,Insurance carriers and related activities,2567690.66667
2023Q3,funds_trusts,"Funds, trusts, and other financial vehicles",30450.3333333
2023Q3,real_estate,Real estate,1811370
2023Q3,rental_leasing,Rental and leasing services and lessors of intangible assets,607981.666667
2023Q3,legal,Legal services,1184419.33333
2023Q3,computer_systems,Computer systems design and related services,2455142.33333
2023Q3,misc_professional,"Miscellaneous professional, scientific, and technical services",7100177.66667
2023Q3,management_companies,Management of companies and enterprises,2559733
2023Q3,admin_support,Administrative and support services,8875874
2023Q3,waste_remediation,Waste management and remediation services,502098.333333
2023Q3,education,Educational services,2990225.33333
2023Q3,ambulatory_health,Ambulatory health care services,8469903.33333
2023Q3,hospitals_nursing,"Hospitals, nursing and residential care facilities",8499987
2023Q3,social_assistance,Social assistance,4440185.33333
2023Q3,performing_arts_museums,"Performing arts, spectator sports, museums, and related activities",745072.333333
2023Q3,amusement_recreation,"Amusements, gambling, and recreation industries",1965293.66667
2023Q3,accommodation,Accommodation,1964762.66667
2023Q3,food_services,Food services and drinking places,12297294.3333
2023Q3,other_services,"Other services, except government",4607322.66667
2023Q4,oil_gas_extraction,Oil and gas extraction,116623.666667
2023Q4,mining_except_oil_gas,"Mining, except oil and gas",189483.333333
2023Q4,support_mining,Support activities for mining,278260.333333
2023Q4,utilities,Utilities,582038
2023Q4,construction,Construction,8070966.33333
2023Q4,wood_products,Wood products,417307.333333
2023Q4,nonmetallic_mineral,Nonmetallic mineral products,415686.666667
2023Q4,primary_metals,Primary metals,370682
2023Q4,fabricated_metal,Fabricated metal products,1437133
2023Q4,machinery,Machinery,1118711.33333
2023Q4,computer_electronic,Computer and electronic products,1080541.33333
2023Q4,electrical_equipment,"Electrical equipment, appliances, and components",414356
2023Q4,motor_vehicles,"Motor vehicles, bodies and trailers, and parts",1005886.33333
2023Q4,other_transport_equipment,Other transportation equipment,766531.666667
2023Q4,furniture,Furniture and related products,349477.333333
2023Q4,misc_manufacturing,Miscellaneous manufacturing,619021.333333
2023Q4,food_beverage_tobacco,Food and beverage and tobacco products,2083101.66667
2023Q4,textiles,Textile mills and textile product mills,186670
2023Q4,apparel_leather,Apparel and leather and allied products,112767.666667
2023Q4,paper,Paper products,354483.333333
2023Q4,printing,Printing and related support activities,366139
2023Q4,petroleum_coal,Petroleum and coal products,108745.333333
2023Q4,chemicals,Chemical products,890517.666667
2023Q4,plastics_rubber,Plastics and rubber products,727291.333333
2023Q4,wholesale,Wholesale trade,6137933.33333
2023Q4,retail,Retail trade,15799514.3333
2023Q4,air_transport,Air transportation,560652.333333
2023Q4,rail_transport,Rail transportation,648.666666667
2023Q4,water_transport,Water transportation,67198
2023Q4,truck_transport,Truck transportation,1543478
2023Q4,transit_ground,Transit and ground passenger transportation,465515.333333
2023Q4,pipeline,Pipeline transportation,54598.6666667
2023Q4,other_transport_support,Other transportation and support activities,849064.666667
2023Q4,warehousing,Warehousing and storage,1961618.66667
2023Q4,information,Information,2920158
2023Q4,credit_intermediation,"Federal Reserve banks, credit intermediation, and related activities",2609231
2023Q4,securities,"Securities, commodity contracts, and investments",1075442.66667
2023Q4,insurance,Insurance carriers and related activities,2575287.66667
2023Q4,funds_trusts,"Funds, trusts, and other financial vehicles",30422.3333333
2023Q4,real_estate,Real estate,1812183
2023Q4,rental_leasing,Rental and leasing services and lessors of intangible assets,592851
2023Q4,legal,Legal services,1192769.33333
2023Q4,computer_systems,Computer systems design and related services,2443322.66667
2023Q4,misc_professional,"Miscellaneous professional, scientific, and technical services",7130172.66667
2023Q4,management_companies,Management of companies and enterprises,2554025
2023Q4,admin_support,Administrative and support services,8867367.66667
2023Q4,waste_remediation,Waste management and remediation services,500696
2023Q4,education,Educational services,3241737
2023Q4,ambulatory_health,Ambulatory health care services,8591228.66667
2023Q4,hospitals_nursing,"Hospitals, nursing and residential care facilities",8583602.33333
2023Q4,social_assistance,Social assistance,4504081
2023Q4,performing_arts_museums,"Performing arts, spectator sports, museums, and related activities",724629.333333
2023Q4,amusement_recreation,"Amusements, gambling, and recreation industries",1704628.66667
2023Q4,accommodation,Accommodation,1851222.33333
2023Q4,food_services,Food services and drinking places,12093287.3333
2023Q4,other_services,"Other services, except government",4605605.66667
2024Q1,oil_gas_extraction,Oil and gas extraction,121349.333333
2024Q1,mining_except_oil_gas,"Mining, except oil and gas",186297.666667
2024Q1,support_mining,Support activities for mining,277710
2024Q1,utilities,Utilities,586296.333333
2024Q1,construction,Construction,7811526.66667
2024Q1,wood_products,Wood products,414220
2024Q1,nonmetallic_mineral,Nonmetallic mineral products,409074
2024Q1,primary_metals,Primary metals,371114.333333
2024Q1,fabricated_metal,Fabricated metal products,1441928.33333
2024Q1,machinery,Machinery,1114428
2024Q1,computer_electronic,Computer and electronic products,1024532.33333
2024Q1,electrical_equipment,"Electrical equipment, appliances, and components",417009.333333
2024Q1,motor_vehicles,"Motor vehicles, bodies and trailers, and parts",1016289.66667
2024Q1,other_transport_equipment,Other transportation equipment,775227
2024Q1,furniture,Furniture and related products,347632.333333
2024Q1,misc_manufacturing,Miscellaneous manufacturing,616197
2024Q1,food_beverage_tobacco,Food and beverage and tobacco products,2062923.33333
2024Q1,textiles,Textile mills and textile product mills,183995.333333
2024Q1,apparel_leather,Apparel and leather and allied products,108459.333333
2024Q1,paper,Paper products,354745.333333
2024Q1,printing,Printing and related support activities,358788.333333
2024Q1,petroleum_coal,Petroleum and coal products,107409.333333
2024Q1,chemicals,Chemical products,892302.333333
2024Q1,plastics_rubber,Plastics and rubber products,723964.333333
2024Q1,wholesale,Wholesale trade,6079107.33333
2024Q1,retail,Retail trade,15361848.3333
2024Q1,air_transport,Air transportation,562859.333333
2024Q1,rail_transport,Rail transportation,586.666666667
2024Q1,water_transport,Water transportation,65826
2024Q1,truck_transport,Truck transportation,1499504
2024Q1,transit_ground,Transit and ground passenger transportation,546741.333333
2024Q1,pipeline,Pipeline transportation,54515.3333333
2024Q1,other_transport_support,Other transportation and support activities,836413.666667
2024Q1,warehousing,Warehousing and storage,1879664
2024Q1,information,Information,2925111
2024Q1,credit_intermediation,"Federal Reserve banks, credit intermediation, and related activities",2592733
2024Q1,securities,"Securities, commodity contracts, and investments",1068594.66667
2024Q1,insurance,Insurance carriers and related activities,2578723
2024Q1,funds_trusts,"Funds, trusts, and other financial vehicles",30959.6666667
2024Q1,real_estate,Real estate,1782917
2024Q1,rental_leasing,Rental and leasing services and lessors of intangible assets,580840
2024Q1,legal,Legal services,1181085
2024Q1,computer_systems,Computer systems design and related services,2434153.66667
2024Q1,misc_professional,"Miscellaneous professional, scientific, and technical services",7137928
2024Q1,management_companies,Management of companies and enterprises,2602705.33333
2024Q1,admin_support,Administrative and support services,8431156.33333
2024Q1,waste_remediation,Waste management and remediation services,497415.333333
2024Q1,education,Educational services,3226837
2024Q1,ambulatory_health,Ambulatory health care services,8621945.66667
2024Q1,hospitals_nursing,"Hospitals, nursing and residential care facilities",8640422
2024Q1,social_assistance,Social assistance,4593078.66667
2024Q1,performing_arts_museums,"Performing arts, spectator sports, museums, and related activities",690264.666667
2024Q1,amusement_recreation,"Amusements, gambling, and recreation industries",1674126
2024Q1,accommodation,Accommodation,1832136
2024Q1,food_services,Food services and drinking places,11912642.3333
2024Q1,other_services,"Other services, except government",4588074
2024Q2,oil_gas_extraction,Oil and gas extraction,121523.333333
2024Q2,mining_except_oil_gas,"Mining, except oil and gas",193131
2024Q2,support_mining,Support activities for mining,274649
2024Q2,utilities,Utilities,588013
2024Q2,construction,Construction,8177073
2024Q2,wood_products,Wood products,414151.666667
2024Q2,nonmetallic_mineral,Nonmetallic mineral products,418829.666667
2024Q2,primary_metals,Primary metals,370238.666667
2024Q2,fabricated_metal,Fabricated metal products,1442653.66667
2024Q2,machinery,Machinery,1111822.33333
2024Q2,computer_electronic,Computer and electronic products,1022259.33333
2024Q2,electrical_equipment,"Electrical equipment, appliances, and components",418524
2024Q2,motor_vehicles,"Motor vehicles, bodies and trailers, and parts",1012572.66667
2024Q2,other_transport_equipment,Other transportation equipment,775428.333333
2024Q2,furniture,Furniture and related products,346058.666667
2024Q2,misc_manufacturing,Miscellaneous manufacturing,615343.333333
2024Q2,food_beverage_tobacco,Food and beverage and tobacco products,2094128.33333
2024Q2,textiles,Textile mills and textile product mills,183241.333333
2024Q2,apparel_leather,Apparel and leather and allied products,108389.333333
2024Q2,paper,Paper products,354509
2024Q2,printing,Printing and related support activities,356803
2024Q2,petroleum_coal,Petroleum and coal products,111078
2024Q2,chemicals,Chemical products,894288.666667
2024Q2,plastics_rubber,Plastics and rubber products,723218.666667
2024Q2,wholesale,Wholesale trade,6118249.33333
2024Q2,retail,Retail trade,15420603
2024Q2,air_transport,Air transportation,567044
2024Q2,rail_transport,Rail transportation,594
2024Q2,water_transport,Water transportation,67951.6666667
2024Q2,truck_transport,Truck transportation,1513464.33333
2024Q2,transit_ground,Transit and ground passenger transportation,545229
2024Q2,pipeline,Pipeline transportation,54948.6666667
2024Q2,other_transport_support,Other transportation and support activities,845328
2024Q2,warehousing,Warehousing and storage,1834033.66667
2024Q2,information,Information,2911203.66667
2024Q2,credit_intermediation,"Federal Reserve banks, credit intermediation, and related activities",2583881
2024Q2,securities,"Securities, commodity contracts, and investments",1076187
2024Q2,insurance,Insurance carriers and related activities,2588144
2024Q2,funds_trusts,"Funds, trusts, and other financial vehicles",30924.6666667
2024Q2,real_estate,Real estate,1806798
2024Q2,rental_leasing,Rental and leasing services and lessors of intangible assets,600973.666667
2024Q2,legal,Legal services,1193158.66667
2024Q2,computer_systems,Computer systems design and related services,2427277.66667
2024Q2,misc_professional,"Miscellaneous professional, scientific, and technical services",7138544
2024Q2,management_companies,Management of companies and enterprises,2610585.33333
2024Q2,admin_support,Administrative and support services,8688221.66667
2024Q2,waste_remediation,Waste management and remediation services,507399.333333
2024Q2,education,Educational services,3216045
2024Q2,ambulatory_health,Ambulatory health care services,8719961
2024Q2,hospitals_nursing,"Hospitals, nursing and residential care facilities",8719555
2024Q2,social_assistance,Social assistance,4659146.33333
2024Q2,performing_arts_museums,"Performing arts, spectator sports, museums, and related activities",779536
2024Q2,amusement_recreation,"Amusements, gambling, and recreation industries",1937245.33333
2024Q2,accommodation,Accommodation,1939577.66667
2024Q2,food_services,Food services and drinking places,12360015.6667
2024Q2,other_services,"Other services, except government",4695297.66667
2024Q3,oil_gas_extraction,Oil and gas extraction,121824.666667
2024Q3,mining_except_oil_gas,"Mining, except oil and gas",193885
2024Q3,support_mining,Support activities for mining,273587.333333
2024Q3,utilities,Utilities,590800.666667
2024Q3,construction,Construction,8335298
2024Q3,wood_products,Wood products,412058
2024Q3,nonmetallic_mineral,Nonmetallic mineral products,420174
2024Q3,primary_metals,Primary metals,368544.666667
2024Q3,fabricated_metal,Fabricated metal products,1437239.66667
2024Q3,machinery,Machinery,1105283
2024Q3,computer_electronic,Computer and electronic products,1021101
2024Q3,electrical_equipment,"Electrical equipment, appliances, and components",421352
2024Q3,motor_vehicles,"Motor vehicles, bodies and trailers, and parts",989455.333333
2024Q3,other_transport_equipment,Other transportation equipment,777678.666667
2024Q3,furniture,Furniture and related products,343054
2024Q3,misc_manufacturing,Miscellaneous manufacturing,612552.333333
2024Q3,food_beverage_tobacco,Food and beverage and tobacco products,2136472.33333
2024Q3,textiles,Textile mills and textile product mills,180898.333333
2024Q3,apparel_leather,Apparel and leather and allied products,106972
2024Q3,paper,Paper products,354170.666667
2024Q3,printing,Printing and related support activities,354309.666667
2024Q3,petroleum_coal,Petroleum and coal products,112215
2024Q3,chemicals,Chemical products,896054
2024Q3,plastics_rubber,Plastics and rubber products,718900.666667
2024Q3,wholesale,Wholesale trade,6120463.66667
2024Q3,retail,Retail trade,15432363
2024Q3,air_transport,Air transportation,567070
2024Q3,rail_transport,Rail transportation,612.333333333
2024Q3,water_transport,Water transportation,69717
2024Q3,truck_transport,Truck transportation,1519006.33333
2024Q3,transit_ground,Transit and ground passenger transportation,507844.333333
2024Q3,pipeline,Pipeline transportation,55197.6666667
2024Q3,other_transport_support,Other transportation and support activities,855750.333333
2024Q3,warehousing,Warehousing and storage,1872101
2024Q3,information,Information,2901041
2024Q3,credit_intermediation,"Federal Reserve banks, credit intermediation, and related activities",2580600.33333
2024Q3,securities,"Securities, commodity contracts, and investments",1094708
2024Q3,insurance,Insurance carriers and related activities,2602563
2024Q3,funds_trusts,"Funds, trusts, and other financial vehicles",31579
2024Q3,real_estate,Real estate,1822893
2024Q3,rental_leasing,Rental and leasing services and lessors of intangible assets,606972.333333
2024Q3,legal,Legal services,1201315.33333
2024Q3,computer_systems,Computer systems design and related services,2438579
2024Q3,misc_professional,"Miscellaneous professional, scientific, and technical services",7149091
2024Q3,management_companies,Management of companies and enterprises,2622815.33333
2024Q3,admin_support,Administrative and support services,8656463.33333
2024Q3,waste_remediation,Waste management and remediation services,513842.666667
2024Q3,education,Educational services,3059934
2024Q3,ambulatory_health,Ambulatory health care services,8795655.33333
2024Q3,hospitals_nursing,"Hospitals, nursing and residential care facilities",8822723.33333
2024Q3,social_assistance,Social assistance,4697129.66667
2024Q3,performing_arts_museums,"Performing arts, spectator sports, museums, and related activities",781652.666667
2024Q3,amusement_recreation,"Amusements, gambling, and recreation industries",2030202.66667
2024Q3,accommodation,Accommodation,1999361.33333
2024Q3,food_services,Food services and drinking places,12312370.3333
2024Q3,other_services,"Other services, except government",4700353
2024Q4,oil_gas_extraction,Oil and gas extraction,120661.333333
2024Q4,mining_except_oil_gas,"Mining, except oil and gas",189200.666667
2024Q4,support_mining,Support activities for mining,271132
2024Q4,utilities,Utilities,592133.333333
2024Q4,construction,Construction,8217871.33333
2024Q4,wood_products,Wood products,408106.666667
2024Q4,nonmetallic_mineral,Nonmetallic mineral products,416751
2024Q4,primary_metals,Primary metals,365005
2024Q4,fabricated_metal,Fabricated metal products,1429094.33333
2024Q4,machinery,Machinery,1095993
2024Q4,computer_electronic,Computer and electronic products,1011248
2024Q4,electrical_equipment,"Electrical equipment, appliances, and components",423483
2024Q4,motor_vehicles,"Motor vehicles, bodies and trailers, and parts",974727
2024Q4,other_transport_equipment,Other transportation equipment,761042
2024Q4,furniture,Furniture and related products,338628.666667
2024Q4,misc_manufacturing,Miscellaneous manufacturing,608786.666667
2024Q4,food_beverage_tobacco,Food and beverage and tobacco products,2109755.66667
2024Q4,textiles,Textile mills and textile product mills,179396.666667
2024Q4,apparel_leather,Apparel and leather and allied products,106374.666667
2024Q4,paper,Paper products,353509.666667
2024Q4,printing,Printing and related support activities,354091
2024Q4,petroleum_coal,Petroleum and coal products,110310
2024Q4,chemicals,Chemical products,892031
2024Q4,plastics_rubber,Plastics and rubber products,712801
2024Q4,wholesale,Wholesale trade,6108949.33333
2024Q4,retail,Retail trade,15701962.6667
2024Q4,air_transport,Air transportation,563651.666667
2024Q4,rail_transport,Rail transportation,639.666666667
2024Q4,water_transport,Water transportation,67992.6666667
2024Q4,truck_transport,Truck transportation,1508467
2024Q4,transit_ground,Transit and ground passenger transportation,574386.666667
2024Q4,pipeline,Pipeline transportation,54916.6666667
2024Q4,other_transport_support,Other transportation and support activities,855758.333333
2024Q4,warehousing,Warehousing and storage,1982816.33333
2024Q4,information,Information,2882589
2024Q4,credit_intermediation,"Federal Reserve banks, credit intermediation, and related activities",2574404.33333
2024Q4,securities,"Securities, commodity contracts, and investments",1090294
2024Q4,insurance,Insurance carriers and related activities,2604311.33333
2024Q4,funds_trusts,"Funds, trusts, and other financial vehicles",32635.3333333
2024Q4,real_estate,Real estate,1831737.66667
2024Q4,rental_leasing,Rental and leasing services and lessors of intangible assets,591049.333333
2024Q4,legal,Legal services,1210914.66667
2024Q4,computer_systems,Computer systems design and related services,2431525
2024Q4,misc_professional,"Miscellaneous professional, scientific, and technical services",7182461
2024Q4,management_companies,Management of companies and enterprises,2616147
2024Q4,admin_support,Administrative and support services,8687904.33333
2024Q4,waste_remediation,Waste management and remediation services,512951
2024Q4,education,Educational services,3315511.66667
2024Q4,ambulatory_health,Ambulatory health care services,8945692.33333
2024Q4,hospitals_nursing,"Hospitals, nursing and residential care facilities",8886657.33333
2024Q4,social_assistance,Social assistance,4768585.33333
2024Q4,performing_arts_museums,"Performing arts, spectator sports, museums, and related activities",754628.333333
2024Q4,amusement_recreation,"Amusements, gambling, and recreation industries",1773276.33333
2024Q4,accommodation,Accommodation,1880652
2024Q4,food_services,Food services and drinking places,12134824.6667
2024Q4,other_services,"Other services, except government",4682287.66667
2025Q1,oil_gas_extraction,Oil and gas extraction,118370
2025Q1,mining_except_oil_gas,"Mining, except oil and gas",184025.666667
2025Q1,support_mining,Support activities for mining,268854.666667
2025Q1,utilities,Utilities,595903.333333
2025Q1,construction,Construction,7928850
2025Q1,wood_products,Wood products,404118.666667
2025Q1,nonmetallic_mineral,Nonmetallic mineral products,407357.333333
2025Q1,primary_metals,Primary metals,363008.666667
2025Q1,fabricated_metal,Fabricated metal products,1427944
2025Q1,machinery,Machinery,1092166
2025Q1,computer_electronic,Computer and electronic products,1001209.33333
2025Q1,electrical_equipment,"Electrical equipment, appliances, and components",426584.333333
2025Q1,motor_vehicles,"Motor vehicles, bodies and trailers, and parts",977118.333333
2025Q1,other_transport_equipment,Other transportation equipment,772092
2025Q1,furniture,Furniture and related products,336216.333333
2025Q1,misc_manufacturing,Miscellaneous manufacturing,611713
2025Q1,food_beverage_tobacco,Food and beverage and tobacco products,2083776.66667
2025Q1,textiles,Textile mills and textile product mills,176538.666667
2025Q1,apparel_leather,Apparel and leather and allied products,103398.666667
2025Q1,paper,Paper products,354728.666667
2025Q1,printing,Printing and related support activities,346767
2025Q1,petroleum_coal,Petroleum and coal products,107984.333333
2025Q1,chemicals,Chemical products,896411.666667
2025Q1,plastics_rubber,Plastics and rubber products,706258.333333
2025Q1,wholesale,Wholesale trade,6026774.66667
2025Q1,retail,Retail trade,15293987.6667
2025Q1,air_transport,Air transportation,566347.333333
2025Q1,rail_transport,Rail transportation,653
2025Q1,water_transport,Water transportation,66153.6666667
2025Q1,truck_transport,Truck transportation,1464617.33333
2025Q1,transit_ground,Transit and ground passenger transportation,571166
2025Q1,pipeline,Pipeline transportation,55610.3333333
2025Q1,other_transport_support,Other transportation and support activities,841387
2025Q1,warehousing,Warehousing and storage,1903787.33333
2025Q1,information,Information,2857756.66667
2025Q1,credit_intermediation,"Federal Reserve banks, credit intermediation, and related activities",2578746
2025Q1,securities,"Securities, commodity contracts, and investments",1088130.33333
2025Q1,insurance,Insurance carriers and related activities,2594794.33333
2025Q1,funds_trusts,"Funds, trusts, and other financial vehicles",32958.3333333
2025Q1,real_estate,Real estate,1792948
2025Q1,rental_leasing,Rental and leasing services and lessors of intangible assets,577427
2025Q1,legal,Legal services,1202416.33333
2025Q1,computer_systems,Computer systems design and related services,2406962
2025Q1,misc_professional,"Miscellaneous professional, scientific, and technical services",7139840.33333
2025Q1,management_companies,Management of companies and enterprises,2597878.66667
2025Q1,admin_support,Administrative and support services,8273834.33333
2025Q1,waste_remediation,Waste management and remediation services,509771.666667
2025Q1,education,Educational services,3294526.33333
2025Q1,ambulatory_health,Ambulatory health care services,8971007.66667
2025Q1,hospitals_nursing,"Hospitals, nursing and residential care facilities",8903331
2025Q1,social_assistance,Social assistance,4837209
2025Q1,performing_arts_museums,"Performing arts, spectator sports, museums, and related activities",701132.333333
2025Q1,amusement_recreation,"Amusements, gambling, and recreation industries",1728141
2025Q1,accommodation,Accommodation,1847355.33333
2025Q1,food_services,Food services and drinking places,11903471
2025Q1,other_services,"Other services, except government",4619114.66667
2025Q2,oil_gas_extraction,Oil and gas extraction,117252
2025Q2,mining_except_oil_gas,"Mining, except oil and gas",189977.333333
2025Q2,support_mining,Support activities for mining,269459.333333
2025Q2,utilities,Utilities,600921.666667
2025Q2,construction,Construction,8317261
2025Q2,wood_products,Wood products,405026
2025Q2,nonmetallic_mineral,Nonmetallic mineral products,416869.666667
2025Q2,primary_metals,Primary metals,362859.333333
2025Q2,fabricated_metal,Fabricated metal products,1428273.33333
2025Q2,machinery,Machinery,1090090.33333
2025Q2,computer_electronic,Computer and electronic products,1000888.66667
2025Q2,electrical_equipment,"Electrical equipment, appliances, and components",431944
2025Q2,motor_vehicles,"Motor vehicles, bodies and trailers, and parts",976227
2025Q2,other_transport_equipment,Other transportation equipment,766510.333333
2025Q2,furniture,Furniture and related products,335393
2025Q2,misc_manufacturing,Miscellaneous manufacturing,612062.666667
2025Q2,food_beverage_tobacco,Food and beverage and tobacco products,2104074.66667
2025Q2,textiles,Textile mills and textile product mills,175249
2025Q2,apparel_leather,Apparel and leather and allied products,102779
2025Q2,paper,Paper products,353357
2025Q2,printing,Printing and related support activities,345289.666667
2025Q2,petroleum_coal,Petroleum and coal products,110730.333333
2025Q2,chemicals,Chemical products,895293.333333
2025Q2,plastics_rubber,Plastics and rubber products,703812.666667
2025Q2,wholesale,Wholesale trade,6052816.66667
2025Q2,retail,Retail trade,15334293.3333
2025Q2,air_transport,Air transportation,572079
2025Q2,rail_transport,Rail transportation,670.333333333
2025Q2,water_transport,Water transportation,68803.6666667
2025Q2,truck_transport,Truck transportation,1485373
2025Q2,transit_ground,Transit and ground passenger transportation,566921.333333
2025Q2,pipeline,Pipeline transportation,56264.3333333
2025Q2,other_transport_support,Other transportation and support activities,852411.666667
2025Q2,warehousing,Warehousing and storage,1862303.33333
2025Q2,information,Information,2850774.66667
2025Q2,credit_intermediation,"Federal Reserve banks, credit intermediation, and related activities",2582663
2025Q2,securities,"Securities, commodity contracts, and investments",1098166
2025Q2,insurance,Insurance carriers and related activities,2594052.33333
2025Q2,funds_trusts,"Funds, trusts, and other financial vehicles",33341.3333333
2025Q2,real_estate,Real estate,1815924.66667
2025Q2,rental_leasing,Rental and leasing services and lessors of intangible assets,597953
2025Q2,legal,Legal services,1218839.33333
2025Q2,computer_systems,Computer systems design and related services,2388496.33333
2025Q2,misc_professional,"Miscellaneous professional, scientific, and technical services",7136191.33333
2025Q2,management_companies,Management of companies and enterprises,2601878.33333
2025Q2,admin_support,Administrative and support services,8565720.33333
2025Q2,waste_remediation,Waste management and remediation services,518881
2025Q2,education,Educational services,3258327.33333
2025Q2,ambulatory_health,Ambulatory health care services,8955520.66667
2025Q2,hospitals_nursing,"Hospitals, nursing and residential care facilities",8964855
2025Q2,social_assistance,Social assistance,5003404.33333
2025Q2,performing_arts_museums,"Performing arts, spectator sports, museums, and related activities",786864
2025Q2,amusement_recreation,"Amusements, gambling, and recreation industries",1997708
2025Q2,accommodation,Accommodation,1944537.33333
2025Q2,food_services,Food services and drinking places,12362416.3333
2025Q2,other_services,"Other services, except government",4712337.33333
2025Q3,oil_gas_extraction,Oil and gas extraction,116623.333333
2025Q3,mining_except_oil_gas,"Mining, except oil and gas",190438
2025Q3,support_mining,Support activities for mining,264878.666667
2025Q3,utilities,Utilities,605165.333333
2025Q3,construction,Construction,8438779
2025Q3,wood_products,Wood products,401588.666667
2025Q3,nonmetallic_mineral,Nonmetallic mineral products,417108.333333
2025Q3,primary_metals,Primary metals,362647.333333
2025Q3,fabricated_metal,Fabricated metal products,1424436.33333
2025Q3,machinery,Machinery,1085690.66667
2025Q3,computer_electronic,Computer and electronic products,999564.333333
2025Q3,electrical_equipment,"Electrical equipment, appliances, and components",434954
2025Q3,motor_vehicles,"Motor vehicles, bodies and trailers, and parts",956008.333333
2025Q3,other_transport_equipment,Other transportation equipment,769281.666667
2025Q3,furniture,Furniture and related products,332388.333333
2025Q3,misc_manufacturing,Miscellaneous manufacturing,609807.333333
2025Q3,food_beverage_tobacco,Food and beverage and tobacco products,2123974
2025Q3,textiles,Textile mills and textile product mills,172285.666667
2025Q3,apparel_leather,Apparel and leather and allied products,101553
2025Q3,paper,Paper products,351602
2025Q3,printing,Printing and related support activities,342141.333333
2025Q3,petroleum_coal,Petroleum and coal products,110562.666667
2025Q3,chemicals,Chemical products,892400.666667
2025Q3,plastics_rubber,Plastics and rubber products,698431
2025Q3,wholesale,Wholesale trade,6038725.33333
2025Q3,retail,Retail trade,15333353.3333
2025Q3,air_transport,Air transportation,574306
2025Q3,rail_transport,Rail transportation,692.666666667
2025Q3,water_transport,Water transportation,70874.3333333
2025Q3,truck_transport,Truck transportation,1489054.66667
2025Q3,transit_ground,Transit and ground passenger transportation,526569
2025Q3,pipeline,Pipeline transportation,56376.3333333
2025Q3,other_transport_support,Other transportation and support activities,854526.666667
2025Q3,warehousing,Warehousing and storage,1879753.33333
2025Q3,information,Information,2852138.33333
2025Q3,credit_intermediation,"Federal Reserve banks, credit intermediation, and related activities",2586517.33333
2025Q3,securities,"Securities, commodity contracts, and investments",1116288.33333
2025Q3,insurance,Insurance carriers and related activities,2595326.33333
2025Q3,funds_trusts,"Funds, trusts, and other financial vehicles",33603.3333333
2025Q3,real_estate,Real estate,1826061.33333
2025Q3,rental_leasing,Rental and leasing services and lessors of intangible assets,605501.666667
2025Q3,legal,Legal services,1226987
2025Q3,computer_systems,Computer systems design and related services,2389316.33333
2025Q3,misc_professional,"Miscellaneous professional, scientific, and technical services",7118371.33333
2025Q3,management_companies,Management of companies and enterprises,2613625.66667
2025Q3,admin_support,Administrative and support services,8560835.33333
2025Q3,waste_remediation,Waste management and remediation services,523437.333333
2025Q3,education,Educational services,3097253.33333
2025Q3,ambulatory_health,Ambulatory health care services,9004445.66667
2025Q3,hospitals_nursing,"Hospitals, nursing and residential care facilities",9031866
2025Q3,social_assistance,Social assistance,5018680.66667
2025Q3,performing_arts_museums,"Performing arts, spectator sports, museums, and related activities",784539.333333
2025Q3,amusement_recreation,"Amusements, gambling, and recreation industries",2080856.66667
2025Q3,accommodation,Accommodation,2000579
2025Q3,food_services,Food services and drinking places,12342550
2025Q3,other_services,"Other services, except government",4696271
2025Q4,oil_gas_extraction,Oil and gas extraction,114862.333333
2025Q4,mining_except_oil_gas,"Mining, except oil and gas",187088.333333
2025Q4,support_mining,Support activities for mining,261395.333333
2025Q4,utilities,Utilities,606331.666667
2025Q4,construction,Construction,8319118.66667
2025Q4,wood_products,Wood products,396547.666667
2025Q4,nonmetallic_mineral,Nonmetallic mineral products,413469.333333
2025Q4,primary_metals,Primary metals,361662
2025Q4,fabricated_metal,Fabricated metal products,1422217.33333
2025Q4,machinery,Machinery,1081722
2025Q4,computer_electronic,Computer and electronic products,991211.333333
2025Q4,electrical_equipment,"Electrical equipment, appliances, and components",437547.333333
2025Q4,motor_vehicles,"Motor vehicles, bodies and trailers, and parts",952148.333333
2025Q4,other_transport_equipment,Other transportation equipment,775131.333333
2025Q4,furniture,Furniture and related products,328517.333333
2025Q4,misc_manufacturing,Miscellaneous manufacturing,608935.333333
2025Q4,food_beverage_tobacco,Food and beverage and tobacco products,2100838.33333
2025Q4,textiles,Textile mills and textile product mills,172192.333333
2025Q4,apparel_leather,Apparel and leather and allied products,102246.666667
2025Q4,paper,Paper products,347018.666667
2025Q4,printing,Printing and related support activities,343378.666667
2025Q4,petroleum_coal,Petroleum and coal products,108005
2025Q4,chemicals,Chemical products,885598.666667
2025Q4,plastics_rubber,Plastics and rubber products,692687
2025Q4,wholesale,Wholesale trade,6030534
2025Q4,retail,Retail trade,15602694.3333
2025Q4,air_transport,Air transportation,574797
2025Q4,rail_transport,Rail transportation,690
2025Q4,water_transport,Water transportation,68534
2025Q4,truck_transport,Truck transportation,1475775.33333
2025Q4,transit_ground,Transit and ground passenger transportation,592916
2025Q4,pipeline,Pipeline transportation,56367
2025Q4,other_transport_support,Other transportation and support activities,846036
2025Q4,warehousing,Warehousing and storage,1962061
2025Q4,information,Information,2842946.66667
2025Q4,credit_intermediation,"Federal Reserve banks, credit intermediation, and related activities",2584306.33333
2025Q4,securities,"Securities, commodity contracts, and investments",1113336.33333
2025Q4,insurance,Insurance carriers and related activities,2598814
2025Q4,funds_trusts,"Funds, trusts, and other financial vehicles",34481.3333333
2025Q4,real_estate,Real estate,1837667
2025Q4,rental_leasing,Rental and leasing services and lessors of intangible assets,590987.666667
2025Q4,legal,Legal services,1237641.33333
2025Q4,computer_systems,Computer systems design and related services,2387422.66667
2025Q4,misc_professional,"Miscellaneous professional, scientific, and technical services",7151337.33333
2025Q4,management_companies,Management of companies and enterprises,2617572
2025Q4,admin_support,Administrative and support services,8656236
2025Q4,waste_remediation,Waste management and remediation services,519984.333333
2025Q4,education,Educational services,3336637.33333
2025Q4,ambulatory_health,Ambulatory health care services,9136778.33333
2025Q4,hospitals_nursing,"Hospitals, nursing and residential care facilities",9085786.33333
2025Q4,social_assistance,Social assistance,5077757.66667
2025Q4,performing_arts_museums,"Performing arts, spectator sports, museums, and related activities",763578.333333
2025Q4,amusement_recreation,"Amusements, gambling, and recreation industries",1828095.66667
2025Q4,accommodation,Accommodation,1883665
2025Q4,food_services,Food services and drinking places,12194623.6667
2025Q4,other_services,"Other services, except government",4675798
