quarter,node_key,node_name,employment
2005Q1,oil_gas_extraction,Oil and gas extraction,123100
2005Q1,mining_except_oil_gas,"Mining, except oil and gas",200533.333333
2005Q1,support_mining,Support activities for mining,207533.333333
2005Q1,utilities,Utilities,554566.666667
2005Q1,construction,Construction,6739666.66667
2005Q1,wood_products,Wood products,549733.333333
2005Q1,nonmetallic_mineral,Nonmetallic mineral products,487566.666667
2005Q1,primary_metals,Primary metals,468000
2005Q1,fabricated_metal,Fabricated metal products,1507800
2005Q1,machinery,Machinery,1154833.33333
2005Q1,computer_electronic,Computer and electronic products,1313400
2005Q1,electrical_equipment,"Electrical equipment, appliances, and components",438966.666667
2005Q1,motor_vehicles,"Motor vehicles, bodies and trailers, and parts",1775333.33333
2005Q1,other_transport_equipment,Other transportation equipment,663875.333333
2005Q1,furniture,Furniture and related products,568566.666667
2005Q1,misc_manufacturing,Miscellaneous manufacturing,644900
2005Q1,food_beverage_tobacco,Food and beverage and tobacco products,1639844.66667
2005Q1,textiles,Textile mills and textile product mills,401000
2005Q1,apparel_leather,Apparel and leather and allied products,301431.333333
2005Q1,paper,Paper products,488100
2005Q1,printing,Printing and related support activities,647433.333333
2005Q1,petroleum_coal,Petroleum and coal products,108833.333333
2005Q1,chemicals,Chemical products,874733.333333
2005Q1,plastics_rubber,Plastics and rubber products,797366.666667
2005Q1,wholesale,Wholesale trade,5616733.33333
2005Q1,retail,Retail trade,14941533.3333
2005Q1,air_transport,Air transportation,504266.666667
2005Q1,rail_transport,Rail transportation,191433.333333
2005Q1,water_transport,Water transportation,55766.6666667
2005Q1,truck_transport,Truck transportation,1352466.66667
2005Q1,transit_ground,Transit and ground passenger transportation,408266.666667
2005Q1,pipeline,Pipeline transportation,37800
2005Q1,other_transport_support,Other transportation and support activities,577633.333333
2005Q1,warehousing,Warehousing and storage,578900
2005Q1,information,Information,3051333.33333
2005Q1,credit_intermediation,"Federal Reserve banks, credit intermediation, and related activities",2859666.66667
2005Q1,securities,"Securities, commodity contracts, and investments",780309.666667
2005Q1,insurance,Insurance carriers and related activities,2332066.66667
2005Q1,funds_trusts,"Funds, trusts, and other financial vehicles",829333.333333
2005Q1,real_estate,Real estate,1417466.66667
2005Q1,rental_leasing,Rental and leasing services and lessors of intangible assets,661433.333333
2005Q1,legal,Legal services,1149967.33333
2005Q1,computer_systems,Computer systems design and related services,1170532
2005Q1,misc_professional,"Miscellaneous professional, scientific, and technical services",4658654
2005Q1,management_companies,Management of companies and enterprises,1770566.66667
2005Q1,admin_support,Administrative and support services,7373700
2005Q1,waste_remediation,Waste management and remediation services,328600
2005Q1,education,Educational services,2882100
2005Q1,ambulatory_health,Ambulatory health care services,5062666.66667
2005Q1,hospitals_nursing,"Hospitals, nursing and residential care facilities",7104333.33333
2005Q1,social_assistance,Social assistance,2477033.33333
2005Q1,performing_arts_museums,"Performing arts, spectator sports, museums, and related activities",450000
2005Q1,amusement_recreation,"Amusements, gambling, and recreation industries",1219133.33333
2005Q1,accommodation,Accommodation,1732866.66667
2005Q1,food_services,Food services and drinking places,8791100
2005Q1,other_services,"Other services, except government",5350333.33333
2005Q2,oil_gas_extraction,Oil and gas extraction,125166.666667
2005Q2,mining_except_oil_gas,"Mining, except oil and gas",214966.666667
2005Q2,support_mining,Support activities for mining,220266.666667
2005Q2,utilities,Utilities,554200
2005Q2,construction,Construction,7354000
2005Q2,wood_products,Wood products,559566.666667
2005Q2,nonmetallic_mineral,Nonmetallic mineral products,510600
2005Q2,primary_metals,Primary metals,467233.333333
2005Q2,fabricated_metal,Fabricated metal products,1521700
2005Q2,machinery,Machinery,1166900
2005Q2,computer_electronic,Computer and electronic products,1316066.66667
2005Q2,electrical_equipment,"Electrical equipment, appliances, and components",435433.333333
2005Q2,motor_vehicles,"Motor vehicles, bodies and trailers, and parts",1787366.66667
2005Q2,other_transport_equipment,Other transportation equipment,672683.333333
2005Q2,furniture,Furniture and related products,567266.666667
2005Q2,misc_manufacturing,Miscellaneous manufacturing,647200
2005Q2,food_beverage_tobacco,Food and beverage and tobacco products,1654082
2005Q2,textiles,Textile mills and textile product mills,400600
2005Q2,apparel_leather,Apparel and leather and allied products,301130.333333
2005Q2,paper,Paper products,485766.666667
2005Q2,printing,Printing and related support activities,649200
2005Q2,petroleum_coal,Petroleum and coal products,113766.666667
2005Q2,chemicals,Chemical products,876433.333333
2005Q2,plastics_rubber,Plastics and rubber products,803166.666667
2005Q2,wholesale,Wholesale trade,5706433.33333
2005Q2,retail,Retail trade,15156200
2005Q2,air_transport,Air transportation,507800
2005Q2,rail_transport,Rail transportation,193700
2005Q2,water_transport,Water transportation,61033.3333333
2005Q2,truck_transport,Truck transportation,1395966.66667
2005Q2,transit_ground,Transit and ground passenger transportation,404300
2005Q2,pipeline,Pipeline transportation,37700
2005Q2,other_transport_support,Other transportation and support activities,590033.333333
2005Q2,warehousing,Warehousing and storage,586633.333333
2005Q2,information,Information,3068333.33333
2005Q2,credit_intermediation,"Federal Reserve banks, credit intermediation, and related activities",2879366.66667
2005Q2,securities,"Securities, commodity contracts, and investments",787390.666667
2005Q2,insurance,Insurance carriers and related activities,2331033.33333
2005Q2,funds_trusts,"Funds, trusts, and other financial vehicles",828033.333333
2005Q2,real_estate,Real estate,1452500
2005Q2,rental_leasing,Rental and leasing services and lessors of intangible assets,677400
2005Q2,legal,Legal services,1169128
2005Q2,computer_systems,Computer systems design and related services,1186281.66667
2005Q2,misc_professional,"Miscellaneous professional, scientific, and technical services",4653245.66667
2005Q2,management_companies,Management of companies and enterprises,1797300
2005Q2,admin_support,Administrative and support services,7838100
2005Q2,waste_remediation,Waste management and remediation services,335933.333333
2005Q2,education,Educational services,2826966.66667
2005Q2,ambulatory_health,Ambulatory health care services,5124900
2005Q2,hospitals_nursing,"Hospitals, nursing and residential care facilities",7152233.33333
2005Q2,social_assistance,Social assistance,2528600
2005Q2,performing_arts_museums,"Performing arts, spectator sports, museums, and related activities",511933.333333
2005Q2,amusement_recreation,"Amusements, gambling, and recreation industries",1473733.33333
2005Q2,accommodation,Accommodation,1837100
2005Q2,food_services,Food services and drinking places,9221700
2005Q2,other_services,"Other services, except government",5423333.33333
2005Q3,oil_gas_extraction,Oil and gas extraction,126933.333333
2005Q3,mining_except_oil_gas,"Mining, except oil and gas",218966.666667
2005Q3,support_mining,Support activities for mining,227866.666667
2005Q3,utilities,Utilities,556366.666667
2005Q3,construction,Construction,7667000
2005Q3,wood_products,Wood products,567866.666667
2005Q3,nonmetallic_mineral,Nonmetallic mineral products,514700
2005Q3,primary_metals,Primary metals,463933.333333
2005Q3,fabricated_metal,Fabricated metal products,1526300
2005Q3,machinery,Machinery,1166200
2005Q3,computer_electronic,Computer and electronic products,1318966.66667
2005Q3,electrical_equipment,"Electrical equipment, appliances, and components",430966.666667
2005Q3,motor_vehicles,"Motor vehicles, bodies and trailers, and parts",1751600
2005Q3,other_transport_equipment,Other transportation equipment,670970.666667
2005Q3,furniture,Furniture and related products,565466.666667
2005Q3,misc_manufacturing,Miscellaneous manufacturing,649100
2005Q3,food_beverage_tobacco,Food and beverage and tobacco products,1706465.66667
2005Q3,textiles,Textile mills and textile product mills,391200
2005Q3,apparel_leather,Apparel and leather and allied products,295629.333333
2005Q3,paper,Paper products,484666.666667
2005Q3,printing,Printing and related support activities,645733.333333
2005Q3,petroleum_coal,Petroleum and coal products,115133.333333
2005Q3,chemicals,Chemical products,872266.666667
2005Q3,plastics_rubber,Plastics and rubber products,803500
2005Q3,wholesale,Wholesale trade,5740633.33333
2005Q3,retail,Retail trade,15269033.3333
2005Q3,air_transport,Air transportation,502133.333333
2005Q3,rail_transport,Rail transportation,193266.666667
2005Q3,water_transport,Water transportation,63066.6666667
2005Q3,truck_transport,Truck transportation,1422000
2005Q3,transit_ground,Transit and ground passenger transportation,356233.333333
2005Q3,pipeline,Pipeline transportation,38133.3333333
2005Q3,other_transport_support,Other transportation and support activities,604233.333333
2005Q3,warehousing,Warehousing and storage,604900
2005Q3,information,Information,3066666.66667
2005Q3,credit_intermediation,"Federal Reserve banks, credit intermediation, and related activities",2903233.33333
2005Q3,securities,"Securities, commodity contracts, and investments",802778
2005Q3,insurance,Insurance carriers and related activities,2336033.33333
2005Q3,funds_trusts,"Funds, trusts, and other financial vehicles",834800
2005Q3,real_estate,Real estate,1490200
2005Q3,rental_leasing,Rental and leasing services and lessors of intangible assets,684833.333333
2005Q3,legal,Legal services,1178553.66667
2005Q3,computer_systems,Computer systems design and related services,1202878.33333
2005Q3,misc_professional,"Miscellaneous professional, scientific, and technical services",4672588
2005Q3,management_companies,Management of companies and enterprises,1810566.66667
2005Q3,admin_support,Administrative and support services,8049733.33333
2005Q3,waste_remediation,Waste management and remediation services,347066.666667
2005Q3,education,Educational services,2612200
2005Q3,ambulatory_health,Ambulatory health care services,5171166.66667
2005Q3,hospitals_nursing,"Hospitals, nursing and residential care facilities",7205066.66667
2005Q3,social_assistance,Social assistance,2512633.33333
2005Q3,performing_arts_museums,"Performing arts, spectator sports, museums, and related activities",535633.333333
2005Q3,amusement_recreation,"Amusements, gambling, and recreation industries",1586966.66667
2005Q3,accommodation,Accommodation,1927266.66667
2005Q3,food_services,Food services and drinking places,9300666.66667
2005Q3,other_services,"Other services, except government",5428666.66667
2005Q4,oil_gas_extraction,Oil and gas extraction,127500
2005Q4,mining_except_oil_gas,"Mining, except oil and gas",216766.666667
2005Q4,support_mining,Support activities for mining,239133.333333
2005Q4,utilities,Utilities,550700
2005Q4,construction,Construction,7584666.66667
2005Q4,wood_products,Wood products,566933.333333
2005Q4,nonmetallic_mineral,Nonmetallic mineral products,508333.333333
2005Q4,primary_metals,Primary metals,465000
2005Q4,fabricated_metal,Fabricated metal products,1532200
2005Q4,machinery,Machinery,1174133.33333
2005Q4,computer_electronic,Computer and electronic products,1311366.66667
2005Q4,electrical_equipment,"Electrical equipment, appliances, and components",428766.666667
2005Q4,motor_vehicles,"Motor vehicles, bodies and trailers, and parts",1774733.33333
2005Q4,other_transport_equipment,Other transportation equipment,679635.333333
2005Q4,furniture,Furniture and related products,563966.666667
2005Q4,misc_manufacturing,Miscellaneous manufacturing,647766.666667
2005Q4,food_beverage_tobacco,Food and beverage and tobacco products,1678045.66667
2005Q4,textiles,Textile mills and textile product mills,383300
2005Q4,apparel_leather,Apparel and leather and allied products,288582.333333
2005Q4,paper,Paper products,478300
2005Q4,printing,Printing and related support activities,642900
2005Q4,petroleum_coal,Petroleum and coal products,110733.333333
2005Q4,chemicals,Chemical products,865066.666667
2005Q4,plastics_rubber,Plastics and rubber products,805133.333333
2005Q4,wholesale,Wholesale trade,5759100
2005Q4,retail,Retail trade,15643933.3333
2005Q4,air_transport,Air transportation,488866.666667
2005Q4,rail_transport,Rail transportation,192133.333333
2005Q4,water_transport,Water transportation,62366.6666667
2005Q4,truck_transport,Truck transportation,1421333.33333
2005Q4,transit_ground,Transit and ground passenger transportation,416600
2005Q4,pipeline,Pipeline transportation,37666.6666667
2005Q4,other_transport_support,Other transportation and support activities,594566.666667
2005Q4,warehousing,Warehousing and storage,625133.333333
2005Q4,information,Information,3057000
2005Q4,credit_intermediation,"Federal Reserve banks, credit intermediation, and related activities",2916500
2005Q4,securities,"Securities, commodity contracts, and investments",804676.333333
2005Q4,insurance,Insurance carriers and related activities,2356366.66667
2005Q4,funds_trusts,"Funds, trusts, and other financial vehicles",844766.666667
2005Q4,real_estate,Real estate,1483100
2005Q4,rental_leasing,Rental and leasing services and lessors of intangible assets,667133.333333
2005Q4,legal,Legal services,1175491.33333
2005Q4,computer_systems,Computer systems design and related services,1227843.66667
2005Q4,misc_professional,"Miscellaneous professional, scientific, and technical services",4776544.66667
2005Q4,management_companies,Management of companies and enterprises,1808433.33333
2005Q4,admin_support,Administrative and support services,8086633.33333
2005Q4,waste_remediation,Waste management and remediation services,338833.333333
2005Q4,education,Educational services,3021933.33333
2005Q4,ambulatory_health,Ambulatory health care services,5216133.33333
2005Q4,hospitals_nursing,"Hospitals, nursing and residential care facilities",7219100
2005Q4,social_assistance,Social assistance,2587533.33333
2005Q4,performing_arts_museums,"Performing arts, spectator sports, museums, and related activities",490400
2005Q4,amusement_recreation,"Amusements, gambling, and recreation industries",1301433.33333
2005Q4,accommodation,Accommodation,1777233.33333
2005Q4,food_services,Food services and drinking places,9104233.33333
2005Q4,other_services,"Other services, except government",5377000
2006Q1,oil_gas_extraction,Oil and gas extraction,129033.333333
2006Q1,mining_except_oil_gas,"Mining, except oil and gas",209466.666667
2006Q1,support_mining,Support activities for mining,244566.666667
2006Q1,utilities,Utilities,547033.333333
2006Q1,construction,Construction,7245666.66667
2006Q1,wood_products,Wood products,563666.666667
2006Q1,nonmetallic_mineral,Nonmetallic mineral products,496100
2006Q1,primary_metals,Primary metals,464333.333333
2006Q1,fabricated_metal,Fabricated metal products,1533800
2006Q1,machinery,Machinery,1173966.66667
2006Q1,computer_electronic,Computer and electronic products,1301433.33333
2006Q1,electrical_equipment,"Electrical equipment, appliances, and components",431766.666667
2006Q1,motor_vehicles,"Motor vehicles, bodies and trailers, and parts",1770100
2006Q1,other_transport_equipment,Other transportation equipment,685398.333333
2006Q1,furniture,Furniture and related products,561600
2006Q1,misc_manufacturing,Miscellaneous manufacturing,642100
2006Q1,food_beverage_tobacco,Food and beverage and tobacco products,1637854
2006Q1,textiles,Textile mills and textile product mills,375466.666667
2006Q1,apparel_leather,Apparel and leather and allied products,278547.333333
2006Q1,paper,Paper products,474700
2006Q1,printing,Printing and related support activities,634366.666667
2006Q1,petroleum_coal,Petroleum and coal products,107666.666667
2006Q1,chemicals,Chemical products,863933.333333
2006Q1,plastics_rubber,Plastics and rubber products,799366.666667
2006Q1,wholesale,Wholesale trade,5753866.66667
2006Q1,retail,Retail trade,15121533.3333
2006Q1,air_transport,Air transportation,482966.666667
2006Q1,rail_transport,Rail transportation,189100
2006Q1,water_transport,Water transportation,60300
2006Q1,truck_transport,Truck transportation,1392566.66667
2006Q1,transit_ground,Transit and ground passenger transportation,417100
2006Q1,pipeline,Pipeline transportation,38166.6666667
2006Q1,other_transport_support,Other transportation and support activities,595000
2006Q1,warehousing,Warehousing and storage,624833.333333
2006Q1,information,Information,3041000
2006Q1,credit_intermediation,"Federal Reserve banks, credit intermediation, and related activities",2929266.66667
2006Q1,securities,"Securities, commodity contracts, and investments",803072
2006Q1,insurance,Insurance carriers and related activities,2372200
2006Q1,funds_trusts,"Funds, trusts, and other financial vehicles",853600
2006Q1,real_estate,Real estate,1473833.33333
2006Q1,rental_leasing,Rental and leasing services and lessors of intangible assets,656033.333333
2006Q1,legal,Legal services,1160861.33333
2006Q1,computer_systems,Computer systems design and related services,1243360.66667
2006Q1,misc_professional,"Miscellaneous professional, scientific, and technical services",4897032.66667
2006Q1,management_companies,Management of companies and enterprises,1823500
2006Q1,admin_support,Administrative and support services,7648300
2006Q1,waste_remediation,Waste management and remediation services,338366.666667
2006Q1,education,Educational services,2963133.33333
2006Q1,ambulatory_health,Ambulatory health care services,5240933.33333
2006Q1,hospitals_nursing,"Hospitals, nursing and residential care facilities",7217666.66667
2006Q1,social_assistance,Social assistance,2619200
2006Q1,performing_arts_museums,"Performing arts, spectator sports, museums, and related activities",466266.666667
2006Q1,amusement_recreation,"Amusements, gambling, and recreation industries",1241866.66667
2006Q1,accommodation,Accommodation,1748433.33333
2006Q1,food_services,Food services and drinking places,9026866.66667
2006Q1,other_services,"Other services, except government",5381333.33333
2006Q2,oil_gas_extraction,Oil and gas extraction,133933.333333
2006Q2,mining_except_oil_gas,"Mining, except oil and gas",223000
2006Q2,support_mining,Support activities for mining,261400
2006Q2,utilities,Utilities,549100
2006Q2,construction,Construction,7760333.33333
2006Q2,wood_products,Wood products,570766.666667
2006Q2,nonmetallic_mineral,Nonmetallic mineral products,514833.333333
2006Q2,primary_metals,Primary metals,466733.333333
2006Q2,fabricated_metal,Fabricated metal products,1551400
2006Q2,machinery,Machinery,1183766.66667
2006Q2,computer_electronic,Computer and electronic products,1310666.66667
2006Q2,electrical_equipment,"Electrical equipment, appliances, and components",435000
2006Q2,motor_vehicles,"Motor vehicles, bodies and trailers, and parts",1790733.33333
2006Q2,other_transport_equipment,Other transportation equipment,688900.666667
2006Q2,furniture,Furniture and related products,567266.666667
2006Q2,misc_manufacturing,Miscellaneous manufacturing,642833.333333
2006Q2,food_beverage_tobacco,Food and beverage and tobacco products,1647936.66667
2006Q2,textiles,Textile mills and textile product mills,367133.333333
2006Q2,apparel_leather,Apparel and leather and allied products,279458.333333
2006Q2,paper,Paper products,471766.666667
2006Q2,printing,Printing and related support activities,636066.666667
2006Q2,petroleum_coal,Petroleum and coal products,113466.666667
2006Q2,chemicals,Chemical products,865633.333333
2006Q2,plastics_rubber,Plastics and rubber products,797000
2006Q2,wholesale,Wholesale trade,5845800
2006Q2,retail,Retail trade,15218966.6667
2006Q2,air_transport,Air transportation,486333.333333
2006Q2,rail_transport,Rail transportation,192166.666667
2006Q2,water_transport,Water transportation,62900
2006Q2,truck_transport,Truck transportation,1431866.66667
2006Q2,transit_ground,Transit and ground passenger transportation,416966.666667
2006Q2,pipeline,Pipeline transportation,38566.6666667
2006Q2,other_transport_support,Other transportation and support activities,610100
2006Q2,warehousing,Warehousing and storage,631833.333333
2006Q2,information,Information,3046666.66667
2006Q2,credit_intermediation,"Federal Reserve banks, credit intermediation, and related activities",2951400
2006Q2,securities,"Securities, commodity contracts, and investments",814573
2006Q2,insurance,Insurance carriers and related activities,2380300
2006Q2,funds_trusts,"Funds, trusts, and other financial vehicles",862666.666667
2006Q2,real_estate,Real estate,1505466.66667
2006Q2,rental_leasing,Rental and leasing services and lessors of intangible assets,679366.666667
2006Q2,legal,Legal services,1175716.66667
2006Q2,computer_systems,Computer systems design and related services,1267913.33333
2006Q2,misc_professional,"Miscellaneous professional, scientific, and technical services",4911094
2006Q2,management_companies,Management of companies and enterprises,1850733.33333
2006Q2,admin_support,Administrative and support services,8089400
2006Q2,waste_remediation,Waste management and remediation services,349566.666667
2006Q2,education,Educational services,2894666.66667
2006Q2,ambulatory_health,Ambulatory health care services,5294933.33333
2006Q2,hospitals_nursing,"Hospitals, nursing and residential care facilities",7264066.66667
2006Q2,social_assistance,Social assistance,2658200
2006Q2,performing_arts_museums,"Performing arts, spectator sports, museums, and related activities",541033.333333
2006Q2,amusement_recreation,"Amusements, gambling, and recreation industries",1475133.33333
2006Q2,accommodation,Accommodation,1831600
2006Q2,food_services,Food services and drinking places,9440900
2006Q2,other_services,"Other services, except government",5464333.33333
2006Q3,oil_gas_extraction,Oil and gas extraction,137000
2006Q3,mining_except_oil_gas,"Mining, except oil and gas",226966.666667
2006Q3,support_mining,Support activities for mining,272966.666667
2006Q3,utilities,Utilities,550733.333333
2006Q3,construction,Construction,8003333.33333
2006Q3,wood_products,Wood products,567033.333333
2006Q3,nonmetallic_mineral,Nonmetallic mineral products,518333.333333
2006Q3,primary_metals,Primary metals,465166.666667
2006Q3,fabricated_metal,Fabricated metal products,1564233.33333
2006Q3,machinery,Machinery,1188033.33333
2006Q3,computer_electronic,Computer and electronic products,1307633.33333
2006Q3,electrical_equipment,"Electrical equipment, appliances, and components",434200
2006Q3,motor_vehicles,"Motor vehicles, bodies and trailers, and parts",1758233.33333
2006Q3,other_transport_equipment,Other transportation equipment,694304.666667
2006Q3,furniture,Furniture and related products,558233.333333
2006Q3,misc_manufacturing,Miscellaneous manufacturing,642066.666667
2006Q3,food_beverage_tobacco,Food and beverage and tobacco products,1698347
2006Q3,textiles,Textile mills and textile product mills,357100
2006Q3,apparel_leather,Apparel and leather and allied products,274321
2006Q3,paper,Paper products,470266.666667
2006Q3,printing,Printing and related support activities,632900
2006Q3,petroleum_coal,Petroleum and coal products,117633.333333
2006Q3,chemicals,Chemical products,869933.333333
2006Q3,plastics_rubber,Plastics and rubber products,785500
2006Q3,wholesale,Wholesale trade,5876633.33333
2006Q3,retail,Retail trade,15265766.6667
2006Q3,air_transport,Air transportation,490300
2006Q3,rail_transport,Rail transportation,193300
2006Q3,water_transport,Water transportation,64833.3333333
2006Q3,truck_transport,Truck transportation,1462733.33333
2006Q3,transit_ground,Transit and ground passenger transportation,367233.333333
2006Q3,pipeline,Pipeline transportation,39100
2006Q3,other_transport_support,Other transportation and support activities,617433.333333
2006Q3,warehousing,Warehousing and storage,647500
2006Q3,information,Information,3033666.66667
2006Q3,credit_intermediation,"Federal Reserve banks, credit intermediation, and related activities",2951833.33333
2006Q3,securities,"Securities, commodity contracts, and investments",831503.666667
2006Q3,insurance,Insurance carriers and related activities,2384100
2006Q3,funds_trusts,"Funds, trusts, and other financial vehicles",873933.333333
2006Q3,real_estate,Real estate,1519400
2006Q3,rental_leasing,Rental and leasing services and lessors of intangible assets,687166.666667
2006Q3,legal,Legal services,1179278
2006Q3,computer_systems,Computer systems design and related services,1283832.33333
2006Q3,misc_professional,"Miscellaneous professional, scientific, and technical services",4930956
2006Q3,management_companies,Management of companies and enterprises,1870266.66667
2006Q3,admin_support,Administrative and support services,8255166.66667
2006Q3,waste_remediation,Waste management and remediation services,354200
2006Q3,education,Educational services,2665066.66667
2006Q3,ambulatory_health,Ambulatory health care services,5333800
2006Q3,hospitals_nursing,"Hospitals, nursing and residential care facilities",7315633.33333
2006Q3,social_assistance,Social assistance,2623533.33333
2006Q3,performing_arts_museums,"Performing arts, spectator sports, museums, and related activities",562333.333333
2006Q3,amusement_recreation,"Amusements, gambling, and recreation industries",1586766.66667
2006Q3,accommodation,Accommodation,1940533.33333
2006Q3,food_services,Food services and drinking places,9535400
2006Q3,other_services,"Other services, except government",5465666.66667
2006Q4,oil_gas_extraction,Oil and gas extraction,137933.333333
2006Q4,mining_except_oil_gas,"Mining, except oil and gas",221500
2006Q4,support_mining,Support activities for mining,280833.333333
2006Q4,utilities,Utilities,547000
2006Q4,construction,Construction,7755333.33333
2006Q4,wood_products,Wood products,540833.333333
2006Q4,nonmetallic_mineral,Nonmetallic mineral products,509233.333333
2006Q4,primary_metals,Primary metals,459700
2006Q4,fabricated_metal,Fabricated metal products,1562966.66667
2006Q4,machinery,Machinery,1186866.66667
2006Q4,computer_electronic,Computer and electronic products,1294000
2006Q4,electrical_equipment,"Electrical equipment, appliances, and components",429700
2006Q4,motor_vehicles,"Motor vehicles, bodies and trailers, and parts",1756700
2006Q4,other_transport_equipment,Other transportation equipment,699107
2006Q4,furniture,Furniture and related products,545900
2006Q4,misc_manufacturing,Miscellaneous manufacturing,647766.666667
2006Q4,food_beverage_tobacco,Food and beverage and tobacco products,1677024
2006Q4,textiles,Textile mills and textile product mills,347100
2006Q4,apparel_leather,Apparel and leather and allied products,269078
2006Q4,paper,Paper products,465200
2006Q4,printing,Printing and related support activities,634166.666667
2006Q4,petroleum_coal,Petroleum and coal products,114200
2006Q4,chemicals,Chemical products,864133.333333
2006Q4,plastics_rubber,Plastics and rubber products,760166.666667
2006Q4,wholesale,Wholesale trade,5891400
2006Q4,retail,Retail trade,15693033.3333
2006Q4,air_transport,Air transportation,488300
2006Q4,rail_transport,Rail transportation,194966.666667
2006Q4,water_transport,Water transportation,62900
2006Q4,truck_transport,Truck transportation,1457533.33333
2006Q4,transit_ground,Transit and ground passenger transportation,424600
2006Q4,pipeline,Pipeline transportation,39066.6666667
2006Q4,other_transport_support,Other transportation and support activities,612166.666667
2006Q4,warehousing,Warehousing and storage,665700
2006Q4,information,Information,3030000
2006Q4,credit_intermediation,"Federal Reserve banks, credit intermediation, and related activities",2951700
2006Q4,securities,"Securities, commodity contracts, and investments",838047
2006Q4,insurance,Insurance carriers and related activities,2379633.33333
2006Q4,funds_trusts,"Funds, trusts, and other financial vehicles",885300
2006Q4,real_estate,Real estate,1497133.33333
2006Q4,rental_leasing,Rental and leasing services and lessors of intangible assets,671500
2006Q4,legal,Legal services,1178029
2006Q4,computer_systems,Computer systems design and related services,1307156.33333
2006Q4,misc_professional,"Miscellaneous professional, scientific, and technical services",5036167.66667
2006Q4,management_companies,Management of companies and enterprises,1870033.33333
2006Q4,admin_support,Administrative and support services,8227533.33333
2006Q4,waste_remediation,Waste management and remediation services,350466.666667
2006Q4,education,Educational services,3080833.33333
2006Q4,ambulatory_health,Ambulatory health care services,5396333.33333
2006Q4,hospitals_nursing,"Hospitals, nursing and residential care facilities",7343700
2006Q4,social_assistance,Social assistance,2704633.33333
2006Q4,performing_arts_museums,"Performing arts, spectator sports, museums, and related activities",519466.666667
2006Q4,amusement_recreation,"Amusements, gambling, and recreation industries",1321233.33333
2006Q4,accommodation,Accommodation,1807966.66667
2006Q4,food_services,Food services and drinking places,9392633.33333
2006Q4,other_services,"Other services, except government",5441333.33333
2007Q1,oil_gas_extraction,Oil and gas extraction,140766.666667
2007Q1,mining_except_oil_gas,"Mining, except oil and gas",211433.333333
2007Q1,support_mining,Support activities for mining,282833.333333
2007Q1,utilities,Utilities,546633.333333
2007Q1,construction,Construction,7273666.66667
2007Q1,wood_products,Wood products,521700
2007Q1,nonmetallic_mineral,Nonmetallic mineral products,492066.666667
2007Q1,primary_metals,Primary metals,459600
2007Q1,fabricated_metal,Fabricated metal products,1556500
2007Q1,machinery,Machinery,1185733.33333
2007Q1,computer_electronic,Computer and electronic products,1281066.66667
2007Q1,electrical_equipment,"Electrical equipment, appliances, and components",427933.333333
2007Q1,motor_vehicles,"Motor vehicles, bodies and trailers, and parts",1727366.66667
2007Q1,other_transport_equipment,Other transportation equipment,706064.333333
2007Q1,furniture,Furniture and related products,535033.333333
2007Q1,misc_manufacturing,Miscellaneous manufacturing,642333.333333
2007Q1,food_beverage_tobacco,Food and beverage and tobacco products,1637653.33333
2007Q1,textiles,Textile mills and textile product mills,337433.333333
2007Q1,apparel_leather,Apparel and leather and allied products,252033
2007Q1,paper,Paper products,462466.666667
2007Q1,printing,Printing and related support activities,626133.333333
2007Q1,petroleum_coal,Petroleum and coal products,111066.666667
2007Q1,chemicals,Chemical products,861533.333333
2007Q1,plastics_rubber,Plastics and rubber products,760033.333333
2007Q1,wholesale,Wholesale trade,5869500
2007Q1,retail,Retail trade,15240466.6667
2007Q1,air_transport,Air transportation,483733.333333
2007Q1,rail_transport,Rail transportation,197100
2007Q1,water_transport,Water transportation,61366.6666667
2007Q1,truck_transport,Truck transportation,1424166.66667
2007Q1,transit_ground,Transit and ground passenger transportation,427100
2007Q1,pipeline,Pipeline transportation,39866.6666667
2007Q1,other_transport_support,Other transportation and support activities,608800
2007Q1,warehousing,Warehousing and storage,656566.666667
2007Q1,information,Information,3019000
2007Q1,credit_intermediation,"Federal Reserve banks, credit intermediation, and related activities",2944300
2007Q1,securities,"Securities, commodity contracts, and investments",837141.333333
2007Q1,insurance,Insurance carriers and related activities,2373266.66667
2007Q1,funds_trusts,"Funds, trusts, and other financial vehicles",888133.333333
2007Q1,real_estate,Real estate,1475366.66667
2007Q1,rental_leasing,Rental and leasing services and lessors of intangible assets,660200
2007Q1,legal,Legal services,1162992.33333
2007Q1,computer_systems,Computer systems design and related services,1329206
2007Q1,misc_professional,"Miscellaneous professional, scientific, and technical services",5085625.66667
2007Q1,management_companies,Management of companies and enterprises,1873900
2007Q1,admin_support,Administrative and support services,7781233.33333
2007Q1,waste_remediation,Waste management and remediation services,346933.333333
2007Q1,education,Educational services,2989866.66667
2007Q1,ambulatory_health,Ambulatory health care services,5416466.66667
2007Q1,hospitals_nursing,"Hospitals, nursing and residential care facilities",7355400
2007Q1,social_assistance,Social assistance,2739566.66667
2007Q1,performing_arts_museums,"Performing arts, spectator sports, museums, and related activities",490633.333333
2007Q1,amusement_recreation,"Amusements, gambling, and recreation industries",1276733.33333
2007Q1,accommodation,Accommodation,1781000
2007Q1,food_services,Food services and drinking places,9278066.66667
2007Q1,other_services,"Other services, except government",5429000
2007Q2,oil_gas_extraction,Oil and gas extraction,144366.666667
2007Q2,mining_except_oil_gas,"Mining, except oil and gas",226433.333333
2007Q2,support_mining,Support activities for mining,291766.666667
2007Q2,utilities,Utilities,554133.333333
2007Q2,construction,Construction,7725666.66667
2007Q2,wood_products,Wood products,523700
2007Q2,nonmetallic_mineral,Nonmetallic mineral products,507533.333333
2007Q2,primary_metals,Primary metals,458500
2007Q2,fabricated_metal,Fabricated metal products,1563133.33333
2007Q2,machinery,Machinery,1188833.33333
2007Q2,computer_electronic,Computer and electronic products,1268833.33333
2007Q2,electrical_equipment,"Electrical equipment, appliances, and components",429300
2007Q2,motor_vehicles,"Motor vehicles, bodies and trailers, and parts",1726600
2007Q2,other_transport_equipment,Other transportation equipment,712871.666667
2007Q2,furniture,Furniture and related products,536800
2007Q2,misc_manufacturing,Miscellaneous manufacturing,642233.333333
2007Q2,food_beverage_tobacco,Food and beverage and tobacco products,1652292
2007Q2,textiles,Textile mills and textile product mills,331533.333333
2007Q2,apparel_leather,Apparel and leather and allied products,251743.333333
2007Q2,paper,Paper products,459300
2007Q2,printing,Printing and related support activities,623933.333333
2007Q2,petroleum_coal,Petroleum and coal products,116333.333333
2007Q2,chemicals,Chemical products,861866.666667
2007Q2,plastics_rubber,Plastics and rubber products,761333.333333
2007Q2,wholesale,Wholesale trade,5956733.33333
2007Q2,retail,Retail trade,15398500
2007Q2,air_transport,Air transportation,489800
2007Q2,rail_transport,Rail transportation,198500
2007Q2,water_transport,Water transportation,64866.6666667
2007Q2,truck_transport,Truck transportation,1446400
2007Q2,transit_ground,Transit and ground passenger transportation,425000
2007Q2,pipeline,Pipeline transportation,39700
2007Q2,other_transport_support,Other transportation and support activities,622966.666667
2007Q2,warehousing,Warehousing and storage,660300
2007Q2,information,Information,3044333.33333
2007Q2,credit_intermediation,"Federal Reserve banks, credit intermediation, and related activities",2912100
2007Q2,securities,"Securities, commodity contracts, and investments",849911.666667
2007Q2,insurance,Insurance carriers and related activities,2387333.33333
2007Q2,funds_trusts,"Funds, trusts, and other financial vehicles",894766.666667
2007Q2,real_estate,Real estate,1505466.66667
2007Q2,rental_leasing,Rental and leasing services and lessors of intangible assets,673433.333333
2007Q2,legal,Legal services,1177281.66667
2007Q2,computer_systems,Computer systems design and related services,1355401.66667
2007Q2,misc_professional,"Miscellaneous professional, scientific, and technical services",5066773.33333
2007Q2,management_companies,Management of companies and enterprises,1903933.33333
2007Q2,admin_support,Administrative and support services,8139733.33333
2007Q2,waste_remediation,Waste management and remediation services,355666.666667
2007Q2,education,Educational services,2930066.66667
2007Q2,ambulatory_health,Ambulatory health care services,5481233.33333
2007Q2,hospitals_nursing,"Hospitals, nursing and residential care facilities",7417933.33333
2007Q2,social_assistance,Social assistance,2797733.33333
2007Q2,performing_arts_museums,"Performing arts, spectator sports, museums, and related activities",554133.333333
2007Q2,amusement_recreation,"Amusements, gambling, and recreation industries",1506033.33333
2007Q2,accommodation,Accommodation,1873766.66667
2007Q2,food_services,Food services and drinking places,9699866.66667
2007Q2,other_services,"Other services, except government",5529666.66667
2007Q3,oil_gas_extraction,Oil and gas extraction,148400
2007Q3,mining_except_oil_gas,"Mining, except oil and gas",231300
2007Q3,support_mining,Support activities for mining,300000
2007Q3,utilities,Utilities,557100
2007Q3,construction,Construction,7909000
2007Q3,wood_products,Wood products,522733.333333
2007Q3,nonmetallic_mineral,Nonmetallic mineral products,508300
2007Q3,primary_metals,Primary metals,454100
2007Q3,fabricated_metal,Fabricated metal products,1565766.66667
2007Q3,machinery,Machinery,1188133.33333
2007Q3,computer_electronic,Computer and electronic products,1262666.66667
2007Q3,electrical_equipment,"Electrical equipment, appliances, and components",430766.666667
2007Q3,motor_vehicles,"Motor vehicles, bodies and trailers, and parts",1697466.66667
2007Q3,other_transport_equipment,Other transportation equipment,716872.333333
2007Q3,furniture,Furniture and related products,528433.333333
2007Q3,misc_manufacturing,Miscellaneous manufacturing,639133.333333
2007Q3,food_beverage_tobacco,Food and beverage and tobacco products,1709408.33333
2007Q3,textiles,Textile mills and textile product mills,322033.333333
2007Q3,apparel_leather,Apparel and leather and allied products,247047.333333
2007Q3,paper,Paper products,457366.666667
2007Q3,printing,Printing and related support activities,619733.333333
2007Q3,petroleum_coal,Petroleum and coal products,116766.666667
2007Q3,chemicals,Chemical products,864666.666667
2007Q3,plastics_rubber,Plastics and rubber products,756400
2007Q3,wholesale,Wholesale trade,5981633.33333
2007Q3,retail,Retail trade,15461533.3333
2007Q3,air_transport,Air transportation,496233.333333
2007Q3,rail_transport,Rail transportation,198500
2007Q3,water_transport,Water transportation,69233.3333333
2007Q3,truck_transport,Truck transportation,1454266.66667
2007Q3,transit_ground,Transit and ground passenger transportation,384433.333333
2007Q3,pipeline,Pipeline transportation,39933.3333333
2007Q3,other_transport_support,Other transportation and support activities,632333.333333
2007Q3,warehousing,Warehousing and storage,671800
2007Q3,information,Information,3033000
2007Q3,credit_intermediation,"Federal Reserve banks, credit intermediation, and related activities",2875033.33333
2007Q3,securities,"Securities, commodity contracts, and investments",868064.333333
2007Q3,insurance,Insurance carriers and related activities,2401833.33333
2007Q3,funds_trusts,"Funds, trusts, and other financial vehicles",905300
2007Q3,real_estate,Real estate,1523800
2007Q3,rental_leasing,Rental and leasing services and lessors of intangible assets,680733.333333
2007Q3,legal,Legal services,1180935.33333
2007Q3,computer_systems,Computer systems design and related services,1378413.66667
2007Q3,misc_professional,"Miscellaneous professional, scientific, and technical services",5064004.33333
2007Q3,management_companies,Management of companies and enterprises,1930866.66667
2007Q3,admin_support,Administrative and support services,8211700
2007Q3,waste_remediation,Waste management and remediation services,360500
2007Q3,education,Educational services,2715600
2007Q3,ambulatory_health,Ambulatory health care services,5531200
2007Q3,hospitals_nursing,"Hospitals, nursing and residential care facilities",7483966.66667
2007Q3,social_assistance,Social assistance,2769600
2007Q3,performing_arts_museums,"Performing arts, spectator sports, museums, and related activities",563866.666667
2007Q3,amusement_recreation,"Amusements, gambling, and recreation industries",1610433.33333
2007Q3,accommodation,Accommodation,1968900
2007Q3,food_services,Food services and drinking places,9781533.33333
2007Q3,other_services,"Other services, except government",5530333.33333
2007Q4,oil_gas_extraction,Oil and gas extraction,151166.666667
2007Q4,mining_except_oil_gas,"Mining, except oil and gas",224200
2007Q4,support_mining,Support activities for mining,302500
2007Q4,utilities,Utilities,555200
2007Q4,construction,Construction,7611000
2007Q4,wood_products,Wood products,500133.333333
2007Q4,nonmetallic_mineral,Nonmetallic mineral products,494100
2007Q4,primary_metals,Primary metals,450900
2007Q4,fabricated_metal,Fabricated metal products,1565766.66667
2007Q4,machinery,Machinery,1185866.66667
2007Q4,computer_electronic,Computer and electronic products,1251166.66667
2007Q4,electrical_equipment,"Electrical equipment, appliances, and components",429433.333333
2007Q4,motor_vehicles,"Motor vehicles, bodies and trailers, and parts",1696166.66667
2007Q4,other_transport_equipment,Other transportation equipment,722937
2007Q4,furniture,Furniture and related products,517333.333333
2007Q4,misc_manufacturing,Miscellaneous manufacturing,643000
2007Q4,food_beverage_tobacco,Food and beverage and tobacco products,1688443.66667
2007Q4,textiles,Textile mills and textile product mills,318433.333333
2007Q4,apparel_leather,Apparel and leather and allied products,240805
2007Q4,paper,Paper products,453800
2007Q4,printing,Printing and related support activities,618433.333333
2007Q4,petroleum_coal,Petroleum and coal products,113900
2007Q4,chemicals,Chemical products,855433.333333
2007Q4,plastics_rubber,Plastics and rubber products,750866.666667
2007Q4,wholesale,Wholesale trade,5986033.33333
2007Q4,retail,Retail trade,15858966.6667
2007Q4,air_transport,Air transportation,497233.333333
2007Q4,rail_transport,Rail transportation,196300
2007Q4,water_transport,Water transportation,66566.6666667
2007Q4,truck_transport,Truck transportation,1433700
2007Q4,transit_ground,Transit and ground passenger transportation,441233.333333
2007Q4,pipeline,Pipeline transportation,40233.3333333
2007Q4,other_transport_support,Other transportation and support activities,630433.333333
2007Q4,warehousing,Warehousing and storage,690533.333333
2007Q4,information,Information,3030666.66667
2007Q4,credit_intermediation,"Federal Reserve banks, credit intermediation, and related activities",2820266.66667
2007Q4,securities,"Securities, commodity contracts, and investments",870214.333333
2007Q4,insurance,Insurance carriers and related activities,2404000
2007Q4,funds_trusts,"Funds, trusts, and other financial vehicles",910100
2007Q4,real_estate,Real estate,1497000
2007Q4,rental_leasing,Rental and leasing services and lessors of intangible assets,660500
2007Q4,legal,Legal services,1176102.66667
2007Q4,computer_systems,Computer systems design and related services,1405437.66667
2007Q4,misc_professional,"Miscellaneous professional, scientific, and technical services",5158073.33333
2007Q4,management_companies,Management of companies and enterprises,1947700
2007Q4,admin_support,Administrative and support services,8133766.66667
2007Q4,waste_remediation,Waste management and remediation services,356800
2007Q4,education,Educational services,3129833.33333
2007Q4,ambulatory_health,Ambulatory health care services,5589800
2007Q4,hospitals_nursing,"Hospitals, nursing and residential care facilities",7510966.66667
2007Q4,social_assistance,Social assistance,2843933.33333
2007Q4,performing_arts_museums,"Performing arts, spectator sports, museums, and related activities",532533.333333
2007Q4,amusement_recreation,"Amusements, gambling, and recreation industries",1342300
2007Q4,accommodation,Accommodation,1844000
2007Q4,food_services,Food services and drinking places,9602300
2007Q4,other_services,"Other services, except government",5488000
2008Q1,oil_gas_extraction,Oil and gas extraction,154200
2008Q1,mining_except_oil_gas,"Mining, except oil and gas",213400
2008Q1,support_mining,Support activities for mining,309733.333333
2008Q1,utilities,Utilities,554333.333333
2008Q1,construction,Construction,7027666.66667
2008Q1,wood_products,Wood products,477800
2008Q1,nonmetallic_mineral,Nonmetallic mineral products,468266.666667
2008Q1,primary_metals,Primary metals,451000
2008Q1,fabricated_metal,Fabricated metal products,1550900
2008Q1,machinery,Machinery,1189200
2008Q1,computer_electronic,Computer and electronic products,1245166.66667
2008Q1,electrical_equipment,"Electrical equipment, appliances, and components",425766.666667
2008Q1,motor_vehicles,"Motor vehicles, bodies and trailers, and parts",1667133.33333
2008Q1,other_transport_equipment,Other transportation equipment,731022.666667
2008Q1,furniture,Furniture and related products,500766.666667
2008Q1,misc_manufacturing,Miscellaneous manufacturing,634033.333333
2008Q1,food_beverage_tobacco,Food and beverage and tobacco products,1649932
2008Q1,textiles,Textile mills and textile product mills,310533.333333
2008Q1,apparel_leather,Apparel and leather and allied products,234954.333333
2008Q1,paper,Paper products,449666.666667
2008Q1,printing,Printing and related support activities,606533.333333
2008Q1,petroleum_coal,Petroleum and coal products,112366.666667
2008Q1,chemicals,Chemical products,852666.666667
2008Q1,plastics_rubber,Plastics and rubber products,743600
2008Q1,wholesale,Wholesale trade,5909900
2008Q1,retail,Retail trade,15290066.6667
2008Q1,air_transport,Air transportation,501100
2008Q1,rail_transport,Rail transportation,194366.666667
2008Q1,water_transport,Water transportation,63700
2008Q1,truck_transport,Truck transportation,1386333.33333
2008Q1,transit_ground,Transit and ground passenger transportation,439233.333333
2008Q1,pipeline,Pipeline transportation,40400
2008Q1,other_transport_support,Other transportation and support activities,619533.333333
2008Q1,warehousing,Warehousing and storage,675033.333333
2008Q1,information,Information,3010333.33333
2008Q1,credit_intermediation,"Federal Reserve banks, credit intermediation, and related activities",2794433.33333
2008Q1,securities,"Securities, commodity contracts, and investments",867564.333333
2008Q1,insurance,Insurance carriers and related activities,2401066.66667
2008Q1,funds_trusts,"Funds, trusts, and other financial vehicles",914433.333333
2008Q1,real_estate,Real estate,1466866.66667
2008Q1,rental_leasing,Rental and leasing services and lessors of intangible assets,647566.666667
2008Q1,legal,Legal services,1157451.66667
2008Q1,computer_systems,Computer systems design and related services,1422528.66667
2008Q1,misc_professional,"Miscellaneous professional, scientific, and technical services",5259941.33333
2008Q1,management_companies,Management of companies and enterprises,1944300
2008Q1,admin_support,Administrative and support services,7585833.33333
2008Q1,waste_remediation,Waste management and remediation services,351533.333333
2008Q1,education,Educational services,3065666.66667
2008Q1,ambulatory_health,Ambulatory health care services,5601800
2008Q1,hospitals_nursing,"Hospitals, nursing and residential care facilities",7530800
2008Q1,social_assistance,Social assistance,2867566.66667
2008Q1,performing_arts_museums,"Performing arts, spectator sports, museums, and related activities",499266.666667
2008Q1,amusement_recreation,"Amusements, gambling, and recreation industries",1298666.66667
2008Q1,accommodation,Accommodation,1809433.33333
2008Q1,food_services,Food services and drinking places,9403266.66667
2008Q1,other_services,"Other services, except government",5481666.66667
2008Q2,oil_gas_extraction,Oil and gas extraction,157500
2008Q2,mining_except_oil_gas,"Mining, except oil and gas",227500
2008Q2,support_mining,Support activities for mining,319500
2008Q2,utilities,Utilities,558300
2008Q2,construction,Construction,7303000
2008Q2,wood_products,Wood products,469966.666667
2008Q2,nonmetallic_mineral,Nonmetallic mineral products,474766.666667
2008Q2,primary_metals,Primary metals,448300
2008Q2,fabricated_metal,Fabricated metal products,1539300
2008Q2,machinery,Machinery,1194566.66667
2008Q2,computer_electronic,Computer and electronic products,1241200
2008Q2,electrical_equipment,"Electrical equipment, appliances, and components",428133.333333
2008Q2,motor_vehicles,"Motor vehicles, bodies and trailers, and parts",1645566.66667
2008Q2,other_transport_equipment,Other transportation equipment,735134
2008Q2,furniture,Furniture and related products,490433.333333
2008Q2,misc_manufacturing,Miscellaneous manufacturing,629166.666667
2008Q2,food_beverage_tobacco,Food and beverage and tobacco products,1658995.66667
2008Q2,textiles,Textile mills and textile product mills,304066.666667
2008Q2,apparel_leather,Apparel and leather and allied products,236256
2008Q2,paper,Paper products,449466.666667
2008Q2,printing,Printing and related support activities,600900
2008Q2,petroleum_coal,Petroleum and coal products,118533.333333
2008Q2,chemicals,Chemical products,854266.666667
2008Q2,plastics_rubber,Plastics and rubber products,742600
2008Q2,wholesale,Wholesale trade,5919100
2008Q2,retail,Retail trade,15260100
2008Q2,air_transport,Air transportation,498433.333333
2008Q2,rail_transport,Rail transportation,195733.333333
2008Q2,water_transport,Water transportation,67533.3333333
2008Q2,truck_transport,Truck transportation,1403266.66667
2008Q2,transit_ground,Transit and ground passenger transportation,443000
2008Q2,pipeline,Pipeline transportation,41433.3333333
2008Q2,other_transport_support,Other transportation and support activities,635033.333333
2008Q2,warehousing,Warehousing and storage,677400
2008Q2,information,Information,3013000
2008Q2,credit_intermediation,"Federal Reserve banks, credit intermediation, and related activities",2772900
2008Q2,securities,"Securities, commodity contracts, and investments",869647
2008Q2,insurance,Insurance carriers and related activities,2408800
2008Q2,funds_trusts,"Funds, trusts, and other financial vehicles",921766.666667
2008Q2,real_estate,Real estate,1494466.66667
2008Q2,rental_leasing,Rental and leasing services and lessors of intangible assets,654300
2008Q2,legal,Legal services,1170619.66667
2008Q2,computer_systems,Computer systems design and related services,1442629.66667
2008Q2,misc_professional,"Miscellaneous professional, scientific, and technical services",5212151.66667
2008Q2,management_companies,Management of companies and enterprises,1958166.66667
2008Q2,admin_support,Administrative and support services,7831333.33333
2008Q2,waste_remediation,Waste management and remediation services,357866.666667
2008Q2,education,Educational services,3025833.33333
2008Q2,ambulatory_health,Ambulatory health care services,5662433.33333
2008Q2,hospitals_nursing,"Hospitals, nursing and residential care facilities",7591433.33333
2008Q2,social_assistance,Social assistance,2904266.66667
2008Q2,performing_arts_museums,"Performing arts, spectator sports, museums, and related activities",564966.666667
2008Q2,amusement_recreation,"Amusements, gambling, and recreation industries",1510333.33333
2008Q2,accommodation,Accommodation,1896400
2008Q2,food_services,Food services and drinking places,9747133.33333
2008Q2,other_services,"Other services, except government",5564000
2008Q3,oil_gas_extraction,Oil and gas extraction,164666.666667
2008Q3,mining_except_oil_gas,"Mining, except oil and gas",234766.666667
2008Q3,support_mining,Support activities for mining,334266.666667
2008Q3,utilities,Utilities,560966.666667
2008Q3,construction,Construction,7396000
2008Q3,wood_products,Wood products,458700
2008Q3,nonmetallic_mineral,Nonmetallic mineral products,470200
2008Q3,primary_metals,Primary metals,441200
2008Q3,fabricated_metal,Fabricated metal products,1529866.66667
2008Q3,machinery,Machinery,1193866.66667
2008Q3,computer_electronic,Computer and electronic products,1237266.66667
2008Q3,electrical_equipment,"Electrical equipment, appliances, and components",426533.333333
2008Q3,motor_vehicles,"Motor vehicles, bodies and trailers, and parts",1587033.33333
2008Q3,other_transport_equipment,Other transportation equipment,731623.333333
2008Q3,furniture,Furniture and related products,475133.333333
2008Q3,misc_manufacturing,Miscellaneous manufacturing,627033.333333
2008Q3,food_beverage_tobacco,Food and beverage and tobacco products,1699843
2008Q3,textiles,Textile mills and textile product mills,294500
2008Q3,apparel_leather,Apparel and leather and allied products,232695.333333
2008Q3,paper,Paper products,445333.333333
2008Q3,printing,Printing and related support activities,591233.333333
2008Q3,petroleum_coal,Petroleum and coal products,121466.666667
2008Q3,chemicals,Chemical products,847366.666667
2008Q3,plastics_rubber,Plastics and rubber products,732500
2008Q3,wholesale,Wholesale trade,5880833.33333
2008Q3,retail,Retail trade,15187900
2008Q3,air_transport,Air transportation,488500
2008Q3,rail_transport,Rail transportation,195766.666667
2008Q3,water_transport,Water transportation,70766.6666667
2008Q3,truck_transport,Truck transportation,1403100
2008Q3,transit_ground,Transit and ground passenger transportation,394466.666667
2008Q3,pipeline,Pipeline transportation,42566.6666667
2008Q3,other_transport_support,Other transportation and support activities,641533.333333
2008Q3,warehousing,Warehousing and storage,677666.666667
2008Q3,information,Information,2974666.66667
2008Q3,credit_intermediation,"Federal Reserve banks, credit intermediation, and related activities",2748800
2008Q3,securities,"Securities, commodity contracts, and investments",875284.333333
2008Q3,insurance,Insurance carriers and related activities,2410300
2008Q3,funds_trusts,"Funds, trusts, and other financial vehicles",919566.666667
2008Q3,real_estate,Real estate,1506966.66667
2008Q3,rental_leasing,Rental and leasing services and lessors of intangible assets,657266.666667
2008Q3,legal,Legal services,1167525.66667
2008Q3,computer_systems,Computer systems design and related services,1454065.33333
2008Q3,misc_professional,"Miscellaneous professional, scientific, and technical services",5169853
2008Q3,management_companies,Management of companies and enterprises,1967333.33333
2008Q3,admin_support,Administrative and support services,7804666.66667
2008Q3,waste_remediation,Waste management and remediation services,361366.666667
2008Q3,education,Educational services,2849300
2008Q3,ambulatory_health,Ambulatory health care services,5705766.66667
2008Q3,hospitals_nursing,"Hospitals, nursing and residential care facilities",7645166.66667
2008Q3,social_assistance,Social assistance,2868633.33333
2008Q3,performing_arts_museums,"Performing arts, spectator sports, museums, and related activities",568400
2008Q3,amusement_recreation,"Amusements, gambling, and recreation industries",1600433.33333
2008Q3,accommodation,Accommodation,1968933.33333
2008Q3,food_services,Food services and drinking places,9778433.33333
2008Q3,other_services,"Other services, except government",5551000
2008Q4,oil_gas_extraction,Oil and gas extraction,165433.333333
2008Q4,mining_except_oil_gas,"Mining, except oil and gas",227766.666667
2008Q4,support_mining,Support activities for mining,330100
2008Q4,utilities,Utilities,561800
2008Q4,construction,Construction,6921666.66667
2008Q4,wood_products,Wood products,424133.333333
2008Q4,nonmetallic_mineral,Nonmetallic mineral products,446800
2008Q4,primary_metals,Primary metals,427333.333333
2008Q4,fabricated_metal,Fabricated metal products,1489900
2008Q4,machinery,Machinery,1172666.66667
2008Q4,computer_electronic,Computer and electronic products,1216400
2008Q4,electrical_equipment,"Electrical equipment, appliances, and components",416600
2008Q4,motor_vehicles,"Motor vehicles, bodies and trailers, and parts",1532366.66667
2008Q4,other_transport_equipment,Other transportation equipment,714155
2008Q4,furniture,Furniture and related products,445466.666667
2008Q4,misc_manufacturing,Miscellaneous manufacturing,625333.333333
2008Q4,food_beverage_tobacco,Food and beverage and tobacco products,1672314
2008Q4,textiles,Textile mills and textile product mills,284533.333333
2008Q4,apparel_leather,Apparel and leather and allied products,222117
2008Q4,paper,Paper products,435300
2008Q4,printing,Printing and related support activities,577533.333333
2008Q4,petroleum_coal,Petroleum and coal products,117400
2008Q4,chemicals,Chemical products,834200
2008Q4,plastics_rubber,Plastics and rubber products,698833.333333
2008Q4,wholesale,Wholesale trade,5789700
2008Q4,retail,Retail trade,15266166.6667
2008Q4,air_transport,Air transportation,474733.333333
2008Q4,rail_transport,Rail transportation,195600
2008Q4,water_transport,Water transportation,66266.6666667
2008Q4,truck_transport,Truck transportation,1364866.66667
2008Q4,transit_ground,Transit and ground passenger transportation,445033.333333
2008Q4,pipeline,Pipeline transportation,42500
2008Q4,other_transport_support,Other transportation and support activities,627666.666667
2008Q4,warehousing,Warehousing and storage,677366.666667
2008Q4,information,Information,2937000
2008Q4,credit_intermediation,"Federal Reserve banks, credit intermediation, and related activities",2703833.33333
2008Q4,securities,"Securities, commodity contracts, and investments",860905
2008Q4,insurance,Insurance carriers and related activities,2400100
2008Q4,funds_trusts,"Funds, trusts, and other financial vehicles",909133.333333
2008Q4,real_estate,Real estate,1471733.33333
2008Q4,rental_leasing,Rental and leasing services and lessors of intangible assets,619366.666667
2008Q4,legal,Legal services,1157974.33333
2008Q4,computer_systems,Computer systems design and related services,1459809.33333
2008Q4,misc_professional,"Miscellaneous professional, scientific, and technical services",5193446.66667
2008Q4,management_companies,Management of companies and enterprises,1957333.33333
2008Q4,admin_support,Administrative and support services,7498266.66667
2008Q4,waste_remediation,Waste management and remediation services,356166.666667
2008Q4,education,Educational services,3217933.33333
2008Q4,ambulatory_health,Ambulatory health care services,5744133.33333
2008Q4,hospitals_nursing,"Hospitals, nursing and residential care facilities",7678066.66667
2008Q4,social_assistance,Social assistance,2952900
2008Q4,performing_arts_museums,"Performing arts, spectator sports, museums, and related activities",516433.333333
2008Q4,amusement_recreation,"Amusements, gambling, and recreation industries",1321866.66667
2008Q4,accommodation,Accommodation,1800133.33333
2008Q4,food_services,Food services and drinking places,9461300
2008Q4,other_services,"Other services, except government",5464666.66667
2009Q1,oil_gas_extraction,Oil and gas extraction,163233.333333
2009Q1,mining_except_oil_gas,"Mining, except oil and gas",209266.666667
2009Q1,support_mining,Support activities for mining,306433.333333
2009Q1,utilities,Utilities,561866.666667
2009Q1,construction,Construction,6034666.66667
2009Q1,wood_products,Wood products,372233.333333
2009Q1,nonmetallic_mineral,Nonmetallic mineral products,399666.666667
2009Q1,primary_metals,Primary metals,392400
2009Q1,fabricated_metal,Fabricated metal products,1389000
2009Q1,machinery,Machinery,1102033.33333
2009Q1,computer_electronic,Computer and electronic products,1175366.66667
2009Q1,electrical_equipment,"Electrical equipment, appliances, and components",395500
2009Q1,motor_vehicles,"Motor vehicles, bodies and trailers, and parts",1410966.66667
2009Q1,other_transport_equipment,Other transportation equipment,708896.333333
2009Q1,furniture,Furniture and related products,407966.666667
2009Q1,misc_manufacturing,Miscellaneous manufacturing,595933.333333
2009Q1,food_beverage_tobacco,Food and beverage and tobacco products,1609736
2009Q1,textiles,Textile mills and textile product mills,262800
2009Q1,apparel_leather,Apparel and leather and allied products,205703.333333
2009Q1,paper,Paper products,417533.333333
2009Q1,printing,Printing and related support activities,546733.333333
2009Q1,petroleum_coal,Petroleum and coal products,111600
2009Q1,chemicals,Chemical products,817233.333333
2009Q1,plastics_rubber,Plastics and rubber products,649233.333333
2009Q1,wholesale,Wholesale trade,5605800
2009Q1,retail,Retail trade,14473866.6667
2009Q1,air_transport,Air transportation,466566.666667
2009Q1,rail_transport,Rail transportation,191900
2009Q1,water_transport,Water transportation,63100
2009Q1,truck_transport,Truck transportation,1277033.33333
2009Q1,transit_ground,Transit and ground passenger transportation,441533.333333
2009Q1,pipeline,Pipeline transportation,41966.6666667
2009Q1,other_transport_support,Other transportation and support activities,594766.666667
2009Q1,warehousing,Warehousing and storage,651233.333333
2009Q1,information,Information,2862333.33333
2009Q1,credit_intermediation,"Federal Reserve banks, credit intermediation, and related activities",2660266.66667
2009Q1,securities,"Securities, commodity contracts, and investments",832355
2009Q1,insurance,Insurance carriers and related activities,2378000
2009Q1,funds_trusts,"Funds, trusts, and other financial vehicles",883866.666667
2009Q1,real_estate,Real estate,1419733.33333
2009Q1,rental_leasing,Rental and leasing services and lessors of intangible assets,585266.666667
2009Q1,legal,Legal services,1130182.66667
2009Q1,computer_systems,Computer systems design and related services,1427446
2009Q1,misc_professional,"Miscellaneous professional, scientific, and technical services",5124771.66667
2009Q1,management_companies,Management of companies and enterprises,1941100
2009Q1,admin_support,Administrative and support services,6731600
2009Q1,waste_remediation,Waste management and remediation services,345433.333333
2009Q1,education,Educational services,3161833.33333
2009Q1,ambulatory_health,Ambulatory health care services,5739866.66667
2009Q1,hospitals_nursing,"Hospitals, nursing and residential care facilities",7678466.66667
2009Q1,social_assistance,Social assistance,2968366.66667
2009Q1,performing_arts_museums,"Performing arts, spectator sports, museums, and related activities",488700
2009Q1,amusement_recreation,"Amusements, gambling, and recreation industries",1264233.33333
2009Q1,accommodation,Accommodation,1713200
2009Q1,food_services,Food services and drinking places,9190766.66667
2009Q1,other_services,"Other services, except government",5357666.66667
2009Q2,oil_gas_extraction,Oil and gas extraction,160466.666667
2009Q2,mining_except_oil_gas,"Mining, except oil and gas",212266.666667
2009Q2,support_mining,Support activities for mining,274333.333333
2009Q2,utilities,Utilities,561166.666667
2009Q2,construction,Construction,6116666.66667
2009Q2,wood_products,Wood products,362033.333333
2009Q2,nonmetallic_mineral,Nonmetallic mineral products,400333.333333
2009Q2,primary_metals,Primary metals,358833.333333
2009Q2,fabricated_metal,Fabricated metal products,1312133.33333
2009Q2,machinery,Machinery,1029600
2009Q2,computer_electronic,Computer and electronic products,1131700
2009Q2,electrical_equipment,"Electrical equipment, appliances, and components",373733.333333
2009Q2,motor_vehicles,"Motor vehicles, bodies and trailers, and parts",1341533.33333
2009Q2,other_transport_equipment,Other transportation equipment,684980.333333
2009Q2,furniture,Furniture and related products,388966.666667
2009Q2,misc_manufacturing,Miscellaneous manufacturing,588166.666667
2009Q2,food_beverage_tobacco,Food and beverage and tobacco products,1621664.33333
2009Q2,textiles,Textile mills and textile product mills,250200
2009Q2,apparel_leather,Apparel and leather and allied products,200096
2009Q2,paper,Paper products,407500
2009Q2,printing,Printing and related support activities,526366.666667
2009Q2,petroleum_coal,Petroleum and coal products,117000
2009Q2,chemicals,Chemical products,806900
2009Q2,plastics_rubber,Plastics and rubber products,625966.666667
2009Q2,wholesale,Wholesale trade,5544000
2009Q2,retail,Retail trade,14439900
2009Q2,air_transport,Air transportation,461566.666667
2009Q2,rail_transport,Rail transportation,185133.333333
2009Q2,water_transport,Water transportation,63566.6666667
2009Q2,truck_transport,Truck transportation,1265833.33333
2009Q2,transit_ground,Transit and ground passenger transportation,442100
2009Q2,pipeline,Pipeline transportation,42133.3333333
2009Q2,other_transport_support,Other transportation and support activities,587833.333333
2009Q2,warehousing,Warehousing and storage,639100
2009Q2,information,Information,2817666.66667
2009Q2,credit_intermediation,"Federal Reserve banks, credit intermediation, and related activities",2615500
2009Q2,securities,"Securities, commodity contracts, and investments",813463.666667
2009Q2,insurance,Insurance carriers and related activities,2373866.66667
2009Q2,funds_trusts,"Funds, trusts, and other financial vehicles",860966.666667
2009Q2,real_estate,Real estate,1416233.33333
2009Q2,rental_leasing,Rental and leasing services and lessors of intangible assets,581000
2009Q2,legal,Legal services,1132732.66667
2009Q2,computer_systems,Computer systems design and related services,1409936.33333
2009Q2,misc_professional,"Miscellaneous professional, scientific, and technical services",4932618
2009Q2,management_companies,Management of companies and enterprises,1921900
2009Q2,admin_support,Administrative and support services,6839766.66667
2009Q2,waste_remediation,Waste management and remediation services,350200
2009Q2,education,Educational services,3087166.66667
2009Q2,ambulatory_health,Ambulatory health care services,5794433.33333
2009Q2,hospitals_nursing,"Hospitals, nursing and residential care facilities",7705033.33333
2009Q2,social_assistance,Social assistance,3001500
2009Q2,performing_arts_museums,"Performing arts, spectator sports, museums, and related activities",546533.333333
2009Q2,amusement_recreation,"Amusements, gambling, and recreation industries",1453333.33333
2009Q2,accommodation,Accommodation,1771666.66667
2009Q2,food_services,Food services and drinking places,9551300
2009Q2,other_services,"Other services, except government",5400333.33333
2009Q3,oil_gas_extraction,Oil and gas extraction,159100
2009Q3,mining_except_oil_gas,"Mining, except oil and gas",210366.666667
2009Q3,support_mining,Support activities for mining,261366.666667
2009Q3,utilities,Utilities,560033.333333
2009Q3,construction,Construction,6132333.33333
2009Q3,wood_products,Wood products,358133.333333
2009Q3,nonmetallic_mineral,Nonmetallic mineral products,397733.333333
2009Q3,primary_metals,Primary metals,349333.333333
2009Q3,fabricated_metal,Fabricated metal products,1278766.66667
2009Q3,machinery,Machinery,999266.666667
2009Q3,computer_electronic,Computer and electronic products,1104766.66667
2009Q3,electrical_equipment,"Electrical equipment, appliances, and components",366866.666667
2009Q3,motor_vehicles,"Motor vehicles, bodies and trailers, and parts",1318533.33333
2009Q3,other_transport_equipment,Other transportation equipment,667712
2009Q3,furniture,Furniture and related products,375633.333333
2009Q3,misc_manufacturing,Miscellaneous manufacturing,578300
2009Q3,food_beverage_tobacco,Food and beverage and tobacco products,1670454
2009Q3,textiles,Textile mills and textile product mills,244066.666667
2009Q3,apparel_leather,Apparel and leather and allied products,192980
2009Q3,paper,Paper products,404233.333333
2009Q3,printing,Printing and related support activities,511366.666667
2009Q3,petroleum_coal,Petroleum and coal products,118966.666667
2009Q3,chemicals,Chemical products,797333.333333
2009Q3,plastics_rubber,Plastics and rubber products,612966.666667
2009Q3,wholesale,Wholesale trade,5491733.33333
2009Q3,retail,Retail trade,14410533.3333
2009Q3,air_transport,Air transportation,463566.666667
2009Q3,rail_transport,Rail transportation,182066.666667
2009Q3,water_transport,Water transportation,64466.6666667
2009Q3,truck_transport,Truck transportation,1275466.66667
2009Q3,transit_ground,Transit and ground passenger transportation,387633.333333
2009Q3,pipeline,Pipeline transportation,42866.6666667
2009Q3,other_transport_support,Other transportation and support activities,585666.666667
2009Q3,warehousing,Warehousing and storage,637866.666667
2009Q3,information,Information,2775000
2009Q3,credit_intermediation,"Federal Reserve banks, credit intermediation, and related activities",2594633.33333
2009Q3,securities,"Securities, commodity contracts, and investments",806622.666667
2009Q3,insurance,Insurance carriers and related activities,2365200
2009Q3,funds_trusts,"Funds, trusts, and other financial vehicles",851733.333333
2009Q3,real_estate,Real estate,1429000
2009Q3,rental_leasing,Rental and leasing services and lessors of intangible assets,580333.333333
2009Q3,legal,Legal services,1125911
2009Q3,computer_systems,Computer systems design and related services,1401195.33333
2009Q3,misc_professional,"Miscellaneous professional, scientific, and technical services",4822637
2009Q3,management_companies,Management of companies and enterprises,1921666.66667
2009Q3,admin_support,Administrative and support services,6893166.66667
2009Q3,waste_remediation,Waste management and remediation services,357333.333333
2009Q3,education,Educational services,2864166.66667
2009Q3,ambulatory_health,Ambulatory health care services,5837200
2009Q3,hospitals_nursing,"Hospitals, nursing and residential care facilities",7751933.33333
2009Q3,social_assistance,Social assistance,2970566.66667
2009Q3,performing_arts_museums,"Performing arts, spectator sports, museums, and related activities",561033.333333
2009Q3,amusement_recreation,"Amusements, gambling, and recreation industries",1560000
2009Q3,accommodation,Accommodation,1856300
2009Q3,food_services,Food services and drinking places,9578000
2009Q3,other_services,"Other services, except government",5396000
2009Q4,oil_gas_extraction,Oil and gas extraction,156500
2009Q4,mining_except_oil_gas,"Mining, except oil and gas",200666.666667
2009Q4,support_mining,Support activities for mining,258666.666667
2009Q4,utilities,Utilities,557000
2009Q4,construction,Construction,5782000
2009Q4,wood_products,Wood products,348233.333333
2009Q4,nonmetallic_mineral,Nonmetallic mineral products,379466.666667
2009Q4,primary_metals,Primary metals,347833.333333
2009Q4,fabricated_metal,Fabricated metal products,1266333.33333
2009Q4,machinery,Machinery,983666.666667
2009Q4,computer_electronic,Computer and electronic products,1088533.33333
2009Q4,electrical_equipment,"Electrical equipment, appliances, and components",358200
2009Q4,motor_vehicles,"Motor vehicles, bodies and trailers, and parts",1320533.33333
2009Q4,other_transport_equipment,Other transportation equipment,659566
2009Q4,furniture,Furniture and related products,364466.666667
2009Q4,misc_manufacturing,Miscellaneous manufacturing,575066.666667
2009Q4,food_beverage_tobacco,Food and beverage and tobacco products,1642966
2009Q4,textiles,Textile mills and textile product mills,243166.666667
2009Q4,apparel_leather,Apparel and leather and allied products,189462
2009Q4,paper,Paper products,398633.333333
2009Q4,printing,Printing and related support activities,502733.333333
2009Q4,petroleum_coal,Petroleum and coal products,113733.333333
2009Q4,chemicals,Chemical products,794933.333333
2009Q4,plastics_rubber,Plastics and rubber products,611466.666667
2009Q4,wholesale,Wholesale trade,5442100
2009Q4,retail,Retail trade,14628300
2009Q4,air_transport,Air transportation,459600
2009Q4,rail_transport,Rail transportation,179200
2009Q4,water_transport,Water transportation,62633.3333333
2009Q4,truck_transport,Truck transportation,1255900
2009Q4,transit_ground,Transit and ground passenger transportation,441833.333333
2009Q4,pipeline,Pipeline transportation,43600
2009Q4,other_transport_support,Other transportation and support activities,577633.333333
2009Q4,warehousing,Warehousing and storage,638633.333333
2009Q4,information,Information,2760000
2009Q4,credit_intermediation,"Federal Reserve banks, credit intermediation, and related activities",2574233.33333
2009Q4,securities,"Securities, commodity contracts, and investments",802912.666667
2009Q4,insurance,Insurance carriers and related activities,2365400
2009Q4,funds_trusts,"Funds, trusts, and other financial vehicles",851866.666667
2009Q4,real_estate,Real estate,1415700
2009Q4,rental_leasing,Rental and leasing services and lessors of intangible assets,548600
2009Q4,legal,Legal services,1120667
2009Q4,computer_systems,Computer systems design and related services,1413509.33333
2009Q4,misc_professional,"Miscellaneous professional, scientific, and technical services",4877431
2009Q4,management_companies,Management of companies and enterprises,1910233.33333
2009Q4,admin_support,Administrative and support services,6962533.33333
2009Q4,waste_remediation,Waste management and remediation services,353966.666667
2009Q4,education,Educational services,3248233.33333
2009Q4,ambulatory_health,Ambulatory health care services,5890566.66667
2009Q4,hospitals_nursing,"Hospitals, nursing and residential care facilities",7774266.66667
2009Q4,social_assistance,Social assistance,3047233.33333
2009Q4,performing_arts_museums,"Performing arts, spectator sports, museums, and related activities",508733.333333
2009Q4,amusement_recreation,"Amusements, gambling, and recreation industries",1279333.33333
2009Q4,accommodation,Accommodation,1710866.66667
2009Q4,food_services,Food services and drinking places,9275333.33333
2009Q4,other_services,"Other services, except government",5313333.33333
2010Q1,oil_gas_extraction,Oil and gas extraction,155800
2010Q1,mining_except_oil_gas,"Mining, except oil and gas",190600
2010Q1,support_mining,Support activities for mining,265266.666667
2010Q1,utilities,Utilities,553533.333333
2010Q1,construction,Construction,5166000
2010Q1,wood_products,Wood products,333400
2010Q1,nonmetallic_mineral,Nonmetallic mineral products,356200
2010Q1,primary_metals,Primary metals,350000
2010Q1,fabricated_metal,Fabricated metal products,1249966.66667
2010Q1,machinery,Machinery,974466.666667
2010Q1,computer_electronic,Computer and electronic products,1078866.66667
2010Q1,electrical_equipment,"Electrical equipment, appliances, and components",353633.333333
2010Q1,motor_vehicles,"Motor vehicles, bodies and trailers, and parts",1316266.66667
2010Q1,other_transport_equipment,Other transportation equipment,651908.666667
2010Q1,furniture,Furniture and related products,354800
2010Q1,misc_manufacturing,Miscellaneous manufacturing,564166.666667
2010Q1,food_beverage_tobacco,Food and beverage and tobacco products,1591769.33333
2010Q1,textiles,Textile mills and textile product mills,236766.666667
2010Q1,apparel_leather,Apparel and leather and allied products,183936.333333
2010Q1,paper,Paper products,394633.333333
2010Q1,printing,Printing and related support activities,490100
2010Q1,petroleum_coal,Petroleum and coal products,108700
2010Q1,chemicals,Chemical products,787566.666667
2010Q1,plastics_rubber,Plastics and rubber products,611700
2010Q1,wholesale,Wholesale trade,5337333.33333
2010Q1,retail,Retail trade,14167066.6667
2010Q1,air_transport,Air transportation,460933.333333
2010Q1,rail_transport,Rail transportation,177600
2010Q1,water_transport,Water transportation,59700
2010Q1,truck_transport,Truck transportation,1205566.66667
2010Q1,transit_ground,Transit and ground passenger transportation,438600
2010Q1,pipeline,Pipeline transportation,43100
2010Q1,other_transport_support,Other transportation and support activities,562266.666667
2010Q1,warehousing,Warehousing and storage,624933.333333
2010Q1,information,Information,2716333.33333
2010Q1,credit_intermediation,"Federal Reserve banks, credit intermediation, and related activities",2566066.66667
2010Q1,securities,"Securities, commodity contracts, and investments",792646.666667
2010Q1,insurance,Insurance carriers and related activities,2351233.33333
2010Q1,funds_trusts,"Funds, trusts, and other financial vehicles",846400
2010Q1,real_estate,Real estate,1383300
2010Q1,rental_leasing,Rental and leasing services and lessors of intangible assets,531133.333333
2010Q1,legal,Legal services,1104337
2010Q1,computer_systems,Computer systems design and related services,1409956
2010Q1,misc_professional,"Miscellaneous professional, scientific, and technical services",4910710
2010Q1,management_companies,Management of companies and enterprises,1904800
2010Q1,admin_support,Administrative and support services,6624500
2010Q1,waste_remediation,Waste management and remediation services,343100
2010Q1,education,Educational services,3192266.66667
2010Q1,ambulatory_health,Ambulatory health care services,5901233.33333
2010Q1,hospitals_nursing,"Hospitals, nursing and residential care facilities",7757366.66667
2010Q1,social_assistance,Social assistance,3047633.33333
2010Q1,performing_arts_museums,"Performing arts, spectator sports, museums, and related activities",478333.333333
2010Q1,amusement_recreation,"Amusements, gambling, and recreation industries",1225100
2010Q1,accommodation,Accommodation,1663666.66667
2010Q1,food_services,Food services and drinking places,9050200
2010Q1,other_services,"Other services, except government",5272666.66667
2010Q2,oil_gas_extraction,Oil and gas extraction,158100
2010Q2,mining_except_oil_gas,"Mining, except oil and gas",204200
2010Q2,support_mining,Support activities for mining,281833.333333
2010Q2,utilities,Utilities,554066.666667
2010Q2,construction,Construction,5559000
2010Q2,wood_products,Wood products,347900
2010Q2,nonmetallic_mineral,Nonmetallic mineral products,376300
2010Q2,primary_metals,Primary metals,360333.333333
2010Q2,fabricated_metal,Fabricated metal products,1270300
2010Q2,machinery,Machinery,990166.666667
2010Q2,computer_electronic,Computer and electronic products,1077933.33333
2010Q2,electrical_equipment,"Electrical equipment, appliances, and components",357566.666667
2010Q2,motor_vehicles,"Motor vehicles, bodies and trailers, and parts",1333500
2010Q2,other_transport_equipment,Other transportation equipment,650669
2010Q2,furniture,Furniture and related products,360600
2010Q2,misc_manufacturing,Miscellaneous manufacturing,565000
2010Q2,food_beverage_tobacco,Food and beverage and tobacco products,1611391.33333
2010Q2,textiles,Textile mills and textile product mills,239633.333333
2010Q2,apparel_leather,Apparel and leather and allied products,187990
2010Q2,paper,Paper products,396066.666667
2010Q2,printing,Printing and related support activities,489533.333333
2010Q2,petroleum_coal,Petroleum and coal products,115566.666667
2010Q2,chemicals,Chemical products,787000
2010Q2,plastics_rubber,Plastics and rubber products,626533.333333
2010Q2,wholesale,Wholesale trade,5385333.33333
2010Q2,retail,Retail trade,14321966.6667
2010Q2,air_transport,Air transportation,460933.333333
2010Q2,rail_transport,Rail transportation,180900
2010Q2,water_transport,Water transportation,62566.6666667
2010Q2,truck_transport,Truck transportation,1240166.66667
2010Q2,transit_ground,Transit and ground passenger transportation,439733.333333
2010Q2,pipeline,Pipeline transportation,42033.3333333
2010Q2,other_transport_support,Other transportation and support activities,580333.333333
2010Q2,warehousing,Warehousing and storage,632466.666667
2010Q2,information,Information,2713666.66667
2010Q2,credit_intermediation,"Federal Reserve banks, credit intermediation, and related activities",2561466.66667
2010Q2,securities,"Securities, commodity contracts, and investments",797224.333333
2010Q2,insurance,Insurance carriers and related activities,2344066.66667
2010Q2,funds_trusts,"Funds, trusts, and other financial vehicles",850500
2010Q2,real_estate,Real estate,1400266.66667
2010Q2,rental_leasing,Rental and leasing services and lessors of intangible assets,545700
2010Q2,legal,Legal services,1115780.33333
2010Q2,computer_systems,Computer systems design and related services,1434117.33333
2010Q2,misc_professional,"Miscellaneous professional, scientific, and technical services",4880009.33333
2010Q2,management_companies,Management of companies and enterprises,1927066.66667
2010Q2,admin_support,Administrative and support services,7062833.33333
2010Q2,waste_remediation,Waste management and remediation services,356133.333333
2010Q2,education,Educational services,3148100
2010Q2,ambulatory_health,Ambulatory health care services,5954166.66667
2010Q2,hospitals_nursing,"Hospitals, nursing and residential care facilities",7786866.66667
2010Q2,social_assistance,Social assistance,3059200
2010Q2,performing_arts_museums,"Performing arts, spectator sports, museums, and related activities",556333.333333
2010Q2,amusement_recreation,"Amusements, gambling, and recreation industries",1450933.33333
2010Q2,accommodation,Accommodation,1770933.33333
2010Q2,food_services,Food services and drinking places,9479666.66667
2010Q2,other_services,"Other services, except government",5354333.33333
2010Q3,oil_gas_extraction,Oil and gas extraction,159833.333333
2010Q3,mining_except_oil_gas,"Mining, except oil and gas",212366.666667
2010Q3,support_mining,Support activities for mining,302433.333333
2010Q3,utilities,Utilities,552333.333333
2010Q3,construction,Construction,5771666.66667
2010Q3,wood_products,Wood products,348866.666667
2010Q3,nonmetallic_mineral,Nonmetallic mineral products,380500
2010Q3,primary_metals,Primary metals,367700
2010Q3,fabricated_metal,Fabricated metal products,1298833.33333
2010Q3,machinery,Machinery,1003100
2010Q3,computer_electronic,Computer and electronic products,1082700
2010Q3,electrical_equipment,"Electrical equipment, appliances, and components",362766.666667
2010Q3,motor_vehicles,"Motor vehicles, bodies and trailers, and parts",1337333.33333
2010Q3,other_transport_equipment,Other transportation equipment,650135.333333
2010Q3,furniture,Furniture and related products,360900
2010Q3,misc_manufacturing,Miscellaneous manufacturing,565700
2010Q3,food_beverage_tobacco,Food and beverage and tobacco products,1659608
2010Q3,textiles,Textile mills and textile product mills,238500
2010Q3,apparel_leather,Apparel and leather and allied products,186765.333333
2010Q3,paper,Paper products,395266.666667
2010Q3,printing,Printing and related support activities,486966.666667
2010Q3,petroleum_coal,Petroleum and coal products,117033.333333
2010Q3,chemicals,Chemical products,787033.333333
2010Q3,plastics_rubber,Plastics and rubber products,631666.666667
2010Q3,wholesale,Wholesale trade,5404366.66667
2010Q3,retail,Retail trade,14381266.6667
2010Q3,air_transport,Air transportation,458066.666667
2010Q3,rail_transport,Rail transportation,185566.666667
2010Q3,water_transport,Water transportation,64066.6666667
2010Q3,truck_transport,Truck transportation,1277966.66667
2010Q3,transit_ground,Transit and ground passenger transportation,403433.333333
2010Q3,pipeline,Pipeline transportation,42166.6666667
2010Q3,other_transport_support,Other transportation and support activities,593533.333333
2010Q3,warehousing,Warehousing and storage,639800
2010Q3,information,Information,2703000
2010Q3,credit_intermediation,"Federal Reserve banks, credit intermediation, and related activities",2570533.33333
2010Q3,securities,"Securities, commodity contracts, and investments",805090
2010Q3,insurance,Insurance carriers and related activities,2334766.66667
2010Q3,funds_trusts,"Funds, trusts, and other financial vehicles",853433.333333
2010Q3,real_estate,Real estate,1405633.33333
2010Q3,rental_leasing,Rental and leasing services and lessors of intangible assets,549166.666667
2010Q3,legal,Legal services,1117787.66667
2010Q3,computer_systems,Computer systems design and related services,1457636.66667
2010Q3,misc_professional,"Miscellaneous professional, scientific, and technical services",4858340
2010Q3,management_companies,Management of companies and enterprises,1947500
2010Q3,admin_support,Administrative and support services,7221700
2010Q3,waste_remediation,Waste management and remediation services,368500
2010Q3,education,Educational services,2942800
2010Q3,ambulatory_health,Ambulatory health care services,5994800
2010Q3,hospitals_nursing,"Hospitals, nursing and residential care facilities",7821133.33333
2010Q3,social_assistance,Social assistance,3002166.66667
2010Q3,performing_arts_museums,"Performing arts, spectator sports, museums, and related activities",585566.666667
2010Q3,amusement_recreation,"Amusements, gambling, and recreation industries",1565033.33333
2010Q3,accommodation,Accommodation,1880433.33333
2010Q3,food_services,Food services and drinking places,9563033.33333
2010Q3,other_services,"Other services, except government",5361333.33333
2010Q4,oil_gas_extraction,Oil and gas extraction,161133.333333
2010Q4,mining_except_oil_gas,"Mining, except oil and gas",210466.666667
2010Q4,support_mining,Support activities for mining,316533.333333
2010Q4,utilities,Utilities,551033.333333
2010Q4,construction,Construction,5576666.66667
2010Q4,wood_products,Wood products,338333.333333
2010Q4,nonmetallic_mineral,Nonmetallic mineral products,370500
2010Q4,primary_metals,Primary metals,371100
2010Q4,fabricated_metal,Fabricated metal products,1307500
2010Q4,machinery,Machinery,1016533.33333
2010Q4,computer_electronic,Computer and electronic products,1081500
2010Q4,electrical_equipment,"Electrical equipment, appliances, and components",364066.666667
2010Q4,motor_vehicles,"Motor vehicles, bodies and trailers, and parts",1345200
2010Q4,other_transport_equipment,Other transportation equipment,647719.333333
2010Q4,furniture,Furniture and related products,352566.666667
2010Q4,misc_manufacturing,Miscellaneous manufacturing,572500
2010Q4,food_beverage_tobacco,Food and beverage and tobacco products,1639337.66667
2010Q4,textiles,Textile mills and textile product mills,237233.333333
2010Q4,apparel_leather,Apparel and leather and allied products,184089.666667
2010Q4,paper,Paper products,392733.333333
2010Q4,printing,Printing and related support activities,483700
2010Q4,petroleum_coal,Petroleum and coal products,114266.666667
2010Q4,chemicals,Chemical products,784533.333333
2010Q4,plastics_rubber,Plastics and rubber products,629233.333333
2010Q4,wholesale,Wholesale trade,5419000
2010Q4,retail,Retail trade,14747400
2010Q4,air_transport,Air transportation,453100
2010Q4,rail_transport,Rail transportation,188066.666667
2010Q4,water_transport,Water transportation,62866.6666667
2010Q4,truck_transport,Truck transportation,1279400
2010Q4,transit_ground,Transit and ground passenger transportation,462933.333333
2010Q4,pipeline,Pipeline transportation,41966.6666667
2010Q4,other_transport_support,Other transportation and support activities,584500
2010Q4,warehousing,Warehousing and storage,655000
2010Q4,information,Information,2695666.66667
2010Q4,credit_intermediation,"Federal Reserve banks, credit intermediation, and related activities",2581733.33333
2010Q4,securities,"Securities, commodity contracts, and investments",806942
2010Q4,insurance,Insurance carriers and related activities,2332466.66667
2010Q4,funds_trusts,"Funds, trusts, and other financial vehicles",851333.333333
2010Q4,real_estate,Real estate,1393400
2010Q4,rental_leasing,Rental and leasing services and lessors of intangible assets,526566.666667
2010Q4,legal,Legal services,1121029
2010Q4,computer_systems,Computer systems design and related services,1483810.33333
2010Q4,misc_professional,"Miscellaneous professional, scientific, and technical services",4938138
2010Q4,management_companies,Management of companies and enterprises,1955566.66667
2010Q4,admin_support,Administrative and support services,7338300
2010Q4,waste_remediation,Waste management and remediation services,361366.666667
2010Q4,education,Educational services,3337233.33333
2010Q4,ambulatory_health,Ambulatory health care services,6051166.66667
2010Q4,hospitals_nursing,"Hospitals, nursing and residential care facilities",7840733.33333
2010Q4,social_assistance,Social assistance,3063533.33333
2010Q4,performing_arts_museums,"Performing arts, spectator sports, museums, and related activities",515400
2010Q4,amusement_recreation,"Amusements, gambling, and recreation industries",1276400
2010Q4,accommodation,Accommodation,1723266.66667
2010Q4,food_services,Food services and drinking places,9410266.66667
2010Q4,other_services,"Other services, except government",5333333.33333
2011Q1,oil_gas_extraction,Oil and gas extraction,163533.333333
2011Q1,mining_except_oil_gas,"Mining, except oil and gas",201200
2011Q1,support_mining,Support activities for mining,315666.666667
2011Q1,utilities,Utilities,550700
2011Q1,construction,Construction,5084333.33333
2011Q1,wood_products,Wood products,333033.333333
2011Q1,nonmetallic_mineral,Nonmetallic mineral products,350600
2011Q1,primary_metals,Primary metals,376666.666667
2011Q1,fabricated_metal,Fabricated metal products,1313600
2011Q1,machinery,Machinery,1031700
2011Q1,computer_electronic,Computer and electronic products,1083433.33333
2011Q1,electrical_equipment,"Electrical equipment, appliances, and components",363700
2011Q1,motor_vehicles,"Motor vehicles, bodies and trailers, and parts",1359433.33333
2011Q1,other_transport_equipment,Other transportation equipment,654142.333333
2011Q1,furniture,Furniture and related products,348566.666667
2011Q1,misc_manufacturing,Miscellaneous manufacturing,570433.333333
2011Q1,food_beverage_tobacco,Food and beverage and tobacco products,1604924.66667
2011Q1,textiles,Textile mills and textile product mills,235733.333333
2011Q1,apparel_leather,Apparel and leather and allied products,179069.333333
2011Q1,paper,Paper products,389266.666667
2011Q1,printing,Printing and related support activities,473266.666667
2011Q1,petroleum_coal,Petroleum and coal products,106800
2011Q1,chemicals,Chemical products,780300
2011Q1,plastics_rubber,Plastics and rubber products,629866.666667
2011Q1,wholesale,Wholesale trade,5383266.66667
2011Q1,retail,Retail trade,14317600
2011Q1,air_transport,Air transportation,452100
2011Q1,rail_transport,Rail transportation,188966.666667
2011Q1,water_transport,Water transportation,61166.6666667
2011Q1,truck_transport,Truck transportation,1252933.33333
2011Q1,transit_ground,Transit and ground passenger transportation,453400
2011Q1,pipeline,Pipeline transportation,42400
2011Q1,other_transport_support,Other transportation and support activities,583366.666667
2011Q1,warehousing,Warehousing and storage,641966.666667
2011Q1,information,Information,2661000
2011Q1,credit_intermediation,"Federal Reserve banks, credit intermediation, and related activities",2573000
2011Q1,securities,"Securities, commodity contracts, and investments",804353.666667
2011Q1,insurance,Insurance carriers and related activities,2322066.66667
2011Q1,funds_trusts,"Funds, trusts, and other financial vehicles",853733.333333
2011Q1,real_estate,Real estate,1372533.33333
2011Q1,rental_leasing,Rental and leasing services and lessors of intangible assets,511933.333333
2011Q1,legal,Legal services,1104659
2011Q1,computer_systems,Computer systems design and related services,1497830.33333
2011Q1,misc_professional,"Miscellaneous professional, scientific, and technical services",5006048
2011Q1,management_companies,Management of companies and enterprises,1955400
2011Q1,admin_support,Administrative and support services,6986233.33333
2011Q1,waste_remediation,Waste management and remediation services,354500
2011Q1,education,Educational services,3287100
2011Q1,ambulatory_health,Ambulatory health care services,6049466.66667
2011Q1,hospitals_nursing,"Hospitals, nursing and residential care facilities",7834800
2011Q1,social_assistance,Social assistance,3033700
2011Q1,performing_arts_museums,"Performing arts, spectator sports, museums, and related activities",485133.333333
2011Q1,amusement_recreation,"Amusements, gambling, and recreation industries",1225900
2011Q1,accommodation,Accommodation,1697166.66667
2011Q1,food_services,Food services and drinking places,9249000
2011Q1,other_services,"Other services, except government",5281333.33333
2011Q2,oil_gas_extraction,Oil and gas extraction,170500
2011Q2,mining_except_oil_gas,"Mining, except oil and gas",220300
2011Q2,support_mining,Support activities for mining,339666.666667
2011Q2,utilities,Utilities,553900
2011Q2,construction,Construction,5549333.33333
2011Q2,wood_products,Wood products,339866.666667
2011Q2,nonmetallic_mineral,Nonmetallic mineral products,371900
2011Q2,primary_metals,Primary metals,387366.666667
2011Q2,fabricated_metal,Fabricated metal products,1342433.33333
2011Q2,machinery,Machinery,1050233.33333
2011Q2,computer_electronic,Computer and electronic products,1087133.33333
2011Q2,electrical_equipment,"Electrical equipment, appliances, and components",365266.666667
2011Q2,motor_vehicles,"Motor vehicles, bodies and trailers, and parts",1374966.66667
2011Q2,other_transport_equipment,Other transportation equipment,659277
2011Q2,furniture,Furniture and related products,354766.666667
2011Q2,misc_manufacturing,Miscellaneous manufacturing,573166.666667
2011Q2,food_beverage_tobacco,Food and beverage and tobacco products,1620827
2011Q2,textiles,Textile mills and textile product mills,240466.666667
2011Q2,apparel_leather,Apparel and leather and allied products,181655.333333
2011Q2,paper,Paper products,388000
2011Q2,printing,Printing and related support activities,472700
2011Q2,petroleum_coal,Petroleum and coal products,113100
2011Q2,chemicals,Chemical products,783566.666667
2011Q2,plastics_rubber,Plastics and rubber products,634600
2011Q2,wholesale,Wholesale trade,5474766.66667
2011Q2,retail,Retail trade,14543000
2011Q2,air_transport,Air transportation,457033.333333
2011Q2,rail_transport,Rail transportation,193033.333333
2011Q2,water_transport,Water transportation,61633.3333333
2011Q2,truck_transport,Truck transportation,1297900
2011Q2,transit_ground,Transit and ground passenger transportation,457400
2011Q2,pipeline,Pipeline transportation,42900
2011Q2,other_transport_support,Other transportation and support activities,602200
2011Q2,warehousing,Warehousing and storage,647733.333333
2011Q2,information,Information,2684333.33333
2011Q2,credit_intermediation,"Federal Reserve banks, credit intermediation, and related activities",2572166.66667
2011Q2,securities,"Securities, commodity contracts, and investments",811102.333333
2011Q2,insurance,Insurance carriers and related activities,2328766.66667
2011Q2,funds_trusts,"Funds, trusts, and other financial vehicles",858433.333333
2011Q2,real_estate,Real estate,1406666.66667
2011Q2,rental_leasing,Rental and leasing services and lessors of intangible assets,527466.666667
2011Q2,legal,Legal services,1114675
2011Q2,computer_systems,Computer systems design and related services,1526003
2011Q2,misc_professional,"Miscellaneous professional, scientific, and technical services",4986973.33333
2011Q2,management_companies,Management of companies and enterprises,1987233.33333
2011Q2,admin_support,Administrative and support services,7389600
2011Q2,waste_remediation,Waste management and remediation services,364066.666667
2011Q2,education,Educational services,3233533.33333
2011Q2,ambulatory_health,Ambulatory health care services,6110700
2011Q2,hospitals_nursing,"Hospitals, nursing and residential care facilities",7878733.33333
2011Q2,social_assistance,Social assistance,3049766.66667
2011Q2,performing_arts_museums,"Performing arts, spectator sports, museums, and related activities",545700
2011Q2,amusement_recreation,"Amusements, gambling, and recreation industries",1464100
2011Q2,accommodation,Accommodation,1812766.66667
2011Q2,food_services,Food services and drinking places,9749200
2011Q2,other_services,"Other services, except government",5375666.66667
2011Q3,oil_gas_extraction,Oil and gas extraction,175233.333333
2011Q3,mining_except_oil_gas,"Mining, except oil and gas",228000
2011Q3,support_mining,Support activities for mining,363633.333333
2011Q3,utilities,Utilities,554166.666667
2011Q3,construction,Construction,5823333.33333
2011Q3,wood_products,Wood products,339733.333333
2011Q3,nonmetallic_mineral,Nonmetallic mineral products,376533.333333
2011Q3,primary_metals,Primary metals,392066.666667
2011Q3,fabricated_metal,Fabricated metal products,1364133.33333
2011Q3,machinery,Machinery,1065033.33333
2011Q3,computer_electronic,Computer and electronic products,1091400
2011Q3,electrical_equipment,"Electrical equipment, appliances, and components",368766.666667
2011Q3,motor_vehicles,"Motor vehicles, bodies and trailers, and parts",1381133.33333
2011Q3,other_transport_equipment,Other transportation equipment,666681.666667
2011Q3,furniture,Furniture and related products,359566.666667
2011Q3,misc_manufacturing,Miscellaneous manufacturing,576100
2011Q3,food_beverage_tobacco,Food and beverage and tobacco products,1676515.33333
2011Q3,textiles,Textile mills and textile product mills,239400
2011Q3,apparel_leather,Apparel and leather and allied products,181149.666667
2011Q3,paper,Paper products,388100
2011Q3,printing,Printing and related support activities,472700
2011Q3,petroleum_coal,Petroleum and coal products,114000
2011Q3,chemicals,Chemical products,787333.333333
2011Q3,plastics_rubber,Plastics and rubber products,639366.666667
2011Q3,wholesale,Wholesale trade,5506400
2011Q3,retail,Retail trade,14639966.6667
2011Q3,air_transport,Air transportation,461333.333333
2011Q3,rail_transport,Rail transportation,194866.666667
2011Q3,water_transport,Water transportation,62033.3333333
2011Q3,truck_transport,Truck transportation,1327000
2011Q3,transit_ground,Transit and ground passenger transportation,411533.333333
2011Q3,pipeline,Pipeline transportation,42966.6666667
2011Q3,other_transport_support,Other transportation and support activities,608933.333333
2011Q3,warehousing,Warehousing and storage,663500
2011Q3,information,Information,2664333.33333
2011Q3,credit_intermediation,"Federal Reserve banks, credit intermediation, and related activities",2571233.33333
2011Q3,securities,"Securities, commodity contracts, and investments",824880.666667
2011Q3,insurance,Insurance carriers and related activities,2340100
2011Q3,funds_trusts,"Funds, trusts, and other financial vehicles",865066.666667
2011Q3,real_estate,Real estate,1417800
2011Q3,rental_leasing,Rental and leasing services and lessors of intangible assets,539500
2011Q3,legal,Legal services,1117091
2011Q3,computer_systems,Computer systems design and related services,1557031.33333
2011Q3,misc_professional,"Miscellaneous professional, scientific, and technical services",4995297
2011Q3,management_companies,Management of companies and enterprises,2017033.33333
2011Q3,admin_support,Administrative and support services,7506500
2011Q3,waste_remediation,Waste management and remediation services,373700
2011Q3,education,Educational services,3036666.66667
2011Q3,ambulatory_health,Ambulatory health care services,6163333.33333
2011Q3,hospitals_nursing,"Hospitals, nursing and residential care facilities",7918133.33333
2011Q3,social_assistance,Social assistance,3003600
2011Q3,performing_arts_museums,"Performing arts, spectator sports, museums, and related activities",560966.666667
2011Q3,amusement_recreation,"Amusements, gambling, and recreation industries",1581133.33333
2011Q3,accommodation,Accommodation,1924833.33333
2011Q3,food_services,Food services and drinking places,9827533.33333
2011Q3,other_services,"Other services, except government",5404000
2011Q4,oil_gas_extraction,Oil and gas extraction,178900
2011Q4,mining_except_oil_gas,"Mining, except oil and gas",224166.666667
2011Q4,support_mining,Support activities for mining,376066.666667
2011Q4,utilities,Utilities,551366.666667
2011Q4,construction,Construction,5675666.66667
2011Q4,wood_products,Wood products,335700
2011Q4,nonmetallic_mineral,Nonmetallic mineral products,367533.333333
2011Q4,primary_metals,Primary metals,397000
2011Q4,fabricated_metal,Fabricated metal products,1369033.33333
2011Q4,machinery,Machinery,1076266.66667
2011Q4,computer_electronic,Computer and electronic products,1084333.33333
2011Q4,electrical_equipment,"Electrical equipment, appliances, and components",366733.333333
2011Q4,motor_vehicles,"Motor vehicles, bodies and trailers, and parts",1410566.66667
2011Q4,other_transport_equipment,Other transportation equipment,669481
2011Q4,furniture,Furniture and related products,349300
2011Q4,misc_manufacturing,Miscellaneous manufacturing,574933.333333
2011Q4,food_beverage_tobacco,Food and beverage and tobacco products,1651227.33333
2011Q4,textiles,Textile mills and textile product mills,235200
2011Q4,apparel_leather,Apparel and leather and allied products,179680.666667
2011Q4,paper,Paper products,384200
2011Q4,printing,Printing and related support activities,468100
2011Q4,petroleum_coal,Petroleum and coal products,113400
2011Q4,chemicals,Chemical products,783100
2011Q4,plastics_rubber,Plastics and rubber products,636766.666667
2011Q4,wholesale,Wholesale trade,5534200
2011Q4,retail,Retail trade,15018800
2011Q4,air_transport,Air transportation,457000
2011Q4,rail_transport,Rail transportation,194766.666667
2011Q4,water_transport,Water transportation,60466.6666667
2011Q4,truck_transport,Truck transportation,1326066.66667
2011Q4,transit_ground,Transit and ground passenger transportation,465266.666667
2011Q4,pipeline,Pipeline transportation,43200
2011Q4,other_transport_support,Other transportation and support activities,606933.333333
2011Q4,warehousing,Warehousing and storage,678300
2011Q4,information,Information,2685000
2011Q4,credit_intermediation,"Federal Reserve banks, credit intermediation, and related activities",2573433.33333
2011Q4,securities,"Securities, commodity contracts, and investments",820609.666667
2011Q4,insurance,Insurance carriers and related activities,2354733.33333
2011Q4,funds_trusts,"Funds, trusts, and other financial vehicles",863200
2011Q4,real_estate,Real estate,1406200
2011Q4,rental_leasing,Rental and leasing services and lessors of intangible assets,527300
2011Q4,legal,Legal services,1117946.33333
2011Q4,computer_systems,Computer systems design and related services,1581667
2011Q4,misc_professional,"Miscellaneous professional, scientific, and technical services",5085044.66667
2011Q4,management_companies,Management of companies and enterprises,2039466.66667
2011Q4,admin_support,Administrative and support services,7605800
2011Q4,waste_remediation,Waste management and remediation services,368633.333333
2011Q4,education,Educational services,3441100
2011Q4,ambulatory_health,Ambulatory health care services,6221233.33333
2011Q4,hospitals_nursing,"Hospitals, nursing and residential care facilities",7927233.33333
2011Q4,social_assistance,Social assistance,3083466.66667
2011Q4,performing_arts_museums,"Performing arts, spectator sports, museums, and related activities",516000
2011Q4,amusement_recreation,"Amusements, gambling, and recreation industries",1297466.66667
2011Q4,accommodation,Accommodation,1767166.66667
2011Q4,food_services,Food services and drinking places,9706633.33333
2011Q4,other_services,"Other services, except government",5380333.33333
2012Q1,oil_gas_extraction,Oil and gas extraction,181566.666667
2012Q1,mining_except_oil_gas,"Mining, except oil and gas",214500
2012Q1,support_mining,Support activities for mining,386266.666667
2012Q1,utilities,Utilities,551166.666667
2012Q1,construction,Construction,5256333.33333
2012Q1,wood_products,Wood products,330866.666667
2012Q1,nonmetallic_mineral,Nonmetallic mineral products,354800
2012Q1,primary_metals,Primary metals,399266.666667
2012Q1,fabricated_metal,Fabricated metal products,1385633.33333
2012Q1,machinery,Machinery,1088400
2012Q1,computer_electronic,Computer and electronic products,1077666.66667
2012Q1,electrical_equipment,"Electrical equipment, appliances, and components",368933.333333
2012Q1,motor_vehicles,"Motor vehicles, bodies and trailers, and parts",1431833.33333
2012Q1,other_transport_equipment,Other transportation equipment,674762.333333
2012Q1,furniture,Furniture and related products,346566.666667
2012Q1,misc_manufacturing,Miscellaneous manufacturing,574700
2012Q1,food_beverage_tobacco,Food and beverage and tobacco products,1613395
2012Q1,textiles,Textile mills and textile product mills,233100
2012Q1,apparel_leather,Apparel and leather and allied products,177432.333333
2012Q1,paper,Paper products,379600
2012Q1,printing,Printing and related support activities,462133.333333
2012Q1,petroleum_coal,Petroleum and coal products,109200
2012Q1,chemicals,Chemical products,781000
2012Q1,plastics_rubber,Plastics and rubber products,636233.333333
2012Q1,wholesale,Wholesale trade,5515700
2012Q1,retail,Retail trade,14566300
2012Q1,air_transport,Air transportation,458066.666667
2012Q1,rail_transport,Rail transportation,193766.666667
2012Q1,water_transport,Water transportation,61633.3333333
2012Q1,truck_transport,Truck transportation,1306133.33333
2012Q1,transit_ground,Transit and ground passenger transportation,464266.666667
2012Q1,pipeline,Pipeline transportation,43633.3333333
2012Q1,other_transport_support,Other transportation and support activities,601433.333333
2012Q1,warehousing,Warehousing and storage,668433.333333
2012Q1,information,Information,2664000
2012Q1,credit_intermediation,"Federal Reserve banks, credit intermediation, and related activities",2579000
2012Q1,securities,"Securities, commodity contracts, and investments",811023.666667
2012Q1,insurance,Insurance carriers and related activities,2357600
2012Q1,funds_trusts,"Funds, trusts, and other financial vehicles",860000
2012Q1,real_estate,Real estate,1387533.33333
2012Q1,rental_leasing,Rental and leasing services and lessors of intangible assets,516966.666667
2012Q1,legal,Legal services,1106613.66667
2012Q1,computer_systems,Computer systems design and related services,1580897
2012Q1,misc_professional,"Miscellaneous professional, scientific, and technical services",5143593.33333
2012Q1,management_companies,Management of companies and enterprises,2054100
2012Q1,admin_support,Administrative and support services,7275633.33333
2012Q1,waste_remediation,Waste management and remediation services,363600
2012Q1,education,Educational services,3400666.66667
2012Q1,ambulatory_health,Ambulatory health care services,6223033.33333
2012Q1,hospitals_nursing,"Hospitals, nursing and residential care facilities",7935133.33333
2012Q1,social_assistance,Social assistance,3121133.33333
2012Q1,performing_arts_museums,"Performing arts, spectator sports, museums, and related activities",496300
2012Q1,amusement_recreation,"Amusements, gambling, and recreation industries",1270433.33333
2012Q1,accommodation,Accommodation,1729733.33333
2012Q1,food_services,Food services and drinking places,9595533.33333
2012Q1,other_services,"Other services, except government",5366000
2012Q2,oil_gas_extraction,Oil and gas extraction,186900
2012Q2,mining_except_oil_gas,"Mining, except oil and gas",223533.333333
2012Q2,support_mining,Support activities for mining,392600
2012Q2,utilities,Utilities,554600
2012Q2,construction,Construction,5654666.66667
2012Q2,wood_products,Wood products,339100
2012Q2,nonmetallic_mineral,Nonmetallic mineral products,368166.666667
2012Q2,primary_metals,Primary metals,404066.666667
2012Q2,fabricated_metal,Fabricated metal products,1411433.33333
2012Q2,machinery,Machinery,1102466.66667
2012Q2,computer_electronic,Computer and electronic products,1075900
2012Q2,electrical_equipment,"Electrical equipment, appliances, and components",372666.666667
2012Q2,motor_vehicles,"Motor vehicles, bodies and trailers, and parts",1456366.66667
2012Q2,other_transport_equipment,Other transportation equipment,675663.333333
2012Q2,furniture,Furniture and related products,352666.666667
2012Q2,misc_manufacturing,Miscellaneous manufacturing,580133.333333
2012Q2,food_beverage_tobacco,Food and beverage and tobacco products,1637102.66667
2012Q2,textiles,Textile mills and textile product mills,236533.333333
2012Q2,apparel_leather,Apparel and leather and allied products,179134.333333
2012Q2,paper,Paper products,380400
2012Q2,printing,Printing and related support activities,464733.333333
2012Q2,petroleum_coal,Petroleum and coal products,112800
2012Q2,chemicals,Chemical products,781933.333333
2012Q2,plastics_rubber,Plastics and rubber products,644333.333333
2012Q2,wholesale,Wholesale trade,5603300
2012Q2,retail,Retail trade,14708333.3333
2012Q2,air_transport,Air transportation,462266.666667
2012Q2,rail_transport,Rail transportation,196200
2012Q2,water_transport,Water transportation,63000
2012Q2,truck_transport,Truck transportation,1343433.33333
2012Q2,transit_ground,Transit and ground passenger transportation,449033.333333
2012Q2,pipeline,Pipeline transportation,43533.3333333
2012Q2,other_transport_support,Other transportation and support activities,619766.666667
2012Q2,warehousing,Warehousing and storage,680366.666667
2012Q2,information,Information,2682666.66667
2012Q2,credit_intermediation,"Federal Reserve banks, credit intermediation, and related activities",2587066.66667
2012Q2,securities,"Securities, commodity contracts, and investments",811719
2012Q2,insurance,Insurance carriers and related activities,2371500
2012Q2,funds_trusts,"Funds, trusts, and other financial vehicles",859666.666667
2012Q2,real_estate,Real estate,1422433.33333
2012Q2,rental_leasing,Rental and leasing services and lessors of intangible assets,539800
2012Q2,legal,Legal services,1120778.33333
2012Q2,computer_systems,Computer systems design and related services,1609634.33333
2012Q2,misc_professional,"Miscellaneous professional, scientific, and technical services",5132720.33333
2012Q2,management_companies,Management of companies and enterprises,2083000
2012Q2,admin_support,Administrative and support services,7676166.66667
2012Q2,waste_remediation,Waste management and remediation services,372800
2012Q2,education,Educational services,3345733.33333
2012Q2,ambulatory_health,Ambulatory health care services,6287233.33333
2012Q2,hospitals_nursing,"Hospitals, nursing and residential care facilities",7963566.66667
2012Q2,social_assistance,Social assistance,3147100
2012Q2,performing_arts_museums,"Performing arts, spectator sports, museums, and related activities",557500
2012Q2,amusement_recreation,"Amusements, gambling, and recreation industries",1495566.66667
2012Q2,accommodation,Accommodation,1841666.66667
2012Q2,food_services,Food services and drinking places,10076533.3333
2012Q2,other_services,"Other services, except government",5448000
2012Q3,oil_gas_extraction,Oil and gas extraction,190600
2012Q3,mining_except_oil_gas,"Mining, except oil and gas",223066.666667
2012Q3,support_mining,Support activities for mining,395333.333333
2012Q3,utilities,Utilities,553933.333333
2012Q3,construction,Construction,5901333.33333
2012Q3,wood_products,Wood products,342400
2012Q3,nonmetallic_mineral,Nonmetallic mineral products,371100
2012Q3,primary_metals,Primary metals,404766.666667
2012Q3,fabricated_metal,Fabricated metal products,1423333.33333
2012Q3,machinery,Machinery,1103433.33333
2012Q3,computer_electronic,Computer and electronic products,1068800
2012Q3,electrical_equipment,"Electrical equipment, appliances, and components",375400
2012Q3,motor_vehicles,"Motor vehicles, bodies and trailers, and parts",1473400
2012Q3,other_transport_equipment,Other transportation equipment,684141.333333
2012Q3,furniture,Furniture and related products,355433.333333
2012Q3,misc_manufacturing,Miscellaneous manufacturing,583466.666667
2012Q3,food_beverage_tobacco,Food and beverage and tobacco products,1690329
2012Q3,textiles,Textile mills and textile product mills,235600
2012Q3,apparel_leather,Apparel and leather and allied products,177523.333333
2012Q3,paper,Paper products,380266.666667
2012Q3,printing,Printing and related support activities,462133.333333
2012Q3,petroleum_coal,Petroleum and coal products,113433.333333
2012Q3,chemicals,Chemical products,786000
2012Q3,plastics_rubber,Plastics and rubber products,651733.333333
2012Q3,wholesale,Wholesale trade,5627666.66667
2012Q3,retail,Retail trade,14740833.3333
2012Q3,air_transport,Air transportation,462833.333333
2012Q3,rail_transport,Rail transportation,194966.666667
2012Q3,water_transport,Water transportation,66300
2012Q3,truck_transport,Truck transportation,1377500
2012Q3,transit_ground,Transit and ground passenger transportation,408700
2012Q3,pipeline,Pipeline transportation,43666.6666667
2012Q3,other_transport_support,Other transportation and support activities,625133.333333
2012Q3,warehousing,Warehousing and storage,697766.666667
2012Q3,information,Information,2680666.66667
2012Q3,credit_intermediation,"Federal Reserve banks, credit intermediation, and related activities",2608266.66667
2012Q3,securities,"Securities, commodity contracts, and investments",816288.666667
2012Q3,insurance,Insurance carriers and related activities,2371033.33333
2012Q3,funds_trusts,"Funds, trusts, and other financial vehicles",859966.666667
2012Q3,real_estate,Real estate,1440900
2012Q3,rental_leasing,Rental and leasing services and lessors of intangible assets,549766.666667
2012Q3,legal,Legal services,1125767
2012Q3,computer_systems,Computer systems design and related services,1636914
2012Q3,misc_professional,"Miscellaneous professional, scientific, and technical services",5124834.66667
2012Q3,management_companies,Management of companies and enterprises,2111766.66667
2012Q3,admin_support,Administrative and support services,7798966.66667
2012Q3,waste_remediation,Waste management and remediation services,378333.333333
2012Q3,education,Educational services,3131833.33333
2012Q3,ambulatory_health,Ambulatory health care services,6322000
2012Q3,hospitals_nursing,"Hospitals, nursing and residential care facilities",7991400
2012Q3,social_assistance,Social assistance,3112933.33333
2012Q3,performing_arts_museums,"Performing arts, spectator sports, museums, and related activities",569800
2012Q3,amusement_recreation,"Amusements, gambling, and recreation industries",1614966.66667
2012Q3,accommodation,Accommodation,1936600
2012Q3,food_services,Food services and drinking places,10178533.3333
2012Q3,other_services,"Other services, except government",5468000
2012Q4,oil_gas_extraction,Oil and gas extraction,190500
2012Q4,mining_except_oil_gas,"Mining, except oil and gas",213266.666667
2012Q4,support_mining,Support activities for mining,390533.333333
2012Q4,utilities,Utilities,551133.333333
2012Q4,construction,Construction,5770000
2012Q4,wood_products,Wood products,344066.666667
2012Q4,nonmetallic_mineral,Nonmetallic mineral products,367200
2012Q4,primary_metals,Primary metals,399700
2012Q4,fabricated_metal,Fabricated metal products,1418700
2012Q4,machinery,Machinery,1099566.66667
2012Q4,computer_electronic,Computer and electronic products,1055866.66667
2012Q4,electrical_equipment,"Electrical equipment, appliances, and components",375666.666667
2012Q4,motor_vehicles,"Motor vehicles, bodies and trailers, and parts",1482966.66667
2012Q4,other_transport_equipment,Other transportation equipment,685815.666667
2012Q4,furniture,Furniture and related products,351100
2012Q4,misc_manufacturing,Miscellaneous manufacturing,582233.333333
2012Q4,food_beverage_tobacco,Food and beverage and tobacco products,1663645.66667
2012Q4,textiles,Textile mills and textile product mills,234800
2012Q4,apparel_leather,Apparel and leather and allied products,176894.333333
2012Q4,paper,Paper products,378933.333333
2012Q4,printing,Printing and related support activities,457866.666667
2012Q4,petroleum_coal,Petroleum and coal products,112800
2012Q4,chemicals,Chemical products,784266.666667
2012Q4,plastics_rubber,Plastics and rubber products,648266.666667
2012Q4,wholesale,Wholesale trade,5634066.66667
2012Q4,retail,Retail trade,15188300
2012Q4,air_transport,Air transportation,453533.333333
2012Q4,rail_transport,Rail transportation,195266.666667
2012Q4,water_transport,Water transportation,64766.6666667
2012Q4,truck_transport,Truck transportation,1372233.33333
2012Q4,transit_ground,Transit and ground passenger transportation,467800
2012Q4,pipeline,Pipeline transportation,43366.6666667
2012Q4,other_transport_support,Other transportation and support activities,628433.333333
2012Q4,warehousing,Warehousing and storage,720900
2012Q4,information,Information,2677333.33333
2012Q4,credit_intermediation,"Federal Reserve banks, credit intermediation, and related activities",2628666.66667
2012Q4,securities,"Securities, commodity contracts, and investments",813033.666667
2012Q4,insurance,Insurance carriers and related activities,2372900
2012Q4,funds_trusts,"Funds, trusts, and other financial vehicles",857500
2012Q4,real_estate,Real estate,1429033.33333
2012Q4,rental_leasing,Rental and leasing services and lessors of intangible assets,534233.333333
2012Q4,legal,Legal services,1132401.66667
2012Q4,computer_systems,Computer systems design and related services,1662108.66667
2012Q4,misc_professional,"Miscellaneous professional, scientific, and technical services",5213451.33333
2012Q4,management_companies,Management of companies and enterprises,2128666.66667
2012Q4,admin_support,Administrative and support services,7848800
2012Q4,waste_remediation,Waste management and remediation services,372733.333333
2012Q4,education,Educational services,3485966.66667
2012Q4,ambulatory_health,Ambulatory health care services,6393666.66667
2012Q4,hospitals_nursing,"Hospitals, nursing and residential care facilities",8010366.66667
2012Q4,social_assistance,Social assistance,3204700
2012Q4,performing_arts_museums,"Performing arts, spectator sports, museums, and related activities",530300
2012Q4,amusement_recreation,"Amusements, gambling, and recreation industries",1339466.66667
2012Q4,accommodation,Accommodation,1792433.33333
2012Q4,food_services,Food services and drinking places,10047833.3333
2012Q4,other_services,"Other services, except government",5438000
2013Q1,oil_gas_extraction,Oil and gas extraction,192766.666667
2013Q1,mining_except_oil_gas,"Mining, except oil and gas",206166.666667
2013Q1,support_mining,Support activities for mining,395133.333333
2013Q1,utilities,Utilities,549366.666667
2013Q1,construction,Construction,5413333.33333
2013Q1,wood_products,Wood products,342066.666667
2013Q1,nonmetallic_mineral,Nonmetallic mineral products,358066.666667
2013Q1,primary_metals,Primary metals,396966.666667
2013Q1,fabricated_metal,Fabricated metal products,1415900
2013Q1,machinery,Machinery,1102000
2013Q1,computer_electronic,Computer and electronic products,1048166.66667
2013Q1,electrical_equipment,"Electrical equipment, appliances, and components",373033.333333
2013Q1,motor_vehicles,"Motor vehicles, bodies and trailers, and parts",1497566.66667
2013Q1,other_transport_equipment,Other transportation equipment,689930.333333
2013Q1,furniture,Furniture and related products,352466.666667
2013Q1,misc_manufacturing,Miscellaneous manufacturing,577366.666667
2013Q1,food_beverage_tobacco,Food and beverage and tobacco products,1630474.66667
2013Q1,textiles,Textile mills and textile product mills,231300
2013Q1,apparel_leather,Apparel and leather and allied products,172273.333333
2013Q1,paper,Paper products,378500
2013Q1,printing,Printing and related support activities,452533.333333
2013Q1,petroleum_coal,Petroleum and coal products,109166.666667
2013Q1,chemicals,Chemical products,789466.666667
2013Q1,plastics_rubber,Plastics and rubber products,649666.666667
2013Q1,wholesale,Wholesale trade,5599133.33333
2013Q1,retail,Retail trade,14700433.3333
2013Q1,air_transport,Air transportation,445966.666667
2013Q1,rail_transport,Rail transportation,195266.666667
2013Q1,water_transport,Water transportation,63166.6666667
2013Q1,truck_transport,Truck transportation,1343300
2013Q1,transit_ground,Transit and ground passenger transportation,465766.666667
2013Q1,pipeline,Pipeline transportation,43366.6666667
2013Q1,other_transport_support,Other transportation and support activities,623600
2013Q1,warehousing,Warehousing and storage,701000
2013Q1,information,Information,2676333.33333
2013Q1,credit_intermediation,"Federal Reserve banks, credit intermediation, and related activities",2632833.33333
2013Q1,securities,"Securities, commodity contracts, and investments",854296
2013Q1,insurance,Insurance carriers and related activities,2363966.66667
2013Q1,funds_trusts,"Funds, trusts, and other financial vehicles",857300
2013Q1,real_estate,Real estate,1419666.66667
2013Q1,rental_leasing,Rental and leasing services and lessors of intangible assets,524500
2013Q1,legal,Legal services,1122488
2013Q1,computer_systems,Computer systems design and related services,1666575.33333
2013Q1,misc_professional,"Miscellaneous professional, scientific, and technical services",5276200.33333
2013Q1,management_companies,Management of companies and enterprises,2138866.66667
2013Q1,admin_support,Administrative and support services,7506100
2013Q1,waste_remediation,Waste management and remediation services,367800
2013Q1,education,Educational services,3398400
2013Q1,ambulatory_health,Ambulatory health care services,6403966.66667
2013Q1,hospitals_nursing,"Hospitals, nursing and residential care facilities",7989300
2013Q1,social_assistance,Social assistance,3218566.66667
2013Q1,performing_arts_museums,"Performing arts, spectator sports, museums, and related activities",512200
2013Q1,amusement_recreation,"Amusements, gambling, and recreation industries",1301633.33333
2013Q1,accommodation,Accommodation,1764466.66667
2013Q1,food_services,Food services and drinking places,9932833.33333
2013Q1,other_services,"Other services, except government",5404666.66667
2013Q2,oil_gas_extraction,Oil and gas extraction,193200
2013Q2,mining_except_oil_gas,"Mining, except oil and gas",212100
2013Q2,support_mining,Support activities for mining,401933.333333
2013Q2,utilities,Utilities,554233.333333
2013Q2,construction,Construction,5863333.33333
2013Q2,wood_products,Wood products,351000
2013Q2,nonmetallic_mineral,Nonmetallic mineral products,375033.333333
2013Q2,primary_metals,Primary metals,396766.666667
2013Q2,fabricated_metal,Fabricated metal products,1431466.66667
2013Q2,machinery,Machinery,1104100
2013Q2,computer_electronic,Computer and electronic products,1046000
2013Q2,electrical_equipment,"Electrical equipment, appliances, and components",373433.333333
2013Q2,motor_vehicles,"Motor vehicles, bodies and trailers, and parts",1509733.33333
2013Q2,other_transport_equipment,Other transportation equipment,687627.666667
2013Q2,furniture,Furniture and related products,359566.666667
2013Q2,misc_manufacturing,Miscellaneous manufacturing,579600
2013Q2,food_beverage_tobacco,Food and beverage and tobacco products,1650480
2013Q2,textiles,Textile mills and textile product mills,231100
2013Q2,apparel_leather,Apparel and leather and allied products,173423.666667
2013Q2,paper,Paper products,379166.666667
2013Q2,printing,Printing and related support activities,451666.666667
2013Q2,petroleum_coal,Petroleum and coal products,111066.666667
2013Q2,chemicals,Chemical products,794300
2013Q2,plastics_rubber,Plastics and rubber products,659766.666667
2013Q2,wholesale,Wholesale trade,5660266.66667
2013Q2,retail,Retail trade,14881100
2013Q2,air_transport,Air transportation,447900
2013Q2,rail_transport,Rail transportation,196666.666667
2013Q2,water_transport,Water transportation,65633.3333333
2013Q2,truck_transport,Truck transportation,1381900
2013Q2,transit_ground,Transit and ground passenger transportation,464866.666667
2013Q2,pipeline,Pipeline transportation,44100
2013Q2,other_transport_support,Other transportation and support activities,634433.333333
2013Q2,warehousing,Warehousing and storage,702966.666667
2013Q2,information,Information,2704333.33333
2013Q2,credit_intermediation,"Federal Reserve banks, credit intermediation, and related activities",2639466.66667
2013Q2,securities,"Securities, commodity contracts, and investments",859997.666667
2013Q2,insurance,Insurance carriers and related activities,2373433.33333
2013Q2,funds_trusts,"Funds, trusts, and other financial vehicles",863533.333333
2013Q2,real_estate,Real estate,1458466.66667
2013Q2,rental_leasing,Rental and leasing services and lessors of intangible assets,547400
2013Q2,legal,Legal services,1135859
2013Q2,computer_systems,Computer systems design and related services,1689379.66667
2013Q2,misc_professional,"Miscellaneous professional, scientific, and technical services",5270308.66667
2013Q2,management_companies,Management of companies and enterprises,2170200
2013Q2,admin_support,Administrative and support services,7936133.33333
2013Q2,waste_remediation,Waste management and remediation services,378133.333333
2013Q2,education,Educational services,3349733.33333
2013Q2,ambulatory_health,Ambulatory health care services,6458666.66667
2013Q2,hospitals_nursing,"Hospitals, nursing and residential care facilities",8012766.66667
2013Q2,social_assistance,Social assistance,3255966.66667
2013Q2,performing_arts_museums,"Performing arts, spectator sports, museums, and related activities",581666.666667
2013Q2,amusement_recreation,"Amusements, gambling, and recreation industries",1542300
2013Q2,accommodation,Accommodation,1883400
2013Q2,food_services,Food services and drinking places,10463966.6667
2013Q2,other_services,"Other services, except government",5497666.66667
2013Q3,oil_gas_extraction,Oil and gas extraction,194666.666667
2013Q3,mining_except_oil_gas,"Mining, except oil and gas",212666.666667
2013Q3,support_mining,Support activities for mining,417033.333333
2013Q3,utilities,Utilities,553566.666667
2013Q3,construction,Construction,6133000
2013Q3,wood_products,Wood products,358833.333333
2013Q3,nonmetallic_mineral,Nonmetallic mineral products,382033.333333
2013Q3,primary_metals,Primary metals,393700
2013Q3,fabricated_metal,Fabricated metal products,1438300
2013Q3,machinery,Machinery,1105500
2013Q3,computer_electronic,Computer and electronic products,1045600
2013Q3,electrical_equipment,"Electrical equipment, appliances, and components",374200
2013Q3,motor_vehicles,"Motor vehicles, bodies and trailers, and parts",1502300
2013Q3,other_transport_equipment,Other transportation equipment,687015
2013Q3,furniture,Furniture and related products,363700
2013Q3,misc_manufacturing,Miscellaneous manufacturing,581400
2013Q3,food_beverage_tobacco,Food and beverage and tobacco products,1703740.66667
2013Q3,textiles,Textile mills and textile product mills,231533.333333
2013Q3,apparel_leather,Apparel and leather and allied products,173345.666667
2013Q3,paper,Paper products,378766.666667
2013Q3,printing,Printing and related support activities,450933.333333
2013Q3,petroleum_coal,Petroleum and coal products,112200
2013Q3,chemicals,Chemical products,795200
2013Q3,plastics_rubber,Plastics and rubber products,664033.333333
2013Q3,wholesale,Wholesale trade,5690266.66667
2013Q3,retail,Retail trade,15045800
2013Q3,air_transport,Air transportation,443966.666667
2013Q3,rail_transport,Rail transportation,195200
2013Q3,water_transport,Water transportation,67133.3333333
2013Q3,truck_transport,Truck transportation,1405866.66667
2013Q3,transit_ground,Transit and ground passenger transportation,408933.333333
2013Q3,pipeline,Pipeline transportation,44866.6666667
2013Q3,other_transport_support,Other transportation and support activities,648900
2013Q3,warehousing,Warehousing and storage,718633.333333
2013Q3,information,Information,2713666.66667
2013Q3,credit_intermediation,"Federal Reserve banks, credit intermediation, and related activities",2639666.66667
2013Q3,securities,"Securities, commodity contracts, and investments",872458.333333
2013Q3,insurance,Insurance carriers and related activities,2397433.33333
2013Q3,funds_trusts,"Funds, trusts, and other financial vehicles",869000
2013Q3,real_estate,Real estate,1485566.66667
2013Q3,rental_leasing,Rental and leasing services and lessors of intangible assets,555066.666667
2013Q3,legal,Legal services,1136301.66667
2013Q3,computer_systems,Computer systems design and related services,1713671
2013Q3,misc_professional,"Miscellaneous professional, scientific, and technical services",5265209
2013Q3,management_companies,Management of companies and enterprises,2196900
2013Q3,admin_support,Administrative and support services,8093966.66667
2013Q3,waste_remediation,Waste management and remediation services,385833.333333
2013Q3,education,Educational services,3146966.66667
2013Q3,ambulatory_health,Ambulatory health care services,6492000
2013Q3,hospitals_nursing,"Hospitals, nursing and residential care facilities",8024633.33333
2013Q3,social_assistance,Social assistance,3205200
2013Q3,performing_arts_museums,"Performing arts, spectator sports, museums, and related activities",583333.333333
2013Q3,amusement_recreation,"Amusements, gambling, and recreation industries",1657300
2013Q3,accommodation,Accommodation,1979966.66667
2013Q3,food_services,Food services and drinking places,10598000
2013Q3,other_services,"Other services, except government",5524666.66667
2013Q4,oil_gas_extraction,Oil and gas extraction,193400
2013Q4,mining_except_oil_gas,"Mining, except oil and gas",207200
2013Q4,support_mining,Support activities for mining,417633.333333
2013Q4,utilities,Utilities,550233.333333
2013Q4,construction,Construction,6012333.33333
2013Q4,wood_products,Wood products,360700
2013Q4,nonmetallic_mineral,Nonmetallic mineral products,378266.666667
2013Q4,primary_metals,Primary metals,393900
2013Q4,fabricated_metal,Fabricated metal products,1443433.33333
2013Q4,machinery,Machinery,1106500
2013Q4,computer_electronic,Computer and electronic products,1034433.33333
2013Q4,electrical_equipment,"Electrical equipment, appliances, and components",375733.333333
2013Q4,motor_vehicles,"Motor vehicles, bodies and trailers, and parts",1525666.66667
2013Q4,other_transport_equipment,Other transportation equipment,683190.666667
2013Q4,furniture,Furniture and related products,363900
2013Q4,misc_manufacturing,Miscellaneous manufacturing,583533.333333
2013Q4,food_beverage_tobacco,Food and beverage and tobacco products,1682257.33333
2013Q4,textiles,Textile mills and textile product mills,232233.333333
2013Q4,apparel_leather,Apparel and leather and allied products,173028.333333
2013Q4,paper,Paper products,375600
2013Q4,printing,Printing and related support activities,452666.666667
2013Q4,petroleum_coal,Petroleum and coal products,109033.333333
2013Q4,chemicals,Chemical products,792000
2013Q4,plastics_rubber,Plastics and rubber products,663233.333333
2013Q4,wholesale,Wholesale trade,5691700
2013Q4,retail,Retail trade,15520366.6667
2013Q4,air_transport,Air transportation,439433.333333
2013Q4,rail_transport,Rail transportation,195066.666667
2013Q4,water_transport,Water transportation,65366.6666667
2013Q4,truck_transport,Truck transportation,1399300
2013Q4,transit_ground,Transit and ground passenger transportation,482733.333333
2013Q4,pipeline,Pipeline transportation,45466.6666667
2013Q4,other_transport_support,Other transportation and support activities,646266.666667
2013Q4,warehousing,Warehousing and storage,741433.333333
2013Q4,information,Information,2729333.33333
2013Q4,credit_intermediation,"Federal Reserve banks, credit intermediation, and related activities",2616433.33333
2013Q4,securities,"Securities, commodity contracts, and investments",873018
2013Q4,insurance,Insurance carriers and related activities,2420800
2013Q4,funds_trusts,"Funds, trusts, and other financial vehicles",870166.666667
2013Q4,real_estate,Real estate,1471166.66667
2013Q4,rental_leasing,Rental and leasing services and lessors of intangible assets,538833.333333
2013Q4,legal,Legal services,1134665.33333
2013Q4,computer_systems,Computer systems design and related services,1733514
2013Q4,misc_professional,"Miscellaneous professional, scientific, and technical services",5345227
2013Q4,management_companies,Management of companies and enterprises,2208966.66667
2013Q4,admin_support,Administrative and support services,8140000
2013Q4,waste_remediation,Waste management and remediation services,378000
2013Q4,education,Educational services,3522766.66667
2013Q4,ambulatory_health,Ambulatory health care services,6551466.66667
2013Q4,hospitals_nursing,"Hospitals, nursing and residential care facilities",8033100
2013Q4,social_assistance,Social assistance,3278733.33333
2013Q4,performing_arts_museums,"Performing arts, spectator sports, museums, and related activities",560866.666667
2013Q4,amusement_recreation,"Amusements, gambling, and recreation industries",1379533.33333
2013Q4,accommodation,Accommodation,1831900
2013Q4,food_services,Food services and drinking places,10442066.6667
2013Q4,other_services,"Other services, except government",5504666.66667
2014Q1,oil_gas_extraction,Oil and gas extraction,193666.666667
2014Q1,mining_except_oil_gas,"Mining, except oil and gas",199766.666667
2014Q1,support_mining,Support activities for mining,418500
2014Q1,utilities,Utilities,548000
2014Q1,construction,Construction,5655666.66667
2014Q1,wood_products,Wood products,359800
2014Q1,nonmetallic_mineral,Nonmetallic mineral products,364866.666667
2014Q1,primary_metals,Primary metals,395433.333333
2014Q1,fabricated_metal,Fabricated metal products,1436333.33333
2014Q1,machinery,Machinery,1111933.33333
2014Q1,computer_electronic,Computer and electronic products,1024033.33333
2014Q1,electrical_equipment,"Electrical equipment, appliances, and components",375633.333333
2014Q1,motor_vehicles,"Motor vehicles, bodies and trailers, and parts",1534066.66667
2014Q1,other_transport_equipment,Other transportation equipment,682455.333333
2014Q1,furniture,Furniture and related products,362800
2014Q1,misc_manufacturing,Miscellaneous manufacturing,578933.333333
2014Q1,food_beverage_tobacco,Food and beverage and tobacco products,1655440
2014Q1,textiles,Textile mills and textile product mills,228800
2014Q1,apparel_leather,Apparel and leather and allied products,169522.333333
2014Q1,paper,Paper products,373233.333333
2014Q1,printing,Printing and related support activities,451666.666667
2014Q1,petroleum_coal,Petroleum and coal products,106800
2014Q1,chemicals,Chemical products,795833.333333
2014Q1,plastics_rubber,Plastics and rubber products,667200
2014Q1,wholesale,Wholesale trade,5669900
2014Q1,retail,Retail trade,14996733.3333
2014Q1,air_transport,Air transportation,438533.333333
2014Q1,rail_transport,Rail transportation,194466.666667
2014Q1,water_transport,Water transportation,64900
2014Q1,truck_transport,Truck transportation,1366800
2014Q1,transit_ground,Transit and ground passenger transportation,480566.666667
2014Q1,pipeline,Pipeline transportation,46366.6666667
2014Q1,other_transport_support,Other transportation and support activities,646900
2014Q1,warehousing,Warehousing and storage,725233.333333
2014Q1,information,Information,2705000
2014Q1,credit_intermediation,"Federal Reserve banks, credit intermediation, and related activities",2588100
2014Q1,securities,"Securities, commodity contracts, and investments",865705.333333
2014Q1,insurance,Insurance carriers and related activities,2432266.66667
2014Q1,funds_trusts,"Funds, trusts, and other financial vehicles",871933.333333
2014Q1,real_estate,Real estate,1453566.66667
2014Q1,rental_leasing,Rental and leasing services and lessors of intangible assets,531233.333333
2014Q1,legal,Legal services,1113566.33333
2014Q1,computer_systems,Computer systems design and related services,1742122.66667
2014Q1,misc_professional,"Miscellaneous professional, scientific, and technical services",5398173.33333
2014Q1,management_companies,Management of companies and enterprises,2219200
2014Q1,admin_support,Administrative and support services,7775433.33333
2014Q1,waste_remediation,Waste management and remediation services,373700
2014Q1,education,Educational services,3460766.66667
2014Q1,ambulatory_health,Ambulatory health care services,6538233.33333
2014Q1,hospitals_nursing,"Hospitals, nursing and residential care facilities",7995000
2014Q1,social_assistance,Social assistance,3298533.33333
2014Q1,performing_arts_museums,"Performing arts, spectator sports, museums, and related activities",539933.333333
2014Q1,amusement_recreation,"Amusements, gambling, and recreation industries",1343433.33333
2014Q1,accommodation,Accommodation,1796433.33333
2014Q1,food_services,Food services and drinking places,10288066.6667
2014Q1,other_services,"Other services, except government",5490666.66667
2014Q2,oil_gas_extraction,Oil and gas extraction,196100
2014Q2,mining_except_oil_gas,"Mining, except oil and gas",209166.666667
2014Q2,support_mining,Support activities for mining,428933.333333
2014Q2,utilities,Utilities,551233.333333
2014Q2,construction,Construction,6149666.66667
2014Q2,wood_products,Wood products,371566.666667
2014Q2,nonmetallic_mineral,Nonmetallic mineral products,385600
2014Q2,primary_metals,Primary metals,397733.333333
2014Q2,fabricated_metal,Fabricated metal products,1452433.33333
2014Q2,machinery,Machinery,1126033.33333
2014Q2,computer_electronic,Computer and electronic products,1021566.66667
2014Q2,electrical_equipment,"Electrical equipment, appliances, and components",376600
2014Q2,motor_vehicles,"Motor vehicles, bodies and trailers, and parts",1556000
2014Q2,other_transport_equipment,Other transportation equipment,682591.333333
2014Q2,furniture,Furniture and related products,369200
2014Q2,misc_manufacturing,Miscellaneous manufacturing,581966.666667
2014Q2,food_beverage_tobacco,Food and beverage and tobacco products,1682947
2014Q2,textiles,Textile mills and textile product mills,230800
2014Q2,apparel_leather,Apparel and leather and allied products,169689.333333
2014Q2,paper,Paper products,374866.666667
2014Q2,printing,Printing and related support activities,454966.666667
2014Q2,petroleum_coal,Petroleum and coal products,111800
2014Q2,chemicals,Chemical products,801333.333333
2014Q2,plastics_rubber,Plastics and rubber products,673933.333333
2014Q2,wholesale,Wholesale trade,5748166.66667
2014Q2,retail,Retail trade,15193633.3333
2014Q2,air_transport,Air transportation,443733.333333
2014Q2,rail_transport,Rail transportation,198233.333333
2014Q2,water_transport,Water transportation,67800
2014Q2,truck_transport,Truck transportation,1413266.66667
2014Q2,transit_ground,Transit and ground passenger transportation,475866.666667
2014Q2,pipeline,Pipeline transportation,46933.3333333
2014Q2,other_transport_support,Other transportation and support activities,669066.666667
2014Q2,warehousing,Warehousing and storage,740100
2014Q2,information,Information,2720000
2014Q2,credit_intermediation,"Federal Reserve banks, credit intermediation, and related activities",2575966.66667
2014Q2,securities,"Securities, commodity contracts, and investments",874904.666667
2014Q2,insurance,Insurance carriers and related activities,2451266.66667
2014Q2,funds_trusts,"Funds, trusts, and other financial vehicles",877666.666667
2014Q2,real_estate,Real estate,1487633.33333
2014Q2,rental_leasing,Rental and leasing services and lessors of intangible assets,562266.666667
2014Q2,legal,Legal services,1120581.33333
2014Q2,computer_systems,Computer systems design and related services,1772158.66667
2014Q2,misc_professional,"Miscellaneous professional, scientific, and technical services",5411462.66667
2014Q2,management_companies,Management of companies and enterprises,2249100
2014Q2,admin_support,Administrative and support services,8173966.66667
2014Q2,waste_remediation,Waste management and remediation services,386566.666667
2014Q2,education,Educational services,3413333.33333
2014Q2,ambulatory_health,Ambulatory health care services,6599033.33333
2014Q2,hospitals_nursing,"Hospitals, nursing and residential care facilities",8029200
2014Q2,social_assistance,Social assistance,3337966.66667
2014Q2,performing_arts_museums,"Performing arts, spectator sports, museums, and related activities",615833.333333
2014Q2,amusement_recreation,"Amusements, gambling, and recreation industries",1584300
2014Q2,accommodation,Accommodation,1914133.33333
2014Q2,food_services,Food services and drinking places,10816066.6667
2014Q2,other_services,"Other services, except government",5595333.33333
2014Q3,oil_gas_extraction,Oil and gas extraction,199966.666667
2014Q3,mining_except_oil_gas,"Mining, except oil and gas",212766.666667
2014Q3,support_mining,Support activities for mining,445000
2014Q3,utilities,Utilities,554200
2014Q3,construction,Construction,6454666.66667
2014Q3,wood_products,Wood products,378633.333333
2014Q3,nonmetallic_mineral,Nonmetallic mineral products,393966.666667
2014Q3,primary_metals,Primary metals,399733.333333
2014Q3,fabricated_metal,Fabricated metal products,1459866.66667
2014Q3,machinery,Machinery,1133600
2014Q3,computer_electronic,Computer and electronic products,1026266.66667
2014Q3,electrical_equipment,"Electrical equipment, appliances, and components",379400
2014Q3,motor_vehicles,"Motor vehicles, bodies and trailers, and parts",1567400
2014Q3,other_transport_equipment,Other transportation equipment,683325.666667
2014Q3,furniture,Furniture and related products,375033.333333
2014Q3,misc_manufacturing,Miscellaneous manufacturing,581900
2014Q3,food_beverage_tobacco,Food and beverage and tobacco products,1733119.66667
2014Q3,textiles,Textile mills and textile product mills,233933.333333
2014Q3,apparel_leather,Apparel and leather and allied products,167600.666667
2014Q3,paper,Paper products,373166.666667
2014Q3,printing,Printing and related support activities,454400
2014Q3,petroleum_coal,Petroleum and coal products,114866.666667
2014Q3,chemicals,Chemical products,807066.666667
2014Q3,plastics_rubber,Plastics and rubber products,676000
2014Q3,wholesale,Wholesale trade,5769466.66667
2014Q3,retail,Retail trade,15305766.6667
2014Q3,air_transport,Air transportation,446800
2014Q3,rail_transport,Rail transportation,201633.333333
2014Q3,water_transport,Water transportation,69633.3333333
2014Q3,truck_transport,Truck transportation,1445366.66667
2014Q3,transit_ground,Transit and ground passenger transportation,440033.333333
2014Q3,pipeline,Pipeline transportation,47266.6666667
2014Q3,other_transport_support,Other transportation and support activities,677533.333333
2014Q3,warehousing,Warehousing and storage,763666.666667
2014Q3,information,Information,2739333.33333
2014Q3,credit_intermediation,"Federal Reserve banks, credit intermediation, and related activities",2584500
2014Q3,securities,"Securities, commodity contracts, and investments",890506.666667
2014Q3,insurance,Insurance carriers and related activities,2477366.66667
2014Q3,funds_trusts,"Funds, trusts, and other financial vehicles",889366.666667
2014Q3,real_estate,Real estate,1509666.66667
2014Q3,rental_leasing,Rental and leasing services and lessors of intangible assets,578166.666667
2014Q3,legal,Legal services,1120884.33333
2014Q3,computer_systems,Computer systems design and related services,1803662
2014Q3,misc_professional,"Miscellaneous professional, scientific, and technical services",5431176
2014Q3,management_companies,Management of companies and enterprises,2261733.33333
2014Q3,admin_support,Administrative and support services,8340600
2014Q3,waste_remediation,Waste management and remediation services,395900
2014Q3,education,Educational services,3208833.33333
2014Q3,ambulatory_health,Ambulatory health care services,6650733.33333
2014Q3,hospitals_nursing,"Hospitals, nursing and residential care facilities",8058733.33333
2014Q3,social_assistance,Social assistance,3330733.33333
2014Q3,performing_arts_museums,"Performing arts, spectator sports, museums, and related activities",619966.666667
2014Q3,amusement_recreation,"Amusements, gambling, and recreation industries",1698400
2014Q3,accommodation,Accommodation,2009333.33333
2014Q3,food_services,Food services and drinking places,10912133.3333
2014Q3,other_services,"Other services, except government",5604000
2014Q4,oil_gas_extraction,Oil and gas extraction,200933.333333
2014Q4,mining_except_oil_gas,"Mining, except oil and gas",206833.333333
2014Q4,support_mining,Support activities for mining,442033.333333
2014Q4,utilities,Utilities,552466.666667
2014Q4,construction,Construction,6343333.33333
2014Q4,wood_products,Wood products,376400
2014Q4,nonmetallic_mineral,Nonmetallic mineral products,391900
2014Q4,primary_metals,Primary metals,401800
2014Q4,fabricated_metal,Fabricated metal products,1467966.66667
2014Q4,machinery,Machinery,1137533.33333
2014Q4,computer_electronic,Computer and electronic products,1024700
2014Q4,electrical_equipment,"Electrical equipment, appliances, and components",379633.333333
2014Q4,motor_vehicles,"Motor vehicles, bodies and trailers, and parts",1578700
2014Q4,other_transport_equipment,Other transportation equipment,680853.333333
2014Q4,furniture,Furniture and related products,374133.333333
2014Q4,misc_manufacturing,Miscellaneous manufacturing,584700
2014Q4,food_beverage_tobacco,Food and beverage and tobacco products,1708792.66667
2014Q4,textiles,Textile mills and textile product mills,234533.333333
2014Q4,apparel_leather,Apparel and leather and allied products,166124
2014Q4,paper,Paper products,372066.666667
2014Q4,printing,Printing and related support activities,454000
2014Q4,petroleum_coal,Petroleum and coal products,112933.333333
2014Q4,chemicals,Chemical products,807633.333333
2014Q4,plastics_rubber,Plastics and rubber products,680133.333333
2014Q4,wholesale,Wholesale trade,5770433.33333
2014Q4,retail,Retail trade,15757400
2014Q4,air_transport,Air transportation,447866.666667
2014Q4,rail_transport,Rail transportation,204566.666667
2014Q4,water_transport,Water transportation,67033.3333333
2014Q4,truck_transport,Truck transportation,1445466.66667
2014Q4,transit_ground,Transit and ground passenger transportation,498266.666667
2014Q4,pipeline,Pipeline transportation,47533.3333333
2014Q4,other_transport_support,Other transportation and support activities,676666.666667
2014Q4,warehousing,Warehousing and storage,790166.666667
2014Q4,information,Information,2739000
2014Q4,credit_intermediation,"Federal Reserve banks, credit intermediation, and related activities",2580066.66667
2014Q4,securities,"Securities, commodity contracts, and investments",891938.333333
2014Q4,insurance,Insurance carriers and related activities,2502366.66667
2014Q4,funds_trusts,"Funds, trusts, and other financial vehicles",892600
2014Q4,real_estate,Real estate,1497366.66667
2014Q4,rental_leasing,Rental and leasing services and lessors of intangible assets,563000
2014Q4,legal,Legal services,1123070.33333
2014Q4,computer_systems,Computer systems design and related services,1833552.33333
2014Q4,misc_professional,"Miscellaneous professional, scientific, and technical services",5521568.33333
2014Q4,management_companies,Management of companies and enterprises,2265733.33333
2014Q4,admin_support,Administrative and support services,8421900
2014Q4,waste_remediation,Waste management and remediation services,388100
2014Q4,education,Educational services,3583600
2014Q4,ambulatory_health,Ambulatory health care services,6738133.33333
2014Q4,hospitals_nursing,"Hospitals, nursing and residential care facilities",8097000
2014Q4,social_assistance,Social assistance,3415300
2014Q4,performing_arts_museums,"Performing arts, spectator sports, museums, and related activities",585033.333333
2014Q4,amusement_recreation,"Amusements, gambling, and recreation industries",1425433.33333
2014Q4,accommodation,Accommodation,1858266.66667
2014Q4,food_services,Food services and drinking places,10776966.6667
2014Q4,other_services,"Other services, except government",5577666.66667
2015Q1,oil_gas_extraction,Oil and gas extraction,196900
2015Q1,mining_except_oil_gas,"Mining, except oil and gas",196866.666667
2015Q1,support_mining,Support activities for mining,417166.666667
2015Q1,utilities,Utilities,552700
2015Q1,construction,Construction,5988666.66667
2015Q1,wood_products,Wood products,372900
2015Q1,nonmetallic_mineral,Nonmetallic mineral products,379333.333333
2015Q1,primary_metals,Primary metals,400633.333333
2015Q1,fabricated_metal,Fabricated metal products,1463733.33333
2015Q1,machinery,Machinery,1135666.66667
2015Q1,computer_electronic,Computer and electronic products,1023600
2015Q1,electrical_equipment,"Electrical equipment, appliances, and components",381433.333333
2015Q1,motor_vehicles,"Motor vehicles, bodies and trailers, and parts",1587233.33333
2015Q1,other_transport_equipment,Other transportation equipment,692328
2015Q1,furniture,Furniture and related products,373033.333333
2015Q1,misc_manufacturing,Miscellaneous manufacturing,581500
2015Q1,food_beverage_tobacco,Food and beverage and tobacco products,1687862
2015Q1,textiles,Textile mills and textile product mills,231166.666667
2015Q1,apparel_leather,Apparel and leather and allied products,164740.666667
2015Q1,paper,Paper products,370766.666667
2015Q1,printing,Printing and related support activities,448500
2015Q1,petroleum_coal,Petroleum and coal products,106933.333333
2015Q1,chemicals,Chemical products,805100
2015Q1,plastics_rubber,Plastics and rubber products,680966.666667
2015Q1,wholesale,Wholesale trade,5742166.66667
2015Q1,retail,Retail trade,15274433.3333
2015Q1,air_transport,Air transportation,447933.333333
2015Q1,rail_transport,Rail transportation,207833.333333
2015Q1,water_transport,Water transportation,65133.3333333
2015Q1,truck_transport,Truck transportation,1417800
2015Q1,transit_ground,Transit and ground passenger transportation,494566.666667
2015Q1,pipeline,Pipeline transportation,47800
2015Q1,other_transport_support,Other transportation and support activities,670866.666667
2015Q1,warehousing,Warehousing and storage,787800
2015Q1,information,Information,2720666.66667
2015Q1,credit_intermediation,"Federal Reserve banks, credit intermediation, and related activities",2575466.66667
2015Q1,securities,"Securities, commodity contracts, and investments",887081.666667
2015Q1,insurance,Insurance carriers and related activities,2514933.33333
2015Q1,funds_trusts,"Funds, trusts, and other financial vehicles",895400
2015Q1,real_estate,Real estate,1483266.66667
2015Q1,rental_leasing,Rental and leasing services and lessors of intangible assets,551200
2015Q1,legal,Legal services,1107494.33333
2015Q1,computer_systems,Computer systems design and related services,1861988.66667
2015Q1,misc_professional,"Miscellaneous professional, scientific, and technical services",5561742.33333
2015Q1,management_companies,Management of companies and enterprises,2266933.33333
2015Q1,admin_support,Administrative and support services,8028466.66667
2015Q1,waste_remediation,Waste management and remediation services,384666.666667
2015Q1,education,Educational services,3514833.33333
2015Q1,ambulatory_health,Ambulatory health care services,6747500
2015Q1,hospitals_nursing,"Hospitals, nursing and residential care facilities",8105466.66667
2015Q1,social_assistance,Social assistance,3452766.66667
2015Q1,performing_arts_museums,"Performing arts, spectator sports, museums, and related activities",548966.666667
2015Q1,amusement_recreation,"Amusements, gambling, and recreation industries",1380533.33333
2015Q1,accommodation,Accommodation,1833600
2015Q1,food_services,Food services and drinking places,10639233.3333
2015Q1,other_services,"Other services, except government",5554666.66667
2015Q2,oil_gas_extraction,Oil and gas extraction,193333.333333
2015Q2,mining_except_oil_gas,"Mining, except oil and gas",201966.666667
2015Q2,support_mining,Support activities for mining,376300
2015Q2,utilities,Utilities,555900
2015Q2,construction,Construction,6474666.66667
2015Q2,wood_products,Wood products,379366.666667
2015Q2,nonmetallic_mineral,Nonmetallic mineral products,400366.666667
2015Q2,primary_metals,Primary metals,396266.666667
2015Q2,fabricated_metal,Fabricated metal products,1468200
2015Q2,machinery,Machinery,1127300
2015Q2,computer_electronic,Computer and electronic products,1027166.66667
2015Q2,electrical_equipment,"Electrical equipment, appliances, and components",383700
2015Q2,motor_vehicles,"Motor vehicles, bodies and trailers, and parts",1602100
2015Q2,other_transport_equipment,Other transportation equipment,690409
2015Q2,furniture,Furniture and related products,379900
2015Q2,misc_manufacturing,Miscellaneous manufacturing,591533.333333
2015Q2,food_beverage_tobacco,Food and beverage and tobacco products,1715331.33333
2015Q2,textiles,Textile mills and textile product mills,233800
2015Q2,apparel_leather,Apparel and leather and allied products,165582.666667
2015Q2,paper,Paper products,372400
2015Q2,printing,Printing and related support activities,450033.333333
2015Q2,petroleum_coal,Petroleum and coal products,113400
2015Q2,chemicals,Chemical products,807933.333333
2015Q2,plastics_rubber,Plastics and rubber products,689500
2015Q2,wholesale,Wholesale trade,5794300
2015Q2,retail,Retail trade,15465866.6667
2015Q2,air_transport,Air transportation,456500
2015Q2,rail_transport,Rail transportation,208633.333333
2015Q2,water_transport,Water transportation,66800
2015Q2,truck_transport,Truck transportation,1451700
2015Q2,transit_ground,Transit and ground passenger transportation,492066.666667
2015Q2,pipeline,Pipeline transportation,49566.6666667
2015Q2,other_transport_support,Other transportation and support activities,696466.666667
2015Q2,warehousing,Warehousing and storage,810200
2015Q2,information,Information,2748333.33333
2015Q2,credit_intermediation,"Federal Reserve banks, credit intermediation, and related activities",2582700
2015Q2,securities,"Securities, commodity contracts, and investments",897297.666667
2015Q2,insurance,Insurance carriers and related activities,2528800
2015Q2,funds_trusts,"Funds, trusts, and other financial vehicles",901500
2015Q2,real_estate,Real estate,1514133.33333
2015Q2,rental_leasing,Rental and leasing services and lessors of intangible assets,572766.666667
2015Q2,legal,Legal services,1120180.33333
2015Q2,computer_systems,Computer systems design and related services,1894288
2015Q2,misc_professional,"Miscellaneous professional, scientific, and technical services",5559597
2015Q2,management_companies,Management of companies and enterprises,2286333.33333
2015Q2,admin_support,Administrative and support services,8441166.66667
2015Q2,waste_remediation,Waste management and remediation services,397700
2015Q2,education,Educational services,3463866.66667
2015Q2,ambulatory_health,Ambulatory health care services,6831300
2015Q2,hospitals_nursing,"Hospitals, nursing and residential care facilities",8153666.66667
2015Q2,social_assistance,Social assistance,3523666.66667
2015Q2,performing_arts_museums,"Performing arts, spectator sports, museums, and related activities",628666.666667
2015Q2,amusement_recreation,"Amusements, gambling, and recreation industries",1636733.33333
2015Q2,accommodation,Accommodation,1935766.66667
2015Q2,food_services,Food services and drinking places,11159066.6667
2015Q2,other_services,"Other services, except government",5648000
2015Q3,oil_gas_extraction,Oil and gas extraction,194433.333333
2015Q3,mining_except_oil_gas,"Mining, except oil and gas",200700
2015Q3,support_mining,Support activities for mining,353866.666667
2015Q3,utilities,Utilities,559133.333333
2015Q3,construction,Construction,6725333.33333
2015Q3,wood_products,Wood products,386900
2015Q3,nonmetallic_mineral,Nonmetallic mineral products,407133.333333
2015Q3,primary_metals,Primary metals,391900
2015Q3,fabricated_metal,Fabricated metal products,1457566.66667
2015Q3,machinery,Machinery,1117366.66667
2015Q3,computer_electronic,Computer and electronic products,1031333.33333
2015Q3,electrical_equipment,"Electrical equipment, appliances, and components",386100
2015Q3,motor_vehicles,"Motor vehicles, bodies and trailers, and parts",1611366.66667
2015Q3,other_transport_equipment,Other transportation equipment,692912.666667
2015Q3,furniture,Furniture and related products,385266.666667
2015Q3,misc_manufacturing,Miscellaneous manufacturing,592700
2015Q3,food_beverage_tobacco,Food and beverage and tobacco products,1776173.33333
2015Q3,textiles,Textile mills and textile product mills,232866.666667
2015Q3,apparel_leather,Apparel and leather and allied products,163661.666667
2015Q3,paper,Paper products,374200
2015Q3,printing,Printing and related support activities,448966.666667
2015Q3,petroleum_coal,Petroleum and coal products,116900
2015Q3,chemicals,Chemical products,809300
2015Q3,plastics_rubber,Plastics and rubber products,693500
2015Q3,wholesale,Wholesale trade,5799200
2015Q3,retail,Retail trade,15543133.3333
2015Q3,air_transport,Air transportation,464133.333333
2015Q3,rail_transport,Rail transportation,203033.333333
2015Q3,water_transport,Water transportation,67266.6666667
2015Q3,truck_transport,Truck transportation,1478800
2015Q3,transit_ground,Transit and ground passenger transportation,450800
2015Q3,pipeline,Pipeline transportation,50500
2015Q3,other_transport_support,Other transportation and support activities,713166.666667
2015Q3,warehousing,Warehousing and storage,847400
2015Q3,information,Information,2763000
2015Q3,credit_intermediation,"Federal Reserve banks, credit intermediation, and related activities",2599200
2015Q3,securities,"Securities, commodity contracts, and investments",912803.666667
2015Q3,insurance,Insurance carriers and related activities,2547100
2015Q3,funds_trusts,"Funds, trusts, and other financial vehicles",914066.666667
2015Q3,real_estate,Real estate,1539000
2015Q3,rental_leasing,Rental and leasing services and lessors of intangible assets,590966.666667
2015Q3,legal,Legal services,1121205.66667
2015Q3,computer_systems,Computer systems design and related services,1926735.33333
2015Q3,misc_professional,"Miscellaneous professional, scientific, and technical services",5583755.33333
2015Q3,management_companies,Management of companies and enterprises,2306966.66667
2015Q3,admin_support,Administrative and support services,8573033.33333
2015Q3,waste_remediation,Waste management and remediation services,404466.666667
2015Q3,education,Educational services,3251100
2015Q3,ambulatory_health,Ambulatory health care services,6881733.33333
2015Q3,hospitals_nursing,"Hospitals, nursing and residential care facilities",8220400
2015Q3,social_assistance,Social assistance,3493366.66667
2015Q3,performing_arts_museums,"Performing arts, spectator sports, museums, and related activities",639100
2015Q3,amusement_recreation,"Amusements, gambling, and recreation industries",1755600
2015Q3,accommodation,Accommodation,2033233.33333
2015Q3,food_services,Food services and drinking places,11293133.3333
2015Q3,other_services,"Other services, except government",5654333.33333
2015Q4,oil_gas_extraction,Oil and gas extraction,189033.333333
2015Q4,mining_except_oil_gas,"Mining, except oil and gas",191433.333333
2015Q4,support_mining,Support activities for mining,329200
2015Q4,utilities,Utilities,556233.333333
2015Q4,construction,Construction,6655666.66667
2015Q4,wood_products,Wood products,390900
2015Q4,nonmetallic_mineral,Nonmetallic mineral products,405266.666667
2015Q4,primary_metals,Primary metals,387200
2015Q4,fabricated_metal,Fabricated metal products,1441633.33333
2015Q4,machinery,Machinery,1102966.66667
2015Q4,computer_electronic,Computer and electronic products,1020700
2015Q4,electrical_equipment,"Electrical equipment, appliances, and components",383533.333333
2015Q4,motor_vehicles,"Motor vehicles, bodies and trailers, and parts",1618833.33333
2015Q4,other_transport_equipment,Other transportation equipment,687267.333333
2015Q4,furniture,Furniture and related products,385633.333333
2015Q4,misc_manufacturing,Miscellaneous manufacturing,593900
2015Q4,food_beverage_tobacco,Food and beverage and tobacco products,1754159
2015Q4,textiles,Textile mills and textile product mills,232800
2015Q4,apparel_leather,Apparel and leather and allied products,162354
2015Q4,paper,Paper products,373233.333333
2015Q4,printing,Printing and related support activities,453400
2015Q4,petroleum_coal,Petroleum and coal products,114233.333333
2015Q4,chemicals,Chemical products,806700
2015Q4,plastics_rubber,Plastics and rubber products,693433.333333
2015Q4,wholesale,Wholesale trade,5786066.66667
2015Q4,retail,Retail trade,15952066.6667
2015Q4,air_transport,Air transportation,465666.666667
2015Q4,rail_transport,Rail transportation,195433.333333
2015Q4,water_transport,Water transportation,64133.3333333
2015Q4,truck_transport,Truck transportation,1462400
2015Q4,transit_ground,Transit and ground passenger transportation,502533.333333
2015Q4,pipeline,Pipeline transportation,50733.3333333
2015Q4,other_transport_support,Other transportation and support activities,703666.666667
2015Q4,warehousing,Warehousing and storage,891700
2015Q4,information,Information,2767000
2015Q4,credit_intermediation,"Federal Reserve banks, credit intermediation, and related activities",2597333.33333
2015Q4,securities,"Securities, commodity contracts, and investments",913752
2015Q4,insurance,Insurance carriers and related activities,2562433.33333
2015Q4,funds_trusts,"Funds, trusts, and other financial vehicles",920400
2015Q4,real_estate,Real estate,1531966.66667
2015Q4,rental_leasing,Rental and leasing services and lessors of intangible assets,570200
2015Q4,legal,Legal services,1124582
2015Q4,computer_systems,Computer systems design and related services,1949027.33333
2015Q4,misc_professional,"Miscellaneous professional, scientific, and technical services",5675368.66667
2015Q4,management_companies,Management of companies and enterprises,2309966.66667
2015Q4,admin_support,Administrative and support services,8664333.33333
2015Q4,waste_remediation,Waste management and remediation services,399166.666667
2015Q4,education,Educational services,3657900
2015Q4,ambulatory_health,Ambulatory health care services,6961533.33333
2015Q4,hospitals_nursing,"Hospitals, nursing and residential care facilities",8267466.66667
2015Q4,social_assistance,Social assistance,3590633.33333
2015Q4,performing_arts_museums,"Performing arts, spectator sports, museums, and related activities",596500
2015Q4,amusement_recreation,"Amusements, gambling, and recreation industries",1479633.33333
2015Q4,accommodation,Accommodation,1889566.66667
2015Q4,food_services,Food services and drinking places,11191733.3333
2015Q4,other_services,"Other services, except government",5629666.66667
2016Q1,oil_gas_extraction,Oil and gas extraction,184100
2016Q1,mining_except_oil_gas,"Mining, except oil and gas",179033.333333
2016Q1,support_mining,Support activities for mining,285766.666667
2016Q1,utilities,Utilities,554433.333333
2016Q1,construction,Construction,6303333.33333
2016Q1,wood_products,Wood products,385500
2016Q1,nonmetallic_mineral,Nonmetallic mineral products,392466.666667
2016Q1,primary_metals,Primary metals,382100
2016Q1,fabricated_metal,Fabricated metal products,1430033.33333
2016Q1,machinery,Machinery,1091466.66667
2016Q1,computer_electronic,Computer and electronic products,1021933.33333
2016Q1,electrical_equipment,"Electrical equipment, appliances, and components",384266.666667
2016Q1,motor_vehicles,"Motor vehicles, bodies and trailers, and parts",1622333.33333
2016Q1,other_transport_equipment,Other transportation equipment,688235
2016Q1,furniture,Furniture and related products,387233.333333
2016Q1,misc_manufacturing,Miscellaneous manufacturing,588633.333333
2016Q1,food_beverage_tobacco,Food and beverage and tobacco products,1742349.33333
2016Q1,textiles,Textile mills and textile product mills,230800
2016Q1,apparel_leather,Apparel and leather and allied products,160610.333333
2016Q1,paper,Paper products,371666.666667
2016Q1,printing,Printing and related support activities,448733.333333
2016Q1,petroleum_coal,Petroleum and coal products,108433.333333
2016Q1,chemicals,Chemical products,808533.333333
2016Q1,plastics_rubber,Plastics and rubber products,695866.666667
2016Q1,wholesale,Wholesale trade,5743733.33333
2016Q1,retail,Retail trade,15509633.3333
2016Q1,air_transport,Air transportation,467466.666667
2016Q1,rail_transport,Rail transportation,184066.666667
2016Q1,water_transport,Water transportation,63033.3333333
2016Q1,truck_transport,Truck transportation,1425766.66667
2016Q1,transit_ground,Transit and ground passenger transportation,498866.666667
2016Q1,pipeline,Pipeline transportation,50333.3333333
2016Q1,other_transport_support,Other transportation and support activities,691733.333333
2016Q1,warehousing,Warehousing and storage,889000
2016Q1,information,Information,2754666.66667
2016Q1,credit_intermediation,"Federal Reserve banks, credit intermediation, and related activities",2605600
2016Q1,securities,"Securities, commodity contracts, and investments",908178
2016Q1,insurance,Insurance carriers and related activities,2561100
2016Q1,funds_trusts,"Funds, trusts, and other financial vehicles",917933.333333
2016Q1,real_estate,Real estate,1517633.33333
2016Q1,rental_leasing,Rental and leasing services and lessors of intangible assets,560333.333333
2016Q1,legal,Legal services,1110477.66667
2016Q1,computer_systems,Computer systems design and related services,1943425.66667
2016Q1,misc_professional,"Miscellaneous professional, scientific, and technical services",5718172.33333
2016Q1,management_companies,Management of companies and enterprises,2307133.33333
2016Q1,admin_support,Administrative and support services,8215633.33333
2016Q1,waste_remediation,Waste management and remediation services,391600
2016Q1,education,Educational services,3588466.66667
2016Q1,ambulatory_health,Ambulatory health care services,6964800
2016Q1,hospitals_nursing,"Hospitals, nursing and residential care facilities",8265400
2016Q1,social_assistance,Social assistance,3610600
2016Q1,performing_arts_museums,"Performing arts, spectator sports, museums, and related activities",563200
2016Q1,amusement_recreation,"Amusements, gambling, and recreation industries",1439266.66667
2016Q1,accommodation,Accommodation,1860700
2016Q1,food_services,Food services and drinking places,11063100
2016Q1,other_services,"Other services, except government",5612333.33333
2016Q2,oil_gas_extraction,Oil and gas extraction,173466.666667
2016Q2,mining_except_oil_gas,"Mining, except oil and gas",181466.666667
2016Q2,support_mining,Support activities for mining,258766.666667
2016Q2,utilities,Utilities,555433.333333
2016Q2,construction,Construction,6761666.66667
2016Q2,wood_products,Wood products,393000
2016Q2,nonmetallic_mineral,Nonmetallic mineral products,409800
2016Q2,primary_metals,Primary metals,376033.333333
2016Q2,fabricated_metal,Fabricated metal products,1426433.33333
2016Q2,machinery,Machinery,1077533.33333
2016Q2,computer_electronic,Computer and electronic products,1022900
2016Q2,electrical_equipment,"Electrical equipment, appliances, and components",383300
2016Q2,motor_vehicles,"Motor vehicles, bodies and trailers, and parts",1630366.66667
2016Q2,other_transport_equipment,Other transportation equipment,680222.666667
2016Q2,furniture,Furniture and related products,389033.333333
2016Q2,misc_manufacturing,Miscellaneous manufacturing,590166.666667
2016Q2,food_beverage_tobacco,Food and beverage and tobacco products,1774114.66667
2016Q2,textiles,Textile mills and textile product mills,231433.333333
2016Q2,apparel_leather,Apparel and leather and allied products,159980.666667
2016Q2,paper,Paper products,372400
2016Q2,printing,Printing and related support activities,449100
2016Q2,petroleum_coal,Petroleum and coal products,112833.333333
2016Q2,chemicals,Chemical products,811666.666667
2016Q2,plastics_rubber,Plastics and rubber products,704500
2016Q2,wholesale,Wholesale trade,5792833.33333
2016Q2,retail,Retail trade,15694833.3333
2016Q2,air_transport,Air transportation,478433.333333
2016Q2,rail_transport,Rail transportation,182533.333333
2016Q2,water_transport,Water transportation,66933.3333333
2016Q2,truck_transport,Truck transportation,1445766.66667
2016Q2,transit_ground,Transit and ground passenger transportation,499333.333333
2016Q2,pipeline,Pipeline transportation,50000
2016Q2,other_transport_support,Other transportation and support activities,708600
2016Q2,warehousing,Warehousing and storage,911100
2016Q2,information,Information,2784333.33333
2016Q2,credit_intermediation,"Federal Reserve banks, credit intermediation, and related activities",2622233.33333
2016Q2,securities,"Securities, commodity contracts, and investments",913470
2016Q2,insurance,Insurance carriers and related activities,2580133.33333
2016Q2,funds_trusts,"Funds, trusts, and other financial vehicles",924600
2016Q2,real_estate,Real estate,1549966.66667
2016Q2,rental_leasing,Rental and leasing services and lessors of intangible assets,588833.333333
2016Q2,legal,Legal services,1124133.66667
2016Q2,computer_systems,Computer systems design and related services,1967248.33333
2016Q2,misc_professional,"Miscellaneous professional, scientific, and technical services",5710166.33333
2016Q2,management_companies,Management of companies and enterprises,2325100
2016Q2,admin_support,Administrative and support services,8595466.66667
2016Q2,waste_remediation,Waste management and remediation services,404000
2016Q2,education,Educational services,3568600
2016Q2,ambulatory_health,Ambulatory health care services,7048566.66667
2016Q2,hospitals_nursing,"Hospitals, nursing and residential care facilities",8313400
2016Q2,social_assistance,Social assistance,3648833.33333
2016Q2,performing_arts_museums,"Performing arts, spectator sports, museums, and related activities",647633.333333
2016Q2,amusement_recreation,"Amusements, gambling, and recreation industries",1699900
2016Q2,accommodation,Accommodation,1969400
2016Q2,food_services,Food services and drinking places,11564966.6667
2016Q2,other_services,"Other services, except government",5709000
2016Q3,oil_gas_extraction,Oil and gas extraction,165233.333333
2016Q3,mining_except_oil_gas,"Mining, except oil and gas",181833.333333
2016Q3,support_mining,Support activities for mining,258133.333333
2016Q3,utilities,Utilities,558800
2016Q3,construction,Construction,6985666.66667
2016Q3,wood_products,Wood products,396000
2016Q3,nonmetallic_mineral,Nonmetallic mineral products,413200
2016Q3,primary_metals,Primary metals,371166.666667
2016Q3,fabricated_metal,Fabricated metal products,1417566.66667
2016Q3,machinery,Machinery,1072900
2016Q3,computer_electronic,Computer and electronic products,1019400
2016Q3,electrical_equipment,"Electrical equipment, appliances, and components",382700
2016Q3,motor_vehicles,"Motor vehicles, bodies and trailers, and parts",1635500
2016Q3,other_transport_equipment,Other transportation equipment,678285.333333
2016Q3,furniture,Furniture and related products,391833.333333
2016Q3,misc_manufacturing,Miscellaneous manufacturing,592233.333333
2016Q3,food_beverage_tobacco,Food and beverage and tobacco products,1834658
2016Q3,textiles,Textile mills and textile product mills,230333.333333
2016Q3,apparel_leather,Apparel and leather and allied products,156818
2016Q3,paper,Paper products,371233.333333
2016Q3,printing,Printing and related support activities,446666.666667
2016Q3,petroleum_coal,Petroleum and coal products,115133.333333
2016Q3,chemicals,Chemical products,815133.333333
2016Q3,plastics_rubber,Plastics and rubber products,706833.333333
2016Q3,wholesale,Wholesale trade,5804900
2016Q3,retail,Retail trade,15775133.3333
2016Q3,air_transport,Air transportation,483566.666667
2016Q3,rail_transport,Rail transportation,184000
2016Q3,water_transport,Water transportation,68200
2016Q3,truck_transport,Truck transportation,1461566.66667
2016Q3,transit_ground,Transit and ground passenger transportation,457300
2016Q3,pipeline,Pipeline transportation,49600
2016Q3,other_transport_support,Other transportation and support activities,727133.333333
2016Q3,warehousing,Warehousing and storage,941600
2016Q3,information,Information,2814000
2016Q3,credit_intermediation,"Federal Reserve banks, credit intermediation, and related activities",2640233.33333
2016Q3,securities,"Securities, commodity contracts, and investments",925943
2016Q3,insurance,Insurance carriers and related activities,2604033.33333
2016Q3,funds_trusts,"Funds, trusts, and other financial vehicles",935533.333333
2016Q3,real_estate,Real estate,1582133.33333
2016Q3,rental_leasing,Rental and leasing services and lessors of intangible assets,604033.333333
2016Q3,legal,Legal services,1129614.66667
2016Q3,computer_systems,Computer systems design and related services,1993374.33333
2016Q3,misc_professional,"Miscellaneous professional, scientific, and technical services",5733169.33333
2016Q3,management_companies,Management of companies and enterprises,2351266.66667
2016Q3,admin_support,Administrative and support services,8709833.33333
2016Q3,waste_remediation,Waste management and remediation services,411500
2016Q3,education,Educational services,3355966.66667
2016Q3,ambulatory_health,Ambulatory health care services,7109466.66667
2016Q3,hospitals_nursing,"Hospitals, nursing and residential care facilities",8365166.66667
2016Q3,social_assistance,Social assistance,3638733.33333
2016Q3,performing_arts_museums,"Performing arts, spectator sports, museums, and related activities",671266.666667
2016Q3,amusement_recreation,"Amusements, gambling, and recreation industries",1830033.33333
2016Q3,accommodation,Accommodation,2081266.66667
2016Q3,food_services,Food services and drinking places,11661966.6667
2016Q3,other_services,"Other services, except government",5733000
2016Q4,oil_gas_extraction,Oil and gas extraction,156233.333333
2016Q4,mining_except_oil_gas,"Mining, except oil and gas",180833.333333
2016Q4,support_mining,Support activities for mining,262133.333333
2016Q4,utilities,Utilities,556766.666667
2016Q4,construction,Construction,6861333.33333
2016Q4,wood_products,Wood products,396266.666667
2016Q4,nonmetallic_mineral,Nonmetallic mineral products,409033.333333
2016Q4,primary_metals,Primary metals,368566.666667
2016Q4,fabricated_metal,Fabricated metal products,1411933.33333
2016Q4,machinery,Machinery,1064233.33333
2016Q4,computer_electronic,Computer and electronic products,1010400
2016Q4,electrical_equipment,"Electrical equipment, appliances, and components",381000
2016Q4,motor_vehicles,"Motor vehicles, bodies and trailers, and parts",1632833.33333
2016Q4,other_transport_equipment,Other transportation equipment,671518.333333
2016Q4,furniture,Furniture and related products,391066.666667
2016Q4,misc_manufacturing,Miscellaneous manufacturing,592533.333333
2016Q4,food_beverage_tobacco,Food and beverage and tobacco products,1815557.33333
2016Q4,textiles,Textile mills and textile product mills,230133.333333
2016Q4,apparel_leather,Apparel and leather and allied products,154822
2016Q4,paper,Paper products,367966.666667
2016Q4,printing,Printing and related support activities,445933.333333
2016Q4,petroleum_coal,Petroleum and coal products,113433.333333
2016Q4,chemicals,Chemical products,812433.333333
2016Q4,plastics_rubber,Plastics and rubber products,702433.333333
2016Q4,wholesale,Wholesale trade,5806133.33333
2016Q4,retail,Retail trade,16129366.6667
2016Q4,air_transport,Air transportation,480700
2016Q4,rail_transport,Rail transportation,183933.333333
2016Q4,water_transport,Water transportation,64133.3333333
2016Q4,truck_transport,Truck transportation,1459166.66667
2016Q4,transit_ground,Transit and ground passenger transportation,505233.333333
2016Q4,pipeline,Pipeline transportation,49200
2016Q4,other_transport_support,Other transportation and support activities,721933.333333
2016Q4,warehousing,Warehousing and storage,984633.333333
2016Q4,information,Information,2824333.33333
2016Q4,credit_intermediation,"Federal Reserve banks, credit intermediation, and related activities",2645233.33333
2016Q4,securities,"Securities, commodity contracts, and investments",921129.333333
2016Q4,insurance,Insurance carriers and related activities,2625566.66667
2016Q4,funds_trusts,"Funds, trusts, and other financial vehicles",930233.333333
2016Q4,real_estate,Real estate,1577433.33333
2016Q4,rental_leasing,Rental and leasing services and lessors of intangible assets,574966.666667
2016Q4,legal,Legal services,1133063.33333
2016Q4,computer_systems,Computer systems design and related services,2005076.33333
2016Q4,misc_professional,"Miscellaneous professional, scientific, and technical services",5793850.33333
2016Q4,management_companies,Management of companies and enterprises,2357133.33333
2016Q4,admin_support,Administrative and support services,8787500
2016Q4,waste_remediation,Waste management and remediation services,408866.666667
2016Q4,education,Educational services,3764933.33333
2016Q4,ambulatory_health,Ambulatory health care services,7197300
2016Q4,hospitals_nursing,"Hospitals, nursing and residential care facilities",8390100
2016Q4,social_assistance,Social assistance,3723033.33333
2016Q4,performing_arts_museums,"Performing arts, spectator sports, museums, and related activities",613833.333333
2016Q4,amusement_recreation,"Amusements, gambling, and recreation industries",1540933.33333
2016Q4,accommodation,Accommodation,1929933.33333
2016Q4,food_services,Food services and drinking places,11502166.6667
2016Q4,other_services,"Other services, except government",5708333.33333
2017Q1,oil_gas_extraction,Oil and gas extraction,146400
2017Q1,mining_except_oil_gas,"Mining, except oil and gas",177433.333333
2017Q1,support_mining,Support activities for mining,271100
2017Q1,utilities,Utilities,554066.666667
2017Q1,construction,Construction,6540000
2017Q1,wood_products,Wood products,393300
2017Q1,nonmetallic_mineral,Nonmetallic mineral products,398500
2017Q1,primary_metals,Primary metals,368266.666667
2017Q1,fabricated_metal,Fabricated metal products,1411666.66667
2017Q1,machinery,Machinery,1067800
2017Q1,computer_electronic,Computer and electronic products,1003000
2017Q1,electrical_equipment,"Electrical equipment, appliances, and components",382566.666667
2017Q1,motor_vehicles,"Motor vehicles, bodies and trailers, and parts",1633500
2017Q1,other_transport_equipment,Other transportation equipment,676919.333333
2017Q1,furniture,Furniture and related products,393900
2017Q1,misc_manufacturing,Miscellaneous manufacturing,589100
2017Q1,food_beverage_tobacco,Food and beverage and tobacco products,1807377
2017Q1,textiles,Textile mills and textile product mills,228200
2017Q1,apparel_leather,Apparel and leather and allied products,150910
2017Q1,paper,Paper products,368433.333333
2017Q1,printing,Printing and related support activities,441266.666667
2017Q1,petroleum_coal,Petroleum and coal products,109633.333333
2017Q1,chemicals,Chemical products,814600
2017Q1,plastics_rubber,Plastics and rubber products,708400
2017Q1,wholesale,Wholesale trade,5770200
2017Q1,retail,Retail trade,15649966.6667
2017Q1,air_transport,Air transportation,483400
2017Q1,rail_transport,Rail transportation,182866.666667
2017Q1,water_transport,Water transportation,62466.6666667
2017Q1,truck_transport,Truck transportation,1424700
2017Q1,transit_ground,Transit and ground passenger transportation,505000
2017Q1,pipeline,Pipeline transportation,49033.3333333
2017Q1,other_transport_support,Other transportation and support activities,714333.333333
2017Q1,warehousing,Warehousing and storage,976200
2017Q1,information,Information,2797000
2017Q1,credit_intermediation,"Federal Reserve banks, credit intermediation, and related activities",2654600
2017Q1,securities,"Securities, commodity contracts, and investments",911756.333333
2017Q1,insurance,Insurance carriers and related activities,2638033.33333
2017Q1,funds_trusts,"Funds, trusts, and other financial vehicles",927733.333333
2017Q1,real_estate,Real estate,1566533.33333
2017Q1,rental_leasing,Rental and leasing services and lessors of intangible assets,563800
2017Q1,legal,Legal services,1119876.66667
2017Q1,computer_systems,Computer systems design and related services,2010329.66667
2017Q1,misc_professional,"Miscellaneous professional, scientific, and technical services",5782292
2017Q1,management_companies,Management of companies and enterprises,2364800
2017Q1,admin_support,Administrative and support services,8343166.66667
2017Q1,waste_remediation,Waste management and remediation services,404633.333333
2017Q1,education,Educational services,3706100
2017Q1,ambulatory_health,Ambulatory health care services,7193666.66667
2017Q1,hospitals_nursing,"Hospitals, nursing and residential care facilities",8378466.66667
2017Q1,social_assistance,Social assistance,3752766.66667
2017Q1,performing_arts_museums,"Performing arts, spectator sports, museums, and related activities",585866.666667
2017Q1,amusement_recreation,"Amusements, gambling, and recreation industries",1487000
2017Q1,accommodation,Accommodation,1903300
2017Q1,food_services,Food services and drinking places,11334066.6667
2017Q1,other_services,"Other services, except government",5686000
2017Q2,oil_gas_extraction,Oil and gas extraction,143666.666667
2017Q2,mining_except_oil_gas,"Mining, except oil and gas",187033.333333
2017Q2,support_mining,Support activities for mining,291200
2017Q2,utilities,Utilities,555200
2017Q2,construction,Construction,6995666.66667
2017Q2,wood_products,Wood products,397400
2017Q2,nonmetallic_mineral,Nonmetallic mineral products,412566.666667
2017Q2,primary_metals,Primary metals,370566.666667
2017Q2,fabricated_metal,Fabricated metal products,1421333.33333
2017Q2,machinery,Machinery,1075466.66667
2017Q2,computer_electronic,Computer and electronic products,1004933.33333
2017Q2,electrical_equipment,"Electrical equipment, appliances, and components",384333.333333
2017Q2,motor_vehicles,"Motor vehicles, bodies and trailers, and parts",1639800
2017Q2,other_transport_equipment,Other transportation equipment,675020
2017Q2,furniture,Furniture and related products,395733.333333
2017Q2,misc_manufacturing,Miscellaneous manufacturing,593366.666667
2017Q2,food_beverage_tobacco,Food and beverage and tobacco products,1839636.33333
2017Q2,textiles,Textile mills and textile product mills,228400
2017Q2,apparel_leather,Apparel and leather and allied products,149516
2017Q2,paper,Paper products,367633.333333
2017Q2,printing,Printing and related support activities,440733.333333
2017Q2,petroleum_coal,Petroleum and coal products,115300
2017Q2,chemicals,Chemical products,822800
2017Q2,plastics_rubber,Plastics and rubber products,714566.666667
2017Q2,wholesale,Wholesale trade,5818666.66667
2017Q2,retail,Retail trade,15706900
2017Q2,air_transport,Air transportation,491766.666667
2017Q2,rail_transport,Rail transportation,183466.666667
2017Q2,water_transport,Water transportation,65833.3333333
2017Q2,truck_transport,Truck transportation,1455166.66667
2017Q2,transit_ground,Transit and ground passenger transportation,503333.333333
2017Q2,pipeline,Pipeline transportation,48633.3333333
2017Q2,other_transport_support,Other transportation and support activities,736333.333333
2017Q2,warehousing,Warehousing and storage,997033.333333
2017Q2,information,Information,2807000
2017Q2,credit_intermediation,"Federal Reserve banks, credit intermediation, and related activities",2662366.66667
2017Q2,securities,"Securities, commodity contracts, and investments",918462.666667
2017Q2,insurance,Insurance carriers and related activities,2653766.66667
2017Q2,funds_trusts,"Funds, trusts, and other financial vehicles",934200
2017Q2,real_estate,Real estate,1598566.66667
2017Q2,rental_leasing,Rental and leasing services and lessors of intangible assets,586633.333333
2017Q2,legal,Legal services,1133657.33333
2017Q2,computer_systems,Computer systems design and related services,2038079
2017Q2,misc_professional,"Miscellaneous professional, scientific, and technical services",5791405.33333
2017Q2,management_companies,Management of companies and enterprises,2388400
2017Q2,admin_support,Administrative and support services,8747733.33333
2017Q2,waste_remediation,Waste management and remediation services,414000
2017Q2,education,Educational services,3658566.66667
2017Q2,ambulatory_health,Ambulatory health care services,7264333.33333
2017Q2,hospitals_nursing,"Hospitals, nursing and residential care facilities",8402133.33333
2017Q2,social_assistance,Social assistance,3816366.66667
2017Q2,performing_arts_museums,"Performing arts, spectator sports, museums, and related activities",692100
2017Q2,amusement_recreation,"Amusements, gambling, and recreation industries",1749966.66667
2017Q2,accommodation,Accommodation,2023900
2017Q2,food_services,Food services and drinking places,11844166.6667
2017Q2,other_services,"Other services, except government",5792666.66667
2017Q3,oil_gas_extraction,Oil and gas extraction,143766.666667
2017Q3,mining_except_oil_gas,"Mining, except oil and gas",190566.666667
2017Q3,support_mining,Support activities for mining,307433.333333
2017Q3,utilities,Utilities,557100
2017Q3,construction,Construction,7220333.33333
2017Q3,wood_products,Wood products,398800
2017Q3,nonmetallic_mineral,Nonmetallic mineral products,416400
2017Q3,primary_metals,Primary metals,372466.666667
2017Q3,fabricated_metal,Fabricated metal products,1429666.66667
2017Q3,machinery,Machinery,1084666.66667
2017Q3,computer_electronic,Computer and electronic products,1008133.33333
2017Q3,electrical_equipment,"Electrical equipment, appliances, and components",388233.333333
2017Q3,motor_vehicles,"Motor vehicles, bodies and trailers, and parts",1639866.66667
2017Q3,other_transport_equipment,Other transportation equipment,675419.333333
2017Q3,furniture,Furniture and related products,395433.333333
2017Q3,misc_manufacturing,Miscellaneous manufacturing,595766.666667
2017Q3,food_beverage_tobacco,Food and beverage and tobacco products,1894255
2017Q3,textiles,Textile mills and textile product mills,229366.666667
2017Q3,apparel_leather,Apparel and leather and allied products,146632
2017Q3,paper,Paper products,365500
2017Q3,printing,Printing and related support activities,440666.666667
2017Q3,petroleum_coal,Petroleum and coal products,117933.333333
2017Q3,chemicals,Chemical products,827300
2017Q3,plastics_rubber,Plastics and rubber products,720866.666667
2017Q3,wholesale,Wholesale trade,5831766.66667
2017Q3,retail,Retail trade,15720033.3333
2017Q3,air_transport,Air transportation,495566.666667
2017Q3,rail_transport,Rail transportation,181400
2017Q3,water_transport,Water transportation,67100
2017Q3,truck_transport,Truck transportation,1474666.66667
2017Q3,transit_ground,Transit and ground passenger transportation,458300
2017Q3,pipeline,Pipeline transportation,48500
2017Q3,other_transport_support,Other transportation and support activities,750200
2017Q3,warehousing,Warehousing and storage,1034600
2017Q3,information,Information,2821333.33333
2017Q3,credit_intermediation,"Federal Reserve banks, credit intermediation, and related activities",2675600
2017Q3,securities,"Securities, commodity contracts, and investments",932239.666667
2017Q3,insurance,Insurance carriers and related activities,2670066.66667
2017Q3,funds_trusts,"Funds, trusts, and other financial vehicles",947833.333333
2017Q3,real_estate,Real estate,1625900
2017Q3,rental_leasing,Rental and leasing services and lessors of intangible assets,601400
2017Q3,legal,Legal services,1136083.66667
2017Q3,computer_systems,Computer systems design and related services,2059517.66667
2017Q3,misc_professional,"Miscellaneous professional, scientific, and technical services",5811249
2017Q3,management_companies,Management of companies and enterprises,2413333.33333
2017Q3,admin_support,Administrative and support services,8873400
2017Q3,waste_remediation,Waste management and remediation services,420933.333333
2017Q3,education,Educational services,3458766.66667
2017Q3,ambulatory_health,Ambulatory health care services,7328200
2017Q3,hospitals_nursing,"Hospitals, nursing and residential care facilities",8440766.66667
2017Q3,social_assistance,Social assistance,3788500
2017Q3,performing_arts_museums,"Performing arts, spectator sports, museums, and related activities",705500
2017Q3,amusement_recreation,"Amusements, gambling, and recreation industries",1878233.33333
2017Q3,accommodation,Accommodation,2118233.33333
2017Q3,food_services,Food services and drinking places,11938166.6667
2017Q3,other_services,"Other services, except government",5809333.33333
2017Q4,oil_gas_extraction,Oil and gas extraction,141633.333333
2017Q4,mining_except_oil_gas,"Mining, except oil and gas",188200
2017Q4,support_mining,Support activities for mining,315733.333333
2017Q4,utilities,Utilities,555133.333333
2017Q4,construction,Construction,7119666.66667
2017Q4,wood_products,Wood products,398666.666667
2017Q4,nonmetallic_mineral,Nonmetallic mineral products,411866.666667
2017Q4,primary_metals,Primary metals,373766.666667
2017Q4,fabricated_metal,Fabricated metal products,1437966.66667
2017Q4,machinery,Machinery,1088266.66667
2017Q4,computer_electronic,Computer and electronic products,1011100
2017Q4,electrical_equipment,"Electrical equipment, appliances, and components",390133.333333
2017Q4,motor_vehicles,"Motor vehicles, bodies and trailers, and parts",1659766.66667
2017Q4,other_transport_equipment,Other transportation equipment,675222.666667
2017Q4,furniture,Furniture and related products,394400
2017Q4,misc_manufacturing,Miscellaneous manufacturing,599600
2017Q4,food_beverage_tobacco,Food and beverage and tobacco products,1871831.33333
2017Q4,textiles,Textile mills and textile product mills,229066.666667
2017Q4,apparel_leather,Apparel and leather and allied products,145404.666667
2017Q4,paper,Paper products,363366.666667
2017Q4,printing,Printing and related support activities,438266.666667
2017Q4,petroleum_coal,Petroleum and coal products,115333.333333
2017Q4,chemicals,Chemical products,830600
2017Q4,plastics_rubber,Plastics and rubber products,723566.666667
2017Q4,wholesale,Wholesale trade,5832866.66667
2017Q4,retail,Retail trade,16079933.3333
2017Q4,air_transport,Air transportation,495200
2017Q4,rail_transport,Rail transportation,179833.333333
2017Q4,water_transport,Water transportation,64700
2017Q4,truck_transport,Truck transportation,1473366.66667
2017Q4,transit_ground,Transit and ground passenger transportation,512800
2017Q4,pipeline,Pipeline transportation,48833.3333333
2017Q4,other_transport_support,Other transportation and support activities,742233.333333
2017Q4,warehousing,Warehousing and storage,1101333.33333
2017Q4,information,Information,2829000
2017Q4,credit_intermediation,"Federal Reserve banks, credit intermediation, and related activities",2663433.33333
2017Q4,securities,"Securities, commodity contracts, and investments",933682.333333
2017Q4,insurance,Insurance carriers and related activities,2676500
2017Q4,funds_trusts,"Funds, trusts, and other financial vehicles",943333.333333
2017Q4,real_estate,Real estate,1630933.33333
2017Q4,rental_leasing,Rental and leasing services and lessors of intangible assets,582966.666667
2017Q4,legal,Legal services,1141369.66667
2017Q4,computer_systems,Computer systems design and related services,2076687
2017Q4,misc_professional,"Miscellaneous professional, scientific, and technical services",5885174.66667
2017Q4,management_companies,Management of companies and enterprises,2418633.33333
2017Q4,admin_support,Administrative and support services,8940733.33333
2017Q4,waste_remediation,Waste management and remediation services,421066.666667
2017Q4,education,Educational services,3850133.33333
2017Q4,ambulatory_health,Ambulatory health care services,7402933.33333
2017Q4,hospitals_nursing,"Hospitals, nursing and residential care facilities",8455800
2017Q4,social_assistance,Social assistance,3854500
2017Q4,performing_arts_museums,"Performing arts, spectator sports, museums, and related activities",654133.333333
2017Q4,amusement_recreation,"Amusements, gambling, and recreation industries",1580066.66667
2017Q4,accommodation,Accommodation,1966166.66667
2017Q4,food_services,Food services and drinking places,11743533.3333
2017Q4,other_services,"Other services, except government",5791666.66667
2018Q1,oil_gas_extraction,Oil and gas extraction,140533.333333
2018Q1,mining_except_oil_gas,"Mining, except oil and gas",183066.666667
2018Q1,support_mining,Support activities for mining,322600
2018Q1,utilities,Utilities,553133.333333
2018Q1,construction,Construction,6834000
2018Q1,wood_products,Wood products,399266.666667
2018Q1,nonmetallic_mineral,Nonmetallic mineral products,402700
2018Q1,primary_metals,Primary metals,376166.666667
2018Q1,fabricated_metal,Fabricated metal products,1445333.33333
2018Q1,machinery,Machinery,1100700
2018Q1,computer_electronic,Computer and electronic products,1010833.33333
2018Q1,electrical_equipment,"Electrical equipment, appliances, and components",391566.666667
2018Q1,motor_vehicles,"Motor vehicles, bodies and trailers, and parts",1680033.33333
2018Q1,other_transport_equipment,Other transportation equipment,686721
2018Q1,furniture,Furniture and related products,393166.666667
2018Q1,misc_manufacturing,Miscellaneous manufacturing,600133.333333
2018Q1,food_beverage_tobacco,Food and beverage and tobacco products,1846986.33333
2018Q1,textiles,Textile mills and textile product mills,228133.333333
2018Q1,apparel_leather,Apparel and leather and allied products,141993.333333
2018Q1,paper,Paper products,363633.333333
2018Q1,printing,Printing and related support activities,432266.666667
2018Q1,petroleum_coal,Petroleum and coal products,111166.666667
2018Q1,chemicals,Chemical products,828666.666667
2018Q1,plastics_rubber,Plastics and rubber products,725266.666667
2018Q1,wholesale,Wholesale trade,5794066.66667
2018Q1,retail,Retail trade,15577500
2018Q1,air_transport,Air transportation,494200
2018Q1,rail_transport,Rail transportation,178433.333333
2018Q1,water_transport,Water transportation,61933.3333333
2018Q1,truck_transport,Truck transportation,1453600
2018Q1,transit_ground,Transit and ground passenger transportation,505300
2018Q1,pipeline,Pipeline transportation,48566.6666667
2018Q1,other_transport_support,Other transportation and support activities,738066.666667
2018Q1,warehousing,Warehousing and storage,1099200
2018Q1,information,Information,2797666.66667
2018Q1,credit_intermediation,"Federal Reserve banks, credit intermediation, and related activities",2659300
2018Q1,securities,"Securities, commodity contracts, and investments",929002
2018Q1,insurance,Insurance carriers and related activities,2675433.33333
2018Q1,funds_trusts,"Funds, trusts, and other financial vehicles",945233.333333
2018Q1,real_estate,Real estate,1622800
2018Q1,rental_leasing,Rental and leasing services and lessors of intangible assets,568800
2018Q1,legal,Legal services,1128752
2018Q1,computer_systems,Computer systems design and related services,2083896.66667
2018Q1,misc_professional,"Miscellaneous professional, scientific, and technical services",5971301.33333
2018Q1,management_companies,Management of companies and enterprises,2424700
2018Q1,admin_support,Administrative and support services,8491400
2018Q1,waste_remediation,Waste management and remediation services,421400
2018Q1,education,Educational services,3773800
2018Q1,ambulatory_health,Ambulatory health care services,7395400
2018Q1,hospitals_nursing,"Hospitals, nursing and residential care facilities",8445600
2018Q1,social_assistance,Social assistance,3898000
2018Q1,performing_arts_museums,"Performing arts, spectator sports, museums, and related activities",611666.666667
2018Q1,amusement_recreation,"Amusements, gambling, and recreation industries",1529500
2018Q1,accommodation,Accommodation,1929700
2018Q1,food_services,Food services and drinking places,11543533.3333
2018Q1,other_services,"Other services, except government",5757666.66667
2018Q2,oil_gas_extraction,Oil and gas extraction,142966.666667
2018Q2,mining_except_oil_gas,"Mining, except oil and gas",192400
2018Q2,support_mining,Support activities for mining,339533.333333
2018Q2,utilities,Utilities,555833.333333
2018Q2,construction,Construction,7320666.66667
2018Q2,wood_products,Wood products,407433.333333
2018Q2,nonmetallic_mineral,Nonmetallic mineral products,418900
2018Q2,primary_metals,Primary metals,378433.333333
2018Q2,fabricated_metal,Fabricated metal products,1467133.33333
2018Q2,machinery,Machinery,1116800
2018Q2,computer_electronic,Computer and electronic products,1017600
2018Q2,electrical_equipment,"Electrical equipment, appliances, and components",397766.666667
2018Q2,motor_vehicles,"Motor vehicles, bodies and trailers, and parts",1694933.33333
2018Q2,other_transport_equipment,Other transportation equipment,693598.666667
2018Q2,furniture,Furniture and related products,393533.333333
2018Q2,misc_manufacturing,Miscellaneous manufacturing,607466.666667
2018Q2,food_beverage_tobacco,Food and beverage and tobacco products,1870379
2018Q2,textiles,Textile mills and textile product mills,227966.666667
2018Q2,apparel_leather,Apparel and leather and allied products,141598.333333
2018Q2,paper,Paper products,365766.666667
2018Q2,printing,Printing and related support activities,431966.666667
2018Q2,petroleum_coal,Petroleum and coal products,115666.666667
2018Q2,chemicals,Chemical products,833266.666667
2018Q2,plastics_rubber,Plastics and rubber products,731266.666667
2018Q2,wholesale,Wholesale trade,5827633.33333
2018Q2,retail,Retail trade,15691966.6667
2018Q2,air_transport,Air transportation,499300
2018Q2,rail_transport,Rail transportation,181200
2018Q2,water_transport,Water transportation,65866.6666667
2018Q2,truck_transport,Truck transportation,1486300
2018Q2,transit_ground,Transit and ground passenger transportation,501900
2018Q2,pipeline,Pipeline transportation,49300
2018Q2,other_transport_support,Other transportation and support activities,759000
2018Q2,warehousing,Warehousing and storage,1117866.66667
2018Q2,information,Information,2837666.66667
2018Q2,credit_intermediation,"Federal Reserve banks, credit intermediation, and related activities",2670833.33333
2018Q2,securities,"Securities, commodity contracts, and investments",937950
2018Q2,insurance,Insurance carriers and related activities,2698566.66667
2018Q2,funds_trusts,"Funds, trusts, and other financial vehicles",949600
2018Q2,real_estate,Real estate,1655866.66667
2018Q2,rental_leasing,Rental and leasing services and lessors of intangible assets,591733.333333
2018Q2,legal,Legal services,1141173.66667
2018Q2,computer_systems,Computer systems design and related services,2109083
2018Q2,misc_professional,"Miscellaneous professional, scientific, and technical services",5984850
2018Q2,management_companies,Management of companies and enterprises,2463833.33333
2018Q2,admin_support,Administrative and support services,8887633.33333
2018Q2,waste_remediation,Waste management and remediation services,437033.333333
2018Q2,education,Educational services,3710266.66667
2018Q2,ambulatory_health,Ambulatory health care services,7459900
2018Q2,hospitals_nursing,"Hospitals, nursing and residential care facilities",8465233.33333
2018Q2,social_assistance,Social assistance,3945766.66667
2018Q2,performing_arts_museums,"Performing arts, spectator sports, museums, and related activities",705166.666667
2018Q2,amusement_recreation,"Amusements, gambling, and recreation industries",1779333.33333
2018Q2,accommodation,Accommodation,2050733.33333
2018Q2,food_services,Food services and drinking places,12014966.6667
2018Q2,other_services,"Other services, except government",5866333.33333
2018Q3,oil_gas_extraction,Oil and gas extraction,143833.333333
2018Q3,mining_except_oil_gas,"Mining, except oil and gas",196400
2018Q3,support_mining,Support activities for mining,354933.333333
2018Q3,utilities,Utilities,552766.666667
2018Q3,construction,Construction,7558333.33333
2018Q3,wood_products,Wood products,409800
2018Q3,nonmetallic_mineral,Nonmetallic mineral products,422766.666667
2018Q3,primary_metals,Primary metals,380733.333333
2018Q3,fabricated_metal,Fabricated metal products,1482200
2018Q3,machinery,Machinery,1125033.33333
2018Q3,computer_electronic,Computer and electronic products,1023933.33333
2018Q3,electrical_equipment,"Electrical equipment, appliances, and components",403600
2018Q3,motor_vehicles,"Motor vehicles, bodies and trailers, and parts",1705666.66667
2018Q3,other_transport_equipment,Other transportation equipment,702916
2018Q3,furniture,Furniture and related products,393566.666667
2018Q3,misc_manufacturing,Miscellaneous manufacturing,610400
2018Q3,food_beverage_tobacco,Food and beverage and tobacco products,1920211.33333
2018Q3,textiles,Textile mills and textile product mills,228533.333333
2018Q3,apparel_leather,Apparel and leather and allied products,140600.666667
2018Q3,paper,Paper products,366733.333333
2018Q3,printing,Printing and related support activities,433066.666667
2018Q3,petroleum_coal,Petroleum and coal products,119100
2018Q3,chemicals,Chemical products,838500
2018Q3,plastics_rubber,Plastics and rubber products,731166.666667
2018Q3,wholesale,Wholesale trade,5865966.66667
2018Q3,retail,Retail trade,15668533.3333
2018Q3,air_transport,Air transportation,499400
2018Q3,rail_transport,Rail transportation,183033.333333
2018Q3,water_transport,Water transportation,67533.3333333
2018Q3,truck_transport,Truck transportation,1519333.33333
2018Q3,transit_ground,Transit and ground passenger transportation,458833.333333
2018Q3,pipeline,Pipeline transportation,50300
2018Q3,other_transport_support,Other transportation and support activities,777066.666667
2018Q3,warehousing,Warehousing and storage,1140933.33333
2018Q3,information,Information,2853333.33333
2018Q3,credit_intermediation,"Federal Reserve banks, credit intermediation, and related activities",2681800
2018Q3,securities,"Securities, commodity contracts, and investments",951844.333333
2018Q3,insurance,Insurance carriers and related activities,2723600
2018Q3,funds_trusts,"Funds, trusts, and other financial vehicles",959766.666667
2018Q3,real_estate,Real estate,1686600
2018Q3,rental_leasing,Rental and leasing services and lessors of intangible assets,609233.333333
2018Q3,legal,Legal services,1144132
2018Q3,computer_systems,Computer systems design and related services,2137133.33333
2018Q3,misc_professional,"Miscellaneous professional, scientific, and technical services",6024357.66667
2018Q3,management_companies,Management of companies and enterprises,2486200
2018Q3,admin_support,Administrative and support services,8993933.33333
2018Q3,waste_remediation,Waste management and remediation services,444566.666667
2018Q3,education,Educational services,3511133.33333
2018Q3,ambulatory_health,Ambulatory health care services,7490566.66667
2018Q3,hospitals_nursing,"Hospitals, nursing and residential care facilities",8502566.66667
2018Q3,social_assistance,Social assistance,3947766.66667
2018Q3,performing_arts_museums,"Performing arts, spectator sports, museums, and related activities",707133.333333
2018Q3,amusement_recreation,"Amusements, gambling, and recreation industries",1915100
2018Q3,accommodation,Accommodation,2159533.33333
2018Q3,food_services,Food services and drinking places,12082733.3333
2018Q3,other_services,"Other services, except government",5866333.33333
2018Q4,oil_gas_extraction,Oil and gas extraction,141900
2018Q4,mining_except_oil_gas,"Mining, except oil and gas",193600
2018Q4,support_mining,Support activities for mining,359600
2018Q4,utilities,Utilities,551733.333333
2018Q4,construction,Construction,7440666.66667
2018Q4,wood_products,Wood products,407600
2018Q4,nonmetallic_mineral,Nonmetallic mineral products,421633.333333
2018Q4,primary_metals,Primary metals,385266.666667
2018Q4,fabricated_metal,Fabricated metal products,1483800
2018Q4,machinery,Machinery,1125166.66667
2018Q4,computer_electronic,Computer and electronic products,1024266.66667
2018Q4,electrical_equipment,"Electrical equipment, appliances, and components",405266.666667
2018Q4,motor_vehicles,"Motor vehicles, bodies and trailers, and parts",1728433.33333
2018Q4,other_transport_equipment,Other transportation equipment,710862.333333
2018Q4,furniture,Furniture and related products,390700
2018Q4,misc_manufacturing,Miscellaneous manufacturing,614733.333333
2018Q4,food_beverage_tobacco,Food and beverage and tobacco products,1902072.66667
2018Q4,textiles,Textile mills and textile product mills,226466.666667
2018Q4,apparel_leather,Apparel and leather and allied products,139536.333333
2018Q4,paper,Paper products,365766.666667
2018Q4,printing,Printing and related support activities,431800
2018Q4,petroleum_coal,Petroleum and coal products,114933.333333
2018Q4,chemicals,Chemical products,840766.666667
2018Q4,plastics_rubber,Plastics and rubber products,733600
2018Q4,wholesale,Wholesale trade,5875566.66667
2018Q4,retail,Retail trade,15972933.3333
2018Q4,air_transport,Air transportation,494800
2018Q4,rail_transport,Rail transportation,184100
2018Q4,water_transport,Water transportation,65100
2018Q4,truck_transport,Truck transportation,1525400
2018Q4,transit_ground,Transit and ground passenger transportation,512700
2018Q4,pipeline,Pipeline transportation,50566.6666667
2018Q4,other_transport_support,Other transportation and support activities,781566.666667
2018Q4,warehousing,Warehousing and storage,1197066.66667
2018Q4,information,Information,2867666.66667
2018Q4,credit_intermediation,"Federal Reserve banks, credit intermediation, and related activities",2671300
2018Q4,securities,"Securities, commodity contracts, and investments",951637
2018Q4,insurance,Insurance carriers and related activities,2753266.66667
2018Q4,funds_trusts,"Funds, trusts, and other financial vehicles",959633.333333
2018Q4,real_estate,Real estate,1686200
2018Q4,rental_leasing,Rental and leasing services and lessors of intangible assets,592000
2018Q4,legal,Legal services,1151411.66667
2018Q4,computer_systems,Computer systems design and related services,2161370.66667
2018Q4,misc_professional,"Miscellaneous professional, scientific, and technical services",6116612
2018Q4,management_companies,Management of companies and enterprises,2492200
2018Q4,admin_support,Administrative and support services,9058966.66667
2018Q4,waste_remediation,Waste management and remediation services,442266.666667
2018Q4,education,Educational services,3864300
2018Q4,ambulatory_health,Ambulatory health care services,7563566.66667
2018Q4,hospitals_nursing,"Hospitals, nursing and residential care facilities",8534433.33333
2018Q4,social_assistance,Social assistance,4041666.66667
2018Q4,performing_arts_museums,"Performing arts, spectator sports, museums, and related activities",679466.666667
2018Q4,amusement_recreation,"Amusements, gambling, and recreation industries",1602533.33333
2018Q4,accommodation,Accommodation,1998833.33333
2018Q4,food_services,Food services and drinking places,11871600
2018Q4,other_services,"Other services, except government",5834000
2019Q1,oil_gas_extraction,Oil and gas extraction,142100
2019Q1,mining_except_oil_gas,"Mining, except oil and gas",187666.666667
2019Q1,support_mining,Support activities for mining,353400
2019Q1,utilities,Utilities,548700
2019Q1,construction,Construction,7100333.33333
2019Q1,wood_products,Wood products,403866.666667
2019Q1,nonmetallic_mineral,Nonmetallic mineral products,410533.333333
2019Q1,primary_metals,Primary metals,389433.333333
2019Q1,fabricated_metal,Fabricated metal products,1488366.66667
2019Q1,machinery,Machinery,1130800
2019Q1,computer_electronic,Computer and electronic products,1030433.33333
2019Q1,electrical_equipment,"Electrical equipment, appliances, and components",403600
2019Q1,motor_vehicles,"Motor vehicles, bodies and trailers, and parts",1737633.33333
2019Q1,other_transport_equipment,Other transportation equipment,724272.666667
2019Q1,furniture,Furniture and related products,388666.666667
2019Q1,misc_manufacturing,Miscellaneous manufacturing,612433.333333
2019Q1,food_beverage_tobacco,Food and beverage and tobacco products,1881073
2019Q1,textiles,Textile mills and textile product mills,222766.666667
2019Q1,apparel_leather,Apparel and leather and allied products,137788.333333
2019Q1,paper,Paper products,365366.666667
2019Q1,printing,Printing and related support activities,425233.333333
2019Q1,petroleum_coal,Petroleum and coal products,111533.333333
2019Q1,chemicals,Chemical products,845133.333333
2019Q1,plastics_rubber,Plastics and rubber products,732066.666667
2019Q1,wholesale,Wholesale trade,5849233.33333
2019Q1,retail,Retail trade,15434400
2019Q1,air_transport,Air transportation,497400
2019Q1,rail_transport,Rail transportation,181333.333333
2019Q1,water_transport,Water transportation,63533.3333333
2019Q1,truck_transport,Truck transportation,1504666.66667
2019Q1,transit_ground,Transit and ground passenger transportation,508466.666667
2019Q1,pipeline,Pipeline transportation,50500
2019Q1,other_transport_support,Other transportation and support activities,772966.666667
2019Q1,warehousing,Warehousing and storage,1172600
2019Q1,information,Information,2822333.33333
2019Q1,credit_intermediation,"Federal Reserve banks, credit intermediation, and related activities",2659433.33333
2019Q1,securities,"Securities, commodity contracts, and investments",937700.666667
2019Q1,insurance,Insurance carriers and related activities,2763866.66667
2019Q1,funds_trusts,"Funds, trusts, and other financial vehicles",953033.333333
2019Q1,real_estate,Real estate,1676233.33333
2019Q1,rental_leasing,Rental and leasing services and lessors of intangible assets,583800
2019Q1,legal,Legal services,1137285
2019Q1,computer_systems,Computer systems design and related services,2156977.66667
2019Q1,misc_professional,"Miscellaneous professional, scientific, and technical services",6144882
2019Q1,management_companies,Management of companies and enterprises,2494566.66667
2019Q1,admin_support,Administrative and support services,8535800
2019Q1,waste_remediation,Waste management and remediation services,439966.666667
2019Q1,education,Educational services,3791933.33333
2019Q1,ambulatory_health,Ambulatory health care services,7587033.33333
2019Q1,hospitals_nursing,"Hospitals, nursing and residential care facilities",8515733.33333
2019Q1,social_assistance,Social assistance,4065433.33333
2019Q1,performing_arts_museums,"Performing arts, spectator sports, museums, and related activities",630000
2019Q1,amusement_recreation,"Amusements, gambling, and recreation industries",1576533.33333
2019Q1,accommodation,Accommodation,1976866.66667
2019Q1,food_services,Food services and drinking places,11706433.3333
2019Q1,other_services,"Other services, except government",5802000
2019Q2,oil_gas_extraction,Oil and gas extraction,144233.333333
2019Q2,mining_except_oil_gas,"Mining, except oil and gas",193666.666667
2019Q2,support_mining,Support activities for mining,349633.333333
2019Q2,utilities,Utilities,549800
2019Q2,construction,Construction,7539666.66667
2019Q2,wood_products,Wood products,408066.666667
2019Q2,nonmetallic_mineral,Nonmetallic mineral products,421866.666667
2019Q2,primary_metals,Primary metals,389366.666667
2019Q2,fabricated_metal,Fabricated metal products,1491966.66667
2019Q2,machinery,Machinery,1130733.33333
2019Q2,computer_electronic,Computer and electronic products,1034266.66667
2019Q2,electrical_equipment,"Electrical equipment, appliances, and components",402700
2019Q2,motor_vehicles,"Motor vehicles, bodies and trailers, and parts",1736000
2019Q2,other_transport_equipment,Other transportation equipment,731728.333333
2019Q2,furniture,Furniture and related products,388166.666667
2019Q2,misc_manufacturing,Miscellaneous manufacturing,618666.666667
2019Q2,food_beverage_tobacco,Food and beverage and tobacco products,1907467.66667
2019Q2,textiles,Textile mills and textile product mills,222966.666667
2019Q2,apparel_leather,Apparel and leather and allied products,136965
2019Q2,paper,Paper products,366000
2019Q2,printing,Printing and related support activities,424933.333333
2019Q2,petroleum_coal,Petroleum and coal products,116066.666667
2019Q2,chemicals,Chemical products,850100
2019Q2,plastics_rubber,Plastics and rubber products,734000
2019Q2,wholesale,Wholesale trade,5894100
2019Q2,retail,Retail trade,15473366.6667
2019Q2,air_transport,Air transportation,503766.666667
2019Q2,rail_transport,Rail transportation,177766.666667
2019Q2,water_transport,Water transportation,66766.6666667
2019Q2,truck_transport,Truck transportation,1532066.66667
2019Q2,transit_ground,Transit and ground passenger transportation,507500
2019Q2,pipeline,Pipeline transportation,51566.6666667
2019Q2,other_transport_support,Other transportation and support activities,790233.333333
2019Q2,warehousing,Warehousing and storage,1195366.66667
2019Q2,information,Information,2851666.66667
2019Q2,credit_intermediation,"Federal Reserve banks, credit intermediation, and related activities",2661333.33333
2019Q2,securities,"Securities, commodity contracts, and investments",946378.333333
2019Q2,insurance,Insurance carriers and related activities,2786933.33333
2019Q2,funds_trusts,"Funds, trusts, and other financial vehicles",959400
2019Q2,real_estate,Real estate,1711566.66667
2019Q2,rental_leasing,Rental and leasing services and lessors of intangible assets,607933.333333
2019Q2,legal,Legal services,1149440
2019Q2,computer_systems,Computer systems design and related services,2176859.33333
2019Q2,misc_professional,"Miscellaneous professional, scientific, and technical services",6166271
2019Q2,management_companies,Management of companies and enterprises,2515066.66667
2019Q2,admin_support,Administrative and support services,8898966.66667
2019Q2,waste_remediation,Waste management and remediation services,450000
2019Q2,education,Educational services,3730333.33333
2019Q2,ambulatory_health,Ambulatory health care services,7668800
2019Q2,hospitals_nursing,"Hospitals, nursing and residential care facilities",8541866.66667
2019Q2,social_assistance,Social assistance,4140133.33333
2019Q2,performing_arts_museums,"Performing arts, spectator sports, museums, and related activities",726966.666667
2019Q2,amusement_recreation,"Amusements, gambling, and recreation industries",1802833.33333
2019Q2,accommodation,Accommodation,2102133.33333
2019Q2,food_services,Food services and drinking places,12177666.6667
2019Q2,other_services,"Other services, except government",5920666.66667
2019Q3,oil_gas_extraction,Oil and gas extraction,145066.666667
2019Q3,mining_except_oil_gas,"Mining, except oil and gas",192333.333333
2019Q3,support_mining,Support activities for mining,344433.333333
2019Q3,utilities,Utilities,550933.333333
2019Q3,construction,Construction,7739333.33333
2019Q3,wood_products,Wood products,411333.333333
2019Q3,nonmetallic_mineral,Nonmetallic mineral products,423733.333333
2019Q3,primary_metals,Primary metals,387833.333333
2019Q3,fabricated_metal,Fabricated metal products,1487133.33333
2019Q3,machinery,Machinery,1127566.66667
2019Q3,computer_electronic,Computer and electronic products,1043900
2019Q3,electrical_equipment,"Electrical equipment, appliances, and components",404066.666667
2019Q3,motor_vehicles,"Motor vehicles, bodies and trailers, and parts",1727600
2019Q3,other_transport_equipment,Other transportation equipment,738836.333333
2019Q3,furniture,Furniture and related products,387833.333333
2019Q3,misc_manufacturing,Miscellaneous manufacturing,619933.333333
2019Q3,food_beverage_tobacco,Food and beverage and tobacco products,1956119
2019Q3,textiles,Textile mills and textile product mills,221700
2019Q3,apparel_leather,Apparel and leather and allied products,134913
2019Q3,paper,Paper products,365500
2019Q3,printing,Printing and related support activities,426466.666667
2019Q3,petroleum_coal,Petroleum and coal products,116766.666667
2019Q3,chemicals,Chemical products,853833.333333
2019Q3,plastics_rubber,Plastics and rubber products,731766.666667
2019Q3,wholesale,Wholesale trade,5904433.33333
2019Q3,retail,Retail trade,15480333.3333
2019Q3,air_transport,Air transportation,508700
2019Q3,rail_transport,Rail transportation,172833.333333
2019Q3,water_transport,Water transportation,68833.3333333
2019Q3,truck_transport,Truck transportation,1547000
2019Q3,transit_ground,Transit and ground passenger transportation,450600
2019Q3,pipeline,Pipeline transportation,51933.3333333
2019Q3,other_transport_support,Other transportation and support activities,800100
2019Q3,warehousing,Warehousing and storage,1239800
2019Q3,information,Information,2882666.66667
2019Q3,credit_intermediation,"Federal Reserve banks, credit intermediation, and related activities",2675466.66667
2019Q3,securities,"Securities, commodity contracts, and investments",959723.333333
2019Q3,insurance,Insurance carriers and related activities,2820133.33333
2019Q3,funds_trusts,"Funds, trusts, and other financial vehicles",970866.666667
2019Q3,real_estate,Real estate,1740066.66667
2019Q3,rental_leasing,Rental and leasing services and lessors of intangible assets,619600
2019Q3,legal,Legal services,1156591.66667
2019Q3,computer_systems,Computer systems design and related services,2205369
2019Q3,misc_professional,"Miscellaneous professional, scientific, and technical services",6205855.66667
2019Q3,management_companies,Management of companies and enterprises,2530200
2019Q3,admin_support,Administrative and support services,8988333.33333
2019Q3,waste_remediation,Waste management and remediation services,458433.333333
2019Q3,education,Educational services,3542133.33333
2019Q3,ambulatory_health,Ambulatory health care services,7733933.33333
2019Q3,hospitals_nursing,"Hospitals, nursing and residential care facilities",8587466.66667
2019Q3,social_assistance,Social assistance,4150700
2019Q3,performing_arts_museums,"Performing arts, spectator sports, museums, and related activities",725200
2019Q3,amusement_recreation,"Amusements, gambling, and recreation industries",1938633.33333
2019Q3,accommodation,Accommodation,2195033.33333
2019Q3,food_services,Food services and drinking places,12251766.6667
2019Q3,other_services,"Other services, except government",5938333.33333
2019Q4,oil_gas_extraction,Oil and gas extraction,143000
2019Q4,mining_except_oil_gas,"Mining, except oil and gas",188033.333333
2019Q4,support_mining,Support activities for mining,328866.666667
2019Q4,utilities,Utilities,547966.666667
2019Q4,construction,Construction,7593666.66667
2019Q4,wood_products,Wood products,411433.333333
2019Q4,nonmetallic_mineral,Nonmetallic mineral products,419866.666667
2019Q4,primary_metals,Primary metals,382466.666667
2019Q4,fabricated_metal,Fabricated metal products,1474933.33333
2019Q4,machinery,Machinery,1117100
2019Q4,computer_electronic,Computer and electronic products,1041433.33333
2019Q4,electrical_equipment,"Electrical equipment, appliances, and components",400766.666667
2019Q4,motor_vehicles,"Motor vehicles, bodies and trailers, and parts",1715833.33333
2019Q4,other_transport_equipment,Other transportation equipment,739290.666667
2019Q4,furniture,Furniture and related products,385333.333333
2019Q4,misc_manufacturing,Miscellaneous manufacturing,619700
2019Q4,food_beverage_tobacco,Food and beverage and tobacco products,1938763.66667
2019Q4,textiles,Textile mills and textile product mills,219700
2019Q4,apparel_leather,Apparel and leather and allied products,133892.666667
2019Q4,paper,Paper products,364333.333333
2019Q4,printing,Printing and related support activities,423733.333333
2019Q4,petroleum_coal,Petroleum and coal products,112666.666667
2019Q4,chemicals,Chemical products,854800
2019Q4,plastics_rubber,Plastics and rubber products,728700
2019Q4,wholesale,Wholesale trade,5906666.66667
2019Q4,retail,Retail trade,15849966.6667
2019Q4,air_transport,Air transportation,509633.333333
2019Q4,rail_transport,Rail transportation,165366.666667
2019Q4,water_transport,Water transportation,67233.3333333
2019Q4,truck_transport,Truck transportation,1531400
2019Q4,transit_ground,Transit and ground passenger transportation,509000
2019Q4,pipeline,Pipeline transportation,51900
2019Q4,other_transport_support,Other transportation and support activities,793900
2019Q4,warehousing,Warehousing and storage,1307066.66667
2019Q4,information,Information,2899333.33333
2019Q4,credit_intermediation,"Federal Reserve banks, credit intermediation, and related activities",2678766.66667
2019Q4,securities,"Securities, commodity contracts, and investments",955060
2019Q4,insurance,Insurance carriers and related activities,2838366.66667
2019Q4,funds_trusts,"Funds, trusts, and other financial vehicles",965833.333333
2019Q4,real_estate,Real estate,1742966.66667
2019Q4,rental_leasing,Rental and leasing services and lessors of intangible assets,600600
2019Q4,legal,Legal services,1166251
2019Q4,computer_systems,Computer systems design and related services,2223917
2019Q4,misc_professional,"Miscellaneous professional, scientific, and technical services",6279547.33333
2019Q4,management_companies,Management of companies and enterprises,2528966.66667
2019Q4,admin_support,Administrative and support services,9047233.33333
2019Q4,waste_remediation,Waste management and remediation services,457066.666667
2019Q4,education,Educational services,3901233.33333
2019Q4,ambulatory_health,Ambulatory health care services,7827766.66667
2019Q4,hospitals_nursing,"Hospitals, nursing and residential care facilities",8613833.33333
2019Q4,social_assistance,Social assistance,4251666.66667
2019Q4,performing_arts_museums,"Performing arts, spectator sports, museums, and related activities",683900
2019Q4,amusement_recreation,"Amusements, gambling, and recreation industries",1663433.33333
2019Q4,accommodation,Accommodation,2055600
2019Q4,food_services,Food services and drinking places,12129866.6667
2019Q4,other_services,"Other services, except government",5901666.66667
2020Q1,oil_gas_extraction,Oil and gas extraction,135766.666667
2020Q1,mining_except_oil_gas,"Mining, except oil and gas",181166.666667
2020Q1,support_mining,Support activities for mining,309600
2020Q1,utilities,Utilities,546000
2020Q1,construction,Construction,7272666.66667
2020Q1,wood_products,Wood products,406500
2020Q1,nonmetallic_mineral,Nonmetallic mineral products,406266.666667
2020Q1,primary_metals,Primary metals,379800
2020Q1,fabricated_metal,Fabricated metal products,1458133.33333
2020Q1,machinery,Machinery,1110700
2020Q1,computer_electronic,Computer and electronic products,1040066.66667
2020Q1,electrical_equipment,"Electrical equipment, appliances, and components",397133.333333
2020Q1,motor_vehicles,"Motor vehicles, bodies and trailers, and parts",1725766.66667
2020Q1,other_transport_equipment,Other transportation equipment,741775.333333
2020Q1,furniture,Furniture and related products,383366.666667
2020Q1,misc_manufacturing,Miscellaneous manufacturing,617466.666667
2020Q1,food_beverage_tobacco,Food and beverage and tobacco products,1916706
2020Q1,textiles,Textile mills and textile product mills,215933.333333
2020Q1,apparel_leather,Apparel and leather and allied products,130987.666667
2020Q1,paper,Paper products,362533.333333
2020Q1,printing,Printing and related support activities,415866.666667
2020Q1,petroleum_coal,Petroleum and coal products,109533.333333
2020Q1,chemicals,Chemical products,851900
2020Q1,plastics_rubber,Plastics and rubber products,728933.333333
2020Q1,wholesale,Wholesale trade,5857300
2020Q1,retail,Retail trade,15321633.3333
2020Q1,air_transport,Air transportation,513566.666667
2020Q1,rail_transport,Rail transportation,158733.333333
2020Q1,water_transport,Water transportation,65033.3333333
2020Q1,truck_transport,Truck transportation,1494866.66667
2020Q1,transit_ground,Transit and ground passenger transportation,501833.333333
2020Q1,pipeline,Pipeline transportation,51700
2020Q1,other_transport_support,Other transportation and support activities,784233.333333
2020Q1,warehousing,Warehousing and storage,1320300
2020Q1,information,Information,2883666.66667
2020Q1,credit_intermediation,"Federal Reserve banks, credit intermediation, and related activities",2685000
2020Q1,securities,"Securities, commodity contracts, and investments",945363
2020Q1,insurance,Insurance carriers and related activities,2845900
2020Q1,funds_trusts,"Funds, trusts, and other financial vehicles",959900
2020Q1,real_estate,Real estate,1724266.66667
2020Q1,rental_leasing,Rental and leasing services and lessors of intangible assets,587800
2020Q1,legal,Legal services,1154940
2020Q1,computer_systems,Computer systems design and related services,2214797.66667
2020Q1,misc_professional,"Miscellaneous professional, scientific, and technical services",6315758
2020Q1,management_companies,Management of companies and enterprises,2514033.33333
2020Q1,admin_support,Administrative and support services,8518466.66667
2020Q1,waste_remediation,Waste management and remediation services,449766.666667
2020Q1,education,Educational services,3825000
2020Q1,ambulatory_health,Ambulatory health care services,7815366.66667
2020Q1,hospitals_nursing,"Hospitals, nursing and residential care facilities",8590933.33333
2020Q1,social_assistance,Social assistance,4269933.33333
2020Q1,performing_arts_museums,"Performing arts, spectator sports, museums, and related activities",633033.333333
2020Q1,amusement_recreation,"Amusements, gambling, and recreation industries",1620633.33333
2020Q1,accommodation,Accommodation,2001000
2020Q1,food_services,Food services and drinking places,11796900
2020Q1,other_services,"Other services, except government",5847666.66667
2020Q2,oil_gas_extraction,Oil and gas extraction,129333.333333
2020Q2,mining_except_oil_gas,"Mining, except oil and gas",174200
2020Q2,support_mining,Support activities for mining,247566.666667
2020Q2,utilities,Utilities,541533.333333
2020Q2,construction,Construction,6953666.66667
2020Q2,wood_products,Wood products,383433.333333
2020Q2,nonmetallic_mineral,Nonmetallic mineral products,386533.333333
2020Q2,primary_metals,Primary metals,344866.666667
2020Q2,fabricated_metal,Fabricated metal products,1363033.33333
2020Q2,machinery,Machinery,1032066.66667
2020Q2,computer_electronic,Computer and electronic products,1022200
2020Q2,electrical_equipment,"Electrical equipment, appliances, and components",377133.333333
2020Q2,motor_vehicles,"Motor vehicles, bodies and trailers, and parts",1425033.33333
2020Q2,other_transport_equipment,Other transportation equipment,690857
2020Q2,furniture,Furniture and related products,331800
2020Q2,misc_manufacturing,Miscellaneous manufacturing,546333.333333
2020Q2,food_beverage_tobacco,Food and beverage and tobacco products,1793827.33333
2020Q2,textiles,Textile mills and textile product mills,184133.333333
2020Q2,apparel_leather,Apparel and leather and allied products,95414.6666667
2020Q2,paper,Paper products,352933.333333
2020Q2,printing,Printing and related support activities,354200
2020Q2,petroleum_coal,Petroleum and coal products,105600
2020Q2,chemicals,Chemical products,835333.333333
2020Q2,plastics_rubber,Plastics and rubber products,682400
2020Q2,wholesale,Wholesale trade,5515733.33333
2020Q2,retail,Retail trade,13692900
2020Q2,air_transport,Air transportation,410766.666667
2020Q2,rail_transport,Rail transportation,149166.666667
2020Q2,water_transport,Water transportation,59900
2020Q2,truck_transport,Truck transportation,1431266.66667
2020Q2,transit_ground,Transit and ground passenger transportation,310533.333333
2020Q2,pipeline,Pipeline transportation,51400
2020Q2,other_transport_support,Other transportation and support activities,684533.333333
2020Q2,warehousing,Warehousing and storage,1294700
2020Q2,information,Information,2621000
2020Q2,credit_intermediation,"Federal Reserve banks, credit intermediation, and related activities",2665233.33333
2020Q2,securities,"Securities, commodity contracts, and investments",938098
2020Q2,insurance,Insurance carriers and related activities,2835233.33333
2020Q2,funds_trusts,"Funds, trusts, and other financial vehicles",959133.333333
2020Q2,real_estate,Real estate,1650833.33333
2020Q2,rental_leasing,Rental and leasing services and lessors of intangible assets,487233.333333
2020Q2,legal,Legal services,1109567.33333
2020Q2,computer_systems,Computer systems design and related services,2184788.33333
2020Q2,misc_professional,"Miscellaneous professional, scientific, and technical services",5956401.33333
2020Q2,management_companies,Management of companies and enterprises,2421166.66667
2020Q2,admin_support,Administrative and support services,7398266.66667
2020Q2,waste_remediation,Waste management and remediation services,438733.333333
2020Q2,education,Educational services,3307033.33333
2020Q2,ambulatory_health,Ambulatory health care services,6920766.66667
2020Q2,hospitals_nursing,"Hospitals, nursing and residential care facilities",8277366.66667
2020Q2,social_assistance,Social assistance,3691066.66667
2020Q2,performing_arts_museums,"Performing arts, spectator sports, museums, and related activities",410500
2020Q2,amusement_recreation,"Amusements, gambling, and recreation industries",953133.333333
2020Q2,accommodation,Accommodation,1190500
2020Q2,food_services,Food services and drinking places,7880200
2020Q2,other_services,"Other services, except government",4809666.66667
2020Q3,oil_gas_extraction,Oil and gas extraction,127633.333333
2020Q3,mining_except_oil_gas,"Mining, except oil and gas",176900
2020Q3,support_mining,Support activities for mining,219666.666667
2020Q3,utilities,Utilities,542333.333333
2020Q3,construction,Construction,7417666.66667
2020Q3,wood_products,Wood products,393200
2020Q3,nonmetallic_mineral,Nonmetallic mineral products,401700
2020Q3,primary_metals,Primary metals,343666.666667
2020Q3,fabricated_metal,Fabricated metal products,1361033.33333
2020Q3,machinery,Machinery,1037266.66667
2020Q3,computer_electronic,Computer and electronic products,1018333.33333
2020Q3,electrical_equipment,"Electrical equipment, appliances, and components",380000
2020Q3,motor_vehicles,"Motor vehicles, bodies and trailers, and parts",1599266.66667
2020Q3,other_transport_equipment,Other transportation equipment,690137.666667
2020Q3,furniture,Furniture and related products,356633.333333
2020Q3,misc_manufacturing,Miscellaneous manufacturing,586600
2020Q3,food_beverage_tobacco,Food and beverage and tobacco products,1887927
2020Q3,textiles,Textile mills and textile product mills,194733.333333
2020Q3,apparel_leather,Apparel and leather and allied products,110608.333333
2020Q3,paper,Paper products,352866.666667
2020Q3,printing,Printing and related support activities,363600
2020Q3,petroleum_coal,Petroleum and coal products,107633.333333
2020Q3,chemicals,Chemical products,845800
2020Q3,plastics_rubber,Plastics and rubber products,704233.333333
2020Q3,wholesale,Wholesale trade,5558533.33333
2020Q3,retail,Retail trade,14830633.3333
2020Q3,air_transport,Air transportation,423766.666667
2020Q3,rail_transport,Rail transportation,146833.333333
2020Q3,water_transport,Water transportation,58700
2020Q3,truck_transport,Truck transportation,1469466.66667
2020Q3,transit_ground,Transit and ground passenger transportation,292166.666667
2020Q3,pipeline,Pipeline transportation,50833.3333333
2020Q3,other_transport_support,Other transportation and support activities,705033.333333
2020Q3,warehousing,Warehousing and storage,1421766.66667
2020Q3,information,Information,2661666.66667
2020Q3,credit_intermediation,"Federal Reserve banks, credit intermediation, and related activities",2688500
2020Q3,securities,"Securities, commodity contracts, and investments",950559.666667
2020Q3,insurance,Insurance carriers and related activities,2829966.66667
2020Q3,funds_trusts,"Funds, trusts, and other financial vehicles",969633.333333
2020Q3,real_estate,Real estate,1696266.66667
2020Q3,rental_leasing,Rental and leasing services and lessors of intangible assets,505433.333333
2020Q3,legal,Legal services,1123866.33333
2020Q3,computer_systems,Computer systems design and related services,2192702.66667
2020Q3,misc_professional,"Miscellaneous professional, scientific, and technical services",6042307.66667
2020Q3,management_companies,Management of companies and enterprises,2429500
2020Q3,admin_support,Administrative and support services,7994066.66667
2020Q3,waste_remediation,Waste management and remediation services,447633.333333
2020Q3,education,Educational services,3241433.33333
2020Q3,ambulatory_health,Ambulatory health care services,7524266.66667
2020Q3,hospitals_nursing,"Hospitals, nursing and residential care facilities",8258666.66667
2020Q3,social_assistance,Social assistance,3847700
2020Q3,performing_arts_museums,"Performing arts, spectator sports, museums, and related activities",423533.333333
2020Q3,amusement_recreation,"Amusements, gambling, and recreation industries",1385533.33333
2020Q3,accommodation,Accommodation,1390433.33333
2020Q3,food_services,Food services and drinking places,9980766.66667
2020Q3,other_services,"Other services, except government",5327000
2020Q4,oil_gas_extraction,Oil and gas extraction,126533.333333
2020Q4,mining_except_oil_gas,"Mining, except oil and gas",172866.666667
2020Q4,support_mining,Support activities for mining,210633.333333
2020Q4,utilities,Utilities,541766.666667
2020Q4,construction,Construction,7383000
2020Q4,wood_products,Wood products,400933.333333
2020Q4,nonmetallic_mineral,Nonmetallic mineral products,402766.666667
2020Q4,primary_metals,Primary metals,345800
2020Q4,fabricated_metal,Fabricated metal products,1361966.66667
2020Q4,machinery,Machinery,1039900
2020Q4,computer_electronic,Computer and electronic products,1011433.33333
2020Q4,electrical_equipment,"Electrical equipment, appliances, and components",383233.333333
2020Q4,motor_vehicles,"Motor vehicles, bodies and trailers, and parts",1613600
2020Q4,other_transport_equipment,Other transportation equipment,682925.666667
2020Q4,furniture,Furniture and related products,364833.333333
2020Q4,misc_manufacturing,Miscellaneous manufacturing,593133.333333
2020Q4,food_beverage_tobacco,Food and beverage and tobacco products,1899196.33333
2020Q4,textiles,Textile mills and textile product mills,198133.333333
2020Q4,apparel_leather,Apparel and leather and allied products,113810.666667
2020Q4,paper,Paper products,350866.666667
2020Q4,printing,Printing and related support activities,367700
2020Q4,petroleum_coal,Petroleum and coal products,107500
2020Q4,chemicals,Chemical products,848733.333333
2020Q4,plastics_rubber,Plastics and rubber products,712033.333333
2020Q4,wholesale,Wholesale trade,5599100
2020Q4,retail,Retail trade,15391833.3333
2020Q4,air_transport,Air transportation,416800
2020Q4,rail_transport,Rail transportation,146733.333333
2020Q4,water_transport,Water transportation,56433.3333333
2020Q4,truck_transport,Truck transportation,1489666.66667
2020Q4,transit_ground,Transit and ground passenger transportation,376466.666667
2020Q4,pipeline,Pipeline transportation,50433.3333333
2020Q4,other_transport_support,Other transportation and support activities,716866.666667
2020Q4,warehousing,Warehousing and storage,1584633.33333
2020Q4,information,Information,2715666.66667
2020Q4,credit_intermediation,"Federal Reserve banks, credit intermediation, and related activities",2713933.33333
2020Q4,securities,"Securities, commodity contracts, and investments",949991.333333
2020Q4,insurance,Insurance carriers and related activities,2832433.33333
2020Q4,funds_trusts,"Funds, trusts, and other financial vehicles",971000
2020Q4,real_estate,Real estate,1714166.66667
2020Q4,rental_leasing,Rental and leasing services and lessors of intangible assets,493533.333333
2020Q4,legal,Legal services,1137358.66667
2020Q4,computer_systems,Computer systems design and related services,2221713.33333
2020Q4,misc_professional,"Miscellaneous professional, scientific, and technical services",6180426
2020Q4,management_companies,Management of companies and enterprises,2443166.66667
2020Q4,admin_support,Administrative and support services,8417200
2020Q4,waste_remediation,Waste management and remediation services,451733.333333
2020Q4,education,Educational services,3540233.33333
2020Q4,ambulatory_health,Ambulatory health care services,7732433.33333
2020Q4,hospitals_nursing,"Hospitals, nursing and residential care facilities",8278700
2020Q4,social_assistance,Social assistance,3977966.66667
2020Q4,performing_arts_museums,"Performing arts, spectator sports, museums, and related activities",430466.666667
2020Q4,amusement_recreation,"Amusements, gambling, and recreation industries",1236033.33333
2020Q4,accommodation,Accommodation,1302266.66667
2020Q4,food_services,Food services and drinking places,9956633.33333
2020Q4,other_services,"Other services, except government",5331333.33333
2021Q1,oil_gas_extraction,Oil and gas extraction,112966.666667
2021Q1,mining_except_oil_gas,"Mining, except oil and gas",169433.333333
2021Q1,support_mining,Support activities for mining,209700
2021Q1,utilities,Utilities,541133.333333
2021Q1,construction,Construction,7055000
2021Q1,wood_products,Wood products,403300
2021Q1,nonmetallic_mineral,Nonmetallic mineral products,388800
2021Q1,primary_metals,Primary metals,344800
2021Q1,fabricated_metal,Fabricated metal products,1361233.33333
2021Q1,machinery,Machinery,1039933.33333
2021Q1,computer_electronic,Computer and electronic products,1008333.33333
2021Q1,electrical_equipment,"Electrical equipment, appliances, and components",384966.666667
2021Q1,motor_vehicles,"Motor vehicles, bodies and trailers, and parts",1636533.33333
2021Q1,other_transport_equipment,Other transportation equipment,681803.666667
2021Q1,furniture,Furniture and related products,368100
2021Q1,misc_manufacturing,Miscellaneous manufacturing,593433.333333
2021Q1,food_beverage_tobacco,Food and beverage and tobacco products,1885908
2021Q1,textiles,Textile mills and textile product mills,197966.666667
2021Q1,apparel_leather,Apparel and leather and allied products,113613.333333
2021Q1,paper,Paper products,350700
2021Q1,printing,Printing and related support activities,361833.333333
2021Q1,petroleum_coal,Petroleum and coal products,103133.333333
2021Q1,chemicals,Chemical products,860733.333333
2021Q1,plastics_rubber,Plastics and rubber products,717266.666667
2021Q1,wholesale,Wholesale trade,5593600
2021Q1,retail,Retail trade,15039100
2021Q1,air_transport,Air transportation,440200
2021Q1,rail_transport,Rail transportation,145600
2021Q1,water_transport,Water transportation,54666.6666667
2021Q1,truck_transport,Truck transportation,1473133.33333
2021Q1,transit_ground,Transit and ground passenger transportation,368366.666667
2021Q1,pipeline,Pipeline transportation,49166.6666667
2021Q1,other_transport_support,Other transportation and support activities,712266.666667
2021Q1,warehousing,Warehousing and storage,1599366.66667
2021Q1,information,Information,2741666.66667
2021Q1,credit_intermediation,"Federal Reserve banks, credit intermediation, and related activities",2727833.33333
2021Q1,securities,"Securities, commodity contracts, and investments",947094
2021Q1,insurance,Insurance carriers and related activities,2807366.66667
2021Q1,funds_trusts,"Funds, trusts, and other financial vehicles",970033.333333
2021Q1,real_estate,Real estate,1693066.66667
2021Q1,rental_leasing,Rental and leasing services and lessors of intangible assets,481466.666667
2021Q1,legal,Legal services,1132012.33333
2021Q1,computer_systems,Computer systems design and related services,2237255
2021Q1,misc_professional,"Miscellaneous professional, scientific, and technical services",6269629.33333
2021Q1,management_companies,Management of companies and enterprises,2430966.66667
2021Q1,admin_support,Administrative and support services,8201933.33333
2021Q1,waste_remediation,Waste management and remediation services,445100
2021Q1,education,Educational services,3541766.66667
2021Q1,ambulatory_health,Ambulatory health care services,7737233.33333
2021Q1,hospitals_nursing,"Hospitals, nursing and residential care facilities",8187466.66667
2021Q1,social_assistance,Social assistance,3985300
2021Q1,performing_arts_museums,"Performing arts, spectator sports, museums, and related activities",404100
2021Q1,amusement_recreation,"Amusements, gambling, and recreation industries",1166833.33333
2021Q1,accommodation,Accommodation,1233200
2021Q1,food_services,Food services and drinking places,9701066.66667
2021Q1,other_services,"Other services, except government",5267666.66667
2021Q2,oil_gas_extraction,Oil and gas extraction,112133.333333
2021Q2,mining_except_oil_gas,"Mining, except oil and gas",175766.666667
2021Q2,support_mining,Support activities for mining,222766.666667
2021Q2,utilities,Utilities,544366.666667
2021Q2,construction,Construction,7449666.66667
2021Q2,wood_products,Wood products,405066.666667
2021Q2,nonmetallic_mineral,Nonmetallic mineral products,405433.333333
2021Q2,primary_metals,Primary metals,349033.333333
2021Q2,fabricated_metal,Fabricated metal products,1376700
2021Q2,machinery,Machinery,1051100
2021Q2,computer_electronic,Computer and electronic products,1014366.66667
2021Q2,electrical_equipment,"Electrical equipment, appliances, and components",392033.333333
2021Q2,motor_vehicles,"Motor vehicles, bodies and trailers, and parts",1610633.33333
2021Q2,other_transport_equipment,Other transportation equipment,678856.666667
2021Q2,furniture,Furniture and related products,370700
2021Q2,misc_manufacturing,Miscellaneous manufacturing,606466.666667
2021Q2,food_beverage_tobacco,Food and beverage and tobacco products,1905010
2021Q2,textiles,Textile mills and textile product mills,199900
2021Q2,apparel_leather,Apparel and leather and allied products,113903.666667
2021Q2,paper,Paper products,346733.333333
2021Q2,printing,Printing and related support activities,365133.333333
2021Q2,petroleum_coal,Petroleum and coal products,105400
2021Q2,chemicals,Chemical products,869433.333333
2021Q2,plastics_rubber,Plastics and rubber products,719366.666667
2021Q2,wholesale,Wholesale trade,5680266.66667
2021Q2,retail,Retail trade,15141233.3333
2021Q2,air_transport,Air transportation,455033.333333
2021Q2,rail_transport,Rail transportation,147133.333333
2021Q2,water_transport,Water transportation,57733.3333333
2021Q2,truck_transport,Truck transportation,1502100
2021Q2,transit_ground,Transit and ground passenger transportation,381666.666667
2021Q2,pipeline,Pipeline transportation,49866.6666667
2021Q2,other_transport_support,Other transportation and support activities,733700
2021Q2,warehousing,Warehousing and storage,1624266.66667
2021Q2,information,Information,2813666.66667
2021Q2,credit_intermediation,"Federal Reserve banks, credit intermediation, and related activities",2724266.66667
2021Q2,securities,"Securities, commodity contracts, and investments",959188.666667
2021Q2,insurance,Insurance carriers and related activities,2802566.66667
2021Q2,funds_trusts,"Funds, trusts, and other financial vehicles",983433.333333
2021Q2,real_estate,Real estate,1736300
2021Q2,rental_leasing,Rental and leasing services and lessors of intangible assets,504600
2021Q2,legal,Legal services,1152043.66667
2021Q2,computer_systems,Computer systems design and related services,2279804.33333
2021Q2,misc_professional,"Miscellaneous professional, scientific, and technical services",6383593.66667
2021Q2,management_companies,Management of companies and enterprises,2445966.66667
2021Q2,admin_support,Administrative and support services,8482533.33333
2021Q2,waste_remediation,Waste management and remediation services,452233.333333
2021Q2,education,Educational services,3542066.66667
2021Q2,ambulatory_health,Ambulatory health care services,7831800
2021Q2,hospitals_nursing,"Hospitals, nursing and residential care facilities",8148933.33333
2021Q2,social_assistance,Social assistance,4073633.33333
2021Q2,performing_arts_museums,"Performing arts, spectator sports, museums, and related activities",508066.666667
2021Q2,amusement_recreation,"Amusements, gambling, and recreation industries",1495566.66667
2021Q2,accommodation,Accommodation,1446233.33333
2021Q2,food_services,Food services and drinking places,10639466.6667
2021Q2,other_services,"Other services, except government",5423333.33333
2021Q3,oil_gas_extraction,Oil and gas extraction,112100
2021Q3,mining_except_oil_gas,"Mining, except oil and gas",180133.333333
2021Q3,support_mining,Support activities for mining,231766.666667
2021Q3,utilities,Utilities,546766.666667
2021Q3,construction,Construction,7635000
2021Q3,wood_products,Wood products,413066.666667
2021Q3,nonmetallic_mineral,Nonmetallic mineral products,411400
2021Q3,primary_metals,Primary metals,352900
2021Q3,fabricated_metal,Fabricated metal products,1389066.66667
2021Q3,machinery,Machinery,1066533.33333
2021Q3,computer_electronic,Computer and electronic products,1020866.66667
2021Q3,electrical_equipment,"Electrical equipment, appliances, and components",395533.333333
2021Q3,motor_vehicles,"Motor vehicles, bodies and trailers, and parts",1648600
2021Q3,other_transport_equipment,Other transportation equipment,682647.666667
2021Q3,furniture,Furniture and related products,376700
2021Q3,misc_manufacturing,Miscellaneous manufacturing,610033.333333
2021Q3,food_beverage_tobacco,Food and beverage and tobacco products,1960860.33333
2021Q3,textiles,Textile mills and textile product mills,201866.666667
2021Q3,apparel_leather,Apparel and leather and allied products,115732.333333
2021Q3,paper,Paper products,348533.333333
2021Q3,printing,Printing and related support activities,369500
2021Q3,petroleum_coal,Petroleum and coal products,106600
2021Q3,chemicals,Chemical products,874033.333333
2021Q3,plastics_rubber,Plastics and rubber products,729600
2021Q3,wholesale,Wholesale trade,5755066.66667
2021Q3,retail,Retail trade,15212233.3333
2021Q3,air_transport,Air transportation,467066.666667
2021Q3,rail_transport,Rail transportation,146333.333333
2021Q3,water_transport,Water transportation,59500
2021Q3,truck_transport,Truck transportation,1535900
2021Q3,transit_ground,Transit and ground passenger transportation,349466.666667
2021Q3,pipeline,Pipeline transportation,50500
2021Q3,other_transport_support,Other transportation and support activities,762133.333333
2021Q3,warehousing,Warehousing and storage,1710666.66667
2021Q3,information,Information,2904666.66667
2021Q3,credit_intermediation,"Federal Reserve banks, credit intermediation, and related activities",2725300
2021Q3,securities,"Securities, commodity contracts, and investments",981390.666667
2021Q3,insurance,Insurance carriers and related activities,2825600
2021Q3,funds_trusts,"Funds, trusts, and other financial vehicles",1004400
2021Q3,real_estate,Real estate,1779066.66667
2021Q3,rental_leasing,Rental and leasing services and lessors of intangible assets,529766.666667
2021Q3,legal,Legal services,1158284.66667
2021Q3,computer_systems,Computer systems design and related services,2322187.66667
2021Q3,misc_professional,"Miscellaneous professional, scientific, and technical services",6467660
2021Q3,management_companies,Management of companies and enterprises,2468700
2021Q3,admin_support,Administrative and support services,8709333.33333
2021Q3,waste_remediation,Waste management and remediation services,461233.333333
2021Q3,education,Educational services,3440333.33333
2021Q3,ambulatory_health,Ambulatory health care services,7876433.33333
2021Q3,hospitals_nursing,"Hospitals, nursing and residential care facilities",8125500
2021Q3,social_assistance,Social assistance,4064733.33333
2021Q3,performing_arts_museums,"Performing arts, spectator sports, museums, and related activities",580933.333333
2021Q3,amusement_recreation,"Amusements, gambling, and recreation industries",1689966.66667
2021Q3,accommodation,Accommodation,1669766.66667
2021Q3,food_services,Food services and drinking places,11173766.6667
2021Q3,other_services,"Other services, except government",5554333.33333
2021Q4,oil_gas_extraction,Oil and gas extraction,111566.666667
2021Q4,mining_except_oil_gas,"Mining, except oil and gas",178533.333333
2021Q4,support_mining,Support activities for mining,239666.666667
2021Q4,utilities,Utilities,547333.333333
2021Q4,construction,Construction,7602666.66667
2021Q4,wood_products,Wood products,417333.333333
2021Q4,nonmetallic_mineral,Nonmetallic mineral products,410000
2021Q4,primary_metals,Primary metals,355400
2021Q4,fabricated_metal,Fabricated metal products,1400633.33333
2021Q4,machinery,Machinery,1067833.33333
2021Q4,computer_electronic,Computer and electronic products,1024733.33333
2021Q4,electrical_equipment,"Electrical equipment, appliances, and components",395800
2021Q4,motor_vehicles,"Motor vehicles, bodies and trailers, and parts",1686300
2021Q4,other_transport_equipment,Other transportation equipment,685191.666667
2021Q4,furniture,Furniture and related products,380000
2021Q4,misc_manufacturing,Miscellaneous manufacturing,618166.666667
2021Q4,food_beverage_tobacco,Food and beverage and tobacco products,1966923
2021Q4,textiles,Textile mills and textile product mills,204366.666667
2021Q4,apparel_leather,Apparel and leather and allied products,119209
2021Q4,paper,Paper products,352733.333333
2021Q4,printing,Printing and related support activities,378233.333333
2021Q4,petroleum_coal,Petroleum and coal products,105400
2021Q4,chemicals,Chemical products,879033.333333
2021Q4,plastics_rubber,Plastics and rubber products,737333.333333
2021Q4,wholesale,Wholesale trade,5810033.33333
2021Q4,retail,Retail trade,15620666.6667
2021Q4,air_transport,Air transportation,475566.666667
2021Q4,rail_transport,Rail transportation,145733.333333
2021Q4,water_transport,Water transportation,58200
2021Q4,truck_transport,Truck transportation,1549733.33333
2021Q4,transit_ground,Transit and ground passenger transportation,410066.666667
2021Q4,pipeline,Pipeline transportation,51300
2021Q4,other_transport_support,Other transportation and support activities,788600
2021Q4,warehousing,Warehousing and storage,1867766.66667
2021Q4,information,Information,2965333.33333
2021Q4,credit_intermediation,"Federal Reserve banks, credit intermediation, and related activities",2718766.66667
2021Q4,securities,"Securities, commodity contracts, and investments",992700.666667
2021Q4,insurance,Insurance carriers and related activities,2863866.66667
2021Q4,funds_trusts,"Funds, trusts, and other financial vehicles",1023466.66667
2021Q4,real_estate,Real estate,1797266.66667
2021Q4,rental_leasing,Rental and leasing services and lessors of intangible assets,527300
2021Q4,legal,Legal services,1173590.33333
2021Q4,computer_systems,Computer systems design and related services,2379186.66667
2021Q4,misc_professional,"Miscellaneous professional, scientific, and technical services",6645659.66667
2021Q4,management_companies,Management of companies and enterprises,2489833.33333
2021Q4,admin_support,Administrative and support services,9046966.66667
2021Q4,waste_remediation,Waste management and remediation services,469633.333333
2021Q4,education,Educational services,3821966.66667
2021Q4,ambulatory_health,Ambulatory health care services,7985200
2021Q4,hospitals_nursing,"Hospitals, nursing and residential care facilities",8094333.33333
2021Q4,social_assistance,Social assistance,4149933.33333
2021Q4,performing_arts_museums,"Performing arts, spectator sports, museums, and related activities",605500
2021Q4,amusement_recreation,"Amusements, gambling, and recreation industries",1469066.66667
2021Q4,accommodation,Accommodation,1603633.33333
2021Q4,food_services,Food services and drinking places,11216566.6667
2021Q4,other_services,"Other services, except government",5583000
2022Q1,oil_gas_extraction,Oil and gas extraction,111133.333333
2022Q1,mining_except_oil_gas,"Mining, except oil and gas",175000
2022Q1,support_mining,Support activities for mining,243066.666667
2022Q1,utilities,Utilities,549666.666667
2022Q1,construction,Construction,7354333.33333
2022Q1,wood_products,Wood products,424100
2022Q1,nonmetallic_mineral,Nonmetallic mineral products,405800
2022Q1,primary_metals,Primary metals,359366.666667
2022Q1,fabricated_metal,Fabricated metal products,1411600
2022Q1,machinery,Machinery,1086266.66667
2022Q1,computer_electronic,Computer and electronic products,1026766.66667
2022Q1,electrical_equipment,"Electrical equipment, appliances, and components",398133.333333
2022Q1,motor_vehicles,"Motor vehicles, bodies and trailers, and parts",1681900
2022Q1,other_transport_equipment,Other transportation equipment,695161.333333
2022Q1,furniture,Furniture and related products,380933.333333
2022Q1,misc_manufacturing,Miscellaneous manufacturing,620900
2022Q1,food_beverage_tobacco,Food and beverage and tobacco products,1954874.66667
2022Q1,textiles,Textile mills and textile product mills,203733.333333
2022Q1,apparel_leather,Apparel and leather and allied products,118462.666667
2022Q1,paper,Paper products,359100
2022Q1,printing,Printing and related support activities,374100
2022Q1,petroleum_coal,Petroleum and coal products,100700
2022Q1,chemicals,Chemical products,890200
2022Q1,plastics_rubber,Plastics and rubber products,745133.333333
2022Q1,wholesale,Wholesale trade,5848933.33333
2022Q1,retail,Retail trade,15355133.3333
2022Q1,air_transport,Air transportation,480966.666667
2022Q1,rail_transport,Rail transportation,144800
2022Q1,water_transport,Water transportation,59200
2022Q1,truck_transport,Truck transportation,1537733.33333
2022Q1,transit_ground,Transit and ground passenger transportation,411900
2022Q1,pipeline,Pipeline transportation,50533.3333333
2022Q1,other_transport_support,Other transportation and support activities,796700
2022Q1,warehousing,Warehousing and storage,1914433.33333
2022Q1,information,Information,2974333.33333
2022Q1,credit_intermediation,"Federal Reserve banks, credit intermediation, and related activities",2723666.66667
2022Q1,securities,"Securities, commodity contracts, and investments",994462.666667
2022Q1,insurance,Insurance carriers and related activities,2878133.33333
2022Q1,funds_trusts,"Funds, trusts, and other financial vehicles",1019166.66667
2022Q1,real_estate,Real estate,1773466.66667
2022Q1,rental_leasing,Rental and leasing services and lessors of intangible assets,526666.666667
2022Q1,legal,Legal services,1160256.66667
2022Q1,computer_systems,Computer systems design and related services,2413322.33333
2022Q1,misc_professional,"Miscellaneous professional, scientific, and technical services",6726101.66667
2022Q1,management_companies,Management of companies and enterprises,2507400
2022Q1,admin_support,Administrative and support services,8791866.66667
2022Q1,waste_remediation,Waste management and remediation services,461333.333333
2022Q1,education,Educational services,3780233.33333
2022Q1,ambulatory_health,Ambulatory health care services,7989066.66667
2022Q1,hospitals_nursing,"Hospitals, nursing and residential care facilities",8053133.33333
2022Q1,social_assistance,Social assistance,4155300
2022Q1,performing_arts_museums,"Performing arts, spectator sports, museums, and related activities",570966.666667
2022Q1,amusement_recreation,"Amusements, gambling, and recreation industries",1446033.33333
2022Q1,accommodation,Accommodation,1614600
2022Q1,food_services,Food services and drinking places,11221266.6667
2022Q1,other_services,"Other services, except government",5574666.66667
2022Q2,oil_gas_extraction,Oil and gas extraction,119400
2022Q2,mining_except_oil_gas,"Mining, except oil and gas",183666.666667
2022Q2,support_mining,Support activities for mining,254966.666667
2022Q2,utilities,Utilities,555333.333333
2022Q2,construction,Construction,7787666.66667
2022Q2,wood_products,Wood products,430833.333333
2022Q2,nonmetallic_mineral,Nonmetallic mineral products,418966.666667
2022Q2,primary_metals,Primary metals,361133.333333
2022Q2,fabricated_metal,Fabricated metal products,1429000
2022Q2,machinery,Machinery,1104966.66667
2022Q2,computer_electronic,Computer and electronic products,1040366.66667
2022Q2,electrical_equipment,"Electrical equipment, appliances, and components",406000
2022Q2,motor_vehicles,"Motor vehicles, bodies and trailers, and parts",1705666.66667
2022Q2,other_transport_equipment,Other transportation equipment,703430.666667
2022Q2,furniture,Furniture and related products,382133.333333
2022Q2,misc_manufacturing,Miscellaneous manufacturing,627200
2022Q2,food_beverage_tobacco,Food and beverage and tobacco products,1998203.66667
2022Q2,textiles,Textile mills and textile product mills,203966.666667
2022Q2,apparel_leather,Apparel and leather and allied products,120494.333333
2022Q2,paper,Paper products,364400
2022Q2,printing,Printing and related support activities,380066.666667
2022Q2,petroleum_coal,Petroleum and coal products,107933.333333
2022Q2,chemicals,Chemical products,899400
2022Q2,plastics_rubber,Plastics and rubber products,756266.666667
2022Q2,wholesale,Wholesale trade,5973266.66667
2022Q2,retail,Retail trade,15391466.6667
2022Q2,air_transport,Air transportation,500666.666667
2022Q2,rail_transport,Rail transportation,146866.666667
2022Q2,water_transport,Water transportation,64400
2022Q2,truck_transport,Truck transportation,1573366.66667
2022Q2,transit_ground,Transit and ground passenger transportation,413800
2022Q2,pipeline,Pipeline transportation,51333.3333333
2022Q2,other_transport_support,Other transportation and support activities,814233.333333
2022Q2,warehousing,Warehousing and storage,1911566.66667
2022Q2,information,Information,3060000
2022Q2,credit_intermediation,"Federal Reserve banks, credit intermediation, and related activities",2714633.33333
2022Q2,securities,"Securities, commodity contracts, and investments",1014929.66667
2022Q2,insurance,Insurance carriers and related activities,2910500
2022Q2,funds_trusts,"Funds, trusts, and other financial vehicles",1041666.66667
2022Q2,real_estate,Real estate,1812766.66667
2022Q2,rental_leasing,Rental and leasing services and lessors of intangible assets,562600
2022Q2,legal,Legal services,1176484.33333
2022Q2,computer_systems,Computer systems design and related services,2458675.66667
2022Q2,misc_professional,"Miscellaneous professional, scientific, and technical services",6844149
2022Q2,management_companies,Management of companies and enterprises,2530300
2022Q2,admin_support,Administrative and support services,9067566.66667
2022Q2,waste_remediation,Waste management and remediation services,473733.333333
2022Q2,education,Educational services,3740033.33333
2022Q2,ambulatory_health,Ambulatory health care services,8070566.66667
2022Q2,hospitals_nursing,"Hospitals, nursing and residential care facilities",8110333.33333
2022Q2,social_assistance,Social assistance,4246900
2022Q2,performing_arts_museums,"Performing arts, spectator sports, museums, and related activities",691833.333333
2022Q2,amusement_recreation,"Amusements, gambling, and recreation industries",1691700
2022Q2,accommodation,Accommodation,1792100
2022Q2,food_services,Food services and drinking places,11796400
2022Q2,other_services,"Other services, except government",5701666.66667
2022Q3,oil_gas_extraction,Oil and gas extraction,118266.666667
2022Q3,mining_except_oil_gas,"Mining, except oil and gas",187133.333333
2022Q3,support_mining,Support activities for mining,268633.333333
2022Q3,utilities,Utilities,563666.666667
2022Q3,construction,Construction,7998666.66667
2022Q3,wood_products,Wood products,429800
2022Q3,nonmetallic_mineral,Nonmetallic mineral products,423066.666667
2022Q3,primary_metals,Primary metals,366066.666667
2022Q3,fabricated_metal,Fabricated metal products,1439933.33333
2022Q3,machinery,Machinery,1114000
2022Q3,computer_electronic,Computer and electronic products,1054366.66667
2022Q3,electrical_equipment,"Electrical equipment, appliances, and components",410066.666667
2022Q3,motor_vehicles,"Motor vehicles, bodies and trailers, and parts",1725500
2022Q3,other_transport_equipment,Other transportation equipment,716202.333333
2022Q3,furniture,Furniture and related products,377966.666667
2022Q3,misc_manufacturing,Miscellaneous manufacturing,632533.333333
2022Q3,food_beverage_tobacco,Food and beverage and tobacco products,2058982.66667
2022Q3,textiles,Textile mills and textile product mills,200633.333333
2022Q3,apparel_leather,Apparel and leather and allied products,119448
2022Q3,paper,Paper products,363800
2022Q3,printing,Printing and related support activities,379866.666667
2022Q3,petroleum_coal,Petroleum and coal products,108366.666667
2022Q3,chemicals,Chemical products,906700
2022Q3,plastics_rubber,Plastics and rubber products,759300
2022Q3,wholesale,Wholesale trade,6031566.66667
2022Q3,retail,Retail trade,15468200
2022Q3,air_transport,Air transportation,518066.666667
2022Q3,rail_transport,Rail transportation,147833.333333
2022Q3,water_transport,Water transportation,69266.6666667
2022Q3,truck_transport,Truck transportation,1600733.33333
2022Q3,transit_ground,Transit and ground passenger transportation,381633.333333
2022Q3,pipeline,Pipeline transportation,50900
2022Q3,other_transport_support,Other transportation and support activities,835400
2022Q3,warehousing,Warehousing and storage,1886000
2022Q3,information,Information,3106666.66667
2022Q3,credit_intermediation,"Federal Reserve banks, credit intermediation, and related activities",2701633.33333
2022Q3,securities,"Securities, commodity contracts, and investments",1045181
2022Q3,insurance,Insurance carriers and related activities,2928800
2022Q3,funds_trusts,"Funds, trusts, and other financial vehicles",1070633.33333
2022Q3,real_estate,Real estate,1838266.66667
2022Q3,rental_leasing,Rental and leasing services and lessors of intangible assets,588033.333333
2022Q3,legal,Legal services,1181855.66667
2022Q3,computer_systems,Computer systems design and related services,2502522
2022Q3,misc_professional,"Miscellaneous professional, scientific, and technical services",6965792
2022Q3,management_companies,Management of companies and enterprises,2568033.33333
2022Q3,admin_support,Administrative and support services,9163100
2022Q3,waste_remediation,Waste management and remediation services,488133.333333
2022Q3,education,Educational services,3601533.33333
2022Q3,ambulatory_health,Ambulatory health care services,8159866.66667
2022Q3,hospitals_nursing,"Hospitals, nursing and residential care facilities",8226566.66667
2022Q3,social_assistance,Social assistance,4286866.66667
2022Q3,performing_arts_museums,"Performing arts, spectator sports, museums, and related activities",720466.666667
2022Q3,amusement_recreation,"Amusements, gambling, and recreation industries",1840000
2022Q3,accommodation,Accommodation,1900800
2022Q3,food_services,Food services and drinking places,12021433.3333
2022Q3,other_services,"Other services, except government",5752666.66667
2022Q4,oil_gas_extraction,Oil and gas extraction,116433.333333
2022Q4,mining_except_oil_gas,"Mining, except oil and gas",186300
2022Q4,support_mining,Support activities for mining,277966.666667
2022Q4,utilities,Utilities,567666.666667
2022Q4,construction,Construction,7909333.33333
2022Q4,wood_products,Wood products,425300
2022Q4,nonmetallic_mineral,Nonmetallic mineral products,422500
2022Q4,primary_metals,Primary metals,370633.333333
2022Q4,fabricated_metal,Fabricated metal products,1445800
2022Q4,machinery,Machinery,1119166.66667
2022Q4,computer_electronic,Computer and electronic products,1058066.66667
2022Q4,electrical_equipment,"Electrical equipment, appliances, and components",411033.333333
2022Q4,motor_vehicles,"Motor vehicles, bodies and trailers, and parts",1758433.33333
2022Q4,other_transport_equipment,Other transportation equipment,725048.666667
2022Q4,furniture,Furniture and related products,373000
2022Q4,misc_manufacturing,Miscellaneous manufacturing,632000
2022Q4,food_beverage_tobacco,Food and beverage and tobacco products,2046585.66667
2022Q4,textiles,Textile mills and textile product mills,196133.333333
2022Q4,apparel_leather,Apparel and leather and allied products,118180
2022Q4,paper,Paper products,364366.666667
2022Q4,printing,Printing and related support activities,379900
2022Q4,petroleum_coal,Petroleum and coal products,106833.333333
2022Q4,chemicals,Chemical products,906966.666667
2022Q4,plastics_rubber,Plastics and rubber products,754533.333333
2022Q4,wholesale,Wholesale trade,6059900
2022Q4,retail,Retail trade,15740800
2022Q4,air_transport,Air transportation,524966.666667
2022Q4,rail_transport,Rail transportation,150000
2022Q4,water_transport,Water transportation,65800
2022Q4,truck_transport,Truck transportation,1595666.66667
2022Q4,transit_ground,Transit and ground passenger transportation,436100
2022Q4,pipeline,Pipeline transportation,50933.3333333
2022Q4,other_transport_support,Other transportation and support activities,846466.666667
2022Q4,warehousing,Warehousing and storage,1918333.33333
2022Q4,information,Information,3112000
2022Q4,credit_intermediation,"Federal Reserve banks, credit intermediation, and related activities",2688600
2022Q4,securities,"Securities, commodity contracts, and investments",1049799.33333
2022Q4,insurance,Insurance carriers and related activities,2954400
2022Q4,funds_trusts,"Funds, trusts, and other financial vehicles",1081433.33333
2022Q4,real_estate,Real estate,1854433.33333
2022Q4,rental_leasing,Rental and leasing services and lessors of intangible assets,577966.666667
2022Q4,legal,Legal services,1184912
2022Q4,computer_systems,Computer systems design and related services,2509057.66667
2022Q4,misc_professional,"Miscellaneous professional, scientific, and technical services",7038793
2022Q4,management_companies,Management of companies and enterprises,2583966.66667
2022Q4,admin_support,Administrative and support services,9207166.66667
2022Q4,waste_remediation,Waste management and remediation services,490666.666667
2022Q4,education,Educational services,3906400
2022Q4,ambulatory_health,Ambulatory health care services,8299366.66667
2022Q4,hospitals_nursing,"Hospitals, nursing and residential care facilities",8316066.66667
2022Q4,social_assistance,Social assistance,4400066.66667
2022Q4,performing_arts_museums,"Performing arts, spectator sports, museums, and related activities",678766.666667
2022Q4,amusement_recreation,"Amusements, gambling, and recreation industries",1619033.33333
2022Q4,accommodation,Accommodation,1791266.66667
2022Q4,food_services,Food services and drinking places,11909366.6667
2022Q4,other_services,"Other services, except government",5746666.66667
2023Q1,oil_gas_extraction,Oil and gas extraction,115433.333333
2023Q1,mining_except_oil_gas,"Mining, except oil and gas",182200
2023Q1,support_mining,Support activities for mining,282433.333333
2023Q1,utilities,Utilities,567466.666667
2023Q1,construction,Construction,7643000
2023Q1,wood_products,Wood products,420633.333333
2023Q1,nonmetallic_mineral,Nonmetallic mineral products,414466.666667
2023Q1,primary_metals,Primary metals,371200
2023Q1,fabricated_metal,Fabricated metal products,1445133.33333
2023Q1,machinery,Machinery,1126833.33333
2023Q1,computer_electronic,Computer and electronic products,1056500
2023Q1,electrical_equipment,"Electrical equipment, appliances, and components",414100
2023Q1,motor_vehicles,"Motor vehicles, bodies and trailers, and parts",1759233.33333
2023Q1,other_transport_equipment,Other transportation equipment,735106
2023Q1,furniture,Furniture and related products,364266.666667
2023Q1,misc_manufacturing,Miscellaneous manufacturing,628500
2023Q1,food_beverage_tobacco,Food and beverage and tobacco products,2033671.33333
2023Q1,textiles,Textile mills and textile product mills,194366.666667
2023Q1,apparel_leather,Apparel and leather and allied products,116122.666667
2023Q1,paper,Paper products,362033.333333
2023Q1,printing,Printing and related support activities,373666.666667
2023Q1,petroleum_coal,Petroleum and coal products,103633.333333
2023Q1,chemicals,Chemical products,900133.333333
2023Q1,plastics_rubber,Plastics and rubber products,743266.666667
2023Q1,wholesale,Wholesale trade,6053266.66667
2023Q1,retail,Retail trade,15437333.3333
2023Q1,air_transport,Air transportation,534366.666667
2023Q1,rail_transport,Rail transportation,151566.666667
2023Q1,water_transport,Water transportation,65000
2023Q1,truck_transport,Truck transportation,1556233.33333
2023Q1,transit_ground,Transit and ground passenger transportation,440200
2023Q1,pipeline,Pipeline transportation,51533.3333333
2023Q1,other_transport_support,Other transportation and support activities,842200
2023Q1,warehousing,Warehousing and storage,1846366.66667
2023Q1,information,Information,3028000
2023Q1,credit_intermediation,"Federal Reserve banks, credit intermediation, and related activities",2667533.33333
2023Q1,securities,"Securities, commodity contracts, and investments",1052016
2023Q1,insurance,Insurance carriers and related activities,2944400
2023Q1,funds_trusts,"Funds, trusts, and other financial vehicles",1081200
2023Q1,real_estate,Real estate,1826333.33333
2023Q1,rental_leasing,Rental and leasing services and lessors of intangible assets,575133.333333
2023Q1,legal,Legal services,1167209
2023Q1,computer_systems,Computer systems design and related services,2477264.66667
2023Q1,misc_professional,"Miscellaneous professional, scientific, and technical services",7056270
2023Q1,management_companies,Management of companies and enterprises,2588833.33333
2023Q1,admin_support,Administrative and support services,8754733.33333
2023Q1,waste_remediation,Waste management and remediation services,486466.666667
2023Q1,education,Educational services,3846666.66667
2023Q1,ambulatory_health,Ambulatory health care services,8313666.66667
2023Q1,hospitals_nursing,"Hospitals, nursing and residential care facilities",8347366.66667
2023Q1,social_assistance,Social assistance,4463666.66667
2023Q1,performing_arts_museums,"Performing arts, spectator sports, museums, and related activities",643700
2023Q1,amusement_recreation,"Amusements, gambling, and recreation industries",1586033.33333
2023Q1,accommodation,Accommodation,1785066.66667
2023Q1,food_services,Food services and drinking places,11801100
2023Q1,other_services,"Other services, except government",5726666.66667
2023Q2,oil_gas_extraction,Oil and gas extraction,116966.666667
2023Q2,mining_except_oil_gas,"Mining, except oil and gas",188800
2023Q2,support_mining,Support activities for mining,289733.333333
2023Q2,utilities,Utilities,574733.333333
2023Q2,construction,Construction,8026333.33333
2023Q2,wood_products,Wood products,419166.666667
2023Q2,nonmetallic_mineral,Nonmetallic mineral products,419566.666667
2023Q2,primary_metals,Primary metals,373966.666667
2023Q2,fabricated_metal,Fabricated metal products,1448966.66667
2023Q2,machinery,Machinery,1132866.66667
2023Q2,computer_electronic,Computer and electronic products,1058633.33333
2023Q2,electrical_equipment,"Electrical equipment, appliances, and components",415766.666667
2023Q2,motor_vehicles,"Motor vehicles, bodies and trailers, and parts",1775633.33333
2023Q2,other_transport_equipment,Other transportation equipment,742433
2023Q2,furniture,Furniture and related products,360566.666667
2023Q2,misc_manufacturing,Miscellaneous manufacturing,626766.666667
2023Q2,food_beverage_tobacco,Food and beverage and tobacco products,2060419
2023Q2,textiles,Textile mills and textile product mills,190833.333333
2023Q2,apparel_leather,Apparel and leather and allied products,115156.333333
2023Q2,paper,Paper products,358400
2023Q2,printing,Printing and related support activities,370666.666667
2023Q2,petroleum_coal,Petroleum and coal products,109966.666667
2023Q2,chemicals,Chemical products,903500
2023Q2,plastics_rubber,Plastics and rubber products,741233.333333
2023Q2,wholesale,Wholesale trade,6102300
2023Q2,retail,Retail trade,15488066.6667
2023Q2,air_transport,Air transportation,547133.333333
2023Q2,rail_transport,Rail transportation,153833.333333
2023Q2,water_transport,Water transportation,70100
2023Q2,truck_transport,Truck transportation,1571566.66667
2023Q2,transit_ground,Transit and ground passenger transportation,434000
2023Q2,pipeline,Pipeline transportation,52100
2023Q2,other_transport_support,Other transportation and support activities,844300
2023Q2,warehousing,Warehousing and storage,1807300
2023Q2,information,Information,3035666.66667
2023Q2,credit_intermediation,"Federal Reserve banks, credit intermediation, and related activities",2658766.66667
2023Q2,securities,"Securities, commodity contracts, and investments",1063002.33333
2023Q2,insurance,Insurance carriers and related activities,2962933.33333
2023Q2,funds_trusts,"Funds, trusts, and other financial vehicles",1096066.66667
2023Q2,real_estate,Real estate,1848066.66667
2023Q2,rental_leasing,Rental and leasing services and lessors of intangible assets,604100
2023Q2,legal,Legal services,1181055.33333
2023Q2,computer_systems,Computer systems design and related services,2465606.66667
2023Q2,misc_professional,"Miscellaneous professional, scientific, and technical services",7093256.66667
2023Q2,management_companies,Management of companies and enterprises,2606400
2023Q2,admin_support,Administrative and support services,8980600
2023Q2,waste_remediation,Waste management and remediation services,498200
2023Q2,education,Educational services,3827066.66667
2023Q2,ambulatory_health,Ambulatory health care services,8385400
2023Q2,hospitals_nursing,"Hospitals, nursing and residential care facilities",8419500
2023Q2,social_assistance,Social assistance,4558200
2023Q2,performing_arts_museums,"Performing arts, spectator sports, museums, and related activities",768400
2023Q2,amusement_recreation,"Amusements, gambling, and recreation industries",1834533.33333
2023Q2,accommodation,Accommodation,1907633.33333
2023Q2,food_services,Food services and drinking places,12290233.3333
2023Q2,other_services,"Other services, except government",5848000
2023Q3,oil_gas_extraction,Oil and gas extraction,119533.333333
2023Q3,mining_except_oil_gas,"Mining, except oil and gas",191366.666667
2023Q3,support_mining,Support activities for mining,289300
2023Q3,utilities,Utilities,578100
2023Q3,construction,Construction,8227666.66667
2023Q3,wood_products,Wood products,418833.333333
2023Q3,nonmetallic_mineral,Nonmetallic mineral products,424533.333333
2023Q3,primary_metals,Primary metals,377600
2023Q3,fabricated_metal,Fabricated metal products,1447866.66667
2023Q3,machinery,Machinery,1134933.33333
2023Q3,computer_electronic,Computer and electronic products,1055933.33333
2023Q3,electrical_equipment,"Electrical equipment, appliances, and components",419533.333333
2023Q3,motor_vehicles,"Motor vehicles, bodies and trailers, and parts",1782566.66667
2023Q3,other_transport_equipment,Other transportation equipment,762509.666667
2023Q3,furniture,Furniture and related products,355366.666667
2023Q3,misc_manufacturing,Miscellaneous manufacturing,627066.666667
2023Q3,food_beverage_tobacco,Food and beverage and tobacco products,2102387
2023Q3,textiles,Textile mills and textile product mills,188566.666667
2023Q3,apparel_leather,Apparel and leather and allied products,114306.333333
2023Q3,paper,Paper products,356133.333333
2023Q3,printing,Printing and related support activities,365266.666667
2023Q3,petroleum_coal,Petroleum and coal products,110433.333333
2023Q3,chemicals,Chemical products,899966.666667
2023Q3,plastics_rubber,Plastics and rubber products,738300
2023Q3,wholesale,Wholesale trade,6129333.33333
2023Q3,retail,Retail trade,15494500
2023Q3,air_transport,Air transportation,555100
2023Q3,rail_transport,Rail transportation,155033.333333
2023Q3,water_transport,Water transportation,71366.6666667
2023Q3,truck_transport,Truck transportation,1560800
2023Q3,transit_ground,Transit and ground passenger transportation,408433.333333
2023Q3,pipeline,Pipeline transportation,52766.6666667
2023Q3,other_transport_support,Other transportation and support activities,855500
2023Q3,warehousing,Warehousing and storage,1806933.33333
2023Q3,information,Information,2996000
2023Q3,credit_intermediation,"Federal Reserve banks, credit intermediation, and related activities",2648700
2023Q3,securities,"Securities, commodity contracts, and investments",1080463.33333
2023Q3,insurance,Insurance carriers and related activities,2980466.66667
2023Q3,funds_trusts,"Funds, trusts, and other financial vehicles",1111166.66667
2023Q3,real_estate,Real estate,1863233.33333
2023Q3,rental_leasing,Rental and leasing services and lessors of intangible assets,628100
2023Q3,legal,Legal services,1184419.33333
2023Q3,computer_systems,Computer systems design and related services,2455142.33333
2023Q3,misc_professional,"Miscellaneous professional, scientific, and technical services",7100177.66667
2023Q3,management_companies,Management of companies and enterprises,2622466.66667
2023Q3,admin_support,Administrative and support services,8941733.33333
2023Q3,waste_remediation,Waste management and remediation services,504833.333333
2023Q3,education,Educational services,3686033.33333
2023Q3,ambulatory_health,Ambulatory health care services,8481400
2023Q3,hospitals_nursing,"Hospitals, nursing and residential care facilities",8559866.66667
2023Q3,social_assistance,Social assistance,4614100
2023Q3,performing_arts_museums,"Performing arts, spectator sports, museums, and related activities",781466.666667
2023Q3,amusement_recreation,"Amusements, gambling, and recreation industries",1956666.66667
2023Q3,accommodation,Accommodation,2009200
2023Q3,food_services,Food services and drinking places,12377666.6667
2023Q3,other_services,"Other services, except government",5902333.33333
2023Q4,oil_gas_extraction,Oil and gas extraction,120566.666667
2023Q4,mining_except_oil_gas,"Mining, except oil and gas",189300
2023Q4,support_mining,Support activities for mining,282966.666667
2023Q4,utilities,Utilities,583033.333333
2023Q4,construction,Construction,8137000
2023Q4,wood_products,Wood products,417000
2023Q4,nonmetallic_mineral,Nonmetallic mineral products,424833.333333
2023Q4,primary_metals,Primary metals,374266.666667
2023Q4,fabricated_metal,Fabricated metal products,1446566.66667
2023Q4,machinery,Machinery,1127333.33333
2023Q4,computer_electronic,Computer and electronic products,1041700
2023Q4,electrical_equipment,"Electrical equipment, appliances, and components",419633.333333
2023Q4,motor_vehicles,"Motor vehicles, bodies and trailers, and parts",1790333.33333
2023Q4,other_transport_equipment,Other transportation equipment,766531.666667
2023Q4,furniture,Furniture and related products,352066.666667
2023Q4,misc_manufacturing,Miscellaneous manufacturing,622766.666667
2023Q4,food_beverage_tobacco,Food and beverage and tobacco products,2083101.66667
2023Q4,textiles,Textile mills and textile product mills,186300
2023Q4,apparel_leather,Apparel and leather and allied products,112767.666667
2023Q4,paper,Paper products,358100
2023Q4,printing,Printing and related support activities,363366.666667
2023Q4,petroleum_coal,Petroleum and coal products,108733.333333
2023Q4,chemicals,Chemical products,893866.666667
2023Q4,plastics_rubber,Plastics and rubber products,731066.666667
2023Q4,wholesale,Wholesale trade,6144366.66667
2023Q4,retail,Retail trade,15784433.3333
2023Q4,air_transport,Air transportation,559033.333333
2023Q4,rail_transport,Rail transportation,156100
2023Q4,water_transport,Water transportation,67866.6666667
2023Q4,truck_transport,Truck transportation,1545766.66667
2023Q4,transit_ground,Transit and ground passenger transportation,467600
2023Q4,pipeline,Pipeline transportation,52933.3333333
2023Q4,other_transport_support,Other transportation and support activities,854333.333333
2023Q4,warehousing,Warehousing and storage,1866700
2023Q4,information,Information,2969333.33333
2023Q4,credit_intermediation,"Federal Reserve banks, credit intermediation, and related activities",2615633.33333
2023Q4,securities,"Securities, commodity contracts, and investments",1075442.66667
2023Q4,insurance,Insurance carriers and related activities,2989533.33333
2023Q4,funds_trusts,"Funds, trusts, and other financial vehicles",1114900
2023Q4,real_estate,Real estate,1869900
2023Q4,rental_leasing,Rental and leasing services and lessors of intangible assets,608166.666667
2023Q4,legal,Legal services,1192769.33333
2023Q4,computer_systems,Computer systems design and related services,2443322.66667
2023Q4,misc_professional,"Miscellaneous professional, scientific, and technical services",7130172.66667
2023Q4,management_companies,Management of companies and enterprises,2616900
2023Q4,admin_support,Administrative and support services,8906300
2023Q4,waste_remediation,Waste management and remediation services,501266.666667
2023Q4,education,Educational services,4028400
2023Q4,ambulatory_health,Ambulatory health care services,8617566.66667
2023Q4,hospitals_nursing,"Hospitals, nursing and residential care facilities",8667833.33333
2023Q4,social_assistance,Social assistance,4731866.66667
2023Q4,performing_arts_museums,"Performing arts, spectator sports, museums, and related activities",752266.666667
2023Q4,amusement_recreation,"Amusements, gambling, and recreation industries",1696300
2023Q4,accommodation,Accommodation,1874766.66667
2023Q4,food_services,Food services and drinking places,12161533.3333
2023Q4,other_services,"Other services, except government",5891000
2024Q1,oil_gas_extraction,Oil and gas extraction,121366.666667
2024Q1,mining_except_oil_gas,"Mining, except oil and gas",186900
2024Q1,support_mining,Support activities for mining,274066.666667
2024Q1,utilities,Utilities,586466.666667
2024Q1,construction,Construction,7850000
2024Q1,wood_products,Wood products,414966.666667
2024Q1,nonmetallic_mineral,Nonmetallic mineral products,411133.333333
2024Q1,primary_metals,Primary metals,371700
2024Q1,fabricated_metal,Fabricated metal products,1447666.66667
2024Q1,machinery,Machinery,1121400
2024Q1,computer_electronic,Computer and electronic products,1032233.33333
2024Q1,electrical_equipment,"Electrical equipment, appliances, and components",417400
2024Q1,motor_vehicles,"Motor vehicles, bodies and trailers, and parts",1791766.66667
2024Q1,other_transport_equipment,Other transportation equipment,775227
2024Q1,furniture,Furniture and related products,347333.333333
2024Q1,misc_manufacturing,Miscellaneous manufacturing,618933.333333
2024Q1,food_beverage_tobacco,Food and beverage and tobacco products,2062923.33333
2024Q1,textiles,Textile mills and textile product mills,184866.666667
2024Q1,apparel_leather,Apparel and leather and allied products,108459.333333
2024Q1,paper,Paper products,355800
2024Q1,printing,Printing and related support activities,359100
2024Q1,petroleum_coal,Petroleum and coal products,107700
2024Q1,chemicals,Chemical products,893733.333333
2024Q1,plastics_rubber,Plastics and rubber products,727466.666667
2024Q1,wholesale,Wholesale trade,6092266.66667
2024Q1,retail,Retail trade,15400900
2024Q1,air_transport,Air transportation,559133.333333
2024Q1,rail_transport,Rail transportation,157966.666667
2024Q1,water_transport,Water transportation,66300
2024Q1,truck_transport,Truck transportation,1506100
2024Q1,transit_ground,Transit and ground passenger transportation,473166.666667
2024Q1,pipeline,Pipeline transportation,54366.6666667
2024Q1,other_transport_support,Other transportation and support activities,849566.666667
2024Q1,warehousing,Warehousing and storage,1839400
2024Q1,information,Information,2934333.33333
2024Q1,credit_intermediation,"Federal Reserve banks, credit intermediation, and related activities",2597866.66667
2024Q1,securities,"Securities, commodity contracts, and investments",1068594.66667
2024Q1,insurance,Insurance carriers and related activities,2974933.33333
2024Q1,funds_trusts,"Funds, trusts, and other financial vehicles",1100366.66667
2024Q1,real_estate,Real estate,1840133.33333
2024Q1,rental_leasing,Rental and leasing services and lessors of intangible assets,587833.333333
2024Q1,legal,Legal services,1181085
2024Q1,computer_systems,Computer systems design and related services,2434153.66667
2024Q1,misc_professional,"Miscellaneous professional, scientific, and technical services",7137928
2024Q1,management_companies,Management of companies and enterprises,2608133.33333
2024Q1,admin_support,Administrative and support services,8466133.33333
2024Q1,waste_remediation,Waste management and remediation services,498866.666667
2024Q1,education,Educational services,4004966.66667
2024Q1,ambulatory_health,Ambulatory health care services,8631666.66667
2024Q1,hospitals_nursing,"Hospitals, nursing and residential care facilities",8729766.66667
2024Q1,social_assistance,Social assistance,4779966.66667
2024Q1,performing_arts_museums,"Performing arts, spectator sports, museums, and related activities",701333.333333
2024Q1,amusement_recreation,"Amusements, gambling, and recreation industries",1678000
2024Q1,accommodation,Accommodation,1842266.66667
2024Q1,food_services,Food services and drinking places,11931133.3333
2024Q1,other_services,"Other services, except government",5871000
2024Q2,oil_gas_extraction,Oil and gas extraction,121533.333333
2024Q2,mining_except_oil_gas,"Mining, except oil and gas",193133.333333
2024Q2,support_mining,Support activities for mining,270600
2024Q2,utilities,Utilities,591166.666667
2024Q2,construction,Construction,8232000
2024Q2,wood_products,Wood products,417766.666667
2024Q2,nonmetallic_mineral,Nonmetallic mineral products,419866.666667
2024Q2,primary_metals,Primary metals,373166.666667
2024Q2,fabricated_metal,Fabricated metal products,1445533.33333
2024Q2,machinery,Machinery,1119600
2024Q2,computer_electronic,Computer and electronic products,1028700
2024Q2,electrical_equipment,"Electrical equipment, appliances, and components",419933.333333
2024Q2,motor_vehicles,"Motor vehicles, bodies and trailers, and parts",1801433.33333
2024Q2,other_transport_equipment,Other transportation equipment,775428.333333
2024Q2,furniture,Furniture and related products,345366.666667
2024Q2,misc_manufacturing,Miscellaneous manufacturing,617566.666667
2024Q2,food_beverage_tobacco,Food and beverage and tobacco products,2094128.33333
2024Q2,textiles,Textile mills and textile product mills,186366.666667
2024Q2,apparel_leather,Apparel and leather and allied products,108389.333333
2024Q2,paper,Paper products,352366.666667
2024Q2,printing,Printing and related support activities,357733.333333
2024Q2,petroleum_coal,Petroleum and coal products,111866.666667
2024Q2,chemicals,Chemical products,897666.666667
2024Q2,plastics_rubber,Plastics and rubber products,727566.666667
2024Q2,wholesale,Wholesale trade,6122833.33333
2024Q2,retail,Retail trade,15462933.3333
2024Q2,air_transport,Air transportation,564300
2024Q2,rail_transport,Rail transportation,157933.333333
2024Q2,water_transport,Water transportation,71733.3333333
2024Q2,truck_transport,Truck transportation,1515666.66667
2024Q2,transit_ground,Transit and ground passenger transportation,477533.333333
2024Q2,pipeline,Pipeline transportation,54533.3333333
2024Q2,other_transport_support,Other transportation and support activities,863633.333333
2024Q2,warehousing,Warehousing and storage,1836633.33333
2024Q2,information,Information,2935333.33333
2024Q2,credit_intermediation,"Federal Reserve banks, credit intermediation, and related activities",2589233.33333
2024Q2,securities,"Securities, commodity contracts, and investments",1076187
2024Q2,insurance,Insurance carriers and related activities,2989400
2024Q2,funds_trusts,"Funds, trusts, and other financial vehicles",1107900
2024Q2,real_estate,Real estate,1853666.66667
2024Q2,rental_leasing,Rental and leasing services and lessors of intangible assets,595500
2024Q2,legal,Legal services,1193158.66667
2024Q2,computer_systems,Computer systems design and related services,2427277.66667
2024Q2,misc_professional,"Miscellaneous professional, scientific, and technical services",7138544
2024Q2,management_companies,Management of companies and enterprises,2611333.33333
2024Q2,admin_support,Administrative and support services,8719733.33333
2024Q2,waste_remediation,Waste management and remediation services,511000
2024Q2,education,Educational services,3961166.66667
2024Q2,ambulatory_health,Ambulatory health care services,8735366.66667
2024Q2,hospitals_nursing,"Hospitals, nursing and residential care facilities",8804366.66667
2024Q2,social_assistance,Social assistance,4856866.66667
2024Q2,performing_arts_museums,"Performing arts, spectator sports, museums, and related activities",781133.333333
2024Q2,amusement_recreation,"Amusements, gambling, and recreation industries",1935600
2024Q2,accommodation,Accommodation,1956466.66667
2024Q2,food_services,Food services and drinking places,12369733.3333
2024Q2,other_services,"Other services, except government",5984666.66667
2024Q3,oil_gas_extraction,Oil and gas extraction,121766.666667
2024Q3,mining_except_oil_gas,"Mining, except oil and gas",193666.666667
2024Q3,support_mining,Support activities for mining,271800
2024Q3,utilities,Utilities,595733.333333
2024Q3,construction,Construction,8424666.66667
2024Q3,wood_products,Wood products,416433.333333
2024Q3,nonmetallic_mineral,Nonmetallic mineral products,421333.333333
2024Q3,primary_metals,Primary metals,369400
2024Q3,fabricated_metal,Fabricated metal products,1440166.66667
2024Q3,machinery,Machinery,1109233.33333
2024Q3,computer_electronic,Computer and electronic products,1028533.33333
2024Q3,electrical_equipment,"Electrical equipment, appliances, and components",420966.666667
2024Q3,motor_vehicles,"Motor vehicles, bodies and trailers, and parts",1793233.33333
2024Q3,other_transport_equipment,Other transportation equipment,777678.666667
2024Q3,furniture,Furniture and related products,341800
2024Q3,misc_manufacturing,Miscellaneous manufacturing,614133.333333
2024Q3,food_beverage_tobacco,Food and beverage and tobacco products,2136472.33333
2024Q3,textiles,Textile mills and textile product mills,182800
2024Q3,apparel_leather,Apparel and leather and allied products,106972
2024Q3,paper,Paper products,354866.666667
2024Q3,printing,Printing and related support activities,353066.666667
2024Q3,petroleum_coal,Petroleum and coal products,112166.666667
2024Q3,chemicals,Chemical products,900033.333333
2024Q3,plastics_rubber,Plastics and rubber products,719233.333333
2024Q3,wholesale,Wholesale trade,6119200
2024Q3,retail,Retail trade,15423966.6667
2024Q3,air_transport,Air transportation,564833.333333
2024Q3,rail_transport,Rail transportation,156300
2024Q3,water_transport,Water transportation,72600
2024Q3,truck_transport,Truck transportation,1520966.66667
2024Q3,transit_ground,Transit and ground passenger transportation,437833.333333
2024Q3,pipeline,Pipeline transportation,54366.6666667
2024Q3,other_transport_support,Other transportation and support activities,874100
2024Q3,warehousing,Warehousing and storage,1860666.66667
2024Q3,information,Information,2921333.33333
2024Q3,credit_intermediation,"Federal Reserve banks, credit intermediation, and related activities",2587433.33333
2024Q3,securities,"Securities, commodity contracts, and investments",1094708
2024Q3,insurance,Insurance carriers and related activities,3011600
2024Q3,funds_trusts,"Funds, trusts, and other financial vehicles",1124300
2024Q3,real_estate,Real estate,1873733.33333
2024Q3,rental_leasing,Rental and leasing services and lessors of intangible assets,605433.333333
2024Q3,legal,Legal services,1201315.33333
2024Q3,computer_systems,Computer systems design and related services,2438579
2024Q3,misc_professional,"Miscellaneous professional, scientific, and technical services",7149091
2024Q3,management_companies,Management of companies and enterprises,2624733.33333
2024Q3,admin_support,Administrative and support services,8717066.66667
2024Q3,waste_remediation,Waste management and remediation services,517266.666667
2024Q3,education,Educational services,3806866.66667
2024Q3,ambulatory_health,Ambulatory health care services,8826866.66667
2024Q3,hospitals_nursing,"Hospitals, nursing and residential care facilities",8880266.66667
2024Q3,social_assistance,Social assistance,4882733.33333
2024Q3,performing_arts_museums,"Performing arts, spectator sports, museums, and related activities",789400
2024Q3,amusement_recreation,"Amusements, gambling, and recreation industries",2049766.66667
2024Q3,accommodation,Accommodation,2030766.66667
2024Q3,food_services,Food services and drinking places,12398566.6667
2024Q3,other_services,"Other services, except government",5997666.66667
2024Q4,oil_gas_extraction,Oil and gas extraction,120666.666667
2024Q4,mining_except_oil_gas,"Mining, except oil and gas",189966.666667
2024Q4,support_mining,Support activities for mining,270900
2024Q4,utilities,Utilities,596666.666667
2024Q4,construction,Construction,8314666.66667
2024Q4,wood_products,Wood products,409733.333333
2024Q4,nonmetallic_mineral,Nonmetallic mineral products,421133.333333
2024Q4,primary_metals,Primary metals,364300
2024Q4,fabricated_metal,Fabricated metal products,1433700
2024Q4,machinery,Machinery,1098800
2024Q4,computer_electronic,Computer and electronic products,1014800
2024Q4,electrical_equipment,"Electrical equipment, appliances, and components",423733.333333
2024Q4,motor_vehicles,"Motor vehicles, bodies and trailers, and parts",1764500
2024Q4,other_transport_equipment,Other transportation equipment,761042
2024Q4,furniture,Furniture and related products,339100
2024Q4,misc_manufacturing,Miscellaneous manufacturing,614933.333333
2024Q4,food_beverage_tobacco,Food and beverage and tobacco products,2109755.66667
2024Q4,textiles,Textile mills and textile product mills,180333.333333
2024Q4,apparel_leather,Apparel and leather and allied products,106374.666667
2024Q4,paper,Paper products,355233.333333
2024Q4,printing,Printing and related support activities,351466.666667
2024Q4,petroleum_coal,Petroleum and coal products,109000
2024Q4,chemicals,Chemical products,895466.666667
2024Q4,plastics_rubber,Plastics and rubber products,710233.333333
2024Q4,wholesale,Wholesale trade,6106600
2024Q4,retail,Retail trade,15682333.3333
2024Q4,air_transport,Air transportation,560333.333333
2024Q4,rail_transport,Rail transportation,156200
2024Q4,water_transport,Water transportation,68266.6666667
2024Q4,truck_transport,Truck transportation,1505633.33333
2024Q4,transit_ground,Transit and ground passenger transportation,503000
2024Q4,pipeline,Pipeline transportation,53133.3333333
2024Q4,other_transport_support,Other transportation and support activities,867966.666667
2024Q4,warehousing,Warehousing and storage,1916566.66667
2024Q4,information,Information,2899666.66667
2024Q4,credit_intermediation,"Federal Reserve banks, credit intermediation, and related activities",2581666.66667
2024Q4,securities,"Securities, commodity contracts, and investments",1090294
2024Q4,insurance,Insurance carriers and related activities,3021233.33333
2024Q4,funds_trusts,"Funds, trusts, and other financial vehicles",1125966.66667
2024Q4,real_estate,Real estate,1871166.66667
2024Q4,rental_leasing,Rental and leasing services and lessors of intangible assets,593033.333333
2024Q4,legal,Legal services,1210914.66667
2024Q4,computer_systems,Computer systems design and related services,2431525
2024Q4,misc_professional,"Miscellaneous professional, scientific, and technical services",7182461
2024Q4,management_companies,Management of companies and enterprises,2617300
2024Q4,admin_support,Administrative and support services,8700633.33333
2024Q4,waste_remediation,Waste management and remediation services,519433.333333
2024Q4,education,Educational services,4158366.66667
2024Q4,ambulatory_health,Ambulatory health care services,8978900
2024Q4,hospitals_nursing,"Hospitals, nursing and residential care facilities",8949566.66667
2024Q4,social_assistance,Social assistance,4983400
2024Q4,performing_arts_museums,"Performing arts, spectator sports, museums, and related activities",762200
2024Q4,amusement_recreation,"Amusements, gambling, and recreation industries",1766566.66667
2024Q4,accommodation,Accommodation,1896833.33333
2024Q4,food_services,Food services and drinking places,12193000
2024Q4,other_services,"Other services, except government",5956333.33333
2025Q1,oil_gas_extraction,Oil and gas extraction,118600
2025Q1,mining_except_oil_gas,"Mining, except oil and gas",185300
2025Q1,support_mining,Support activities for mining,269866.666667
2025Q1,utilities,Utilities,597300
2025Q1,construction,Construction,7984666.66667
2025Q1,wood_products,Wood products,406533.333333
2025Q1,nonmetallic_mineral,Nonmetallic mineral products,409333.333333
2025Q1,primary_metals,Primary metals,363466.666667
2025Q1,fabricated_metal,Fabricated metal products,1433666.66667
2025Q1,machinery,Machinery,1093866.66667
2025Q1,computer_electronic,Computer and electronic products,1002866.66667
2025Q1,electrical_equipment,"Electrical equipment, appliances, and components",427400
2025Q1,motor_vehicles,"Motor vehicles, bodies and trailers, and parts",1744433.33333
2025Q1,other_transport_equipment,Other transportation equipment,772092
2025Q1,furniture,Furniture and related products,336166.666667
2025Q1,misc_manufacturing,Miscellaneous manufacturing,611933.333333
2025Q1,food_beverage_tobacco,Food and beverage and tobacco products,2083776.66667
2025Q1,textiles,Textile mills and textile product mills,177333.333333
2025Q1,apparel_leather,Apparel and leather and allied products,103398.666667
2025Q1,paper,Paper products,354833.333333
2025Q1,printing,Printing and related support activities,346366.666667
2025Q1,petroleum_coal,Petroleum and coal products,108500
2025Q1,chemicals,Chemical products,897000
2025Q1,plastics_rubber,Plastics and rubber products,706900
2025Q1,wholesale,Wholesale trade,6045900
2025Q1,retail,Retail trade,15333733.3333
2025Q1,air_transport,Air transportation,564233.333333
2025Q1,rail_transport,Rail transportation,155833.333333
2025Q1,water_transport,Water transportation,66600
2025Q1,truck_transport,Truck transportation,1469100
2025Q1,transit_ground,Transit and ground passenger transportation,500400
2025Q1,pipeline,Pipeline transportation,55500
2025Q1,other_transport_support,Other transportation and support activities,853233.333333
2025Q1,warehousing,Warehousing and storage,1874866.66667
2025Q1,information,Information,2856333.33333
2025Q1,credit_intermediation,"Federal Reserve banks, credit intermediation, and related activities",2583100
2025Q1,securities,"Securities, commodity contracts, and investments",1088130.33333
2025Q1,insurance,Insurance carriers and related activities,3020566.66667
2025Q1,funds_trusts,"Funds, trusts, and other financial vehicles",1119533.33333
2025Q1,real_estate,Real estate,1840333.33333
2025Q1,rental_leasing,Rental and leasing services and lessors of intangible assets,583833.333333
2025Q1,legal,Legal services,1202416.33333
2025Q1,computer_systems,Computer systems design and related services,2406962
2025Q1,misc_professional,"Miscellaneous professional, scientific, and technical services",7139840.33333
2025Q1,management_companies,Management of companies and enterprises,2606733.33333
2025Q1,admin_support,Administrative and support services,8281166.66667
2025Q1,waste_remediation,Waste management and remediation services,514166.666667
2025Q1,education,Educational services,4118166.66667
2025Q1,ambulatory_health,Ambulatory health care services,8977700
2025Q1,hospitals_nursing,"Hospitals, nursing and residential care facilities",8970833.33333
2025Q1,social_assistance,Social assistance,5021733.33333
2025Q1,performing_arts_museums,"Performing arts, spectator sports, museums, and related activities",717166.666667
2025Q1,amusement_recreation,"Amusements, gambling, and recreation industries",1737466.66667
2025Q1,accommodation,Accommodation,1854333.33333
2025Q1,food_services,Food services and drinking places,11940366.6667
2025Q1,other_services,"Other services, except government",5924333.33333
2025Q2,oil_gas_extraction,Oil and gas extraction,118200
2025Q2,mining_except_oil_gas,"Mining, except oil and gas",190633.333333
2025Q2,support_mining,Support activities for mining,269633.333333
2025Q2,utilities,Utilities,601400
2025Q2,construction,Construction,8320333.33333
2025Q2,wood_products,Wood products,407666.666667
2025Q2,nonmetallic_mineral,Nonmetallic mineral products,419033.333333
2025Q2,primary_metals,Primary metals,365166.666667
2025Q2,fabricated_metal,Fabricated metal products,1437533.33333
2025Q2,machinery,Machinery,1093200
2025Q2,computer_electronic,Computer and electronic products,999700
2025Q2,electrical_equipment,"Electrical equipment, appliances, and components",428666.666667
2025Q2,motor_vehicles,"Motor vehicles, bodies and trailers, and parts",1746800
2025Q2,other_transport_equipment,Other transportation equipment,766510.333333
2025Q2,furniture,Furniture and related products,340200
2025Q2,misc_manufacturing,Miscellaneous manufacturing,615366.666667
2025Q2,food_beverage_tobacco,Food and beverage and tobacco products,2104074.66667
2025Q2,textiles,Textile mills and textile product mills,175966.666667
2025Q2,apparel_leather,Apparel and leather and allied products,102779
2025Q2,paper,Paper products,354233.333333
2025Q2,printing,Printing and related support activities,345600
2025Q2,petroleum_coal,Petroleum and coal products,110300
2025Q2,chemicals,Chemical products,900166.666667
2025Q2,plastics_rubber,Plastics and rubber products,706900
2025Q2,wholesale,Wholesale trade,6070333.33333
2025Q2,retail,Retail trade,15385833.3333
2025Q2,air_transport,Air transportation,573300
2025Q2,rail_transport,Rail transportation,155766.666667
2025Q2,water_transport,Water transportation,71400
2025Q2,truck_transport,Truck transportation,1485966.66667
2025Q2,transit_ground,Transit and ground passenger transportation,497900
2025Q2,pipeline,Pipeline transportation,56333.3333333
2025Q2,other_transport_support,Other transportation and support activities,868100
2025Q2,warehousing,Warehousing and storage,1853433.33333
2025Q2,information,Information,2866333.33333
2025Q2,credit_intermediation,"Federal Reserve banks, credit intermediation, and related activities",2585700
2025Q2,securities,"Securities, commodity contracts, and investments",1098166
2025Q2,insurance,Insurance carriers and related activities,3012066.66667
2025Q2,funds_trusts,"Funds, trusts, and other financial vehicles",1132433.33333
2025Q2,real_estate,Real estate,1857033.33333
2025Q2,rental_leasing,Rental and leasing services and lessors of intangible assets,606433.333333
2025Q2,legal,Legal services,1218839.33333
2025Q2,computer_systems,Computer systems design and related services,2388496.33333
2025Q2,misc_professional,"Miscellaneous professional, scientific, and technical services",7136191.33333
2025Q2,management_companies,Management of companies and enterprises,2623933.33333
2025Q2,admin_support,Administrative and support services,8566966.66667
2025Q2,waste_remediation,Waste management and remediation services,521700
2025Q2,education,Educational services,4056233.33333
2025Q2,ambulatory_health,Ambulatory health care services,8956233.33333
2025Q2,hospitals_nursing,"Hospitals, nursing and residential care facilities",9033033.33333
2025Q2,social_assistance,Social assistance,5198266.66667
2025Q2,performing_arts_museums,"Performing arts, spectator sports, museums, and related activities",802500
2025Q2,amusement_recreation,"Amusements, gambling, and recreation industries",1984833.33333
2025Q2,accommodation,Accommodation,1965966.66667
2025Q2,food_services,Food services and drinking places,12381900
2025Q2,other_services,"Other services, except government",6020666.66667
2025Q3,oil_gas_extraction,Oil and gas extraction,116900
2025Q3,mining_except_oil_gas,"Mining, except oil and gas",191366.666667
2025Q3,support_mining,Support activities for mining,265500
2025Q3,utilities,Utilities,602966.666667
2025Q3,construction,Construction,8443000
2025Q3,wood_products,Wood products,404933.333333
2025Q3,nonmetallic_mineral,Nonmetallic mineral products,421666.666667
2025Q3,primary_metals,Primary metals,364900
2025Q3,fabricated_metal,Fabricated metal products,1437066.66667
2025Q3,machinery,Machinery,1084833.33333
2025Q3,computer_electronic,Computer and electronic products,999966.666667
2025Q3,electrical_equipment,"Electrical equipment, appliances, and components",429200
2025Q3,motor_vehicles,"Motor vehicles, bodies and trailers, and parts",1744366.66667
2025Q3,other_transport_equipment,Other transportation equipment,769281.666667
2025Q3,furniture,Furniture and related products,340266.666667
2025Q3,misc_manufacturing,Miscellaneous manufacturing,613400
2025Q3,food_beverage_tobacco,Food and beverage and tobacco products,2123974
2025Q3,textiles,Textile mills and textile product mills,173400
2025Q3,apparel_leather,Apparel and leather and allied products,101553
2025Q3,paper,Paper products,355666.666667
2025Q3,printing,Printing and related support activities,342333.333333
2025Q3,petroleum_coal,Petroleum and coal products,111466.666667
2025Q3,chemicals,Chemical products,903633.333333
2025Q3,plastics_rubber,Plastics and rubber products,702633.333333
2025Q3,wholesale,Wholesale trade,6061033.33333
2025Q3,retail,Retail trade,15397733.3333
2025Q3,air_transport,Air transportation,573766.666667
2025Q3,rail_transport,Rail transportation,154033.333333
2025Q3,water_transport,Water transportation,73900
2025Q3,truck_transport,Truck transportation,1495900
2025Q3,transit_ground,Transit and ground passenger transportation,452533.333333
2025Q3,pipeline,Pipeline transportation,56700
2025Q3,other_transport_support,Other transportation and support activities,875533.333333
2025Q3,warehousing,Warehousing and storage,1857600
2025Q3,information,Information,2871000
2025Q3,credit_intermediation,"Federal Reserve banks, credit intermediation, and related activities",2587533.33333
2025Q3,securities,"Securities, commodity contracts, and investments",1116288.33333
2025Q3,insurance,Insurance carriers and related activities,3013566.66667
2025Q3,funds_trusts,"Funds, trusts, and other financial vehicles",1153666.66667
2025Q3,real_estate,Real estate,1866133.33333
2025Q3,rental_leasing,Rental and leasing services and lessors of intangible assets,614400
2025Q3,legal,Legal services,1226987
2025Q3,computer_systems,Computer systems design and related services,2389316.33333
2025Q3,misc_professional,"Miscellaneous professional, scientific, and technical services",7118371.33333
2025Q3,management_companies,Management of companies and enterprises,2637133.33333
2025Q3,admin_support,Administrative and support services,8556700
2025Q3,waste_remediation,Waste management and remediation services,525666.666667
2025Q3,education,Educational services,3863900
2025Q3,ambulatory_health,Ambulatory health care services,9029766.66667
2025Q3,hospitals_nursing,"Hospitals, nursing and residential care facilities",9126566.66667
2025Q3,social_assistance,Social assistance,5226300
2025Q3,performing_arts_museums,"Performing arts, spectator sports, museums, and related activities",820066.666667
2025Q3,amusement_recreation,"Amusements, gambling, and recreation industries",2094266.66667
2025Q3,accommodation,Accommodation,2034533.33333
2025Q3,food_services,Food services and drinking places,12433566.6667
2025Q3,other_services,"Other services, except government",6039666.66667
2025Q4,oil_gas_extraction,Oil and gas extraction,116600
2025Q4,mining_except_oil_gas,"Mining, except oil and gas",188266.666667
2025Q4,support_mining,Support activities for mining,263033.333333
2025Q4,utilities,Utilities,603966.666667
2025Q4,construction,Construction,8319333.33333
2025Q4,wood_products,Wood products,396066.666667
2025Q4,nonmetallic_mineral,Nonmetallic mineral products,417800
2025Q4,primary_metals,Primary metals,362366.666667
2025Q4,fabricated_metal,Fabricated metal products,1438400
2025Q4,machinery,Machinery,1083333.33333
2025Q4,computer_electronic,Computer and electronic products,989933.333333
2025Q4,electrical_equipment,"Electrical equipment, appliances, and components",431100
2025Q4,motor_vehicles,"Motor vehicles, bodies and trailers, and parts",1738566.66667
2025Q4,other_transport_equipment,Other transportation equipment,775131.333333
2025Q4,furniture,Furniture and related products,334500
2025Q4,misc_manufacturing,Miscellaneous manufacturing,611066.666667
2025Q4,food_beverage_tobacco,Food and beverage and tobacco products,2100838.33333
2025Q4,textiles,Textile mills and textile product mills,174566.666667
2025Q4,apparel_leather,Apparel and leather and allied products,102246.666667
2025Q4,paper,Paper products,355400
2025Q4,printing,Printing and related support activities,341266.666667
2025Q4,petroleum_coal,Petroleum and coal products,109300
2025Q4,chemicals,Chemical products,901500
2025Q4,plastics_rubber,Plastics and rubber products,699533.333333
2025Q4,wholesale,Wholesale trade,6061633.33333
2025Q4,retail,Retail trade,15647200
2025Q4,air_transport,Air transportation,569500
2025Q4,rail_transport,Rail transportation,152433.333333
2025Q4,water_transport,Water transportation,69600
2025Q4,truck_transport,Truck transportation,1477266.66667
2025Q4,transit_ground,Transit and ground passenger transportation,512333.333333
2025Q4,pipeline,Pipeline transportation,56666.6666667
2025Q4,other_transport_support,Other transportation and support activities,861500
2025Q4,warehousing,Warehousing and storage,1876933.33333
2025Q4,information,Information,2854000
2025Q4,credit_intermediation,"Federal Reserve banks, credit intermediation, and related activities",2581400
2025Q4,securities,"Securities, commodity contracts, and investments",1113336.33333
2025Q4,insurance,Insurance carriers and related activities,3006966.66667
2025Q4,funds_trusts,"Funds, trusts, and other financial vehicles",1160000
2025Q4,real_estate,Real estate,1867833.33333
2025Q4,rental_leasing,Rental and leasing services and lessors of intangible assets,591166.666667
2025Q4,legal,Legal services,1237641.33333
2025Q4,computer_systems,Computer systems design and related services,2387422.66667
2025Q4,misc_professional,"Miscellaneous professional, scientific, and technical services",7151337.33333
2025Q4,management_companies,Management of companies and enterprises,2627500
2025Q4,admin_support,Administrative and support services,8565766.66667
2025Q4,waste_remediation,Waste management and remediation services,521066.666667
2025Q4,education,Educational services,4155866.66667
2025Q4,ambulatory_health,Ambulatory health care services,9150033.33333
2025Q4,hospitals_nursing,"Hospitals, nursing and residential care facilities",9173433.33333
2025Q4,social_assistance,Social assistance,5292166.66667
2025Q4,performing_arts_museums,"Performing arts, spectator sports, museums, and related activities",783333.333333
2025Q4,amusement_recreation,"Amusements, gambling, and recreation industries",1786166.66667
2025Q4,accommodation,Accommodation,1889033.33333
2025Q4,food_services,Food services and drinking places,12310733.3333
2025Q4,other_services,"Other services, except government",6003666.66667
