series_id,year,period,value
LNU01000000,1947,M13,59350.0
LNU01000000,1948,M01,58690.0
LNU01000000,1948,M02,59247.0
LNU01000000,1948,M03,59247.0
LNU01000000,1948,M04,59878.0
LNU01000000,1948,M05,59777.0
LNU01000000,1948,M06,62132.0
LNU01000000,1948,M07,62366.0
LNU01000000,1948,M08,61915.0
LNU01000000,1948,M09,61398.0
LNU01000000,1948,M10,61037.0
LNU01000000,1948,M11,61024.0
LNU01000000,1948,M12,60759.0
LNU01000000,1948,M13,60621.0
LNU01000000,1949,M01,59481.0
LNU01000000,1949,M02,59794.0
LNU01000000,1949,M03,60192.0
LNU01000000,1949,M04,60206.0
LNU01000000,1949,M05,61185.0
LNU01000000,1949,M06,62197.0
LNU01000000,1949,M07,62559.0
LNU01000000,1949,M08,62460.0
LNU01000000,1949,M09,61959.0
LNU01000000,1949,M10,61838.0
LNU01000000,1949,M11,62186.0
LNU01000000,1949,M12,61402.0
LNU01000000,1949,M13,61286.0
LNU01000000,1950,M01,60837.0
LNU01000000,1950,M02,60988.0
LNU01000000,1950,M03,61046.0
LNU01000000,1950,M04,61477.0
LNU01000000,1950,M05,61982.0
LNU01000000,1950,M06,63548.0
LNU01000000,1950,M07,63155.0
LNU01000000,1950,M08,63561.0
LNU01000000,1950,M09,62735.0
LNU01000000,1950,M10,62763.0
LNU01000000,1950,M11,62669.0
LNU01000000,1950,M12,61761.0
LNU01000000,1950,M13,62208.0
LNU01000000,1951,M01,60815.0
LNU01000000,1951,M02,60640.0
LNU01000000,1951,M03,61689.0
LNU01000000,1951,M04,61144.0
LNU01000000,1951,M05,61989.0
LNU01000000,1951,M06,62505.0
LNU01000000,1951,M07,63040.0
LNU01000000,1951,M08,62934.0
LNU01000000,1951,M09,62294.0
LNU01000000,1951,M10,62660.0
LNU01000000,1951,M11,62454.0
LNU01000000,1951,M12,62048.0
LNU01000000,1951,M13,62017.0
LNU01000000,1952,M01,61142.0
LNU01000000,1952,M02,61174.0
LNU01000000,1952,M03,60914.0
LNU01000000,1952,M04,61068.0
LNU01000000,1952,M05,62032.0
LNU01000000,1952,M06,63020.0
LNU01000000,1952,M07,62860.0
LNU01000000,1952,M08,62790.0
LNU01000000,1952,M09,62890.0
LNU01000000,1952,M10,62472.0
LNU01000000,1952,M11,62988.0
LNU01000000,1952,M12,62293.0
LNU01000000,1952,M13,62138.0
LNU01000000,1953,M01,62266.0
LNU01000000,1953,M02,62235.0
LNU01000000,1953,M03,62702.0
LNU01000000,1953,M04,62521.0
LNU01000000,1953,M05,62597.0
LNU01000000,1953,M06,63898.0
LNU01000000,1953,M07,63896.0
LNU01000000,1953,M08,63783.0
LNU01000000,1953,M09,63148.0
LNU01000000,1953,M10,63377.0
LNU01000000,1953,M11,63319.0
LNU01000000,1953,M12,62430.0
LNU01000000,1953,M13,63015.0
LNU01000000,1954,M01,62206.0
LNU01000000,1954,M02,63042.0
LNU01000000,1954,M03,63156.0
LNU01000000,1954,M04,63383.0
LNU01000000,1954,M05,63678.0
LNU01000000,1954,M06,64178.0
LNU01000000,1954,M07,64202.0
LNU01000000,1954,M08,64328.0
LNU01000000,1954,M09,64385.0
LNU01000000,1954,M10,64139.0
LNU01000000,1954,M11,64016.0
LNU01000000,1954,M12,62999.0
LNU01000000,1954,M13,63643.0
LNU01000000,1955,M01,63023.0
LNU01000000,1955,M02,62905.0
LNU01000000,1955,M03,63147.0
LNU01000000,1955,M04,64023.0
LNU01000000,1955,M05,64470.0
LNU01000000,1955,M06,65461.0
LNU01000000,1955,M07,66159.0
LNU01000000,1955,M08,66412.0
LNU01000000,1955,M09,66014.0
LNU01000000,1955,M10,66422.0
LNU01000000,1955,M11,66376.0
LNU01000000,1955,M12,65869.0
LNU01000000,1955,M13,65023.0
LNU01000000,1956,M01,65115.0
LNU01000000,1956,M02,64865.0
LNU01000000,1956,M03,65267.0
LNU01000000,1956,M04,65712.0
LNU01000000,1956,M05,66844.0
LNU01000000,1956,M06,67886.0
LNU01000000,1956,M07,67924.0
LNU01000000,1956,M08,67552.0
LNU01000000,1956,M09,67104.0
LNU01000000,1956,M10,67165.0
LNU01000000,1956,M11,66909.0
LNU01000000,1956,M12,66279.0
LNU01000000,1956,M13,66552.0
LNU01000000,1957,M01,65180.0
LNU01000000,1957,M02,65597.0
LNU01000000,1957,M03,65956.0
LNU01000000,1957,M04,66139.0
LNU01000000,1957,M05,66848.0
LNU01000000,1957,M06,68258.0
LNU01000000,1957,M07,68569.0
LNU01000000,1957,M08,67535.0
LNU01000000,1957,M09,67272.0
LNU01000000,1957,M10,67577.0
LNU01000000,1957,M11,67256.0
LNU01000000,1957,M12,66930.0
LNU01000000,1957,M13,66929.0
LNU01000000,1958,M01,65972.0
LNU01000000,1958,M02,66381.0
LNU01000000,1958,M03,66722.0
LNU01000000,1958,M04,67180.0
LNU01000000,1958,M05,67930.0
LNU01000000,1958,M06,68875.0
LNU01000000,1958,M07,68908.0
LNU01000000,1958,M08,68625.0
LNU01000000,1958,M09,67824.0
LNU01000000,1958,M10,68230.0
LNU01000000,1958,M11,67675.0
LNU01000000,1958,M12,67334.0
LNU01000000,1958,M13,67639.0
LNU01000000,1959,M01,66730.0
LNU01000000,1959,M02,66713.0
LNU01000000,1959,M03,67389.0
LNU01000000,1959,M04,67799.0
LNU01000000,1959,M05,68363.0
LNU01000000,1959,M06,69704.0
LNU01000000,1959,M07,69798.0
LNU01000000,1959,M08,69244.0
LNU01000000,1959,M09,68609.0
LNU01000000,1959,M10,69122.0
LNU01000000,1959,M11,68513.0
LNU01000000,1959,M12,68448.0
LNU01000000,1959,M13,68369.0
LNU01000000,1960,M01,67494.0
LNU01000000,1960,M02,67757.0
LNU01000000,1960,M03,67771.0
LNU01000000,1960,M04,69057.0
LNU01000000,1960,M05,69722.0
LNU01000000,1960,M06,71460.0
LNU01000000,1960,M07,71123.0
LNU01000000,1960,M08,70715.0
LNU01000000,1960,M09,70207.0
LNU01000000,1960,M10,70100.0
LNU01000000,1960,M11,70361.0
LNU01000000,1960,M12,69757.0
LNU01000000,1960,M13,69628.0
LNU01000000,1961,M01,69132.0
LNU01000000,1961,M02,69523.0
LNU01000000,1961,M03,70123.0
LNU01000000,1961,M04,69844.0
LNU01000000,1961,M05,70502.0
LNU01000000,1961,M06,72464.0
LNU01000000,1961,M07,71872.0
LNU01000000,1961,M08,71468.0
LNU01000000,1961,M09,70070.0
LNU01000000,1961,M10,70649.0
LNU01000000,1961,M11,70289.0
LNU01000000,1961,M12,69572.0
LNU01000000,1961,M13,70459.0
LNU01000000,1962,M01,68836.0
LNU01000000,1962,M02,69353.0
LNU01000000,1962,M03,69744.0
LNU01000000,1962,M04,69820.0
LNU01000000,1962,M05,70658.0
LNU01000000,1962,M06,72071.0
LNU01000000,1962,M07,71678.0
LNU01000000,1962,M08,71938.0
LNU01000000,1962,M09,71076.0
LNU01000000,1962,M10,71084.0
LNU01000000,1962,M11,70772.0
LNU01000000,1962,M12,70345.0
LNU01000000,1962,M13,70614.0
LNU01000000,1963,M01,69795.0
LNU01000000,1963,M02,70389.0
LNU01000000,1963,M03,70771.0
LNU01000000,1963,M04,71233.0
LNU01000000,1963,M05,71933.0
LNU01000000,1963,M06,73398.0
LNU01000000,1963,M07,73365.0
LNU01000000,1963,M08,72807.0
LNU01000000,1963,M09,72037.0
LNU01000000,1963,M10,72358.0
LNU01000000,1963,M11,72329.0
LNU01000000,1963,M12,71579.0
LNU01000000,1963,M13,71833.0
LNU01000000,1964,M01,70986.0
LNU01000000,1964,M02,71658.0
LNU01000000,1964,M03,71920.0
LNU01000000,1964,M04,72778.0
LNU01000000,1964,M05,73480.0
LNU01000000,1964,M06,74901.0
LNU01000000,1964,M07,74514.0
LNU01000000,1964,M08,74227.0
LNU01000000,1964,M09,73111.0
LNU01000000,1964,M10,73345.0
LNU01000000,1964,M11,73210.0
LNU01000000,1964,M12,72952.0
LNU01000000,1964,M13,73091.0
LNU01000000,1965,M01,72177.0
LNU01000000,1965,M02,72862.0
LNU01000000,1965,M03,73084.0
LNU01000000,1965,M04,73712.0
LNU01000000,1965,M05,74512.0
LNU01000000,1965,M06,76335.0
LNU01000000,1965,M07,76522.0
LNU01000000,1965,M08,75860.0
LNU01000000,1965,M09,74250.0
LNU01000000,1965,M10,74821.0
LNU01000000,1965,M11,74712.0
LNU01000000,1965,M12,74605.0
LNU01000000,1965,M13,74455.0
LNU01000000,1966,M01,73612.0
LNU01000000,1966,M02,73800.0
LNU01000000,1966,M03,74080.0
LNU01000000,1966,M04,74796.0
LNU01000000,1966,M05,75412.0
LNU01000000,1966,M06,77629.0
LNU01000000,1966,M07,77705.0
LNU01000000,1966,M08,77486.0
LNU01000000,1966,M09,75751.0
LNU01000000,1966,M10,76209.0
LNU01000000,1966,M11,76574.0
LNU01000000,1966,M12,76255.0
LNU01000000,1966,M13,75770.0
LNU01000000,1967,M01,75320.0
LNU01000000,1967,M02,75689.0
LNU01000000,1967,M03,75514.0
LNU01000000,1967,M04,76109.0
LNU01000000,1967,M05,76096.0
LNU01000000,1967,M06,79021.0
LNU01000000,1967,M07,79469.0
LNU01000000,1967,M08,79112.0
LNU01000000,1967,M09,77527.0
LNU01000000,1967,M10,78132.0
LNU01000000,1967,M11,78121.0
LNU01000000,1967,M12,78057.0
LNU01000000,1967,M13,77347.0
LNU01000000,1968,M01,76346.0
LNU01000000,1968,M02,77401.0
LNU01000000,1968,M03,77446.0
LNU01000000,1968,M04,77634.0
LNU01000000,1968,M05,78235.0
LNU01000000,1968,M06,80888.0
LNU01000000,1968,M07,80965.0
LNU01000000,1968,M08,80203.0
LNU01000000,1968,M09,78546.0
LNU01000000,1968,M10,78875.0
LNU01000000,1968,M11,79184.0
LNU01000000,1968,M12,79117.0
LNU01000000,1968,M13,78737.0
LNU01000000,1969,M01,78232.0
LNU01000000,1969,M02,79103.0
LNU01000000,1969,M03,79267.0
LNU01000000,1969,M04,79619.0
LNU01000000,1969,M05,79565.0
LNU01000000,1969,M06,82357.0
LNU01000000,1969,M07,82797.0
LNU01000000,1969,M08,82516.0
LNU01000000,1969,M09,80984.0
LNU01000000,1969,M10,81511.0
LNU01000000,1969,M11,81427.0
LNU01000000,1969,M12,81416.0
LNU01000000,1969,M13,80734.0
LNU01000000,1970,M01,80719.0
LNU01000000,1970,M02,81283.0
LNU01000000,1970,M03,81689.0
LNU01000000,1970,M04,81960.0
LNU01000000,1970,M05,81758.0
LNU01000000,1970,M06,84087.0
LNU01000000,1970,M07,84857.0
LNU01000000,1970,M08,84191.0
LNU01000000,1970,M09,82641.0
LNU01000000,1970,M10,83288.0
LNU01000000,1970,M11,83478.0
LNU01000000,1970,M12,83301.0
LNU01000000,1970,M13,82771.0
LNU01000000,1971,M01,82818.0
LNU01000000,1971,M02,82885.0
LNU01000000,1971,M03,82866.0
LNU01000000,1971,M04,83116.0
LNU01000000,1971,M05,83344.0
LNU01000000,1971,M06,85228.0
LNU01000000,1971,M07,86296.0
LNU01000000,1971,M08,85984.0
LNU01000000,1971,M09,84456.0
LNU01000000,1971,M10,84974.0
LNU01000000,1971,M11,85374.0
LNU01000000,1971,M12,85255.0
LNU01000000,1971,M13,84382.0
LNU01000000,1972,M01,84940.0
LNU01000000,1972,M02,85180.0
LNU01000000,1972,M03,85828.0
LNU01000000,1972,M04,85759.0
LNU01000000,1972,M05,86028.0
LNU01000000,1972,M06,88540.0
LNU01000000,1972,M07,89127.0
LNU01000000,1972,M08,88894.0
LNU01000000,1972,M09,87242.0
LNU01000000,1972,M10,87741.0
LNU01000000,1972,M11,87548.0
LNU01000000,1972,M12,87593.0
LNU01000000,1972,M13,87034.0
LNU01000000,1973,M01,86327.0
LNU01000000,1973,M02,87303.0
LNU01000000,1973,M03,87961.0
LNU01000000,1973,M04,88127.0
LNU01000000,1973,M05,88238.0
LNU01000000,1973,M06,91124.0
LNU01000000,1973,M07,91655.0
LNU01000000,1973,M08,90888.0
LNU01000000,1973,M09,89782.0
LNU01000000,1973,M10,90547.0
LNU01000000,1973,M11,90690.0
LNU01000000,1973,M12,90520.0
LNU01000000,1973,M13,89429.0
LNU01000000,1974,M01,89924.0
LNU01000000,1974,M02,90273.0
LNU01000000,1974,M03,90486.0
LNU01000000,1974,M04,90366.0
LNU01000000,1974,M05,90830.0
LNU01000000,1974,M06,93481.0
LNU01000000,1974,M07,94238.0
LNU01000000,1974,M08,93446.0
LNU01000000,1974,M09,92449.0
LNU01000000,1974,M10,92909.0
LNU01000000,1974,M11,92638.0
LNU01000000,1974,M12,92368.0
LNU01000000,1974,M13,91949.0
LNU01000000,1975,M01,92200.0
LNU01000000,1975,M02,91972.0
LNU01000000,1975,M03,92464.0
LNU01000000,1975,M04,92459.0
LNU01000000,1975,M05,92888.0
LNU01000000,1975,M06,95174.0
LNU01000000,1975,M07,96053.0
LNU01000000,1975,M08,95525.0
LNU01000000,1975,M09,94023.0
LNU01000000,1975,M10,94510.0
LNU01000000,1975,M11,94041.0
LNU01000000,1975,M12,93995.0
LNU01000000,1975,M13,93775.0
LNU01000000,1976,M01,93938.0
LNU01000000,1976,M02,94075.0
LNU01000000,1976,M03,94400.0
LNU01000000,1976,M04,94782.0
LNU01000000,1976,M05,94925.0
LNU01000000,1976,M06,97499.0
LNU01000000,1976,M07,98605.0
LNU01000000,1976,M08,98133.0
LNU01000000,1976,M09,96430.0
LNU01000000,1976,M10,96999.0
LNU01000000,1976,M11,97116.0
LNU01000000,1976,M12,97004.0
LNU01000000,1976,M13,96158.0
LNU01000000,1977,M01,96197.0
LNU01000000,1977,M02,96837.0
LNU01000000,1977,M03,97277.0
LNU01000000,1977,M04,97352.0
LNU01000000,1977,M05,97755.0
LNU01000000,1977,M06,100743.0
LNU01000000,1977,M07,100960.0
LNU01000000,1977,M08,100744.0
LNU01000000,1977,M09,99367.0
LNU01000000,1977,M10,100144.0
LNU01000000,1977,M11,100522.0
LNU01000000,1977,M12,100213.0
LNU01000000,1977,M13,99009.0
LNU01000000,1978,M01,99664.0
LNU01000000,1978,M02,99641.0
LNU01000000,1978,M03,100166.0
LNU01000000,1978,M04,100610.0
LNU01000000,1978,M05,101092.0
LNU01000000,1978,M06,104010.0
LNU01000000,1978,M07,104512.0
LNU01000000,1978,M08,103946.0
LNU01000000,1978,M09,102748.0
LNU01000000,1978,M10,103474.0
LNU01000000,1978,M11,103586.0
LNU01000000,1978,M12,103565.0
LNU01000000,1978,M13,102251.0
LNU01000000,1979,M01,102802.0
LNU01000000,1979,M02,103185.0
LNU01000000,1979,M03,103606.0
LNU01000000,1979,M04,103198.0
LNU01000000,1979,M05,103476.0
LNU01000000,1979,M06,106210.0
LNU01000000,1979,M07,107096.0
LNU01000000,1979,M08,106489.0
LNU01000000,1979,M09,105510.0
LNU01000000,1979,M10,106084.0
LNU01000000,1979,M11,105871.0
LNU01000000,1979,M12,106040.0
LNU01000000,1979,M13,104962.0
LNU01000000,1980,M01,105344.0
LNU01000000,1980,M02,105412.0
LNU01000000,1980,M03,105510.0
LNU01000000,1980,M04,105592.0
LNU01000000,1980,M05,106233.0
LNU01000000,1980,M06,108311.0
LNU01000000,1980,M07,109268.0
LNU01000000,1980,M08,108404.0
LNU01000000,1980,M09,106989.0
LNU01000000,1980,M10,107673.0
LNU01000000,1980,M11,107532.0
LNU01000000,1980,M12,107009.0
LNU01000000,1980,M13,106940.0
LNU01000000,1981,M01,106885.0
LNU01000000,1981,M02,107015.0
LNU01000000,1981,M03,107634.0
LNU01000000,1981,M04,107906.0
LNU01000000,1981,M05,108586.0
LNU01000000,1981,M06,109904.0
LNU01000000,1981,M07,110742.0
LNU01000000,1981,M08,110099.0
LNU01000000,1981,M09,108273.0
LNU01000000,1981,M10,109244.0
LNU01000000,1981,M11,109179.0
LNU01000000,1981,M12,108574.0
LNU01000000,1981,M13,108670.0
LNU01000000,1982,M01,108014.0
LNU01000000,1982,M02,108324.0
LNU01000000,1982,M03,108761.0
LNU01000000,1982,M04,108814.0
LNU01000000,1982,M05,109914.0
LNU01000000,1982,M06,111569.0
LNU01000000,1982,M07,112526.0
LNU01000000,1982,M08,111887.0
LNU01000000,1982,M09,110546.0
LNU01000000,1982,M10,110767.0
LNU01000000,1982,M11,110855.0
LNU01000000,1982,M12,110477.0
LNU01000000,1982,M13,110204.0
LNU01000000,1983,M01,109779.0
LNU01000000,1983,M02,109647.0
LNU01000000,1983,M03,109873.0
LNU01000000,1983,M04,109875.0
LNU01000000,1983,M05,110308.0
LNU01000000,1983,M06,113383.0
LNU01000000,1983,M07,113980.0
LNU01000000,1983,M08,113578.0
LNU01000000,1983,M09,112197.0
LNU01000000,1983,M10,112042.0
LNU01000000,1983,M11,112147.0
LNU01000000,1983,M12,111795.0
LNU01000000,1983,M13,111550.0
LNU01000000,1984,M01,111025.0
LNU01000000,1984,M02,111368.0
LNU01000000,1984,M03,111828.0
LNU01000000,1984,M04,112152.0
LNU01000000,1984,M05,113251.0
LNU01000000,1984,M06,115393.0
LNU01000000,1984,M07,116198.0
LNU01000000,1984,M08,115076.0
LNU01000000,1984,M09,113843.0
LNU01000000,1984,M10,114250.0
LNU01000000,1984,M11,114115.0
LNU01000000,1984,M12,114028.0
LNU01000000,1984,M13,113544.0
LNU01000000,1985,M01,113475.0
LNU01000000,1985,M02,113592.0
LNU01000000,1985,M03,114394.0
LNU01000000,1985,M04,114325.0
LNU01000000,1985,M05,114890.0
LNU01000000,1985,M06,116572.0
LNU01000000,1985,M07,117536.0
LNU01000000,1985,M08,116679.0
LNU01000000,1985,M09,115850.0
LNU01000000,1985,M10,116346.0
LNU01000000,1985,M11,116097.0
LNU01000000,1985,M12,115780.0
LNU01000000,1985,M13,115461.0
LNU01000000,1986,M01,115431.0
LNU01000000,1986,M02,115725.0
LNU01000000,1986,M03,116309.0
LNU01000000,1986,M04,116317.0
LNU01000000,1986,M05,117199.0
LNU01000000,1986,M06,119644.0
LNU01000000,1986,M07,120303.0
LNU01000000,1986,M08,119471.0
LNU01000000,1986,M09,118244.0
LNU01000000,1986,M10,118699.0
LNU01000000,1986,M11,118623.0
LNU01000000,1986,M12,118049.0
LNU01000000,1986,M13,117834.0
LNU01000000,1987,M01,117703.0
LNU01000000,1987,M02,117967.0
LNU01000000,1987,M03,118353.0
LNU01000000,1987,M04,118347.0
LNU01000000,1987,M05,119695.0
LNU01000000,1987,M06,121153.0
LNU01000000,1987,M07,122105.0
LNU01000000,1987,M08,121614.0
LNU01000000,1987,M09,119884.0
LNU01000000,1987,M10,120744.0
LNU01000000,1987,M11,120611.0
LNU01000000,1987,M12,120206.0
LNU01000000,1987,M13,119865.0
LNU01000000,1988,M01,119742.0
LNU01000000,1988,M02,119942.0
LNU01000000,1988,M03,119957.0
LNU01000000,1988,M04,120264.0
LNU01000000,1988,M05,120775.0
LNU01000000,1988,M06,123028.0
LNU01000000,1988,M07,123888.0
LNU01000000,1988,M08,123396.0
LNU01000000,1988,M09,121842.0
LNU01000000,1988,M10,122432.0
LNU01000000,1988,M11,122639.0
LNU01000000,1988,M12,122120.0
LNU01000000,1988,M13,121669.0
LNU01000000,1989,M01,122095.0
LNU01000000,1989,M02,121906.0
LNU01000000,1989,M03,122223.0
LNU01000000,1989,M04,122576.0
LNU01000000,1989,M05,123196.0
LNU01000000,1989,M06,125569.0
LNU01000000,1989,M07,126238.0
LNU01000000,1989,M08,125444.0
LNU01000000,1989,M09,123828.0
LNU01000000,1989,M10,124416.0
LNU01000000,1989,M11,124664.0
LNU01000000,1989,M12,123998.0
LNU01000000,1989,M13,123869.0
LNU01000000,1990,M01,124358.0
LNU01000000,1990,M02,124487.0
LNU01000000,1990,M03,124838.0
LNU01000000,1990,M04,124837.0
LNU01000000,1990,M05,125682.0
LNU01000000,1990,M06,127407.0
LNU01000000,1990,M07,128019.0
LNU01000000,1990,M08,127105.0
LNU01000000,1990,M09,125785.0
LNU01000000,1990,M10,126067.0
LNU01000000,1990,M11,125858.0
LNU01000000,1990,M12,125635.0
LNU01000000,1990,M13,125840.0
LNU01000000,1991,M01,124623.0
LNU01000000,1991,M02,125061.0
LNU01000000,1991,M03,125435.0
LNU01000000,1991,M04,125698.0
LNU01000000,1991,M05,125863.0
LNU01000000,1991,M06,128143.0
LNU01000000,1991,M07,128458.0
LNU01000000,1991,M08,127197.0
LNU01000000,1991,M09,126426.0
LNU01000000,1991,M10,126636.0
LNU01000000,1991,M11,126466.0
LNU01000000,1991,M12,126150.0
LNU01000000,1991,M13,126346.0
LNU01000000,1992,M01,126114.0
LNU01000000,1992,M02,126425.0
LNU01000000,1992,M03,126843.0
LNU01000000,1992,M04,126911.0
LNU01000000,1992,M05,127777.0
LNU01000000,1992,M06,130197.0
LNU01000000,1992,M07,130844.0
LNU01000000,1992,M08,129676.0
LNU01000000,1992,M09,128196.0
LNU01000000,1992,M10,127998.0
LNU01000000,1992,M11,128245.0
LNU01000000,1992,M12,128035.0
LNU01000000,1992,M13,128105.0
LNU01000000,1993,M01,127186.0
LNU01000000,1993,M02,127651.0
LNU01000000,1993,M03,127829.0
LNU01000000,1993,M04,127616.0
LNU01000000,1993,M05,128949.0
LNU01000000,1993,M06,131060.0
LNU01000000,1993,M07,131574.0
LNU01000000,1993,M08,130673.0
LNU01000000,1993,M09,128975.0
LNU01000000,1993,M10,129685.0
LNU01000000,1993,M11,129662.0
LNU01000000,1993,M12,129537.0
LNU01000000,1993,M13,129200.0
LNU01000000,1994,M01,129393.0
LNU01000000,1994,M02,129764.0
LNU01000000,1994,M03,129718.0
LNU01000000,1994,M04,129682.0
LNU01000000,1994,M05,130602.0
LNU01000000,1994,M06,132115.0
LNU01000000,1994,M07,132783.0
LNU01000000,1994,M08,132361.0
LNU01000000,1994,M09,131155.0
LNU01000000,1994,M10,131879.0
LNU01000000,1994,M11,131869.0
LNU01000000,1994,M12,131418.0
LNU01000000,1994,M13,131056.0
LNU01000000,1995,M01,130698.0
LNU01000000,1995,M02,131028.0
LNU01000000,1995,M03,131423.0
LNU01000000,1995,M04,131657.0
LNU01000000,1995,M05,131739.0
LNU01000000,1995,M06,133447.0
LNU01000000,1995,M07,134440.0
LNU01000000,1995,M08,133383.0
LNU01000000,1995,M09,132341.0
LNU01000000,1995,M10,132863.0
LNU01000000,1995,M11,132622.0
LNU01000000,1995,M12,132008.0
LNU01000000,1995,M13,132304.0
LNU01000000,1996,M01,131396.0
LNU01000000,1996,M02,131995.0
LNU01000000,1996,M03,132692.0
LNU01000000,1996,M04,132513.0
LNU01000000,1996,M05,133558.0
LNU01000000,1996,M06,135083.0
LNU01000000,1996,M07,136272.0
LNU01000000,1996,M08,135011.0
LNU01000000,1996,M09,134230.0
LNU01000000,1996,M10,135015.0
LNU01000000,1996,M11,134973.0
LNU01000000,1996,M12,134583.0
LNU01000000,1996,M13,133943.0
LNU01000000,1997,M01,134317.0
LNU01000000,1997,M02,134535.0
LNU01000000,1997,M03,135524.0
LNU01000000,1997,M04,135181.0
LNU01000000,1997,M05,135963.0
LNU01000000,1997,M06,137557.0
LNU01000000,1997,M07,138331.0
LNU01000000,1997,M08,137460.0
LNU01000000,1997,M09,136375.0
LNU01000000,1997,M10,136665.0
LNU01000000,1997,M11,136912.0
LNU01000000,1997,M12,136742.0
LNU01000000,1997,M13,136297.0
LNU01000000,1998,M01,135951.0
LNU01000000,1998,M02,136286.0
LNU01000000,1998,M03,136967.0
LNU01000000,1998,M04,136379.0
LNU01000000,1998,M05,137240.0
LNU01000000,1998,M06,138798.0
LNU01000000,1998,M07,139336.0
LNU01000000,1998,M08,138379.0
LNU01000000,1998,M09,137903.0
LNU01000000,1998,M10,138255.0
LNU01000000,1998,M11,138288.0
LNU01000000,1998,M12,138297.0
LNU01000000,1998,M13,137673.0
LNU01000000,1999,M01,137943.0
LNU01000000,1999,M02,138202.0
LNU01000000,1999,M03,138418.0
LNU01000000,1999,M04,138240.0
LNU01000000,1999,M05,138919.0
LNU01000000,1999,M06,140666.0
LNU01000000,1999,M07,141119.0
LNU01000000,1999,M08,140090.0
LNU01000000,1999,M09,139217.0
LNU01000000,1999,M10,139761.0
LNU01000000,1999,M11,139895.0
LNU01000000,1999,M12,139941.0
LNU01000000,1999,M13,139368.0
LNU01000000,2000,M01,141228.0
LNU01000000,2000,M02,141775.0
LNU01000000,2000,M03,142123.0
LNU01000000,2000,M04,142138.0
LNU01000000,2000,M05,142144.0
LNU01000000,2000,M06,143874.0
LNU01000000,2000,M07,143797.0
LNU01000000,2000,M08,143171.0
LNU01000000,2000,M09,142149.0
LNU01000000,2000,M10,142685.0
LNU01000000,2000,M11,142797.0
LNU01000000,2000,M12,143110.0
LNU01000000,2000,M13,142583.0
LNU01000000,2001,M01,142828.0
LNU01000000,2001,M02,143100.0
LNU01000000,2001,M03,143664.0
LNU01000000,2001,M04,143026.0
LNU01000000,2001,M05,143023.0
LNU01000000,2001,M06,144553.0
LNU01000000,2001,M07,145097.0
LNU01000000,2001,M08,143826.0
LNU01000000,2001,M09,143601.0
LNU01000000,2001,M10,144060.0
LNU01000000,2001,M11,143987.0
LNU01000000,2001,M12,144042.0
LNU01000000,2001,M13,143734.0
LNU01000000,2002,M01,143228.0
LNU01000000,2002,M02,144266.0
LNU01000000,2002,M03,144334.0
LNU01000000,2002,M04,144158.0
LNU01000000,2002,M05,144527.0
LNU01000000,2002,M06,145940.0
LNU01000000,2002,M07,146189.0
LNU01000000,2002,M08,145565.0
LNU01000000,2002,M09,145167.0
LNU01000000,2002,M10,145320.0
LNU01000000,2002,M11,144854.0
LNU01000000,2002,M12,144807.0
LNU01000000,2002,M13,144863.0
LNU01000000,2003,M01,145301.0
LNU01000000,2003,M02,145693.0
LNU01000000,2003,M03,145801.0
LNU01000000,2003,M04,145925.0
LNU01000000,2003,M05,146067.0
LNU01000000,2003,M06,148117.0
LNU01000000,2003,M07,147822.0
LNU01000000,2003,M08,146967.0
LNU01000000,2003,M09,146166.0
LNU01000000,2003,M10,146787.0
LNU01000000,2003,M11,146969.0
LNU01000000,2003,M12,146501.0
LNU01000000,2003,M13,146510.0
LNU01000000,2004,M01,146068.0
LNU01000000,2004,M02,146154.0
LNU01000000,2004,M03,146525.0
LNU01000000,2004,M04,146260.0
LNU01000000,2004,M05,146659.0
LNU01000000,2004,M06,148478.0
LNU01000000,2004,M07,149217.0
LNU01000000,2004,M08,148166.0
LNU01000000,2004,M09,147186.0
LNU01000000,2004,M10,147978.0
LNU01000000,2004,M11,148246.0
LNU01000000,2004,M12,147877.0
LNU01000000,2004,M13,147401.0
LNU01000000,2005,M01,147125.0
LNU01000000,2005,M02,147649.0
LNU01000000,2005,M03,147745.0
LNU01000000,2005,M04,148274.0
LNU01000000,2005,M05,148878.0
LNU01000000,2005,M06,150327.0
LNU01000000,2005,M07,151122.0
LNU01000000,2005,M08,150469.0
LNU01000000,2005,M09,149838.0
LNU01000000,2005,M10,150304.0
LNU01000000,2005,M11,150239.0
LNU01000000,2005,M12,149874.0
LNU01000000,2005,M13,149320.0
LNU01000000,2006,M01,149090.0
LNU01000000,2006,M02,149686.0
LNU01000000,2006,M03,150027.0
LNU01000000,2006,M04,150209.0
LNU01000000,2006,M05,150696.0
LNU01000000,2006,M06,152557.0
LNU01000000,2006,M07,153208.0
LNU01000000,2006,M08,152465.0
LNU01000000,2006,M09,151635.0
LNU01000000,2006,M10,152397.0
LNU01000000,2006,M11,152590.0
LNU01000000,2006,M12,152571.0
LNU01000000,2006,M13,151428.0
LNU01000000,2007,M01,151924.0
LNU01000000,2007,M02,151879.0
LNU01000000,2007,M03,152236.0
LNU01000000,2007,M04,151829.0
LNU01000000,2007,M05,152350.0
LNU01000000,2007,M06,154252.0
LNU01000000,2007,M07,154871.0
LNU01000000,2007,M08,153493.0
LNU01000000,2007,M09,153400.0
LNU01000000,2007,M10,153516.0
LNU01000000,2007,M11,154035.0
LNU01000000,2007,M12,153705.0
LNU01000000,2007,M13,153124.0
LNU01000000,2008,M01,152828.0
LNU01000000,2008,M02,152503.0
LNU01000000,2008,M03,153135.0
LNU01000000,2008,M04,153208.0
LNU01000000,2008,M05,154003.0
LNU01000000,2008,M06,155582.0
LNU01000000,2008,M07,156300.0
LNU01000000,2008,M08,155387.0
LNU01000000,2008,M09,154509.0
LNU01000000,2008,M10,155012.0
LNU01000000,2008,M11,154624.0
LNU01000000,2008,M12,154349.0
LNU01000000,2008,M13,154287.0
LNU01000000,2009,M01,153445.0
LNU01000000,2009,M02,153804.0
LNU01000000,2009,M03,153728.0
LNU01000000,2009,M04,153834.0
LNU01000000,2009,M05,154336.0
LNU01000000,2009,M06,155921.0
LNU01000000,2009,M07,156255.0
LNU01000000,2009,M08,154897.0
LNU01000000,2009,M09,153617.0
LNU01000000,2009,M10,153635.0
LNU01000000,2009,M11,153539.0
LNU01000000,2009,M12,152693.0
LNU01000000,2009,M13,154142.0
LNU01000000,2010,M01,152957.0
LNU01000000,2010,M02,153194.0
LNU01000000,2010,M03,153660.0
LNU01000000,2010,M04,153911.0
LNU01000000,2010,M05,153866.0
LNU01000000,2010,M06,154767.0
LNU01000000,2010,M07,155270.0
LNU01000000,2010,M08,154678.0
LNU01000000,2010,M09,153854.0
LNU01000000,2010,M10,153652.0
LNU01000000,2010,M11,153698.0
LNU01000000,2010,M12,153156.0
LNU01000000,2010,M13,153889.0
LNU01000000,2011,M01,152536.0
LNU01000000,2011,M02,152635.0
LNU01000000,2011,M03,153022.0
LNU01000000,2011,M04,152898.0
LNU01000000,2011,M05,153449.0
LNU01000000,2011,M06,154538.0
LNU01000000,2011,M07,154812.0
LNU01000000,2011,M08,154344.0
LNU01000000,2011,M09,154022.0
LNU01000000,2011,M10,154088.0
LNU01000000,2011,M11,153683.0
LNU01000000,2011,M12,153373.0
LNU01000000,2011,M13,153617.0
LNU01000000,2012,M01,153485.0
LNU01000000,2012,M02,154114.0
LNU01000000,2012,M03,154316.0
LNU01000000,2012,M04,153905.0
LNU01000000,2012,M05,154998.0
LNU01000000,2012,M06,156385.0
LNU01000000,2012,M07,156526.0
LNU01000000,2012,M08,155255.0
LNU01000000,2012,M09,155075.0
LNU01000000,2012,M10,155779.0
LNU01000000,2012,M11,154953.0
LNU01000000,2012,M12,154904.0
LNU01000000,2012,M13,154975.0
LNU01000000,2013,M01,154794.0
LNU01000000,2013,M02,154727.0
LNU01000000,2013,M03,154512.0
LNU01000000,2013,M04,154739.0
LNU01000000,2013,M05,155734.0
LNU01000000,2013,M06,157089.0
LNU01000000,2013,M07,157196.0
LNU01000000,2013,M08,155971.0
LNU01000000,2013,M09,155536.0
LNU01000000,2013,M10,154918.0
LNU01000000,2013,M11,155046.0
LNU01000000,2013,M12,154408.0
LNU01000000,2013,M13,155389.0
LNU01000000,2014,M01,154381.0
LNU01000000,2014,M02,155027.0
LNU01000000,2014,M03,155627.0
LNU01000000,2014,M04,154845.0
LNU01000000,2014,M05,155841.0
LNU01000000,2014,M06,156997.0
LNU01000000,2014,M07,157573.0
LNU01000000,2014,M08,156434.0
LNU01000000,2014,M09,155903.0
LNU01000000,2014,M10,156616.0
LNU01000000,2014,M11,156297.0
LNU01000000,2014,M12,155521.0
LNU01000000,2014,M13,155922.0
LNU01000000,2015,M01,156050.0
LNU01000000,2015,M02,156213.0
LNU01000000,2015,M03,156318.0
LNU01000000,2015,M04,156554.0
LNU01000000,2015,M05,157719.0
LNU01000000,2015,M06,158283.0
LNU01000000,2015,M07,158527.0
LNU01000000,2015,M08,157390.0
LNU01000000,2015,M09,156607.0
LNU01000000,2015,M10,157313.0
LNU01000000,2015,M11,157340.0
LNU01000000,2015,M12,157245.0
LNU01000000,2015,M13,157130.0
LNU01000000,2016,M01,157347.0
LNU01000000,2016,M02,158279.0
LNU01000000,2016,M03,158854.0
LNU01000000,2016,M04,158488.0
LNU01000000,2016,M05,158800.0
LNU01000000,2016,M06,160135.0
LNU01000000,2016,M07,160705.0
LNU01000000,2016,M08,159800.0
LNU01000000,2016,M09,159636.0
LNU01000000,2016,M10,159783.0
LNU01000000,2016,M11,159451.0
LNU01000000,2016,M12,158968.0
LNU01000000,2016,M13,159187.0
LNU01000000,2017,M01,158676.0
LNU01000000,2017,M02,159482.0
LNU01000000,2017,M03,159912.0
LNU01000000,2017,M04,159817.0
LNU01000000,2017,M05,159979.0
LNU01000000,2017,M06,161337.0
LNU01000000,2017,M07,161911.0
LNU01000000,2017,M08,160863.0
LNU01000000,2017,M09,161049.0
LNU01000000,2017,M10,160465.0
LNU01000000,2017,M11,160466.0
LNU01000000,2017,M12,159880.0
LNU01000000,2017,M13,160320.0
LNU01000000,2018,M01,160037.0
LNU01000000,2018,M02,161494.0
LNU01000000,2018,M03,161548.0
LNU01000000,2018,M04,161280.0
LNU01000000,2018,M05,161765.0
LNU01000000,2018,M06,163277.0
LNU01000000,2018,M07,163734.0
LNU01000000,2018,M08,161909.0
LNU01000000,2018,M09,161958.0
LNU01000000,2018,M10,162723.0
LNU01000000,2018,M11,162665.0
LNU01000000,2018,M12,162510.0
LNU01000000,2018,M13,162075.0
LNU01000000,2019,M01,162104.0
LNU01000000,2019,M02,162793.0
LNU01000000,2019,M03,162823.0
LNU01000000,2019,M04,162097.0
LNU01000000,2019,M05,162655.0
LNU01000000,2019,M06,164120.0
LNU01000000,2019,M07,164941.0
LNU01000000,2019,M08,164019.0
LNU01000000,2019,M09,163943.0
LNU01000000,2019,M10,164576.0
LNU01000000,2019,M11,164386.0
LNU01000000,2019,M12,164007.0
LNU01000000,2019,M13,163539.0
LNU01000000,2020,M01,163497.0
LNU01000000,2020,M02,164235.0
LNU01000000,2020,M03,162537.0
LNU01000000,2020,M04,155830.0
LNU01000000,2020,M05,157975.0
LNU01000000,2020,M06,160883.0
LNU01000000,2020,M07,161374.0
LNU01000000,2020,M08,160966.0
LNU01000000,2020,M09,160073.0
LNU01000000,2020,M10,161053.0
LNU01000000,2020,M11,160468.0
LNU01000000,2020,M12,160017.0
LNU01000000,2020,M13,160742.0
LNU01000000,2021,M01,159234.0
LNU01000000,2021,M02,160008.0
LNU01000000,2021,M03,160397.0
LNU01000000,2021,M04,160379.0
LNU01000000,2021,M05,160607.0
LNU01000000,2021,M06,162167.0
LNU01000000,2021,M07,162817.0
LNU01000000,2021,M08,161788.0
LNU01000000,2021,M09,161392.0
LNU01000000,2021,M10,161863.0
LNU01000000,2021,M11,162099.0
LNU01000000,2021,M12,161696.0
LNU01000000,2021,M13,161204.0
LNU01000000,2022,M01,162825.0
LNU01000000,2022,M02,163725.0
LNU01000000,2022,M03,164274.0
LNU01000000,2022,M04,163449.0
LNU01000000,2022,M05,164157.0
LNU01000000,2022,M06,165012.0
LNU01000000,2022,M07,165321.0
LNU01000000,2022,M08,164971.0
LNU01000000,2022,M09,164463.0
LNU01000000,2022,M10,164753.0
LNU01000000,2022,M11,164272.0
LNU01000000,2022,M12,164224.0
LNU01000000,2022,M13,164287.0
LNU01000000,2023,M01,165070.0
LNU01000000,2023,M02,166178.0
LNU01000000,2023,M03,166783.0
LNU01000000,2023,M04,166221.0
LNU01000000,2023,M05,166702.0
LNU01000000,2023,M06,167910.0
LNU01000000,2023,M07,168354.0
LNU01000000,2023,M08,168049.0
LNU01000000,2023,M09,167718.0
LNU01000000,2023,M10,167774.0
LNU01000000,2023,M11,167977.0
LNU01000000,2023,M12,166661.0
LNU01000000,2023,M13,167116.0
LNU01000000,2024,M01,166428.0
LNU01000000,2024,M02,167285.0
LNU01000000,2024,M03,167960.0
LNU01000000,2024,M04,167484.0
LNU01000000,2024,M05,167576.0
LNU01000000,2024,M06,169007.0
LNU01000000,2024,M07,169723.0
LNU01000000,2024,M08,168763.0
LNU01000000,2024,M09,168569.0
LNU01000000,2024,M10,168569.0
LNU01000000,2024,M11,168164.0
LNU01000000,2024,M12,167746.0
LNU01000000,2024,M13,168106.0
LNU01000000,2025,M01,169814.0
LNU01000000,2025,M02,170116.0
LNU01000000,2025,M03,170653.0
LNU01000000,2025,M04,170650.0
LNU01000000,2025,M05,170216.0
LNU01000000,2025,M06,171343.0
LNU01000000,2025,M07,171646.0
LNU01000000,2025,M08,171035.0
LNU01000000,2025,M09,171217.0
LNU01000000,2025,M11,171467.0
LNU01000000,2025,M12,170723.0
LNU01000000,2025,M13,170807.0
LNU01000000,2026,M01,169612.0
LNU01000000,2026,M02,170206.0
LNU01000000,2026,M03,170102.0
LNU01000000,2026,M04,169548.0
LNU01000000,2026,M05,169801.0
LNU01000000,2026,M06,170198.0
LNU01000000,2026,M07,170235.0
LNU01000000,2026,M08,170048.0
LNU01300000,1947,M13,58.3
LNU01300000,1948,M01,57.2
LNU01300000,1948,M02,57.7
LNU01300000,1948,M03,57.6
LNU01300000,1948,M04,58.2
LNU01300000,1948,M05,58.1
LNU01300000,1948,M06,60.3
LNU01300000,1948,M07,60.4
LNU01300000,1948,M08,60.0
LNU01300000,1948,M09,59.4
LNU01300000,1948,M10,59.1
LNU01300000,1948,M11,59.0
LNU01300000,1948,M12,58.7
LNU01300000,1948,M13,58.8
LNU01300000,1949,M01,57.5
LNU01300000,1949,M02,57.7
LNU01300000,1949,M03,58.1
LNU01300000,1949,M04,58.0
LNU01300000,1949,M05,58.9
LNU01300000,1949,M06,59.8
LNU01300000,1949,M07,60.1
LNU01300000,1949,M08,60.0
LNU01300000,1949,M09,59.5
LNU01300000,1949,M10,59.3
LNU01300000,1949,M11,59.6
LNU01300000,1949,M12,58.7
LNU01300000,1949,M13,58.9
LNU01300000,1950,M01,58.2
LNU01300000,1950,M02,58.2
LNU01300000,1950,M03,58.2
LNU01300000,1950,M04,58.6
LNU01300000,1950,M05,59.0
LNU01300000,1950,M06,60.5
LNU01300000,1950,M07,60.0
LNU01300000,1950,M08,60.4
LNU01300000,1950,M09,59.6
LNU01300000,1950,M10,59.7
LNU01300000,1950,M11,59.7
LNU01300000,1950,M12,58.9
LNU01300000,1950,M13,59.2
LNU01300000,1951,M01,58.0
LNU01300000,1951,M02,58.0
LNU01300000,1951,M03,59.0
LNU01300000,1951,M04,58.5
LNU01300000,1951,M05,59.3
LNU01300000,1951,M06,59.8
LNU01300000,1951,M07,60.3
LNU01300000,1951,M08,60.2
LNU01300000,1951,M09,59.6
LNU01300000,1951,M10,59.9
LNU01300000,1951,M11,59.6
LNU01300000,1951,M12,59.2
LNU01300000,1951,M13,59.2
LNU01300000,1952,M01,58.3
LNU01300000,1952,M02,58.3
LNU01300000,1952,M03,58.1
LNU01300000,1952,M04,58.2
LNU01300000,1952,M05,59.1
LNU01300000,1952,M06,60.0
LNU01300000,1952,M07,59.7
LNU01300000,1952,M08,59.6
LNU01300000,1952,M09,59.6
LNU01300000,1952,M10,59.2
LNU01300000,1952,M11,59.6
LNU01300000,1952,M12,58.9
LNU01300000,1952,M13,59.0
LNU01300000,1953,M01,58.4
LNU01300000,1953,M02,58.3
LNU01300000,1953,M03,58.7
LNU01300000,1953,M04,58.5
LNU01300000,1953,M05,58.6
LNU01300000,1953,M06,59.7
LNU01300000,1953,M07,59.7
LNU01300000,1953,M08,59.5
LNU01300000,1953,M09,58.9
LNU01300000,1953,M10,59.0
LNU01300000,1953,M11,58.9
LNU01300000,1953,M12,58.0
LNU01300000,1953,M13,58.9
LNU01300000,1954,M01,57.7
LNU01300000,1954,M02,58.4
LNU01300000,1954,M03,58.5
LNU01300000,1954,M04,58.6
LNU01300000,1954,M05,58.9
LNU01300000,1954,M06,59.3
LNU01300000,1954,M07,59.3
LNU01300000,1954,M08,59.3
LNU01300000,1954,M09,59.3
LNU01300000,1954,M10,59.0
LNU01300000,1954,M11,58.8
LNU01300000,1954,M12,57.9
LNU01300000,1954,M13,58.8
LNU01300000,1955,M01,57.8
LNU01300000,1955,M02,57.7
LNU01300000,1955,M03,57.8
LNU01300000,1955,M04,58.5
LNU01300000,1955,M05,58.9
LNU01300000,1955,M06,59.7
LNU01300000,1955,M07,60.3
LNU01300000,1955,M08,60.4
LNU01300000,1955,M09,60.0
LNU01300000,1955,M10,60.3
LNU01300000,1955,M11,60.2
LNU01300000,1955,M12,59.7
LNU01300000,1955,M13,59.3
LNU01300000,1956,M01,59.0
LNU01300000,1956,M02,58.7
LNU01300000,1956,M03,59.0
LNU01300000,1956,M04,59.4
LNU01300000,1956,M05,60.3
LNU01300000,1956,M06,61.2
LNU01300000,1956,M07,61.2
LNU01300000,1956,M08,60.8
LNU01300000,1956,M09,60.3
LNU01300000,1956,M10,60.3
LNU01300000,1956,M11,60.0
LNU01300000,1956,M12,59.4
LNU01300000,1956,M13,60.0
LNU01300000,1957,M01,58.4
LNU01300000,1957,M02,58.7
LNU01300000,1957,M03,59.0
LNU01300000,1957,M04,59.1
LNU01300000,1957,M05,59.7
LNU01300000,1957,M06,60.9
LNU01300000,1957,M07,61.0
LNU01300000,1957,M08,60.1
LNU01300000,1957,M09,59.7
LNU01300000,1957,M10,60.0
LNU01300000,1957,M11,59.6
LNU01300000,1957,M12,59.2
LNU01300000,1957,M13,59.6
LNU01300000,1958,M01,58.3
LNU01300000,1958,M02,58.6
LNU01300000,1958,M03,58.9
LNU01300000,1958,M04,59.2
LNU01300000,1958,M05,59.8
LNU01300000,1958,M06,60.6
LNU01300000,1958,M07,60.6
LNU01300000,1958,M08,60.3
LNU01300000,1958,M09,59.5
LNU01300000,1958,M10,59.8
LNU01300000,1958,M11,59.2
LNU01300000,1958,M12,58.8
LNU01300000,1958,M13,59.5
LNU01300000,1959,M01,58.2
LNU01300000,1959,M02,58.2
LNU01300000,1959,M03,58.7
LNU01300000,1959,M04,59.0
LNU01300000,1959,M05,59.4
LNU01300000,1959,M06,60.5
LNU01300000,1959,M07,60.5
LNU01300000,1959,M08,59.9
LNU01300000,1959,M09,59.3
LNU01300000,1959,M10,59.7
LNU01300000,1959,M11,59.1
LNU01300000,1959,M12,59.0
LNU01300000,1959,M13,59.3
LNU01300000,1960,M01,57.9
LNU01300000,1960,M02,58.1
LNU01300000,1960,M03,58.0
LNU01300000,1960,M04,59.1
LNU01300000,1960,M05,59.6
LNU01300000,1960,M06,61.0
LNU01300000,1960,M07,60.6
LNU01300000,1960,M08,60.2
LNU01300000,1960,M09,59.7
LNU01300000,1960,M10,59.6
LNU01300000,1960,M11,59.7
LNU01300000,1960,M12,59.1
LNU01300000,1960,M13,59.4
LNU01300000,1961,M01,58.5
LNU01300000,1961,M02,58.8
LNU01300000,1961,M03,59.2
LNU01300000,1961,M04,58.9
LNU01300000,1961,M05,59.4
LNU01300000,1961,M06,61.0
LNU01300000,1961,M07,60.5
LNU01300000,1961,M08,60.1
LNU01300000,1961,M09,58.8
LNU01300000,1961,M10,59.3
LNU01300000,1961,M11,59.0
LNU01300000,1961,M12,58.4
LNU01300000,1961,M13,59.3
LNU01300000,1962,M01,57.7
LNU01300000,1962,M02,58.1
LNU01300000,1962,M03,58.4
LNU01300000,1962,M04,58.3
LNU01300000,1962,M05,59.0
LNU01300000,1962,M06,60.1
LNU01300000,1962,M07,59.7
LNU01300000,1962,M08,59.8
LNU01300000,1962,M09,58.9
LNU01300000,1962,M10,58.8
LNU01300000,1962,M11,58.5
LNU01300000,1962,M12,58.0
LNU01300000,1962,M13,58.8
LNU01300000,1963,M01,57.5
LNU01300000,1963,M02,57.9
LNU01300000,1963,M03,58.1
LNU01300000,1963,M04,58.4
LNU01300000,1963,M05,58.9
LNU01300000,1963,M06,60.0
LNU01300000,1963,M07,59.9
LNU01300000,1963,M08,59.4
LNU01300000,1963,M09,58.7
LNU01300000,1963,M10,58.8
LNU01300000,1963,M11,58.7
LNU01300000,1963,M12,58.0
LNU01300000,1963,M13,58.7
LNU01300000,1964,M01,57.5
LNU01300000,1964,M02,57.9
LNU01300000,1964,M03,58.1
LNU01300000,1964,M04,58.7
LNU01300000,1964,M05,59.2
LNU01300000,1964,M06,60.2
LNU01300000,1964,M07,59.8
LNU01300000,1964,M08,59.5
LNU01300000,1964,M09,58.5
LNU01300000,1964,M10,58.6
LNU01300000,1964,M11,58.4
LNU01300000,1964,M12,58.1
LNU01300000,1964,M13,58.7
LNU01300000,1965,M01,57.4
LNU01300000,1965,M02,57.9
LNU01300000,1965,M03,58.0
LNU01300000,1965,M04,58.4
LNU01300000,1965,M05,59.0
LNU01300000,1965,M06,60.3
LNU01300000,1965,M07,60.5
LNU01300000,1965,M08,59.8
LNU01300000,1965,M09,58.5
LNU01300000,1965,M10,58.9
LNU01300000,1965,M11,58.7
LNU01300000,1965,M12,58.6
LNU01300000,1965,M13,58.9
LNU01300000,1966,M01,57.8
LNU01300000,1966,M02,57.9
LNU01300000,1966,M03,58.0
LNU01300000,1966,M04,58.6
LNU01300000,1966,M05,59.0
LNU01300000,1966,M06,60.7
LNU01300000,1966,M07,60.7
LNU01300000,1966,M08,60.4
LNU01300000,1966,M09,59.0
LNU01300000,1966,M10,59.3
LNU01300000,1966,M11,59.5
LNU01300000,1966,M12,59.2
LNU01300000,1966,M13,59.2
LNU01300000,1967,M01,58.4
LNU01300000,1967,M02,58.7
LNU01300000,1967,M03,58.5
LNU01300000,1967,M04,58.8
LNU01300000,1967,M05,58.8
LNU01300000,1967,M06,60.9
LNU01300000,1967,M07,61.2
LNU01300000,1967,M08,60.8
LNU01300000,1967,M09,59.5
LNU01300000,1967,M10,59.8
LNU01300000,1967,M11,59.7
LNU01300000,1967,M12,59.6
LNU01300000,1967,M13,59.6
LNU01300000,1968,M01,58.2
LNU01300000,1968,M02,59.0
LNU01300000,1968,M03,58.9
LNU01300000,1968,M04,59.0
LNU01300000,1968,M05,59.4
LNU01300000,1968,M06,61.3
LNU01300000,1968,M07,61.3
LNU01300000,1968,M08,60.6
LNU01300000,1968,M09,59.3
LNU01300000,1968,M10,59.5
LNU01300000,1968,M11,59.6
LNU01300000,1968,M12,59.4
LNU01300000,1968,M13,59.6
LNU01300000,1969,M01,58.7
LNU01300000,1969,M02,59.3
LNU01300000,1969,M03,59.3
LNU01300000,1969,M04,59.5
LNU01300000,1969,M05,59.4
LNU01300000,1969,M06,61.4
LNU01300000,1969,M07,61.6
LNU01300000,1969,M08,61.3
LNU01300000,1969,M09,60.1
LNU01300000,1969,M10,60.4
LNU01300000,1969,M11,60.2
LNU01300000,1969,M12,60.1
LNU01300000,1969,M13,60.1
LNU01300000,1970,M01,59.5
LNU01300000,1970,M02,59.8
LNU01300000,1970,M03,60.0
LNU01300000,1970,M04,60.1
LNU01300000,1970,M05,59.8
LNU01300000,1970,M06,61.4
LNU01300000,1970,M07,61.9
LNU01300000,1970,M08,61.2
LNU01300000,1970,M09,60.0
LNU01300000,1970,M10,60.4
LNU01300000,1970,M11,60.4
LNU01300000,1970,M12,60.1
LNU01300000,1970,M13,60.4
LNU01300000,1971,M01,59.7
LNU01300000,1971,M02,59.6
LNU01300000,1971,M03,59.5
LNU01300000,1971,M04,59.6
LNU01300000,1971,M05,59.6
LNU01300000,1971,M06,60.8
LNU01300000,1971,M07,61.5
LNU01300000,1971,M08,61.2
LNU01300000,1971,M09,60.0
LNU01300000,1971,M10,60.2
LNU01300000,1971,M11,60.4
LNU01300000,1971,M12,60.2
LNU01300000,1971,M13,60.2
LNU01300000,1972,M01,59.5
LNU01300000,1972,M02,59.6
LNU01300000,1972,M03,59.9
LNU01300000,1972,M04,59.8
LNU01300000,1972,M05,59.8
LNU01300000,1972,M06,61.5
LNU01300000,1972,M07,61.8
LNU01300000,1972,M08,61.5
LNU01300000,1972,M09,60.3
LNU01300000,1972,M10,60.5
LNU01300000,1972,M11,60.3
LNU01300000,1972,M12,60.2
LNU01300000,1972,M13,60.4
LNU01300000,1973,M01,59.2
LNU01300000,1973,M02,59.8
LNU01300000,1973,M03,60.2
LNU01300000,1973,M04,60.2
LNU01300000,1973,M05,60.1
LNU01300000,1973,M06,62.0
LNU01300000,1973,M07,62.3
LNU01300000,1973,M08,61.6
LNU01300000,1973,M09,60.8
LNU01300000,1973,M10,61.2
LNU01300000,1973,M11,61.2
LNU01300000,1973,M12,61.0
LNU01300000,1973,M13,60.8
LNU01300000,1974,M01,60.5
LNU01300000,1974,M02,60.6
LNU01300000,1974,M03,60.6
LNU01300000,1974,M04,60.5
LNU01300000,1974,M05,60.7
LNU01300000,1974,M06,62.3
LNU01300000,1974,M07,62.7
LNU01300000,1974,M08,62.1
LNU01300000,1974,M09,61.3
LNU01300000,1974,M10,61.5
LNU01300000,1974,M11,61.2
LNU01300000,1974,M12,61.0
LNU01300000,1974,M13,61.3
LNU01300000,1975,M01,60.8
LNU01300000,1975,M02,60.5
LNU01300000,1975,M03,60.7
LNU01300000,1975,M04,60.7
LNU01300000,1975,M05,60.8
LNU01300000,1975,M06,62.2
LNU01300000,1975,M07,62.7
LNU01300000,1975,M08,62.2
LNU01300000,1975,M09,61.1
LNU01300000,1975,M10,61.3
LNU01300000,1975,M11,60.9
LNU01300000,1975,M12,60.8
LNU01300000,1975,M13,61.2
LNU01300000,1976,M01,60.7
LNU01300000,1976,M02,60.7
LNU01300000,1976,M03,60.8
LNU01300000,1976,M04,60.9
LNU01300000,1976,M05,60.9
LNU01300000,1976,M06,62.5
LNU01300000,1976,M07,63.1
LNU01300000,1976,M08,62.7
LNU01300000,1976,M09,61.5
LNU01300000,1976,M10,61.8
LNU01300000,1976,M11,61.8
LNU01300000,1976,M12,61.6
LNU01300000,1976,M13,61.6
LNU01300000,1977,M01,61.0
LNU01300000,1977,M02,61.3
LNU01300000,1977,M03,61.5
LNU01300000,1977,M04,61.5
LNU01300000,1977,M05,61.6
LNU01300000,1977,M06,63.4
LNU01300000,1977,M07,63.4
LNU01300000,1977,M08,63.2
LNU01300000,1977,M09,62.2
LNU01300000,1977,M10,62.6
LNU01300000,1977,M11,62.8
LNU01300000,1977,M12,62.5
LNU01300000,1977,M13,62.3
LNU01300000,1978,M01,62.1
LNU01300000,1978,M02,62.0
LNU01300000,1978,M03,62.2
LNU01300000,1978,M04,62.4
LNU01300000,1978,M05,62.6
LNU01300000,1978,M06,64.3
LNU01300000,1978,M07,64.5
LNU01300000,1978,M08,64.1
LNU01300000,1978,M09,63.2
LNU01300000,1978,M10,63.6
LNU01300000,1978,M11,63.5
LNU01300000,1978,M12,63.4
LNU01300000,1978,M13,63.2
LNU01300000,1979,M01,62.9
LNU01300000,1979,M02,63.0
LNU01300000,1979,M03,63.2
LNU01300000,1979,M04,62.9
LNU01300000,1979,M05,62.9
LNU01300000,1979,M06,64.5
LNU01300000,1979,M07,64.9
LNU01300000,1979,M08,64.5
LNU01300000,1979,M09,63.8
LNU01300000,1979,M10,64.0
LNU01300000,1979,M11,63.8
LNU01300000,1979,M12,63.8
LNU01300000,1979,M13,63.7
LNU01300000,1980,M01,63.3
LNU01300000,1980,M02,63.2
LNU01300000,1980,M03,63.2
LNU01300000,1980,M04,63.2
LNU01300000,1980,M05,63.5
LNU01300000,1980,M06,64.6
LNU01300000,1980,M07,65.1
LNU01300000,1980,M08,64.5
LNU01300000,1980,M09,63.6
LNU01300000,1980,M10,63.9
LNU01300000,1980,M11,63.7
LNU01300000,1980,M12,63.4
LNU01300000,1980,M13,63.8
LNU01300000,1981,M01,63.2
LNU01300000,1981,M02,63.2
LNU01300000,1981,M03,63.5
LNU01300000,1981,M04,63.6
LNU01300000,1981,M05,63.9
LNU01300000,1981,M06,64.6
LNU01300000,1981,M07,65.0
LNU01300000,1981,M08,64.6
LNU01300000,1981,M09,63.5
LNU01300000,1981,M10,64.0
LNU01300000,1981,M11,63.8
LNU01300000,1981,M12,63.4
LNU01300000,1981,M13,63.9
LNU01300000,1982,M01,63.0
LNU01300000,1982,M02,63.2
LNU01300000,1982,M03,63.4
LNU01300000,1982,M04,63.3
LNU01300000,1982,M05,63.9
LNU01300000,1982,M06,64.8
LNU01300000,1982,M07,65.3
LNU01300000,1982,M08,64.9
LNU01300000,1982,M09,64.0
LNU01300000,1982,M10,64.1
LNU01300000,1982,M11,64.1
LNU01300000,1982,M12,63.8
LNU01300000,1982,M13,64.0
LNU01300000,1983,M01,63.3
LNU01300000,1983,M02,63.2
LNU01300000,1983,M03,63.3
LNU01300000,1983,M04,63.2
LNU01300000,1983,M05,63.4
LNU01300000,1983,M06,65.1
LNU01300000,1983,M07,65.4
LNU01300000,1983,M08,65.1
LNU01300000,1983,M09,64.3
LNU01300000,1983,M10,64.1
LNU01300000,1983,M11,64.1
LNU01300000,1983,M12,63.8
LNU01300000,1983,M13,64.0
LNU01300000,1984,M01,63.3
LNU01300000,1984,M02,63.4
LNU01300000,1984,M03,63.6
LNU01300000,1984,M04,63.7
LNU01300000,1984,M05,64.3
LNU01300000,1984,M06,65.5
LNU01300000,1984,M07,65.9
LNU01300000,1984,M08,65.2
LNU01300000,1984,M09,64.4
LNU01300000,1984,M10,64.6
LNU01300000,1984,M11,64.4
LNU01300000,1984,M12,64.3
LNU01300000,1984,M13,64.4
LNU01300000,1985,M01,64.0
LNU01300000,1985,M02,64.0
LNU01300000,1985,M03,64.4
LNU01300000,1985,M04,64.3
LNU01300000,1985,M05,64.6
LNU01300000,1985,M06,65.5
LNU01300000,1985,M07,65.9
LNU01300000,1985,M08,65.4
LNU01300000,1985,M09,64.9
LNU01300000,1985,M10,65.1
LNU01300000,1985,M11,64.9
LNU01300000,1985,M12,64.6
LNU01300000,1985,M13,64.8
LNU01300000,1986,M01,64.2
LNU01300000,1986,M02,64.4
LNU01300000,1986,M03,64.6
LNU01300000,1986,M04,64.6
LNU01300000,1986,M05,65.0
LNU01300000,1986,M06,66.3
LNU01300000,1986,M07,66.6
LNU01300000,1986,M08,66.1
LNU01300000,1986,M09,65.3
LNU01300000,1986,M10,65.5
LNU01300000,1986,M11,65.4
LNU01300000,1986,M12,65.0
LNU01300000,1986,M13,65.3
LNU01300000,1987,M01,64.7
LNU01300000,1987,M02,64.8
LNU01300000,1987,M03,65.0
LNU01300000,1987,M04,64.9
LNU01300000,1987,M05,65.6
LNU01300000,1987,M06,66.3
LNU01300000,1987,M07,66.8
LNU01300000,1987,M08,66.5
LNU01300000,1987,M09,65.5
LNU01300000,1987,M10,65.9
LNU01300000,1987,M11,65.7
LNU01300000,1987,M12,65.5
LNU01300000,1987,M13,65.6
LNU01300000,1988,M01,65.1
LNU01300000,1988,M02,65.2
LNU01300000,1988,M03,65.2
LNU01300000,1988,M04,65.3
LNU01300000,1988,M05,65.5
LNU01300000,1988,M06,66.7
LNU01300000,1988,M07,67.1
LNU01300000,1988,M08,66.8
LNU01300000,1988,M09,65.9
LNU01300000,1988,M10,66.1
LNU01300000,1988,M11,66.2
LNU01300000,1988,M12,65.9
LNU01300000,1988,M13,65.9
LNU01300000,1989,M01,65.8
LNU01300000,1989,M02,65.6
LNU01300000,1989,M03,65.7
LNU01300000,1989,M04,65.9
LNU01300000,1989,M05,66.2
LNU01300000,1989,M06,67.4
LNU01300000,1989,M07,67.7
LNU01300000,1989,M08,67.2
LNU01300000,1989,M09,66.3
LNU01300000,1989,M10,66.6
LNU01300000,1989,M11,66.7
LNU01300000,1989,M12,66.3
LNU01300000,1989,M13,66.5
LNU01300000,1990,M01,66.0
LNU01300000,1990,M02,66.0
LNU01300000,1990,M03,66.2
LNU01300000,1990,M04,66.1
LNU01300000,1990,M05,66.5
LNU01300000,1990,M06,67.4
LNU01300000,1990,M07,67.7
LNU01300000,1990,M08,67.1
LNU01300000,1990,M09,66.4
LNU01300000,1990,M10,66.5
LNU01300000,1990,M11,66.3
LNU01300000,1990,M12,66.1
LNU01300000,1990,M13,66.5
LNU01300000,1991,M01,65.5
LNU01300000,1991,M02,65.7
LNU01300000,1991,M03,65.9
LNU01300000,1991,M04,66.0
LNU01300000,1991,M05,66.0
LNU01300000,1991,M06,67.2
LNU01300000,1991,M07,67.3
LNU01300000,1991,M08,66.6
LNU01300000,1991,M09,66.1
LNU01300000,1991,M10,66.1
LNU01300000,1991,M11,66.0
LNU01300000,1991,M12,65.8
LNU01300000,1991,M13,66.2
LNU01300000,1992,M01,65.7
LNU01300000,1992,M02,65.8
LNU01300000,1992,M03,66.0
LNU01300000,1992,M04,66.0
LNU01300000,1992,M05,66.4
LNU01300000,1992,M06,67.6
LNU01300000,1992,M07,67.9
LNU01300000,1992,M08,67.2
LNU01300000,1992,M09,66.3
LNU01300000,1992,M10,66.2
LNU01300000,1992,M11,66.2
LNU01300000,1992,M12,66.1
LNU01300000,1992,M13,66.4
LNU01300000,1993,M01,65.6
LNU01300000,1993,M02,65.8
LNU01300000,1993,M03,65.8
LNU01300000,1993,M04,65.6
LNU01300000,1993,M05,66.3
LNU01300000,1993,M06,67.3
LNU01300000,1993,M07,67.5
LNU01300000,1993,M08,67.0
LNU01300000,1993,M09,66.1
LNU01300000,1993,M10,66.4
LNU01300000,1993,M11,66.3
LNU01300000,1993,M12,66.2
LNU01300000,1993,M13,66.3
LNU01300000,1994,M01,66.0
LNU01300000,1994,M02,66.2
LNU01300000,1994,M03,66.1
LNU01300000,1994,M04,66.0
LNU01300000,1994,M05,66.5
LNU01300000,1994,M06,67.2
LNU01300000,1994,M07,67.5
LNU01300000,1994,M08,67.2
LNU01300000,1994,M09,66.5
LNU01300000,1994,M10,66.8
LNU01300000,1994,M11,66.7
LNU01300000,1994,M12,66.5
LNU01300000,1994,M13,66.6
LNU01300000,1995,M01,66.1
LNU01300000,1995,M02,66.2
LNU01300000,1995,M03,66.4
LNU01300000,1995,M04,66.4
LNU01300000,1995,M05,66.4
LNU01300000,1995,M06,67.2
LNU01300000,1995,M07,67.7
LNU01300000,1995,M08,67.1
LNU01300000,1995,M09,66.5
LNU01300000,1995,M10,66.7
LNU01300000,1995,M11,66.5
LNU01300000,1995,M12,66.2
LNU01300000,1995,M13,66.6
LNU01300000,1996,M01,65.8
LNU01300000,1996,M02,66.1
LNU01300000,1996,M03,66.4
LNU01300000,1996,M04,66.2
LNU01300000,1996,M05,66.7
LNU01300000,1996,M06,67.4
LNU01300000,1996,M07,67.9
LNU01300000,1996,M08,67.2
LNU01300000,1996,M09,66.8
LNU01300000,1996,M10,67.1
LNU01300000,1996,M11,67.0
LNU01300000,1996,M12,66.7
LNU01300000,1996,M13,66.8
LNU01300000,1997,M01,66.4
LNU01300000,1997,M02,66.5
LNU01300000,1997,M03,66.9
LNU01300000,1997,M04,66.7
LNU01300000,1997,M05,67.0
LNU01300000,1997,M06,67.8
LNU01300000,1997,M07,68.1
LNU01300000,1997,M08,67.6
LNU01300000,1997,M09,67.0
LNU01300000,1997,M10,67.1
LNU01300000,1997,M11,67.1
LNU01300000,1997,M12,67.0
LNU01300000,1997,M13,67.1
LNU01300000,1998,M01,66.6
LNU01300000,1998,M02,66.7
LNU01300000,1998,M03,67.0
LNU01300000,1998,M04,66.6
LNU01300000,1998,M05,67.0
LNU01300000,1998,M06,67.7
LNU01300000,1998,M07,67.9
LNU01300000,1998,M08,67.3
LNU01300000,1998,M09,67.0
LNU01300000,1998,M10,67.1
LNU01300000,1998,M11,67.1
LNU01300000,1998,M12,67.0
LNU01300000,1998,M13,67.1
LNU01300000,1999,M01,66.7
LNU01300000,1999,M02,66.8
LNU01300000,1999,M03,66.9
LNU01300000,1999,M04,66.7
LNU01300000,1999,M05,67.0
LNU01300000,1999,M06,67.7
LNU01300000,1999,M07,67.9
LNU01300000,1999,M08,67.3
LNU01300000,1999,M09,66.8
LNU01300000,1999,M10,67.0
LNU01300000,1999,M11,67.0
LNU01300000,1999,M12,67.0
LNU01300000,1999,M13,67.1
LNU01300000,2000,M01,66.8
LNU01300000,2000,M02,67.0
LNU01300000,2000,M03,67.1
LNU01300000,2000,M04,67.0
LNU01300000,2000,M05,67.0
LNU01300000,2000,M06,67.7
LNU01300000,2000,M07,67.6
LNU01300000,2000,M08,67.2
LNU01300000,2000,M09,66.7
LNU01300000,2000,M10,66.9
LNU01300000,2000,M11,66.9
LNU01300000,2000,M12,67.0
LNU01300000,2000,M13,67.1
LNU01300000,2001,M01,66.8
LNU01300000,2001,M02,66.8
LNU01300000,2001,M03,67.0
LNU01300000,2001,M04,66.7
LNU01300000,2001,M05,66.6
LNU01300000,2001,M06,67.2
LNU01300000,2001,M07,67.4
LNU01300000,2001,M08,66.8
LNU01300000,2001,M09,66.6
LNU01300000,2001,M10,66.7
LNU01300000,2001,M11,66.6
LNU01300000,2001,M12,66.6
LNU01300000,2001,M13,66.8
LNU01300000,2002,M01,66.2
LNU01300000,2002,M02,66.6
LNU01300000,2002,M03,66.6
LNU01300000,2002,M04,66.4
LNU01300000,2002,M05,66.5
LNU01300000,2002,M06,67.1
LNU01300000,2002,M07,67.2
LNU01300000,2002,M08,66.8
LNU01300000,2002,M09,66.6
LNU01300000,2002,M10,66.6
LNU01300000,2002,M11,66.3
LNU01300000,2002,M12,66.2
LNU01300000,2002,M13,66.6
LNU01300000,2003,M01,66.1
LNU01300000,2003,M02,66.2
LNU01300000,2003,M03,66.2
LNU01300000,2003,M04,66.2
LNU01300000,2003,M05,66.2
LNU01300000,2003,M06,67.0
LNU01300000,2003,M07,66.8
LNU01300000,2003,M08,66.3
LNU01300000,2003,M09,65.9
LNU01300000,2003,M10,66.1
LNU01300000,2003,M11,66.1
LNU01300000,2003,M12,65.8
LNU01300000,2003,M13,66.2
LNU01300000,2004,M01,65.7
LNU01300000,2004,M02,65.7
LNU01300000,2004,M03,65.8
LNU01300000,2004,M04,65.7
LNU01300000,2004,M05,65.8
LNU01300000,2004,M06,66.5
LNU01300000,2004,M07,66.8
LNU01300000,2004,M08,66.2
LNU01300000,2004,M09,65.7
LNU01300000,2004,M10,66.0
LNU01300000,2004,M11,66.1
LNU01300000,2004,M12,65.8
LNU01300000,2004,M13,66.0
LNU01300000,2005,M01,65.4
LNU01300000,2005,M02,65.6
LNU01300000,2005,M03,65.6
LNU01300000,2005,M04,65.8
LNU01300000,2005,M05,66.0
LNU01300000,2005,M06,66.5
LNU01300000,2005,M07,66.8
LNU01300000,2005,M08,66.5
LNU01300000,2005,M09,66.1
LNU01300000,2005,M10,66.2
LNU01300000,2005,M11,66.1
LNU01300000,2005,M12,65.9
LNU01300000,2005,M13,66.0
LNU01300000,2006,M01,65.5
LNU01300000,2006,M02,65.7
LNU01300000,2006,M03,65.8
LNU01300000,2006,M04,65.8
LNU01300000,2006,M05,66.0
LNU01300000,2006,M06,66.7
LNU01300000,2006,M07,66.9
LNU01300000,2006,M08,66.5
LNU01300000,2006,M09,66.1
LNU01300000,2006,M10,66.4
LNU01300000,2006,M11,66.4
LNU01300000,2006,M12,66.3
LNU01300000,2006,M13,66.2
LNU01300000,2007,M01,65.9
LNU01300000,2007,M02,65.8
LNU01300000,2007,M03,65.9
LNU01300000,2007,M04,65.7
LNU01300000,2007,M05,65.8
LNU01300000,2007,M06,66.6
LNU01300000,2007,M07,66.8
LNU01300000,2007,M08,66.1
LNU01300000,2007,M09,66.0
LNU01300000,2007,M10,66.0
LNU01300000,2007,M11,66.1
LNU01300000,2007,M12,65.9
LNU01300000,2007,M13,66.0
LNU01300000,2008,M01,65.7
LNU01300000,2008,M02,65.5
LNU01300000,2008,M03,65.7
LNU01300000,2008,M04,65.7
LNU01300000,2008,M05,66.0
LNU01300000,2008,M06,66.6
LNU01300000,2008,M07,66.8
LNU01300000,2008,M08,66.4
LNU01300000,2008,M09,65.9
LNU01300000,2008,M10,66.1
LNU01300000,2008,M11,65.8
LNU01300000,2008,M12,65.7
LNU01300000,2008,M13,66.0
LNU01300000,2009,M01,65.4
LNU01300000,2009,M02,65.5
LNU01300000,2009,M03,65.4
LNU01300000,2009,M04,65.4
LNU01300000,2009,M05,65.5
LNU01300000,2009,M06,66.2
LNU01300000,2009,M07,66.2
LNU01300000,2009,M08,65.6
LNU01300000,2009,M09,65.0
LNU01300000,2009,M10,64.9
LNU01300000,2009,M11,64.9
LNU01300000,2009,M12,64.4
LNU01300000,2009,M13,65.4
LNU01300000,2010,M01,64.6
LNU01300000,2010,M02,64.6
LNU01300000,2010,M03,64.8
LNU01300000,2010,M04,64.9
LNU01300000,2010,M05,64.8
LNU01300000,2010,M06,65.1
LNU01300000,2010,M07,65.3
LNU01300000,2010,M08,65.0
LNU01300000,2010,M09,64.6
LNU01300000,2010,M10,64.4
LNU01300000,2010,M11,64.4
LNU01300000,2010,M12,64.1
LNU01300000,2010,M13,64.7
LNU01300000,2011,M01,63.9
LNU01300000,2011,M02,63.9
LNU01300000,2011,M03,64.0
LNU01300000,2011,M04,63.9
LNU01300000,2011,M05,64.1
LNU01300000,2011,M06,64.5
LNU01300000,2011,M07,64.6
LNU01300000,2011,M08,64.3
LNU01300000,2011,M09,64.2
LNU01300000,2011,M10,64.1
LNU01300000,2011,M11,63.9
LNU01300000,2011,M12,63.8
LNU01300000,2011,M13,64.1
LNU01300000,2012,M01,63.4
LNU01300000,2012,M02,63.6
LNU01300000,2012,M03,63.6
LNU01300000,2012,M04,63.4
LNU01300000,2012,M05,63.8
LNU01300000,2012,M06,64.3
LNU01300000,2012,M07,64.3
LNU01300000,2012,M08,63.7
LNU01300000,2012,M09,63.6
LNU01300000,2012,M10,63.8
LNU01300000,2012,M11,63.5
LNU01300000,2012,M12,63.4
LNU01300000,2012,M13,63.7
LNU01300000,2013,M01,63.3
LNU01300000,2013,M02,63.2
LNU01300000,2013,M03,63.1
LNU01300000,2013,M04,63.1
LNU01300000,2013,M05,63.5
LNU01300000,2013,M06,64.0
LNU01300000,2013,M07,64.0
LNU01300000,2013,M08,63.4
LNU01300000,2013,M09,63.2
LNU01300000,2013,M10,62.9
LNU01300000,2013,M11,62.9
LNU01300000,2013,M12,62.6
LNU01300000,2013,M13,63.2
LNU01300000,2014,M01,62.5
LNU01300000,2014,M02,62.7
LNU01300000,2014,M03,62.9
LNU01300000,2014,M04,62.6
LNU01300000,2014,M05,62.9
LNU01300000,2014,M06,63.4
LNU01300000,2014,M07,63.5
LNU01300000,2014,M08,63.0
LNU01300000,2014,M09,62.8
LNU01300000,2014,M10,63.0
LNU01300000,2014,M11,62.8
LNU01300000,2014,M12,62.5
LNU01300000,2014,M13,62.9
LNU01300000,2015,M01,62.5
LNU01300000,2015,M02,62.5
LNU01300000,2015,M03,62.5
LNU01300000,2015,M04,62.6
LNU01300000,2015,M05,63.0
LNU01300000,2015,M06,63.1
LNU01300000,2015,M07,63.2
LNU01300000,2015,M08,62.7
LNU01300000,2015,M09,62.3
LNU01300000,2015,M10,62.5
LNU01300000,2015,M11,62.5
LNU01300000,2015,M12,62.4
LNU01300000,2015,M13,62.7
LNU01300000,2016,M01,62.3
LNU01300000,2016,M02,62.7
LNU01300000,2016,M03,62.8
LNU01300000,2016,M04,62.7
LNU01300000,2016,M05,62.7
LNU01300000,2016,M06,63.2
LNU01300000,2016,M07,63.4
LNU01300000,2016,M08,62.9
LNU01300000,2016,M09,62.8
LNU01300000,2016,M10,62.8
LNU01300000,2016,M11,62.6
LNU01300000,2016,M12,62.4
LNU01300000,2016,M13,62.8
LNU01300000,2017,M01,62.5
LNU01300000,2017,M02,62.7
LNU01300000,2017,M03,62.9
LNU01300000,2017,M04,62.8
LNU01300000,2017,M05,62.8
LNU01300000,2017,M06,63.3
LNU01300000,2017,M07,63.5
LNU01300000,2017,M08,63.0
LNU01300000,2017,M09,63.0
LNU01300000,2017,M10,62.7
LNU01300000,2017,M11,62.7
LNU01300000,2017,M12,62.4
LNU01300000,2017,M13,62.9
LNU01300000,2018,M01,62.3
LNU01300000,2018,M02,62.9
LNU01300000,2018,M03,62.8
LNU01300000,2018,M04,62.7
LNU01300000,2018,M05,62.8
LNU01300000,2018,M06,63.4
LNU01300000,2018,M07,63.5
LNU01300000,2018,M08,62.7
LNU01300000,2018,M09,62.7
LNU01300000,2018,M10,62.9
LNU01300000,2018,M11,62.9
LNU01300000,2018,M12,62.8
LNU01300000,2018,M13,62.9
LNU01300000,2019,M01,62.8
LNU01300000,2019,M02,63.0
LNU01300000,2019,M03,63.0
LNU01300000,2019,M04,62.7
LNU01300000,2019,M05,62.8
LNU01300000,2019,M06,63.4
LNU01300000,2019,M07,63.6
LNU01300000,2019,M08,63.2
LNU01300000,2019,M09,63.1
LNU01300000,2019,M10,63.3
LNU01300000,2019,M11,63.2
LNU01300000,2019,M12,63.0
LNU01300000,2019,M13,63.1
LNU01300000,2020,M01,63.0
LNU01300000,2020,M02,63.3
LNU01300000,2020,M03,62.6
LNU01300000,2020,M04,60.0
LNU01300000,2020,M05,60.7
LNU01300000,2020,M06,61.8
LNU01300000,2020,M07,62.0
LNU01300000,2020,M08,61.8
LNU01300000,2020,M09,61.4
LNU01300000,2020,M10,61.7
LNU01300000,2020,M11,61.5
LNU01300000,2020,M12,61.3
LNU01300000,2020,M13,61.7
LNU01300000,2021,M01,61.0
LNU01300000,2021,M02,61.3
LNU01300000,2021,M03,61.5
LNU01300000,2021,M04,61.4
LNU01300000,2021,M05,61.5
LNU01300000,2021,M06,62.1
LNU01300000,2021,M07,62.3
LNU01300000,2021,M08,61.8
LNU01300000,2021,M09,61.7
LNU01300000,2021,M10,61.8
LNU01300000,2021,M11,61.9
LNU01300000,2021,M12,61.7
LNU01300000,2021,M13,61.7
LNU01300000,2022,M01,61.9
LNU01300000,2022,M02,62.2
LNU01300000,2022,M03,62.4
LNU01300000,2022,M04,62.0
LNU01300000,2022,M05,62.3
LNU01300000,2022,M06,62.5
LNU01300000,2022,M07,62.6
LNU01300000,2022,M08,62.4
LNU01300000,2022,M09,62.2
LNU01300000,2022,M10,62.3
LNU01300000,2022,M11,62.1
LNU01300000,2022,M12,62.0
LNU01300000,2022,M13,62.2
LNU01300000,2023,M01,62.1
LNU01300000,2023,M02,62.4
LNU01300000,2023,M03,62.6
LNU01300000,2023,M04,62.4
LNU01300000,2023,M05,62.5
LNU01300000,2023,M06,62.9
LNU01300000,2023,M07,63.1
LNU01300000,2023,M08,62.9
LNU01300000,2023,M09,62.7
LNU01300000,2023,M10,62.7
LNU01300000,2023,M11,62.7
LNU01300000,2023,M12,62.2
LNU01300000,2023,M13,62.6
LNU01300000,2024,M01,62.2
LNU01300000,2024,M02,62.5
LNU01300000,2024,M03,62.7
LNU01300000,2024,M04,62.5
LNU01300000,2024,M05,62.5
LNU01300000,2024,M06,63.0
LNU01300000,2024,M07,63.2
LNU01300000,2024,M08,62.8
LNU01300000,2024,M09,62.6
LNU01300000,2024,M10,62.6
LNU01300000,2024,M11,62.4
LNU01300000,2024,M12,62.2
LNU01300000,2024,M13,62.6
LNU01300000,2025,M01,62.3
LNU01300000,2025,M02,62.3
LNU01300000,2025,M03,62.5
LNU01300000,2025,M04,62.5
LNU01300000,2025,M05,62.3
LNU01300000,2025,M06,62.6
LNU01300000,2025,M07,62.7
LNU01300000,2025,M08,62.4
LNU01300000,2025,M09,62.4
LNU01300000,2025,M11,62.4
LNU01300000,2025,M12,62.1
LNU01300000,2025,M13,62.4
LNU01300000,2026,M01,61.7
LNU01300000,2026,M02,61.9
LNU01300000,2026,M03,61.9
LNU01300000,2026,M04,61.7
LNU01300000,2026,M05,61.7
LNU01300000,2026,M06,61.9
LNU01300000,2026,M07,61.8
LNU01300000,2026,M08,61.7
LNU02000000,1947,M13,57038.0
LNU02000000,1948,M01,56339.0
LNU02000000,1948,M02,56440.0
LNU02000000,1948,M03,56601.0
LNU02000000,1948,M04,57471.0
LNU02000000,1948,M05,57763.0
LNU02000000,1948,M06,59724.0
LNU02000000,1948,M07,59955.0
LNU02000000,1948,M08,59677.0
LNU02000000,1948,M09,59337.0
LNU02000000,1948,M10,59290.0
LNU02000000,1948,M11,58991.0
LNU02000000,1948,M12,58554.0
LNU02000000,1948,M13,58343.0
LNU02000000,1949,M01,56486.0
LNU02000000,1949,M02,56320.0
LNU02000000,1949,M03,56809.0
LNU02000000,1949,M04,56929.0
LNU02000000,1949,M05,57669.0
LNU02000000,1949,M06,58231.0
LNU02000000,1949,M07,58171.0
LNU02000000,1949,M08,58504.0
LNU02000000,1949,M09,58324.0
LNU02000000,1949,M10,58050.0
LNU02000000,1949,M11,58616.0
LNU02000000,1949,M12,57712.0
LNU02000000,1949,M13,57651.0
LNU02000000,1950,M01,56189.0
LNU02000000,1950,M02,56197.0
LNU02000000,1950,M03,56733.0
LNU02000000,1950,M04,57812.0
LNU02000000,1950,M05,58719.0
LNU02000000,1950,M06,59997.0
LNU02000000,1950,M07,59839.0
LNU02000000,1950,M08,60948.0
LNU02000000,1950,M09,60245.0
LNU02000000,1950,M10,60708.0
LNU02000000,1950,M11,60313.0
LNU02000000,1950,M12,59352.0
LNU02000000,1950,M13,58918.0
LNU02000000,1951,M01,58166.0
LNU02000000,1951,M02,58102.0
LNU02000000,1951,M03,59366.0
LNU02000000,1951,M04,59206.0
LNU02000000,1951,M05,60219.0
LNU02000000,1951,M06,60373.0
LNU02000000,1951,M07,60968.0
LNU02000000,1951,M08,61128.0
LNU02000000,1951,M09,60408.0
LNU02000000,1951,M10,60906.0
LNU02000000,1951,M11,60464.0
LNU02000000,1951,M12,60252.0
LNU02000000,1951,M13,59961.0
LNU02000000,1952,M01,58884.0
LNU02000000,1952,M02,58834.0
LNU02000000,1952,M03,58912.0
LNU02000000,1952,M04,59232.0
LNU02000000,1952,M05,60250.0
LNU02000000,1952,M06,60988.0
LNU02000000,1952,M07,60775.0
LNU02000000,1952,M08,60872.0
LNU02000000,1952,M09,61162.0
LNU02000000,1952,M10,60992.0
LNU02000000,1952,M11,61394.0
LNU02000000,1952,M12,60748.0
LNU02000000,1952,M13,60250.0
LNU02000000,1953,M01,60134.0
LNU02000000,1953,M02,60271.0
LNU02000000,1953,M03,60874.0
LNU02000000,1953,M04,60757.0
LNU02000000,1953,M05,61061.0
LNU02000000,1953,M06,62166.0
LNU02000000,1953,M07,62186.0
LNU02000000,1953,M08,62271.0
LNU02000000,1953,M09,61529.0
LNU02000000,1953,M10,61805.0
LNU02000000,1953,M11,61302.0
LNU02000000,1953,M12,59796.0
LNU02000000,1953,M13,61179.0
LNU02000000,1954,M01,58645.0
LNU02000000,1954,M02,59059.0
LNU02000000,1954,M03,59119.0
LNU02000000,1954,M04,59537.0
LNU02000000,1954,M05,60020.0
LNU02000000,1954,M06,60497.0
LNU02000000,1954,M07,60523.0
LNU02000000,1954,M08,60858.0
LNU02000000,1954,M09,60952.0
LNU02000000,1954,M10,61210.0
LNU02000000,1954,M11,60901.0
LNU02000000,1954,M12,59990.0
LNU02000000,1954,M13,60109.0
LNU02000000,1955,M01,59354.0
LNU02000000,1955,M02,59336.0
LNU02000000,1955,M03,59850.0
LNU02000000,1955,M04,60861.0
LNU02000000,1955,M05,61780.0
LNU02000000,1955,M06,62568.0
LNU02000000,1955,M07,63497.0
LNU02000000,1955,M08,63876.0
LNU02000000,1955,M09,63676.0
LNU02000000,1955,M10,64138.0
LNU02000000,1955,M11,63840.0
LNU02000000,1955,M12,63268.0
LNU02000000,1955,M13,62170.0
LNU02000000,1956,M01,62049.0
LNU02000000,1956,M02,61773.0
LNU02000000,1956,M03,62172.0
LNU02000000,1956,M04,63002.0
LNU02000000,1956,M05,64045.0
LNU02000000,1956,M06,64707.0
LNU02000000,1956,M07,64940.0
LNU02000000,1956,M08,65085.0
LNU02000000,1956,M09,64831.0
LNU02000000,1956,M10,65074.0
LNU02000000,1956,M11,64310.0
LNU02000000,1956,M12,63619.0
LNU02000000,1956,M13,63799.0
LNU02000000,1957,M01,61974.0
LNU02000000,1957,M02,62512.0
LNU02000000,1957,M03,63134.0
LNU02000000,1957,M04,63512.0
LNU02000000,1957,M05,64213.0
LNU02000000,1957,M06,65127.0
LNU02000000,1957,M07,65726.0
LNU02000000,1957,M08,65009.0
LNU02000000,1957,M09,64769.0
LNU02000000,1957,M10,65112.0
LNU02000000,1957,M11,64129.0
LNU02000000,1957,M12,63598.0
LNU02000000,1957,M13,64071.0
LNU02000000,1958,M01,61508.0
LNU02000000,1958,M02,61265.0
LNU02000000,1958,M03,61567.0
LNU02000000,1958,M04,62116.0
LNU02000000,1958,M05,63098.0
LNU02000000,1958,M06,63652.0
LNU02000000,1958,M07,63810.0
LNU02000000,1958,M08,64018.0
LNU02000000,1958,M09,63766.0
LNU02000000,1958,M10,64480.0
LNU02000000,1958,M11,63890.0
LNU02000000,1958,M12,63266.0
LNU02000000,1958,M13,63036.0
LNU02000000,1959,M01,62052.0
LNU02000000,1959,M02,62015.0
LNU02000000,1959,M03,63091.0
LNU02000000,1959,M04,64241.0
LNU02000000,1959,M05,65036.0
LNU02000000,1959,M06,65924.0
LNU02000000,1959,M07,66193.0
LNU02000000,1959,M08,65897.0
LNU02000000,1959,M09,65414.0
LNU02000000,1959,M10,65891.0
LNU02000000,1959,M11,64877.0
LNU02000000,1959,M12,64927.0
LNU02000000,1959,M13,64630.0
LNU02000000,1960,M01,63375.0
LNU02000000,1960,M02,63871.0
LNU02000000,1960,M03,63607.0
LNU02000000,1960,M04,65450.0
LNU02000000,1960,M05,66342.0
LNU02000000,1960,M06,67288.0
LNU02000000,1960,M07,67239.0
LNU02000000,1960,M08,67004.0
LNU02000000,1960,M09,66892.0
LNU02000000,1960,M10,66563.0
LNU02000000,1960,M11,66394.0
LNU02000000,1960,M12,65287.0
LNU02000000,1960,M13,65778.0
LNU02000000,1961,M01,63797.0
LNU02000000,1961,M02,63869.0
LNU02000000,1961,M03,64700.0
LNU02000000,1961,M04,64957.0
LNU02000000,1961,M05,65831.0
LNU02000000,1961,M06,67151.0
LNU02000000,1961,M07,66911.0
LNU02000000,1961,M08,67028.0
LNU02000000,1961,M09,66036.0
LNU02000000,1961,M10,66786.0
LNU02000000,1961,M11,66348.0
LNU02000000,1961,M12,65531.0
LNU02000000,1961,M13,65746.0
LNU02000000,1962,M01,64215.0
LNU02000000,1962,M02,64872.0
LNU02000000,1962,M03,65421.0
LNU02000000,1962,M04,65957.0
LNU02000000,1962,M05,67066.0
LNU02000000,1962,M06,67852.0
LNU02000000,1962,M07,67849.0
LNU02000000,1962,M08,68096.0
LNU02000000,1962,M09,67621.0
LNU02000000,1962,M10,67850.0
LNU02000000,1962,M11,67046.0
LNU02000000,1962,M12,66585.0
LNU02000000,1962,M13,66702.0
LNU02000000,1963,M01,65168.0
LNU02000000,1963,M02,65519.0
LNU02000000,1963,M03,66329.0
LNU02000000,1963,M04,67240.0
LNU02000000,1963,M05,67984.0
LNU02000000,1963,M06,68844.0
LNU02000000,1963,M07,69225.0
LNU02000000,1963,M08,69052.0
LNU02000000,1963,M09,68567.0
LNU02000000,1963,M10,68964.0
LNU02000000,1963,M11,68471.0
LNU02000000,1963,M12,67791.0
LNU02000000,1963,M13,67762.0
LNU02000000,1964,M01,66468.0
LNU02000000,1964,M02,67197.0
LNU02000000,1964,M03,67695.0
LNU02000000,1964,M04,68947.0
LNU02000000,1964,M05,69952.0
LNU02000000,1964,M06,70448.0
LNU02000000,1964,M07,70839.0
LNU02000000,1964,M08,70676.0
LNU02000000,1964,M09,69849.0
LNU02000000,1964,M10,70147.0
LNU02000000,1964,M11,69892.0
LNU02000000,1964,M12,69543.0
LNU02000000,1964,M13,69305.0
LNU02000000,1965,M01,68235.0
LNU02000000,1965,M02,68690.0
LNU02000000,1965,M03,69385.0
LNU02000000,1965,M04,70220.0
LNU02000000,1965,M05,71298.0
LNU02000000,1965,M06,72278.0
LNU02000000,1965,M07,73093.0
LNU02000000,1965,M08,72695.0
LNU02000000,1965,M09,71408.0
LNU02000000,1965,M10,72112.0
LNU02000000,1965,M11,71824.0
LNU02000000,1965,M12,71819.0
LNU02000000,1965,M13,71088.0
LNU02000000,1966,M01,70368.0
LNU02000000,1966,M02,70691.0
LNU02000000,1966,M03,71090.0
LNU02000000,1966,M04,72066.0
LNU02000000,1966,M05,72619.0
LNU02000000,1966,M06,74037.0
LNU02000000,1966,M07,74655.0
LNU02000000,1966,M08,74665.0
LNU02000000,1966,M09,73248.0
LNU02000000,1966,M10,73744.0
LNU02000000,1966,M11,73995.0
LNU02000000,1966,M12,73600.0
LNU02000000,1966,M13,72895.0
LNU02000000,1967,M01,72161.0
LNU02000000,1967,M02,72505.0
LNU02000000,1967,M03,72560.0
LNU02000000,1967,M04,73445.0
LNU02000000,1967,M05,73638.0
LNU02000000,1967,M06,75393.0
LNU02000000,1967,M07,76220.0
LNU02000000,1967,M08,76170.0
LNU02000000,1967,M09,74632.0
LNU02000000,1967,M10,75180.0
LNU02000000,1967,M11,75218.0
LNU02000000,1967,M12,75337.0
LNU02000000,1967,M13,74372.0
LNU02000000,1968,M01,73272.0
LNU02000000,1968,M02,74114.0
LNU02000000,1968,M03,74517.0
LNU02000000,1968,M04,75143.0
LNU02000000,1968,M05,75931.0
LNU02000000,1968,M06,77273.0
LNU02000000,1968,M07,77748.0
LNU02000000,1968,M08,77431.0
LNU02000000,1968,M09,75939.0
LNU02000000,1968,M10,76365.0
LNU02000000,1968,M11,76608.0
LNU02000000,1968,M12,76699.0
LNU02000000,1968,M13,75920.0
LNU02000000,1969,M01,75357.0
LNU02000000,1969,M02,76180.0
LNU02000000,1969,M03,76520.0
LNU02000000,1969,M04,77077.0
LNU02000000,1969,M05,77265.0
LNU02000000,1969,M06,78958.0
LNU02000000,1969,M07,79615.0
LNU02000000,1969,M08,79646.0
LNU02000000,1969,M09,78026.0
LNU02000000,1969,M10,78671.0
LNU02000000,1969,M11,78716.0
LNU02000000,1969,M12,78789.0
LNU02000000,1969,M13,77902.0
LNU02000000,1970,M01,77313.0
LNU02000000,1970,M02,77489.0
LNU02000000,1970,M03,77957.0
LNU02000000,1970,M04,78408.0
LNU02000000,1970,M05,78374.0
LNU02000000,1970,M06,79416.0
LNU02000000,1970,M07,80343.0
LNU02000000,1970,M08,79965.0
LNU02000000,1970,M09,78341.0
LNU02000000,1970,M10,79019.0
LNU02000000,1970,M11,78860.0
LNU02000000,1970,M12,78651.0
LNU02000000,1970,M13,78678.0
LNU02000000,1971,M01,77389.0
LNU02000000,1971,M02,77427.0
LNU02000000,1971,M03,77675.0
LNU02000000,1971,M04,78404.0
LNU02000000,1971,M05,78929.0
LNU02000000,1971,M06,79717.0
LNU02000000,1971,M07,80942.0
LNU02000000,1971,M08,80897.0
LNU02000000,1971,M09,79589.0
LNU02000000,1971,M10,80375.0
LNU02000000,1971,M11,80527.0
LNU02000000,1971,M12,80527.0
LNU02000000,1971,M13,79367.0
LNU02000000,1972,M01,79459.0
LNU02000000,1972,M02,79734.0
LNU02000000,1972,M03,80578.0
LNU02000000,1972,M04,81027.0
LNU02000000,1972,M05,81646.0
LNU02000000,1972,M06,83073.0
LNU02000000,1972,M07,83911.0
LNU02000000,1972,M08,83993.0
LNU02000000,1972,M09,82537.0
LNU02000000,1972,M10,83223.0
LNU02000000,1972,M11,83231.0
LNU02000000,1972,M12,83424.0
LNU02000000,1972,M13,82153.0
LNU02000000,1973,M01,81598.0
LNU02000000,1973,M02,82405.0
LNU02000000,1973,M03,83397.0
LNU02000000,1973,M04,83900.0
LNU02000000,1973,M05,84383.0
LNU02000000,1973,M06,86217.0
LNU02000000,1973,M07,87042.0
LNU02000000,1973,M08,86616.0
LNU02000000,1973,M09,85552.0
LNU02000000,1973,M10,86717.0
LNU02000000,1973,M11,86562.0
LNU02000000,1973,M12,86390.0
LNU02000000,1973,M13,85064.0
LNU02000000,1974,M01,84843.0
LNU02000000,1974,M02,85061.0
LNU02000000,1974,M03,85659.0
LNU02000000,1974,M04,85994.0
LNU02000000,1974,M05,86611.0
LNU02000000,1974,M06,88022.0
LNU02000000,1974,M07,88897.0
LNU02000000,1974,M08,88479.0
LNU02000000,1974,M09,87162.0
LNU02000000,1974,M10,87779.0
LNU02000000,1974,M11,86863.0
LNU02000000,1974,M12,86169.0
LNU02000000,1974,M13,86794.0
LNU02000000,1975,M01,83928.0
LNU02000000,1975,M02,83573.0
LNU02000000,1975,M03,84018.0
LNU02000000,1975,M04,84551.0
LNU02000000,1975,M05,85173.0
LNU02000000,1975,M06,86507.0
LNU02000000,1975,M07,87742.0
LNU02000000,1975,M08,87726.0
LNU02000000,1975,M09,86399.0
LNU02000000,1975,M10,87160.0
LNU02000000,1975,M11,86700.0
LNU02000000,1975,M12,86689.0
LNU02000000,1975,M13,85846.0
LNU02000000,1976,M01,85652.0
LNU02000000,1976,M02,85932.0
LNU02000000,1976,M03,86769.0
LNU02000000,1976,M04,87786.0
LNU02000000,1976,M05,88510.0
LNU02000000,1976,M06,89727.0
LNU02000000,1976,M07,90908.0
LNU02000000,1976,M08,90690.0
LNU02000000,1976,M09,89281.0
LNU02000000,1976,M10,90041.0
LNU02000000,1976,M11,89892.0
LNU02000000,1976,M12,89850.0
LNU02000000,1976,M13,88752.0
LNU02000000,1977,M01,88217.0
LNU02000000,1977,M02,88601.0
LNU02000000,1977,M03,89597.0
LNU02000000,1977,M04,90660.0
LNU02000000,1977,M05,91475.0
LNU02000000,1977,M06,93154.0
LNU02000000,1977,M07,93879.0
LNU02000000,1977,M08,93846.0
LNU02000000,1977,M09,92788.0
LNU02000000,1977,M10,93779.0
LNU02000000,1977,M11,94027.0
LNU02000000,1977,M12,94183.0
LNU02000000,1977,M13,92017.0
LNU02000000,1978,M01,92616.0
LNU02000000,1978,M02,92755.0
LNU02000000,1978,M03,93545.0
LNU02000000,1978,M04,94783.0
LNU02000000,1978,M05,95486.0
LNU02000000,1978,M06,97530.0
LNU02000000,1978,M07,97917.0
LNU02000000,1978,M08,97855.0
LNU02000000,1978,M09,96790.0
LNU02000000,1978,M10,97851.0
LNU02000000,1978,M11,97788.0
LNU02000000,1978,M12,97669.0
LNU02000000,1978,M13,96048.0
LNU02000000,1979,M01,96201.0
LNU02000000,1979,M02,96536.0
LNU02000000,1979,M03,97282.0
LNU02000000,1979,M04,97478.0
LNU02000000,1979,M05,98057.0
LNU02000000,1979,M06,99800.0
LNU02000000,1979,M07,100814.0
LNU02000000,1979,M08,100174.0
LNU02000000,1979,M09,99533.0
LNU02000000,1979,M10,100120.0
LNU02000000,1979,M11,99907.0
LNU02000000,1979,M12,100013.0
LNU02000000,1979,M13,98824.0
LNU02000000,1980,M01,98111.0
LNU02000000,1980,M02,98235.0
LNU02000000,1980,M03,98527.0
LNU02000000,1980,M04,98569.0
LNU02000000,1980,M05,98732.0
LNU02000000,1980,M06,99830.0
LNU02000000,1980,M07,100665.0
LNU02000000,1980,M08,100202.0
LNU02000000,1980,M09,99334.0
LNU02000000,1980,M10,99999.0
LNU02000000,1980,M11,99850.0
LNU02000000,1980,M12,99579.0
LNU02000000,1980,M13,99303.0
LNU02000000,1981,M01,98139.0
LNU02000000,1981,M02,98401.0
LNU02000000,1981,M03,99364.0
LNU02000000,1981,M04,100345.0
LNU02000000,1981,M05,100855.0
LNU02000000,1981,M06,101419.0
LNU02000000,1981,M07,102612.0
LNU02000000,1981,M08,102152.0
LNU02000000,1981,M09,100389.0
LNU02000000,1981,M10,101028.0
LNU02000000,1981,M11,100502.0
LNU02000000,1981,M12,99562.0
LNU02000000,1981,M13,100397.0
LNU02000000,1982,M01,97831.0
LNU02000000,1982,M02,97946.0
LNU02000000,1982,M03,98471.0
LNU02000000,1982,M04,98858.0
LNU02000000,1982,M05,99957.0
LNU02000000,1982,M06,100683.0
LNU02000000,1982,M07,101490.0
LNU02000000,1982,M08,101177.0
LNU02000000,1982,M09,99851.0
LNU02000000,1982,M10,99825.0
LNU02000000,1982,M11,99379.0
LNU02000000,1982,M12,98849.0
LNU02000000,1982,M13,99526.0
LNU02000000,1983,M01,97262.0
LNU02000000,1983,M02,97265.0
LNU02000000,1983,M03,97994.0
LNU02000000,1983,M04,98840.0
LNU02000000,1983,M05,99543.0
LNU02000000,1983,M06,101813.0
LNU02000000,1983,M07,103273.0
LNU02000000,1983,M08,103167.0
LNU02000000,1983,M09,102366.0
LNU02000000,1983,M10,102659.0
LNU02000000,1983,M11,103018.0
LNU02000000,1983,M12,102803.0
LNU02000000,1983,M13,100834.0
LNU02000000,1984,M01,101270.0
LNU02000000,1984,M02,101961.0
LNU02000000,1984,M03,102770.0
LNU02000000,1984,M04,103628.0
LNU02000000,1984,M05,105096.0
LNU02000000,1984,M06,106812.0
LNU02000000,1984,M07,107484.0
LNU02000000,1984,M08,106694.0
LNU02000000,1984,M09,105792.0
LNU02000000,1984,M10,106262.0
LNU02000000,1984,M11,106246.0
LNU02000000,1984,M12,106049.0
LNU02000000,1984,M13,105005.0
LNU02000000,1985,M01,104344.0
LNU02000000,1985,M02,104690.0
LNU02000000,1985,M03,105768.0
LNU02000000,1985,M04,106175.0
LNU02000000,1985,M05,106880.0
LNU02000000,1985,M06,107819.0
LNU02000000,1985,M07,108854.0
LNU02000000,1985,M08,108628.0
LNU02000000,1985,M09,107867.0
LNU02000000,1985,M10,108428.0
LNU02000000,1985,M11,108282.0
LNU02000000,1985,M12,108063.0
LNU02000000,1985,M13,107150.0
LNU02000000,1986,M01,106959.0
LNU02000000,1986,M02,106685.0
LNU02000000,1986,M03,107643.0
LNU02000000,1986,M04,108201.0
LNU02000000,1986,M05,109041.0
LNU02000000,1986,M06,110869.0
LNU02000000,1986,M07,111832.0
LNU02000000,1986,M08,111515.0
LNU02000000,1986,M09,110229.0
LNU02000000,1986,M10,110857.0
LNU02000000,1986,M11,110751.0
LNU02000000,1986,M12,110588.0
LNU02000000,1986,M13,109597.0
LNU02000000,1987,M01,109084.0
LNU02000000,1987,M02,109464.0
LNU02000000,1987,M03,110229.0
LNU02000000,1987,M04,111041.0
LNU02000000,1987,M05,112377.0
LNU02000000,1987,M06,113498.0
LNU02000000,1987,M07,114652.0
LNU02000000,1987,M08,114527.0
LNU02000000,1987,M09,113027.0
LNU02000000,1987,M10,113898.0
LNU02000000,1987,M11,113809.0
LNU02000000,1987,M12,113679.0
LNU02000000,1987,M13,112440.0
LNU02000000,1988,M01,112139.0
LNU02000000,1988,M02,112460.0
LNU02000000,1988,M03,112867.0
LNU02000000,1988,M04,113905.0
LNU02000000,1988,M05,114222.0
LNU02000000,1988,M06,116209.0
LNU02000000,1988,M07,117066.0
LNU02000000,1988,M08,116737.0
LNU02000000,1988,M09,115474.0
LNU02000000,1988,M10,116250.0
LNU02000000,1988,M11,116314.0
LNU02000000,1988,M12,115978.0
LNU02000000,1988,M13,114968.0
LNU02000000,1989,M01,114786.0
LNU02000000,1989,M02,115023.0
LNU02000000,1989,M03,115844.0
LNU02000000,1989,M04,116347.0
LNU02000000,1989,M05,117039.0
LNU02000000,1989,M06,118719.0
LNU02000000,1989,M07,119502.0
LNU02000000,1989,M08,119092.0
LNU02000000,1989,M09,117498.0
LNU02000000,1989,M10,118194.0
LNU02000000,1989,M11,118168.0
LNU02000000,1989,M12,117698.0
LNU02000000,1989,M13,117342.0
LNU02000000,1990,M01,116944.0
LNU02000000,1990,M02,117192.0
LNU02000000,1990,M03,117986.0
LNU02000000,1990,M04,118218.0
LNU02000000,1990,M05,119148.0
LNU02000000,1990,M06,120523.0
LNU02000000,1990,M07,120882.0
LNU02000000,1990,M08,120096.0
LNU02000000,1990,M09,118782.0
LNU02000000,1990,M10,119175.0
LNU02000000,1990,M11,118463.0
LNU02000000,1990,M12,118110.0
LNU02000000,1990,M13,118793.0
LNU02000000,1991,M01,115837.0
LNU02000000,1991,M02,115941.0
LNU02000000,1991,M03,116440.0
LNU02000000,1991,M04,117472.0
LNU02000000,1991,M05,117428.0
LNU02000000,1991,M06,119151.0
LNU02000000,1991,M07,119666.0
LNU02000000,1991,M08,118758.0
LNU02000000,1991,M09,118156.0
LNU02000000,1991,M10,118404.0
LNU02000000,1991,M11,117972.0
LNU02000000,1991,M12,117395.0
LNU02000000,1991,M13,117718.0
LNU02000000,1992,M01,115928.0
LNU02000000,1992,M02,116024.0
LNU02000000,1992,M03,116929.0
LNU02000000,1992,M04,117776.0
LNU02000000,1992,M05,118388.0
LNU02000000,1992,M06,119831.0
LNU02000000,1992,M07,120744.0
LNU02000000,1992,M08,120070.0
LNU02000000,1992,M09,118880.0
LNU02000000,1992,M10,119185.0
LNU02000000,1992,M11,119159.0
LNU02000000,1992,M12,118990.0
LNU02000000,1992,M13,118492.0
LNU02000000,1993,M01,117027.0
LNU02000000,1993,M02,117646.0
LNU02000000,1993,M03,118350.0
LNU02000000,1993,M04,118781.0
LNU02000000,1993,M05,120142.0
LNU02000000,1993,M06,121587.0
LNU02000000,1993,M07,122352.0
LNU02000000,1993,M08,122018.0
LNU02000000,1993,M09,120673.0
LNU02000000,1993,M10,121389.0
LNU02000000,1993,M11,121568.0
LNU02000000,1993,M12,121578.0
LNU02000000,1993,M13,120259.0
LNU02000000,1994,M01,119901.0
LNU02000000,1994,M02,120503.0
LNU02000000,1994,M03,120844.0
LNU02000000,1994,M04,121604.0
LNU02000000,1994,M05,122946.0
LNU02000000,1994,M06,123864.0
LNU02000000,1994,M07,124503.0
LNU02000000,1994,M08,124493.0
LNU02000000,1994,M09,123775.0
LNU02000000,1994,M10,124724.0
LNU02000000,1994,M11,124896.0
LNU02000000,1994,M12,124729.0
LNU02000000,1994,M13,123060.0
LNU02000000,1995,M01,122597.0
LNU02000000,1995,M02,123343.0
LNU02000000,1995,M03,123943.0
LNU02000000,1995,M04,124278.0
LNU02000000,1995,M05,124554.0
LNU02000000,1995,M06,125720.0
LNU02000000,1995,M07,126548.0
LNU02000000,1995,M08,125926.0
LNU02000000,1995,M09,125173.0
LNU02000000,1995,M10,125979.0
LNU02000000,1995,M11,125599.0
LNU02000000,1995,M12,125136.0
LNU02000000,1995,M13,124900.0
LNU02000000,1996,M01,123126.0
LNU02000000,1996,M02,124137.0
LNU02000000,1996,M03,124992.0
LNU02000000,1996,M04,125388.0
LNU02000000,1996,M05,126391.0
LNU02000000,1996,M06,127706.0
LNU02000000,1996,M07,128579.0
LNU02000000,1996,M08,128143.0
LNU02000000,1996,M09,127529.0
LNU02000000,1996,M10,128439.0
LNU02000000,1996,M11,128157.0
LNU02000000,1996,M12,127903.0
LNU02000000,1996,M13,126708.0
LNU02000000,1997,M01,126384.0
LNU02000000,1997,M02,126887.0
LNU02000000,1997,M03,128125.0
LNU02000000,1997,M04,128629.0
LNU02000000,1997,M05,129565.0
LNU02000000,1997,M06,130463.0
LNU02000000,1997,M07,131350.0
LNU02000000,1997,M08,130865.0
LNU02000000,1997,M09,129972.0
LNU02000000,1997,M10,130671.0
LNU02000000,1997,M11,130999.0
LNU02000000,1997,M12,130785.0
LNU02000000,1997,M13,129558.0
LNU02000000,1998,M01,128882.0
LNU02000000,1998,M02,129482.0
LNU02000000,1998,M03,130150.0
LNU02000000,1998,M04,130735.0
LNU02000000,1998,M05,131476.0
LNU02000000,1998,M06,132265.0
LNU02000000,1998,M07,132769.0
LNU02000000,1998,M08,132206.0
LNU02000000,1998,M09,131864.0
LNU02000000,1998,M10,132424.0
LNU02000000,1998,M11,132577.0
LNU02000000,1998,M12,132732.0
LNU02000000,1998,M13,131463.0
LNU02000000,1999,M01,131339.0
LNU02000000,1999,M02,131639.0
LNU02000000,1999,M03,132299.0
LNU02000000,1999,M04,132552.0
LNU02000000,1999,M05,133411.0
LNU02000000,1999,M06,134395.0
LNU02000000,1999,M07,134800.0
LNU02000000,1999,M08,134264.0
LNU02000000,1999,M09,133555.0
LNU02000000,1999,M10,134390.0
LNU02000000,1999,M11,134515.0
LNU02000000,1999,M12,134696.0
LNU02000000,1999,M13,133488.0
LNU02000000,2000,M01,134912.0
LNU02000000,2000,M02,135490.0
LNU02000000,2000,M03,136054.0
LNU02000000,2000,M04,136927.0
LNU02000000,2000,M05,136685.0
LNU02000000,2000,M06,137915.0
LNU02000000,2000,M07,137769.0
LNU02000000,2000,M08,137308.0
LNU02000000,2000,M09,136790.0
LNU02000000,2000,M10,137532.0
LNU02000000,2000,M11,137461.0
LNU02000000,2000,M12,137846.0
LNU02000000,2000,M13,136891.0
LNU02000000,2001,M01,136181.0
LNU02000000,2001,M02,136577.0
LNU02000000,2001,M03,137155.0
LNU02000000,2001,M04,137022.0
LNU02000000,2001,M05,137121.0
LNU02000000,2001,M06,137737.0
LNU02000000,2001,M07,138239.0
LNU02000000,2001,M08,136809.0
LNU02000000,2001,M09,136835.0
LNU02000000,2001,M10,136885.0
LNU02000000,2001,M11,136370.0
LNU02000000,2001,M12,136269.0
LNU02000000,2001,M13,136933.0
LNU02000000,2002,M01,134177.0
LNU02000000,2002,M02,135443.0
LNU02000000,2002,M03,135558.0
LNU02000000,2002,M04,135903.0
LNU02000000,2002,M05,136559.0
LNU02000000,2002,M06,137181.0
LNU02000000,2002,M07,137495.0
LNU02000000,2002,M08,137295.0
LNU02000000,2002,M09,137377.0
LNU02000000,2002,M10,137551.0
LNU02000000,2002,M11,136684.0
LNU02000000,2002,M12,136599.0
LNU02000000,2002,M13,136485.0
LNU02000000,2003,M01,135907.0
LNU02000000,2003,M02,136433.0
LNU02000000,2003,M03,136783.0
LNU02000000,2003,M04,137424.0
LNU02000000,2003,M05,137567.0
LNU02000000,2003,M06,138468.0
LNU02000000,2003,M07,138503.0
LNU02000000,2003,M08,138137.0
LNU02000000,2003,M09,137731.0
LNU02000000,2003,M10,138619.0
LNU02000000,2003,M11,138700.0
LNU02000000,2003,M12,138556.0
LNU02000000,2003,M13,137736.0
LNU02000000,2004,M01,136924.0
LNU02000000,2004,M02,137384.0
LNU02000000,2004,M03,137691.0
LNU02000000,2004,M04,138423.0
LNU02000000,2004,M05,138867.0
LNU02000000,2004,M06,139861.0
LNU02000000,2004,M07,140700.0
LNU02000000,2004,M08,140226.0
LNU02000000,2004,M09,139641.0
LNU02000000,2004,M10,140447.0
LNU02000000,2004,M11,140581.0
LNU02000000,2004,M12,140278.0
LNU02000000,2004,M13,139252.0
LNU02000000,2005,M01,138682.0
LNU02000000,2005,M02,139100.0
LNU02000000,2005,M03,139759.0
LNU02000000,2005,M04,140939.0
LNU02000000,2005,M05,141591.0
LNU02000000,2005,M06,142456.0
LNU02000000,2005,M07,143283.0
LNU02000000,2005,M08,143142.0
LNU02000000,2005,M09,142579.0
LNU02000000,2005,M10,143340.0
LNU02000000,2005,M11,142968.0
LNU02000000,2005,M12,142918.0
LNU02000000,2005,M13,141730.0
LNU02000000,2006,M01,141481.0
LNU02000000,2006,M02,141994.0
LNU02000000,2006,M03,142772.0
LNU02000000,2006,M04,143405.0
LNU02000000,2006,M05,144041.0
LNU02000000,2006,M06,145216.0
LNU02000000,2006,M07,145606.0
LNU02000000,2006,M08,145379.0
LNU02000000,2006,M09,145010.0
LNU02000000,2006,M10,146125.0
LNU02000000,2006,M11,146014.0
LNU02000000,2006,M12,146081.0
LNU02000000,2006,M13,144427.0
LNU02000000,2007,M01,144275.0
LNU02000000,2007,M02,144479.0
LNU02000000,2007,M03,145323.0
LNU02000000,2007,M04,145297.0
LNU02000000,2007,M05,145864.0
LNU02000000,2007,M06,146958.0
LNU02000000,2007,M07,147315.0
LNU02000000,2007,M08,146406.0
LNU02000000,2007,M09,146448.0
LNU02000000,2007,M10,146743.0
LNU02000000,2007,M11,147118.0
LNU02000000,2007,M12,146334.0
LNU02000000,2007,M13,146047.0
LNU02000000,2008,M01,144607.0
LNU02000000,2008,M02,144550.0
LNU02000000,2008,M03,145108.0
LNU02000000,2008,M04,145921.0
LNU02000000,2008,M05,145927.0
LNU02000000,2008,M06,146649.0
LNU02000000,2008,M07,146867.0
LNU02000000,2008,M08,145909.0
LNU02000000,2008,M09,145310.0
LNU02000000,2008,M10,145543.0
LNU02000000,2008,M11,144609.0
LNU02000000,2008,M12,143350.0
LNU02000000,2008,M13,145362.0
LNU02000000,2009,M01,140436.0
LNU02000000,2009,M02,140105.0
LNU02000000,2009,M03,139833.0
LNU02000000,2009,M04,140586.0
LNU02000000,2009,M05,140363.0
LNU02000000,2009,M06,140826.0
LNU02000000,2009,M07,141055.0
LNU02000000,2009,M08,140074.0
LNU02000000,2009,M09,139079.0
LNU02000000,2009,M10,139088.0
LNU02000000,2009,M11,139132.0
LNU02000000,2009,M12,137953.0
LNU02000000,2009,M13,139877.0
LNU02000000,2010,M01,136809.0
LNU02000000,2010,M02,137203.0
LNU02000000,2010,M03,137983.0
LNU02000000,2010,M04,139302.0
LNU02000000,2010,M05,139497.0
LNU02000000,2010,M06,139882.0
LNU02000000,2010,M07,140134.0
LNU02000000,2010,M08,139919.0
LNU02000000,2010,M09,139715.0
LNU02000000,2010,M10,139749.0
LNU02000000,2010,M11,139415.0
LNU02000000,2010,M12,139159.0
LNU02000000,2010,M13,139064.0
LNU02000000,2011,M01,137599.0
LNU02000000,2011,M02,138093.0
LNU02000000,2011,M03,138962.0
LNU02000000,2011,M04,139661.0
LNU02000000,2011,M05,140028.0
LNU02000000,2011,M06,140129.0
LNU02000000,2011,M07,140384.0
LNU02000000,2011,M08,140335.0
LNU02000000,2011,M09,140502.0
LNU02000000,2011,M10,140987.0
LNU02000000,2011,M11,141070.0
LNU02000000,2011,M12,140681.0
LNU02000000,2011,M13,139869.0
LNU02000000,2012,M01,139944.0
LNU02000000,2012,M02,140684.0
LNU02000000,2012,M03,141412.0
LNU02000000,2012,M04,141995.0
LNU02000000,2012,M05,142727.0
LNU02000000,2012,M06,143202.0
LNU02000000,2012,M07,143126.0
LNU02000000,2012,M08,142558.0
LNU02000000,2012,M09,143333.0
LNU02000000,2012,M10,144039.0
LNU02000000,2012,M11,143549.0
LNU02000000,2012,M12,143060.0
LNU02000000,2012,M13,142469.0
LNU02000000,2013,M01,141614.0
LNU02000000,2013,M02,142228.0
LNU02000000,2013,M03,142698.0
LNU02000000,2013,M04,143724.0
LNU02000000,2013,M05,144432.0
LNU02000000,2013,M06,144841.0
LNU02000000,2013,M07,145113.0
LNU02000000,2013,M08,144509.0
LNU02000000,2013,M09,144651.0
LNU02000000,2013,M10,144144.0
LNU02000000,2013,M11,144775.0
LNU02000000,2013,M12,144423.0
LNU02000000,2013,M13,143929.0
LNU02000000,2014,M01,143526.0
LNU02000000,2014,M02,144134.0
LNU02000000,2014,M03,145090.0
LNU02000000,2014,M04,145767.0
LNU02000000,2014,M05,146398.0
LNU02000000,2014,M06,147104.0
LNU02000000,2014,M07,147265.0
LNU02000000,2014,M08,146647.0
LNU02000000,2014,M09,146941.0
LNU02000000,2014,M10,147936.0
LNU02000000,2014,M11,147666.0
LNU02000000,2014,M12,147190.0
LNU02000000,2014,M13,146305.0
LNU02000000,2015,M01,146552.0
LNU02000000,2015,M02,147118.0
LNU02000000,2015,M03,147635.0
LNU02000000,2015,M04,148587.0
LNU02000000,2015,M05,149349.0
LNU02000000,2015,M06,149645.0
LNU02000000,2015,M07,149722.0
LNU02000000,2015,M08,149228.0
LNU02000000,2015,M09,148980.0
LNU02000000,2015,M10,149716.0
LNU02000000,2015,M11,149766.0
LNU02000000,2015,M12,149703.0
LNU02000000,2015,M13,148834.0
LNU02000000,2016,M01,149037.0
LNU02000000,2016,M02,150060.0
LNU02000000,2016,M03,150738.0
LNU02000000,2016,M04,151075.0
LNU02000000,2016,M05,151594.0
LNU02000000,2016,M06,151990.0
LNU02000000,2016,M07,152437.0
LNU02000000,2016,M08,151804.0
LNU02000000,2016,M09,151977.0
LNU02000000,2016,M10,152335.0
LNU02000000,2016,M11,152385.0
LNU02000000,2016,M12,151798.0
LNU02000000,2016,M13,151436.0
LNU02000000,2017,M01,150527.0
LNU02000000,2017,M02,151594.0
LNU02000000,2017,M03,152628.0
LNU02000000,2017,M04,153262.0
LNU02000000,2017,M05,153407.0
LNU02000000,2017,M06,154086.0
LNU02000000,2017,M07,154470.0
LNU02000000,2017,M08,153576.0
LNU02000000,2017,M09,154494.0
LNU02000000,2017,M10,154223.0
LNU02000000,2017,M11,154180.0
LNU02000000,2017,M12,153602.0
LNU02000000,2017,M13,153337.0
LNU02000000,2018,M01,152848.0
LNU02000000,2018,M02,154403.0
LNU02000000,2018,M03,154877.0
LNU02000000,2018,M04,155348.0
LNU02000000,2018,M05,156009.0
LNU02000000,2018,M06,156465.0
LNU02000000,2018,M07,157004.0
LNU02000000,2018,M08,155539.0
LNU02000000,2018,M09,156191.0
LNU02000000,2018,M10,156952.0
LNU02000000,2018,M11,157015.0
LNU02000000,2018,M12,156481.0
LNU02000000,2018,M13,155761.0
LNU02000000,2019,M01,154964.0
LNU02000000,2019,M02,156167.0
LNU02000000,2019,M03,156441.0
LNU02000000,2019,M04,156710.0
LNU02000000,2019,M05,157152.0
LNU02000000,2019,M06,157828.0
LNU02000000,2019,M07,158385.0
LNU02000000,2019,M08,157816.0
LNU02000000,2019,M09,158478.0
LNU02000000,2019,M10,159067.0
LNU02000000,2019,M11,158945.0
LNU02000000,2019,M12,158504.0
LNU02000000,2019,M13,157538.0
LNU02000000,2020,M01,156994.0
LNU02000000,2020,M02,158017.0
LNU02000000,2020,M03,155167.0
LNU02000000,2020,M04,133326.0
LNU02000000,2020,M05,137461.0
LNU02000000,2020,M06,142811.0
LNU02000000,2020,M07,144492.0
LNU02000000,2020,M08,147224.0
LNU02000000,2020,M09,147796.0
LNU02000000,2020,M10,150433.0
LNU02000000,2020,M11,150203.0
LNU02000000,2020,M12,149613.0
LNU02000000,2020,M13,147795.0
LNU02000000,2021,M01,148383.0
LNU02000000,2021,M02,149522.0
LNU02000000,2021,M03,150493.0
LNU02000000,2021,M04,151160.0
LNU02000000,2021,M05,151778.0
LNU02000000,2021,M06,152283.0
LNU02000000,2021,M07,153596.0
LNU02000000,2021,M08,153232.0
LNU02000000,2021,M09,154026.0
LNU02000000,2021,M10,154966.0
LNU02000000,2021,M11,155797.0
LNU02000000,2021,M12,155732.0
LNU02000000,2021,M13,152581.0
LNU02000000,2022,M01,155618.0
LNU02000000,2022,M02,156942.0
LNU02000000,2022,M03,158106.0
LNU02000000,2022,M04,157991.0
LNU02000000,2022,M05,158609.0
LNU02000000,2022,M06,158678.0
LNU02000000,2022,M07,159067.0
LNU02000000,2022,M08,158714.0
LNU02000000,2022,M09,159003.0
LNU02000000,2022,M10,159144.0
LNU02000000,2022,M11,158749.0
LNU02000000,2022,M12,158872.0
LNU02000000,2022,M13,158291.0
LNU02000000,2023,M01,158692.0
LNU02000000,2023,M02,159713.0
LNU02000000,2023,M03,160741.0
LNU02000000,2023,M04,161075.0
LNU02000000,2023,M05,161002.0
LNU02000000,2023,M06,161559.0
LNU02000000,2023,M07,161982.0
LNU02000000,2023,M08,161427.0
LNU02000000,2023,M09,161669.0
LNU02000000,2023,M10,161676.0
LNU02000000,2023,M11,162149.0
LNU02000000,2023,M12,160754.0
LNU02000000,2023,M13,161037.0
LNU02000000,2024,M01,159650.0
LNU02000000,2024,M02,160315.0
LNU02000000,2024,M03,161356.0
LNU02000000,2024,M04,161590.0
LNU02000000,2024,M05,161341.0
LNU02000000,2024,M06,161774.0
LNU02000000,2024,M07,162038.0
LNU02000000,2024,M08,161348.0
LNU02000000,2024,M09,162046.0
LNU02000000,2024,M10,161938.0
LNU02000000,2024,M11,161456.0
LNU02000000,2024,M12,161294.0
LNU02000000,2024,M13,161346.0
LNU02000000,2025,M01,162347.0
LNU02000000,2025,M02,162544.0
LNU02000000,2025,M03,163412.0
LNU02000000,2025,M04,164069.0
LNU02000000,2025,M05,163401.0
LNU02000000,2025,M06,163883.0
LNU02000000,2025,M07,163799.0
LNU02000000,2025,M08,163288.0
LNU02000000,2025,M09,163894.0
LNU02000000,2025,M11,164066.0
LNU02000000,2025,M12,163720.0
LNU02000000,2025,M13,163493.0
LNU02000000,2026,M01,161670.0
LNU02000000,2026,M02,162153.0
LNU02000000,2026,M03,162764.0
LNU02000000,2026,M04,162781.0
LNU02000000,2026,M05,162897.0
LNU02000000,2026,M06,162722.0
LNU02000000,2026,M07,162800.0
LNU02000000,2026,M08,162667.0
LNU02300000,1947,M13,56.0
LNU02300000,1948,M01,54.9
LNU02300000,1948,M02,55.0
LNU02300000,1948,M03,55.1
LNU02300000,1948,M04,55.9
LNU02300000,1948,M05,56.1
LNU02300000,1948,M06,58.0
LNU02300000,1948,M07,58.1
LNU02300000,1948,M08,57.8
LNU02300000,1948,M09,57.4
LNU02300000,1948,M10,57.4
LNU02300000,1948,M11,57.0
LNU02300000,1948,M12,56.6
LNU02300000,1948,M13,56.6
LNU02300000,1949,M01,54.6
LNU02300000,1949,M02,54.4
LNU02300000,1949,M03,54.8
LNU02300000,1949,M04,54.9
LNU02300000,1949,M05,55.5
LNU02300000,1949,M06,56.0
LNU02300000,1949,M07,55.9
LNU02300000,1949,M08,56.2
LNU02300000,1949,M09,56.0
LNU02300000,1949,M10,55.6
LNU02300000,1949,M11,56.1
LNU02300000,1949,M12,55.2
LNU02300000,1949,M13,55.4
LNU02300000,1950,M01,53.7
LNU02300000,1950,M02,53.7
LNU02300000,1950,M03,54.1
LNU02300000,1950,M04,55.1
LNU02300000,1950,M05,55.9
LNU02300000,1950,M06,57.1
LNU02300000,1950,M07,56.9
LNU02300000,1950,M08,57.9
LNU02300000,1950,M09,57.2
LNU02300000,1950,M10,57.8
LNU02300000,1950,M11,57.5
LNU02300000,1950,M12,56.6
LNU02300000,1950,M13,56.1
LNU02300000,1951,M01,55.5
LNU02300000,1951,M02,55.5
LNU02300000,1951,M03,56.7
LNU02300000,1951,M04,56.6
LNU02300000,1951,M05,57.6
LNU02300000,1951,M06,57.8
LNU02300000,1951,M07,58.3
LNU02300000,1951,M08,58.5
LNU02300000,1951,M09,57.8
LNU02300000,1951,M10,58.2
LNU02300000,1951,M11,57.7
LNU02300000,1951,M12,57.5
LNU02300000,1951,M13,57.3
LNU02300000,1952,M01,56.2
LNU02300000,1952,M02,56.1
LNU02300000,1952,M03,56.2
LNU02300000,1952,M04,56.5
LNU02300000,1952,M05,57.4
LNU02300000,1952,M06,58.0
LNU02300000,1952,M07,57.7
LNU02300000,1952,M08,57.8
LNU02300000,1952,M09,58.0
LNU02300000,1952,M10,57.8
LNU02300000,1952,M11,58.1
LNU02300000,1952,M12,57.4
LNU02300000,1952,M13,57.3
LNU02300000,1953,M01,56.4
LNU02300000,1953,M02,56.5
LNU02300000,1953,M03,57.0
LNU02300000,1953,M04,56.9
LNU02300000,1953,M05,57.1
LNU02300000,1953,M06,58.1
LNU02300000,1953,M07,58.1
LNU02300000,1953,M08,58.1
LNU02300000,1953,M09,57.4
LNU02300000,1953,M10,57.6
LNU02300000,1953,M11,57.0
LNU02300000,1953,M12,55.6
LNU02300000,1953,M13,57.1
LNU02300000,1954,M01,54.4
LNU02300000,1954,M02,54.7
LNU02300000,1954,M03,54.7
LNU02300000,1954,M04,55.1
LNU02300000,1954,M05,55.5
LNU02300000,1954,M06,55.9
LNU02300000,1954,M07,55.9
LNU02300000,1954,M08,56.1
LNU02300000,1954,M09,56.2
LNU02300000,1954,M10,56.3
LNU02300000,1954,M11,56.0
LNU02300000,1954,M12,55.1
LNU02300000,1954,M13,55.5
LNU02300000,1955,M01,54.4
LNU02300000,1955,M02,54.4
LNU02300000,1955,M03,54.8
LNU02300000,1955,M04,55.6
LNU02300000,1955,M05,56.4
LNU02300000,1955,M06,57.0
LNU02300000,1955,M07,57.8
LNU02300000,1955,M08,58.1
LNU02300000,1955,M09,57.9
LNU02300000,1955,M10,58.3
LNU02300000,1955,M11,57.9
LNU02300000,1955,M12,57.4
LNU02300000,1955,M13,56.7
LNU02300000,1956,M01,56.2
LNU02300000,1956,M02,55.9
LNU02300000,1956,M03,56.2
LNU02300000,1956,M04,56.9
LNU02300000,1956,M05,57.8
LNU02300000,1956,M06,58.3
LNU02300000,1956,M07,58.5
LNU02300000,1956,M08,58.6
LNU02300000,1956,M09,58.3
LNU02300000,1956,M10,58.4
LNU02300000,1956,M11,57.7
LNU02300000,1956,M12,57.0
LNU02300000,1956,M13,57.5
LNU02300000,1957,M01,55.5
LNU02300000,1957,M02,56.0
LNU02300000,1957,M03,56.5
LNU02300000,1957,M04,56.7
LNU02300000,1957,M05,57.3
LNU02300000,1957,M06,58.1
LNU02300000,1957,M07,58.5
LNU02300000,1957,M08,57.8
LNU02300000,1957,M09,57.5
LNU02300000,1957,M10,57.8
LNU02300000,1957,M11,56.8
LNU02300000,1957,M12,56.3
LNU02300000,1957,M13,57.1
LNU02300000,1958,M01,54.4
LNU02300000,1958,M02,54.1
LNU02300000,1958,M03,54.3
LNU02300000,1958,M04,54.8
LNU02300000,1958,M05,55.6
LNU02300000,1958,M06,56.0
LNU02300000,1958,M07,56.1
LNU02300000,1958,M08,56.2
LNU02300000,1958,M09,55.9
LNU02300000,1958,M10,56.5
LNU02300000,1958,M11,55.9
LNU02300000,1958,M12,55.3
LNU02300000,1958,M13,55.4
LNU02300000,1959,M01,54.2
LNU02300000,1959,M02,54.1
LNU02300000,1959,M03,54.9
LNU02300000,1959,M04,55.9
LNU02300000,1959,M05,56.5
LNU02300000,1959,M06,57.2
LNU02300000,1959,M07,57.3
LNU02300000,1959,M08,57.0
LNU02300000,1959,M09,56.6
LNU02300000,1959,M10,56.9
LNU02300000,1959,M11,56.0
LNU02300000,1959,M12,56.0
LNU02300000,1959,M13,56.0
LNU02300000,1960,M01,54.4
LNU02300000,1960,M02,54.7
LNU02300000,1960,M03,54.4
LNU02300000,1960,M04,56.0
LNU02300000,1960,M05,56.7
LNU02300000,1960,M06,57.4
LNU02300000,1960,M07,57.3
LNU02300000,1960,M08,57.1
LNU02300000,1960,M09,56.9
LNU02300000,1960,M10,56.6
LNU02300000,1960,M11,56.3
LNU02300000,1960,M12,55.3
LNU02300000,1960,M13,56.1
LNU02300000,1961,M01,54.0
LNU02300000,1961,M02,54.0
LNU02300000,1961,M03,54.7
LNU02300000,1961,M04,54.8
LNU02300000,1961,M05,55.5
LNU02300000,1961,M06,56.5
LNU02300000,1961,M07,56.3
LNU02300000,1961,M08,56.3
LNU02300000,1961,M09,55.4
LNU02300000,1961,M10,56.0
LNU02300000,1961,M11,55.7
LNU02300000,1961,M12,55.0
LNU02300000,1961,M13,55.4
LNU02300000,1962,M01,53.8
LNU02300000,1962,M02,54.3
LNU02300000,1962,M03,54.8
LNU02300000,1962,M04,55.1
LNU02300000,1962,M05,56.0
LNU02300000,1962,M06,56.6
LNU02300000,1962,M07,56.5
LNU02300000,1962,M08,56.6
LNU02300000,1962,M09,56.0
LNU02300000,1962,M10,56.1
LNU02300000,1962,M11,55.4
LNU02300000,1962,M12,54.9
LNU02300000,1962,M13,55.5
LNU02300000,1963,M01,53.7
LNU02300000,1963,M02,53.9
LNU02300000,1963,M03,54.4
LNU02300000,1963,M04,55.1
LNU02300000,1963,M05,55.7
LNU02300000,1963,M06,56.3
LNU02300000,1963,M07,56.5
LNU02300000,1963,M08,56.3
LNU02300000,1963,M09,55.8
LNU02300000,1963,M10,56.1
LNU02300000,1963,M11,55.6
LNU02300000,1963,M12,55.0
LNU02300000,1963,M13,55.4
LNU02300000,1964,M01,53.8
LNU02300000,1964,M02,54.3
LNU02300000,1964,M03,54.7
LNU02300000,1964,M04,55.6
LNU02300000,1964,M05,56.3
LNU02300000,1964,M06,56.6
LNU02300000,1964,M07,56.9
LNU02300000,1964,M08,56.7
LNU02300000,1964,M09,55.9
LNU02300000,1964,M10,56.1
LNU02300000,1964,M11,55.8
LNU02300000,1964,M12,55.4
LNU02300000,1964,M13,55.7
LNU02300000,1965,M01,54.3
LNU02300000,1965,M02,54.6
LNU02300000,1965,M03,55.1
LNU02300000,1965,M04,55.7
LNU02300000,1965,M05,56.4
LNU02300000,1965,M06,57.1
LNU02300000,1965,M07,57.7
LNU02300000,1965,M08,57.4
LNU02300000,1965,M09,56.3
LNU02300000,1965,M10,56.8
LNU02300000,1965,M11,56.5
LNU02300000,1965,M12,56.4
LNU02300000,1965,M13,56.2
LNU02300000,1966,M01,55.2
LNU02300000,1966,M02,55.4
LNU02300000,1966,M03,55.7
LNU02300000,1966,M04,56.4
LNU02300000,1966,M05,56.8
LNU02300000,1966,M06,57.8
LNU02300000,1966,M07,58.3
LNU02300000,1966,M08,58.2
LNU02300000,1966,M09,57.1
LNU02300000,1966,M10,57.4
LNU02300000,1966,M11,57.5
LNU02300000,1966,M12,57.2
LNU02300000,1966,M13,56.9
LNU02300000,1967,M01,56.0
LNU02300000,1967,M02,56.2
LNU02300000,1967,M03,56.2
LNU02300000,1967,M04,56.8
LNU02300000,1967,M05,56.9
LNU02300000,1967,M06,58.1
LNU02300000,1967,M07,58.7
LNU02300000,1967,M08,58.5
LNU02300000,1967,M09,57.2
LNU02300000,1967,M10,57.6
LNU02300000,1967,M11,57.5
LNU02300000,1967,M12,57.5
LNU02300000,1967,M13,57.3
LNU02300000,1968,M01,55.9
LNU02300000,1968,M02,56.5
LNU02300000,1968,M03,56.7
LNU02300000,1968,M04,57.1
LNU02300000,1968,M05,57.6
LNU02300000,1968,M06,58.6
LNU02300000,1968,M07,58.9
LNU02300000,1968,M08,58.5
LNU02300000,1968,M09,57.3
LNU02300000,1968,M10,57.6
LNU02300000,1968,M11,57.6
LNU02300000,1968,M12,57.6
LNU02300000,1968,M13,57.5
LNU02300000,1969,M01,56.5
LNU02300000,1969,M02,57.1
LNU02300000,1969,M03,57.3
LNU02300000,1969,M04,57.6
LNU02300000,1969,M05,57.6
LNU02300000,1969,M06,58.8
LNU02300000,1969,M07,59.2
LNU02300000,1969,M08,59.2
LNU02300000,1969,M09,57.9
LNU02300000,1969,M10,58.3
LNU02300000,1969,M11,58.2
LNU02300000,1969,M12,58.2
LNU02300000,1969,M13,58.0
LNU02300000,1970,M01,57.0
LNU02300000,1970,M02,57.0
LNU02300000,1970,M03,57.2
LNU02300000,1970,M04,57.5
LNU02300000,1970,M05,57.3
LNU02300000,1970,M06,58.0
LNU02300000,1970,M07,58.6
LNU02300000,1970,M08,58.2
LNU02300000,1970,M09,56.9
LNU02300000,1970,M10,57.3
LNU02300000,1970,M11,57.0
LNU02300000,1970,M12,56.8
LNU02300000,1970,M13,57.4
LNU02300000,1971,M01,55.8
LNU02300000,1971,M02,55.7
LNU02300000,1971,M03,55.8
LNU02300000,1971,M04,56.2
LNU02300000,1971,M05,56.4
LNU02300000,1971,M06,56.9
LNU02300000,1971,M07,57.7
LNU02300000,1971,M08,57.5
LNU02300000,1971,M09,56.5
LNU02300000,1971,M10,56.9
LNU02300000,1971,M11,57.0
LNU02300000,1971,M12,56.8
LNU02300000,1971,M13,56.6
LNU02300000,1972,M01,55.7
LNU02300000,1972,M02,55.8
LNU02300000,1972,M03,56.2
LNU02300000,1972,M04,56.5
LNU02300000,1972,M05,56.8
LNU02300000,1972,M06,57.7
LNU02300000,1972,M07,58.2
LNU02300000,1972,M08,58.1
LNU02300000,1972,M09,57.0
LNU02300000,1972,M10,57.4
LNU02300000,1972,M11,57.3
LNU02300000,1972,M12,57.4
LNU02300000,1972,M13,57.0
LNU02300000,1973,M01,56.0
LNU02300000,1973,M02,56.5
LNU02300000,1973,M03,57.0
LNU02300000,1973,M04,57.3
LNU02300000,1973,M05,57.5
LNU02300000,1973,M06,58.7
LNU02300000,1973,M07,59.1
LNU02300000,1973,M08,58.7
LNU02300000,1973,M09,57.9
LNU02300000,1973,M10,58.6
LNU02300000,1973,M11,58.4
LNU02300000,1973,M12,58.2
LNU02300000,1973,M13,57.8
LNU02300000,1974,M01,57.0
LNU02300000,1974,M02,57.1
LNU02300000,1974,M03,57.4
LNU02300000,1974,M04,57.5
LNU02300000,1974,M05,57.8
LNU02300000,1974,M06,58.7
LNU02300000,1974,M07,59.2
LNU02300000,1974,M08,58.8
LNU02300000,1974,M09,57.8
LNU02300000,1974,M10,58.1
LNU02300000,1974,M11,57.4
LNU02300000,1974,M12,56.9
LNU02300000,1974,M13,57.8
LNU02300000,1975,M01,55.3
LNU02300000,1975,M02,55.0
LNU02300000,1975,M03,55.2
LNU02300000,1975,M04,55.5
LNU02300000,1975,M05,55.8
LNU02300000,1975,M06,56.5
LNU02300000,1975,M07,57.2
LNU02300000,1975,M08,57.1
LNU02300000,1975,M09,56.2
LNU02300000,1975,M10,56.6
LNU02300000,1975,M11,56.2
LNU02300000,1975,M12,56.1
LNU02300000,1975,M13,56.1
LNU02300000,1976,M01,55.3
LNU02300000,1976,M02,55.4
LNU02300000,1976,M03,55.9
LNU02300000,1976,M04,56.4
LNU02300000,1976,M05,56.8
LNU02300000,1976,M06,57.5
LNU02300000,1976,M07,58.2
LNU02300000,1976,M08,57.9
LNU02300000,1976,M09,56.9
LNU02300000,1976,M10,57.4
LNU02300000,1976,M11,57.2
LNU02300000,1976,M12,57.1
LNU02300000,1976,M13,56.8
LNU02300000,1977,M01,55.9
LNU02300000,1977,M02,56.1
LNU02300000,1977,M03,56.7
LNU02300000,1977,M04,57.2
LNU02300000,1977,M05,57.7
LNU02300000,1977,M06,58.6
LNU02300000,1977,M07,59.0
LNU02300000,1977,M08,58.9
LNU02300000,1977,M09,58.1
LNU02300000,1977,M10,58.6
LNU02300000,1977,M11,58.7
LNU02300000,1977,M12,58.7
LNU02300000,1977,M13,57.9
LNU02300000,1978,M01,57.7
LNU02300000,1978,M02,57.7
LNU02300000,1978,M03,58.1
LNU02300000,1978,M04,58.8
LNU02300000,1978,M05,59.1
LNU02300000,1978,M06,60.3
LNU02300000,1978,M07,60.4
LNU02300000,1978,M08,60.3
LNU02300000,1978,M09,59.6
LNU02300000,1978,M10,60.1
LNU02300000,1978,M11,60.0
LNU02300000,1978,M12,59.8
LNU02300000,1978,M13,59.3
LNU02300000,1979,M01,58.8
LNU02300000,1979,M02,59.0
LNU02300000,1979,M03,59.3
LNU02300000,1979,M04,59.4
LNU02300000,1979,M05,59.6
LNU02300000,1979,M06,60.6
LNU02300000,1979,M07,61.1
LNU02300000,1979,M08,60.6
LNU02300000,1979,M09,60.2
LNU02300000,1979,M10,60.4
LNU02300000,1979,M11,60.2
LNU02300000,1979,M12,60.1
LNU02300000,1979,M13,59.9
LNU02300000,1980,M01,58.9
LNU02300000,1980,M02,58.9
LNU02300000,1980,M03,59.0
LNU02300000,1980,M04,59.0
LNU02300000,1980,M05,59.0
LNU02300000,1980,M06,59.5
LNU02300000,1980,M07,59.9
LNU02300000,1980,M08,59.6
LNU02300000,1980,M09,59.0
LNU02300000,1980,M10,59.3
LNU02300000,1980,M11,59.2
LNU02300000,1980,M12,59.0
LNU02300000,1980,M13,59.2
LNU02300000,1981,M01,58.0
LNU02300000,1981,M02,58.1
LNU02300000,1981,M03,58.6
LNU02300000,1981,M04,59.2
LNU02300000,1981,M05,59.4
LNU02300000,1981,M06,59.6
LNU02300000,1981,M07,60.3
LNU02300000,1981,M08,59.9
LNU02300000,1981,M09,58.8
LNU02300000,1981,M10,59.1
LNU02300000,1981,M11,58.8
LNU02300000,1981,M12,58.2
LNU02300000,1981,M13,59.0
LNU02300000,1982,M01,57.1
LNU02300000,1982,M02,57.1
LNU02300000,1982,M03,57.4
LNU02300000,1982,M04,57.5
LNU02300000,1982,M05,58.1
LNU02300000,1982,M06,58.5
LNU02300000,1982,M07,58.9
LNU02300000,1982,M08,58.6
LNU02300000,1982,M09,57.8
LNU02300000,1982,M10,57.7
LNU02300000,1982,M11,57.4
LNU02300000,1982,M12,57.1
LNU02300000,1982,M13,57.8
LNU02300000,1983,M01,56.1
LNU02300000,1983,M02,56.1
LNU02300000,1983,M03,56.4
LNU02300000,1983,M04,56.9
LNU02300000,1983,M05,57.2
LNU02300000,1983,M06,58.5
LNU02300000,1983,M07,59.2
LNU02300000,1983,M08,59.1
LNU02300000,1983,M09,58.6
LNU02300000,1983,M10,58.7
LNU02300000,1983,M11,58.9
LNU02300000,1983,M12,58.7
LNU02300000,1983,M13,57.9
LNU02300000,1984,M01,57.7
LNU02300000,1984,M02,58.0
LNU02300000,1984,M03,58.5
LNU02300000,1984,M04,58.9
LNU02300000,1984,M05,59.7
LNU02300000,1984,M06,60.6
LNU02300000,1984,M07,60.9
LNU02300000,1984,M08,60.4
LNU02300000,1984,M09,59.8
LNU02300000,1984,M10,60.0
LNU02300000,1984,M11,60.0
LNU02300000,1984,M12,59.8
LNU02300000,1984,M13,59.5
LNU02300000,1985,M01,58.8
LNU02300000,1985,M02,59.0
LNU02300000,1985,M03,59.5
LNU02300000,1985,M04,59.7
LNU02300000,1985,M05,60.1
LNU02300000,1985,M06,60.5
LNU02300000,1985,M07,61.1
LNU02300000,1985,M08,60.9
LNU02300000,1985,M09,60.4
LNU02300000,1985,M10,60.7
LNU02300000,1985,M11,60.5
LNU02300000,1985,M12,60.3
LNU02300000,1985,M13,60.1
LNU02300000,1986,M01,59.5
LNU02300000,1986,M02,59.3
LNU02300000,1986,M03,59.8
LNU02300000,1986,M04,60.1
LNU02300000,1986,M05,60.5
LNU02300000,1986,M06,61.4
LNU02300000,1986,M07,61.9
LNU02300000,1986,M08,61.7
LNU02300000,1986,M09,60.9
LNU02300000,1986,M10,61.2
LNU02300000,1986,M11,61.1
LNU02300000,1986,M12,60.9
LNU02300000,1986,M13,60.7
LNU02300000,1987,M01,60.0
LNU02300000,1987,M02,60.1
LNU02300000,1987,M03,60.5
LNU02300000,1987,M04,60.9
LNU02300000,1987,M05,61.6
LNU02300000,1987,M06,62.1
LNU02300000,1987,M07,62.7
LNU02300000,1987,M08,62.6
LNU02300000,1987,M09,61.7
LNU02300000,1987,M10,62.1
LNU02300000,1987,M11,62.0
LNU02300000,1987,M12,61.9
LNU02300000,1987,M13,61.5
LNU02300000,1988,M01,61.0
LNU02300000,1988,M02,61.1
LNU02300000,1988,M03,61.3
LNU02300000,1988,M04,61.8
LNU02300000,1988,M05,62.0
LNU02300000,1988,M06,63.0
LNU02300000,1988,M07,63.4
LNU02300000,1988,M08,63.2
LNU02300000,1988,M09,62.4
LNU02300000,1988,M10,62.8
LNU02300000,1988,M11,62.8
LNU02300000,1988,M12,62.6
LNU02300000,1988,M13,62.3
LNU02300000,1989,M01,61.8
LNU02300000,1989,M02,61.9
LNU02300000,1989,M03,62.3
LNU02300000,1989,M04,62.5
LNU02300000,1989,M05,62.9
LNU02300000,1989,M06,63.7
LNU02300000,1989,M07,64.1
LNU02300000,1989,M08,63.8
LNU02300000,1989,M09,62.9
LNU02300000,1989,M10,63.2
LNU02300000,1989,M11,63.2
LNU02300000,1989,M12,62.9
LNU02300000,1989,M13,63.0
LNU02300000,1990,M01,62.1
LNU02300000,1990,M02,62.2
LNU02300000,1990,M03,62.5
LNU02300000,1990,M04,62.6
LNU02300000,1990,M05,63.1
LNU02300000,1990,M06,63.7
LNU02300000,1990,M07,63.9
LNU02300000,1990,M08,63.4
LNU02300000,1990,M09,62.7
LNU02300000,1990,M10,62.8
LNU02300000,1990,M11,62.4
LNU02300000,1990,M12,62.2
LNU02300000,1990,M13,62.8
LNU02300000,1991,M01,60.9
LNU02300000,1991,M02,60.9
LNU02300000,1991,M03,61.2
LNU02300000,1991,M04,61.7
LNU02300000,1991,M05,61.6
LNU02300000,1991,M06,62.4
LNU02300000,1991,M07,62.7
LNU02300000,1991,M08,62.1
LNU02300000,1991,M09,61.8
LNU02300000,1991,M10,61.8
LNU02300000,1991,M11,61.6
LNU02300000,1991,M12,61.2
LNU02300000,1991,M13,61.7
LNU02300000,1992,M01,60.4
LNU02300000,1992,M02,60.4
LNU02300000,1992,M03,60.8
LNU02300000,1992,M04,61.2
LNU02300000,1992,M05,61.5
LNU02300000,1992,M06,62.2
LNU02300000,1992,M07,62.6
LNU02300000,1992,M08,62.2
LNU02300000,1992,M09,61.5
LNU02300000,1992,M10,61.6
LNU02300000,1992,M11,61.5
LNU02300000,1992,M12,61.4
LNU02300000,1992,M13,61.5
LNU02300000,1993,M01,60.3
LNU02300000,1993,M02,60.6
LNU02300000,1993,M03,60.9
LNU02300000,1993,M04,61.1
LNU02300000,1993,M05,61.8
LNU02300000,1993,M06,62.4
LNU02300000,1993,M07,62.8
LNU02300000,1993,M08,62.6
LNU02300000,1993,M09,61.8
LNU02300000,1993,M10,62.1
LNU02300000,1993,M11,62.1
LNU02300000,1993,M12,62.1
LNU02300000,1993,M13,61.7
LNU02300000,1994,M01,61.2
LNU02300000,1994,M02,61.5
LNU02300000,1994,M03,61.6
LNU02300000,1994,M04,61.9
LNU02300000,1994,M05,62.6
LNU02300000,1994,M06,63.0
LNU02300000,1994,M07,63.2
LNU02300000,1994,M08,63.2
LNU02300000,1994,M09,62.8
LNU02300000,1994,M10,63.2
LNU02300000,1994,M11,63.2
LNU02300000,1994,M12,63.1
LNU02300000,1994,M13,62.5
LNU02300000,1995,M01,62.0
LNU02300000,1995,M02,62.3
LNU02300000,1995,M03,62.6
LNU02300000,1995,M04,62.7
LNU02300000,1995,M05,62.8
LNU02300000,1995,M06,63.4
LNU02300000,1995,M07,63.7
LNU02300000,1995,M08,63.3
LNU02300000,1995,M09,62.9
LNU02300000,1995,M10,63.2
LNU02300000,1995,M11,63.0
LNU02300000,1995,M12,62.7
LNU02300000,1995,M13,62.9
LNU02300000,1996,M01,61.7
LNU02300000,1996,M02,62.1
LNU02300000,1996,M03,62.5
LNU02300000,1996,M04,62.7
LNU02300000,1996,M05,63.1
LNU02300000,1996,M06,63.7
LNU02300000,1996,M07,64.1
LNU02300000,1996,M08,63.8
LNU02300000,1996,M09,63.4
LNU02300000,1996,M10,63.8
LNU02300000,1996,M11,63.6
LNU02300000,1996,M12,63.4
LNU02300000,1996,M13,63.2
LNU02300000,1997,M01,62.5
LNU02300000,1997,M02,62.7
LNU02300000,1997,M03,63.3
LNU02300000,1997,M04,63.5
LNU02300000,1997,M05,63.9
LNU02300000,1997,M06,64.3
LNU02300000,1997,M07,64.7
LNU02300000,1997,M08,64.4
LNU02300000,1997,M09,63.8
LNU02300000,1997,M10,64.1
LNU02300000,1997,M11,64.2
LNU02300000,1997,M12,64.1
LNU02300000,1997,M13,63.8
LNU02300000,1998,M01,63.1
LNU02300000,1998,M02,63.3
LNU02300000,1998,M03,63.6
LNU02300000,1998,M04,63.9
LNU02300000,1998,M05,64.2
LNU02300000,1998,M06,64.5
LNU02300000,1998,M07,64.7
LNU02300000,1998,M08,64.3
LNU02300000,1998,M09,64.1
LNU02300000,1998,M10,64.3
LNU02300000,1998,M11,64.3
LNU02300000,1998,M12,64.3
LNU02300000,1998,M13,64.1
LNU02300000,1999,M01,63.5
LNU02300000,1999,M02,63.6
LNU02300000,1999,M03,63.9
LNU02300000,1999,M04,64.0
LNU02300000,1999,M05,64.3
LNU02300000,1999,M06,64.7
LNU02300000,1999,M07,64.9
LNU02300000,1999,M08,64.5
LNU02300000,1999,M09,64.1
LNU02300000,1999,M10,64.5
LNU02300000,1999,M11,64.5
LNU02300000,1999,M12,64.5
LNU02300000,1999,M13,64.3
LNU02300000,2000,M01,63.8
LNU02300000,2000,M02,64.0
LNU02300000,2000,M03,64.2
LNU02300000,2000,M04,64.6
LNU02300000,2000,M05,64.4
LNU02300000,2000,M06,64.9
LNU02300000,2000,M07,64.8
LNU02300000,2000,M08,64.5
LNU02300000,2000,M09,64.2
LNU02300000,2000,M10,64.4
LNU02300000,2000,M11,64.4
LNU02300000,2000,M12,64.5
LNU02300000,2000,M13,64.4
LNU02300000,2001,M01,63.7
LNU02300000,2001,M02,63.8
LNU02300000,2001,M03,64.0
LNU02300000,2001,M04,63.9
LNU02300000,2001,M05,63.9
LNU02300000,2001,M06,64.1
LNU02300000,2001,M07,64.2
LNU02300000,2001,M08,63.5
LNU02300000,2001,M09,63.4
LNU02300000,2001,M10,63.4
LNU02300000,2001,M11,63.1
LNU02300000,2001,M12,63.0
LNU02300000,2001,M13,63.7
LNU02300000,2002,M01,62.0
LNU02300000,2002,M02,62.5
LNU02300000,2002,M03,62.5
LNU02300000,2002,M04,62.6
LNU02300000,2002,M05,62.9
LNU02300000,2002,M06,63.1
LNU02300000,2002,M07,63.2
LNU02300000,2002,M08,63.0
LNU02300000,2002,M09,63.0
LNU02300000,2002,M10,63.0
LNU02300000,2002,M11,62.5
LNU02300000,2002,M12,62.4
LNU02300000,2002,M13,62.7
LNU02300000,2003,M01,61.8
LNU02300000,2003,M02,62.0
LNU02300000,2003,M03,62.1
LNU02300000,2003,M04,62.3
LNU02300000,2003,M05,62.3
LNU02300000,2003,M06,62.7
LNU02300000,2003,M07,62.6
LNU02300000,2003,M08,62.4
LNU02300000,2003,M09,62.1
LNU02300000,2003,M10,62.4
LNU02300000,2003,M11,62.4
LNU02300000,2003,M12,62.3
LNU02300000,2003,M13,62.3
LNU02300000,2004,M01,61.6
LNU02300000,2004,M02,61.8
LNU02300000,2004,M03,61.9
LNU02300000,2004,M04,62.1
LNU02300000,2004,M05,62.3
LNU02300000,2004,M06,62.7
LNU02300000,2004,M07,63.0
LNU02300000,2004,M08,62.7
LNU02300000,2004,M09,62.4
LNU02300000,2004,M10,62.6
LNU02300000,2004,M11,62.6
LNU02300000,2004,M12,62.4
LNU02300000,2004,M13,62.3
LNU02300000,2005,M01,61.7
LNU02300000,2005,M02,61.8
LNU02300000,2005,M03,62.0
LNU02300000,2005,M04,62.5
LNU02300000,2005,M05,62.7
LNU02300000,2005,M06,63.1
LNU02300000,2005,M07,63.4
LNU02300000,2005,M08,63.2
LNU02300000,2005,M09,62.9
LNU02300000,2005,M10,63.2
LNU02300000,2005,M11,62.9
LNU02300000,2005,M12,62.8
LNU02300000,2005,M13,62.7
LNU02300000,2006,M01,62.2
LNU02300000,2006,M02,62.3
LNU02300000,2006,M03,62.6
LNU02300000,2006,M04,62.8
LNU02300000,2006,M05,63.1
LNU02300000,2006,M06,63.5
LNU02300000,2006,M07,63.6
LNU02300000,2006,M08,63.4
LNU02300000,2006,M09,63.2
LNU02300000,2006,M10,63.6
LNU02300000,2006,M11,63.5
LNU02300000,2006,M12,63.5
LNU02300000,2006,M13,63.1
LNU02300000,2007,M01,62.6
LNU02300000,2007,M02,62.6
LNU02300000,2007,M03,62.9
LNU02300000,2007,M04,62.8
LNU02300000,2007,M05,63.0
LNU02300000,2007,M06,63.4
LNU02300000,2007,M07,63.5
LNU02300000,2007,M08,63.0
LNU02300000,2007,M09,63.0
LNU02300000,2007,M10,63.1
LNU02300000,2007,M11,63.2
LNU02300000,2007,M12,62.8
LNU02300000,2007,M13,63.0
LNU02300000,2008,M01,62.2
LNU02300000,2008,M02,62.1
LNU02300000,2008,M03,62.3
LNU02300000,2008,M04,62.6
LNU02300000,2008,M05,62.5
LNU02300000,2008,M06,62.8
LNU02300000,2008,M07,62.8
LNU02300000,2008,M08,62.3
LNU02300000,2008,M09,62.0
LNU02300000,2008,M10,62.0
LNU02300000,2008,M11,61.6
LNU02300000,2008,M12,61.0
LNU02300000,2008,M13,62.2
LNU02300000,2009,M01,59.8
LNU02300000,2009,M02,59.6
LNU02300000,2009,M03,59.5
LNU02300000,2009,M04,59.8
LNU02300000,2009,M05,59.6
LNU02300000,2009,M06,59.8
LNU02300000,2009,M07,59.8
LNU02300000,2009,M08,59.3
LNU02300000,2009,M09,58.9
LNU02300000,2009,M10,58.8
LNU02300000,2009,M11,58.8
LNU02300000,2009,M12,58.2
LNU02300000,2009,M13,59.3
LNU02300000,2010,M01,57.8
LNU02300000,2010,M02,57.9
LNU02300000,2010,M03,58.2
LNU02300000,2010,M04,58.7
LNU02300000,2010,M05,58.7
LNU02300000,2010,M06,58.9
LNU02300000,2010,M07,58.9
LNU02300000,2010,M08,58.8
LNU02300000,2010,M09,58.6
LNU02300000,2010,M10,58.6
LNU02300000,2010,M11,58.4
LNU02300000,2010,M12,58.3
LNU02300000,2010,M13,58.5
LNU02300000,2011,M01,57.6
LNU02300000,2011,M02,57.8
LNU02300000,2011,M03,58.1
LNU02300000,2011,M04,58.4
LNU02300000,2011,M05,58.5
LNU02300000,2011,M06,58.5
LNU02300000,2011,M07,58.6
LNU02300000,2011,M08,58.5
LNU02300000,2011,M09,58.5
LNU02300000,2011,M10,58.7
LNU02300000,2011,M11,58.7
LNU02300000,2011,M12,58.5
LNU02300000,2011,M13,58.4
LNU02300000,2012,M01,57.8
LNU02300000,2012,M02,58.0
LNU02300000,2012,M03,58.3
LNU02300000,2012,M04,58.5
LNU02300000,2012,M05,58.7
LNU02300000,2012,M06,58.9
LNU02300000,2012,M07,58.8
LNU02300000,2012,M08,58.5
LNU02300000,2012,M09,58.8
LNU02300000,2012,M10,59.0
LNU02300000,2012,M11,58.8
LNU02300000,2012,M12,58.5
LNU02300000,2012,M13,58.6
LNU02300000,2013,M01,57.9
LNU02300000,2013,M02,58.1
LNU02300000,2013,M03,58.2
LNU02300000,2013,M04,58.6
LNU02300000,2013,M05,58.9
LNU02300000,2013,M06,59.0
LNU02300000,2013,M07,59.0
LNU02300000,2013,M08,58.8
LNU02300000,2013,M09,58.8
LNU02300000,2013,M10,58.5
LNU02300000,2013,M11,58.7
LNU02300000,2013,M12,58.5
LNU02300000,2013,M13,58.6
LNU02300000,2014,M01,58.1
LNU02300000,2014,M02,58.3
LNU02300000,2014,M03,58.7
LNU02300000,2014,M04,58.9
LNU02300000,2014,M05,59.1
LNU02300000,2014,M06,59.4
LNU02300000,2014,M07,59.4
LNU02300000,2014,M08,59.1
LNU02300000,2014,M09,59.1
LNU02300000,2014,M10,59.5
LNU02300000,2014,M11,59.3
LNU02300000,2014,M12,59.1
LNU02300000,2014,M13,59.0
LNU02300000,2015,M01,58.7
LNU02300000,2015,M02,58.9
LNU02300000,2015,M03,59.0
LNU02300000,2015,M04,59.4
LNU02300000,2015,M05,59.6
LNU02300000,2015,M06,59.7
LNU02300000,2015,M07,59.7
LNU02300000,2015,M08,59.4
LNU02300000,2015,M09,59.3
LNU02300000,2015,M10,59.5
LNU02300000,2015,M11,59.5
LNU02300000,2015,M12,59.4
LNU02300000,2015,M13,59.3
LNU02300000,2016,M01,59.0
LNU02300000,2016,M02,59.4
LNU02300000,2016,M03,59.6
LNU02300000,2016,M04,59.7
LNU02300000,2016,M05,59.9
LNU02300000,2016,M06,60.0
LNU02300000,2016,M07,60.1
LNU02300000,2016,M08,59.8
LNU02300000,2016,M09,59.8
LNU02300000,2016,M10,59.9
LNU02300000,2016,M11,59.9
LNU02300000,2016,M12,59.6
LNU02300000,2016,M13,59.7
LNU02300000,2017,M01,59.2
LNU02300000,2017,M02,59.6
LNU02300000,2017,M03,60.0
LNU02300000,2017,M04,60.2
LNU02300000,2017,M05,60.2
LNU02300000,2017,M06,60.4
LNU02300000,2017,M07,60.5
LNU02300000,2017,M08,60.1
LNU02300000,2017,M09,60.5
LNU02300000,2017,M10,60.3
LNU02300000,2017,M11,60.2
LNU02300000,2017,M12,60.0
LNU02300000,2017,M13,60.1
LNU02300000,2018,M01,59.5
LNU02300000,2018,M02,60.1
LNU02300000,2018,M03,60.2
LNU02300000,2018,M04,60.4
LNU02300000,2018,M05,60.6
LNU02300000,2018,M06,60.7
LNU02300000,2018,M07,60.9
LNU02300000,2018,M08,60.3
LNU02300000,2018,M09,60.5
LNU02300000,2018,M10,60.7
LNU02300000,2018,M11,60.7
LNU02300000,2018,M12,60.4
LNU02300000,2018,M13,60.4
LNU02300000,2019,M01,60.0
LNU02300000,2019,M02,60.4
LNU02300000,2019,M03,60.5
LNU02300000,2019,M04,60.6
LNU02300000,2019,M05,60.7
LNU02300000,2019,M06,60.9
LNU02300000,2019,M07,61.1
LNU02300000,2019,M08,60.8
LNU02300000,2019,M09,61.0
LNU02300000,2019,M10,61.2
LNU02300000,2019,M11,61.1
LNU02300000,2019,M12,60.9
LNU02300000,2019,M13,60.8
LNU02300000,2020,M01,60.5
LNU02300000,2020,M02,60.9
LNU02300000,2020,M03,59.7
LNU02300000,2020,M04,51.3
LNU02300000,2020,M05,52.9
LNU02300000,2020,M06,54.9
LNU02300000,2020,M07,55.5
LNU02300000,2020,M08,56.5
LNU02300000,2020,M09,56.7
LNU02300000,2020,M10,57.7
LNU02300000,2020,M11,57.5
LNU02300000,2020,M12,57.3
LNU02300000,2020,M13,56.8
LNU02300000,2021,M01,56.9
LNU02300000,2021,M02,57.3
LNU02300000,2021,M03,57.7
LNU02300000,2021,M04,57.9
LNU02300000,2021,M05,58.1
LNU02300000,2021,M06,58.3
LNU02300000,2021,M07,58.7
LNU02300000,2021,M08,58.6
LNU02300000,2021,M09,58.8
LNU02300000,2021,M10,59.2
LNU02300000,2021,M11,59.5
LNU02300000,2021,M12,59.4
LNU02300000,2021,M13,58.4
LNU02300000,2022,M01,59.1
LNU02300000,2022,M02,59.6
LNU02300000,2022,M03,60.0
LNU02300000,2022,M04,59.9
LNU02300000,2022,M05,60.2
LNU02300000,2022,M06,60.1
LNU02300000,2022,M07,60.2
LNU02300000,2022,M08,60.1
LNU02300000,2022,M09,60.1
LNU02300000,2022,M10,60.2
LNU02300000,2022,M11,60.0
LNU02300000,2022,M12,60.0
LNU02300000,2022,M13,60.0
LNU02300000,2023,M01,59.7
LNU02300000,2023,M02,60.0
LNU02300000,2023,M03,60.4
LNU02300000,2023,M04,60.5
LNU02300000,2023,M05,60.4
LNU02300000,2023,M06,60.6
LNU02300000,2023,M07,60.7
LNU02300000,2023,M08,60.4
LNU02300000,2023,M09,60.5
LNU02300000,2023,M10,60.4
LNU02300000,2023,M11,60.5
LNU02300000,2023,M12,60.0
LNU02300000,2023,M13,60.3
LNU02300000,2024,M01,59.7
LNU02300000,2024,M02,59.9
LNU02300000,2024,M03,60.2
LNU02300000,2024,M04,60.3
LNU02300000,2024,M05,60.1
LNU02300000,2024,M06,60.3
LNU02300000,2024,M07,60.3
LNU02300000,2024,M08,60.0
LNU02300000,2024,M09,60.2
LNU02300000,2024,M10,60.1
LNU02300000,2024,M11,59.9
LNU02300000,2024,M12,59.8
LNU02300000,2024,M13,60.1
LNU02300000,2025,M01,59.5
LNU02300000,2025,M02,59.6
LNU02300000,2025,M03,59.9
LNU02300000,2025,M04,60.1
LNU02300000,2025,M05,59.8
LNU02300000,2025,M06,59.9
LNU02300000,2025,M07,59.8
LNU02300000,2025,M08,59.6
LNU02300000,2025,M09,59.8
LNU02300000,2025,M11,59.7
LNU02300000,2025,M12,59.6
LNU02300000,2025,M13,59.7
LNU02300000,2026,M01,58.9
LNU02300000,2026,M02,59.0
LNU02300000,2026,M03,59.2
LNU02300000,2026,M04,59.2
LNU02300000,2026,M05,59.2
LNU02300000,2026,M06,59.1
LNU02300000,2026,M07,59.1
LNU02300000,2026,M08,59.1
LNU03000000,1947,M13,2311.0
LNU03000000,1948,M01,2351.0
LNU03000000,1948,M02,2807.0
LNU03000000,1948,M03,2646.0
LNU03000000,1948,M04,2407.0
LNU03000000,1948,M05,2014.0
LNU03000000,1948,M06,2408.0
LNU03000000,1948,M07,2411.0
LNU03000000,1948,M08,2238.0
LNU03000000,1948,M09,2061.0
LNU03000000,1948,M10,1747.0
LNU03000000,1948,M11,2033.0
LNU03000000,1948,M12,2205.0
LNU03000000,1948,M13,2276.0
LNU03000000,1949,M01,2995.0
LNU03000000,1949,M02,3474.0
LNU03000000,1949,M03,3383.0
LNU03000000,1949,M04,3277.0
LNU03000000,1949,M05,3516.0
LNU03000000,1949,M06,3966.0
LNU03000000,1949,M07,4388.0
LNU03000000,1949,M08,3956.0
LNU03000000,1949,M09,3635.0
LNU03000000,1949,M10,3788.0
LNU03000000,1949,M11,3570.0
LNU03000000,1949,M12,3690.0
LNU03000000,1949,M13,3637.0
LNU03000000,1950,M01,4648.0
LNU03000000,1950,M02,4791.0
LNU03000000,1950,M03,4313.0
LNU03000000,1950,M04,3665.0
LNU03000000,1950,M05,3263.0
LNU03000000,1950,M06,3551.0
LNU03000000,1950,M07,3316.0
LNU03000000,1950,M08,2613.0
LNU03000000,1950,M09,2490.0
LNU03000000,1950,M10,2055.0
LNU03000000,1950,M11,2356.0
LNU03000000,1950,M12,2409.0
LNU03000000,1950,M13,3288.0
LNU03000000,1951,M01,2649.0
LNU03000000,1951,M02,2538.0
LNU03000000,1951,M03,2323.0
LNU03000000,1951,M04,1938.0
LNU03000000,1951,M05,1770.0
LNU03000000,1951,M06,2132.0
LNU03000000,1951,M07,2072.0
LNU03000000,1951,M08,1806.0
LNU03000000,1951,M09,1886.0
LNU03000000,1951,M10,1754.0
LNU03000000,1951,M11,1990.0
LNU03000000,1951,M12,1796.0
LNU03000000,1951,M13,2055.0
LNU03000000,1952,M01,2258.0
LNU03000000,1952,M02,2340.0
LNU03000000,1952,M03,2002.0
LNU03000000,1952,M04,1836.0
LNU03000000,1952,M05,1782.0
LNU03000000,1952,M06,2032.0
LNU03000000,1952,M07,2085.0
LNU03000000,1952,M08,1918.0
LNU03000000,1952,M09,1728.0
LNU03000000,1952,M10,1480.0
LNU03000000,1952,M11,1594.0
LNU03000000,1952,M12,1545.0
LNU03000000,1952,M13,1883.0
LNU03000000,1953,M01,2132.0
LNU03000000,1953,M02,1964.0
LNU03000000,1953,M03,1828.0
LNU03000000,1953,M04,1764.0
LNU03000000,1953,M05,1536.0
LNU03000000,1953,M06,1732.0
LNU03000000,1953,M07,1710.0
LNU03000000,1953,M08,1512.0
LNU03000000,1953,M09,1619.0
LNU03000000,1953,M10,1572.0
LNU03000000,1953,M11,2017.0
LNU03000000,1953,M12,2634.0
LNU03000000,1953,M13,1834.0
LNU03000000,1954,M01,3561.0
LNU03000000,1954,M02,3983.0
LNU03000000,1954,M03,4037.0
LNU03000000,1954,M04,3846.0
LNU03000000,1954,M05,3658.0
LNU03000000,1954,M06,3681.0
LNU03000000,1954,M07,3679.0
LNU03000000,1954,M08,3470.0
LNU03000000,1954,M09,3433.0
LNU03000000,1954,M10,2929.0
LNU03000000,1954,M11,3115.0
LNU03000000,1954,M12,3009.0
LNU03000000,1954,M13,3532.0
LNU03000000,1955,M01,3669.0
LNU03000000,1955,M02,3569.0
LNU03000000,1955,M03,3297.0
LNU03000000,1955,M04,3162.0
LNU03000000,1955,M05,2690.0
LNU03000000,1955,M06,2893.0
LNU03000000,1955,M07,2662.0
LNU03000000,1955,M08,2536.0
LNU03000000,1955,M09,2338.0
LNU03000000,1955,M10,2284.0
LNU03000000,1955,M11,2536.0
LNU03000000,1955,M12,2601.0
LNU03000000,1955,M13,2852.0
LNU03000000,1956,M01,3066.0
LNU03000000,1956,M02,3092.0
LNU03000000,1956,M03,3095.0
LNU03000000,1956,M04,2710.0
LNU03000000,1956,M05,2799.0
LNU03000000,1956,M06,3179.0
LNU03000000,1956,M07,2984.0
LNU03000000,1956,M08,2467.0
LNU03000000,1956,M09,2273.0
LNU03000000,1956,M10,2091.0
LNU03000000,1956,M11,2599.0
LNU03000000,1956,M12,2660.0
LNU03000000,1956,M13,2750.0
LNU03000000,1957,M01,3206.0
LNU03000000,1957,M02,3085.0
LNU03000000,1957,M03,2822.0
LNU03000000,1957,M04,2627.0
LNU03000000,1957,M05,2635.0
LNU03000000,1957,M06,3131.0
LNU03000000,1957,M07,2843.0
LNU03000000,1957,M08,2526.0
LNU03000000,1957,M09,2503.0
LNU03000000,1957,M10,2465.0
LNU03000000,1957,M11,3127.0
LNU03000000,1957,M12,3332.0
LNU03000000,1957,M13,2859.0
LNU03000000,1958,M01,4464.0
LNU03000000,1958,M02,5116.0
LNU03000000,1958,M03,5155.0
LNU03000000,1958,M04,5064.0
LNU03000000,1958,M05,4832.0
LNU03000000,1958,M06,5223.0
LNU03000000,1958,M07,5098.0
LNU03000000,1958,M08,4607.0
LNU03000000,1958,M09,4058.0
LNU03000000,1958,M10,3750.0
LNU03000000,1958,M11,3785.0
LNU03000000,1958,M12,4068.0
LNU03000000,1958,M13,4602.0
LNU03000000,1959,M01,4678.0
LNU03000000,1959,M02,4698.0
LNU03000000,1959,M03,4298.0
LNU03000000,1959,M04,3558.0
LNU03000000,1959,M05,3327.0
LNU03000000,1959,M06,3780.0
LNU03000000,1959,M07,3605.0
LNU03000000,1959,M08,3347.0
LNU03000000,1959,M09,3195.0
LNU03000000,1959,M10,3231.0
LNU03000000,1959,M11,3636.0
LNU03000000,1959,M12,3521.0
LNU03000000,1959,M13,3740.0
LNU03000000,1960,M01,4119.0
LNU03000000,1960,M02,3886.0
LNU03000000,1960,M03,4164.0
LNU03000000,1960,M04,3607.0
LNU03000000,1960,M05,3380.0
LNU03000000,1960,M06,4172.0
LNU03000000,1960,M07,3884.0
LNU03000000,1960,M08,3711.0
LNU03000000,1960,M09,3315.0
LNU03000000,1960,M10,3537.0
LNU03000000,1960,M11,3967.0
LNU03000000,1960,M12,4470.0
LNU03000000,1960,M13,3852.0
LNU03000000,1961,M01,5335.0
LNU03000000,1961,M02,5654.0
LNU03000000,1961,M03,5423.0
LNU03000000,1961,M04,4887.0
LNU03000000,1961,M05,4671.0
LNU03000000,1961,M06,5313.0
LNU03000000,1961,M07,4961.0
LNU03000000,1961,M08,4440.0
LNU03000000,1961,M09,4034.0
LNU03000000,1961,M10,3863.0
LNU03000000,1961,M11,3941.0
LNU03000000,1961,M12,4041.0
LNU03000000,1961,M13,4714.0
LNU03000000,1962,M01,4621.0
LNU03000000,1962,M02,4481.0
LNU03000000,1962,M03,4323.0
LNU03000000,1962,M04,3863.0
LNU03000000,1962,M05,3592.0
LNU03000000,1962,M06,4219.0
LNU03000000,1962,M07,3829.0
LNU03000000,1962,M08,3842.0
LNU03000000,1962,M09,3455.0
LNU03000000,1962,M10,3234.0
LNU03000000,1962,M11,3726.0
LNU03000000,1962,M12,3760.0
LNU03000000,1962,M13,3911.0
LNU03000000,1963,M01,4627.0
LNU03000000,1963,M02,4870.0
LNU03000000,1963,M03,4442.0
LNU03000000,1963,M04,3993.0
LNU03000000,1963,M05,3949.0
LNU03000000,1963,M06,4554.0
LNU03000000,1963,M07,4140.0
LNU03000000,1963,M08,3755.0
LNU03000000,1963,M09,3470.0
LNU03000000,1963,M10,3394.0
LNU03000000,1963,M11,3858.0
LNU03000000,1963,M12,3788.0
LNU03000000,1963,M13,4070.0
LNU03000000,1964,M01,4518.0
LNU03000000,1964,M02,4461.0
LNU03000000,1964,M03,4225.0
LNU03000000,1964,M04,3831.0
LNU03000000,1964,M05,3528.0
LNU03000000,1964,M06,4453.0
LNU03000000,1964,M07,3675.0
LNU03000000,1964,M08,3551.0
LNU03000000,1964,M09,3262.0
LNU03000000,1964,M10,3198.0
LNU03000000,1964,M11,3318.0
LNU03000000,1964,M12,3409.0
LNU03000000,1964,M13,3786.0
LNU03000000,1965,M01,3942.0
LNU03000000,1965,M02,4172.0
LNU03000000,1965,M03,3699.0
LNU03000000,1965,M04,3492.0
LNU03000000,1965,M05,3214.0
LNU03000000,1965,M06,4057.0
LNU03000000,1965,M07,3429.0
LNU03000000,1965,M08,3165.0
LNU03000000,1965,M09,2842.0
LNU03000000,1965,M10,2709.0
LNU03000000,1965,M11,2888.0
LNU03000000,1965,M12,2786.0
LNU03000000,1965,M13,3366.0
LNU03000000,1966,M01,3244.0
LNU03000000,1966,M02,3109.0
LNU03000000,1966,M03,2990.0
LNU03000000,1966,M04,2730.0
LNU03000000,1966,M05,2793.0
LNU03000000,1966,M06,3592.0
LNU03000000,1966,M07,3050.0
LNU03000000,1966,M08,2821.0
LNU03000000,1966,M09,2503.0
LNU03000000,1966,M10,2465.0
LNU03000000,1966,M11,2579.0
LNU03000000,1966,M12,2655.0
LNU03000000,1966,M13,2875.0
LNU03000000,1967,M01,3159.0
LNU03000000,1967,M02,3184.0
LNU03000000,1967,M03,2954.0
LNU03000000,1967,M04,2664.0
LNU03000000,1967,M05,2458.0
LNU03000000,1967,M06,3628.0
LNU03000000,1967,M07,3249.0
LNU03000000,1967,M08,2942.0
LNU03000000,1967,M09,2895.0
LNU03000000,1967,M10,2952.0
LNU03000000,1967,M11,2903.0
LNU03000000,1967,M12,2720.0
LNU03000000,1967,M13,2975.0
LNU03000000,1968,M01,3074.0
LNU03000000,1968,M02,3287.0
LNU03000000,1968,M03,2929.0
LNU03000000,1968,M04,2491.0
LNU03000000,1968,M05,2304.0
LNU03000000,1968,M06,3615.0
LNU03000000,1968,M07,3217.0
LNU03000000,1968,M08,2772.0
LNU03000000,1968,M09,2607.0
LNU03000000,1968,M10,2510.0
LNU03000000,1968,M11,2576.0
LNU03000000,1968,M12,2418.0
LNU03000000,1968,M13,2817.0
LNU03000000,1969,M01,2875.0
LNU03000000,1969,M02,2923.0
LNU03000000,1969,M03,2747.0
LNU03000000,1969,M04,2542.0
LNU03000000,1969,M05,2300.0
LNU03000000,1969,M06,3399.0
LNU03000000,1969,M07,3182.0
LNU03000000,1969,M08,2870.0
LNU03000000,1969,M09,2958.0
LNU03000000,1969,M10,2840.0
LNU03000000,1969,M11,2711.0
LNU03000000,1969,M12,2627.0
LNU03000000,1969,M13,2832.0
LNU03000000,1970,M01,3406.0
LNU03000000,1970,M02,3794.0
LNU03000000,1970,M03,3732.0
LNU03000000,1970,M04,3552.0
LNU03000000,1970,M05,3385.0
LNU03000000,1970,M06,4671.0
LNU03000000,1970,M07,4514.0
LNU03000000,1970,M08,4226.0
LNU03000000,1970,M09,4300.0
LNU03000000,1970,M10,4269.0
LNU03000000,1970,M11,4618.0
LNU03000000,1970,M12,4650.0
LNU03000000,1970,M13,4093.0
LNU03000000,1971,M01,5429.0
LNU03000000,1971,M02,5458.0
LNU03000000,1971,M03,5190.0
LNU03000000,1971,M04,4712.0
LNU03000000,1971,M05,4415.0
LNU03000000,1971,M06,5511.0
LNU03000000,1971,M07,5354.0
LNU03000000,1971,M08,5086.0
LNU03000000,1971,M09,4867.0
LNU03000000,1971,M10,4599.0
LNU03000000,1971,M11,4846.0
LNU03000000,1971,M12,4728.0
LNU03000000,1971,M13,5016.0
LNU03000000,1972,M01,5481.0
LNU03000000,1972,M02,5446.0
LNU03000000,1972,M03,5250.0
LNU03000000,1972,M04,4732.0
LNU03000000,1972,M05,4382.0
LNU03000000,1972,M06,5467.0
LNU03000000,1972,M07,5216.0
LNU03000000,1972,M08,4901.0
LNU03000000,1972,M09,4705.0
LNU03000000,1972,M10,4518.0
LNU03000000,1972,M11,4317.0
LNU03000000,1972,M12,4169.0
LNU03000000,1972,M13,4882.0
LNU03000000,1973,M01,4730.0
LNU03000000,1973,M02,4898.0
LNU03000000,1973,M03,4564.0
LNU03000000,1973,M04,4227.0
LNU03000000,1973,M05,3855.0
LNU03000000,1973,M06,4907.0
LNU03000000,1973,M07,4613.0
LNU03000000,1973,M08,4273.0
LNU03000000,1973,M09,4230.0
LNU03000000,1973,M10,3830.0
LNU03000000,1973,M11,4127.0
LNU03000000,1973,M12,4130.0
LNU03000000,1973,M13,4365.0
LNU03000000,1974,M01,5081.0
LNU03000000,1974,M02,5212.0
LNU03000000,1974,M03,4826.0
LNU03000000,1974,M04,4372.0
LNU03000000,1974,M05,4219.0
LNU03000000,1974,M06,5459.0
LNU03000000,1974,M07,5341.0
LNU03000000,1974,M08,4967.0
LNU03000000,1974,M09,5287.0
LNU03000000,1974,M10,5131.0
LNU03000000,1974,M11,5775.0
LNU03000000,1974,M12,6199.0
LNU03000000,1974,M13,5156.0
LNU03000000,1975,M01,8272.0
LNU03000000,1975,M02,8399.0
LNU03000000,1975,M03,8446.0
LNU03000000,1975,M04,7908.0
LNU03000000,1975,M05,7715.0
LNU03000000,1975,M06,8667.0
LNU03000000,1975,M07,8311.0
LNU03000000,1975,M08,7799.0
LNU03000000,1975,M09,7624.0
LNU03000000,1975,M10,7350.0
LNU03000000,1975,M11,7341.0
LNU03000000,1975,M12,7307.0
LNU03000000,1975,M13,7929.0
LNU03000000,1976,M01,8286.0
LNU03000000,1976,M02,8143.0
LNU03000000,1976,M03,7631.0
LNU03000000,1976,M04,6996.0
LNU03000000,1976,M05,6415.0
LNU03000000,1976,M06,7772.0
LNU03000000,1976,M07,7697.0
LNU03000000,1976,M08,7443.0
LNU03000000,1976,M09,7148.0
LNU03000000,1976,M10,6958.0
LNU03000000,1976,M11,7224.0
LNU03000000,1976,M12,7154.0
LNU03000000,1976,M13,7406.0
LNU03000000,1977,M01,7980.0
LNU03000000,1977,M02,8237.0
LNU03000000,1977,M03,7680.0
LNU03000000,1977,M04,6692.0
LNU03000000,1977,M05,6280.0
LNU03000000,1977,M06,7589.0
LNU03000000,1977,M07,7081.0
LNU03000000,1977,M08,6897.0
LNU03000000,1977,M09,6579.0
LNU03000000,1977,M10,6365.0
LNU03000000,1977,M11,6495.0
LNU03000000,1977,M12,6031.0
LNU03000000,1977,M13,6991.0
LNU03000000,1978,M01,7048.0
LNU03000000,1978,M02,6886.0
LNU03000000,1978,M03,6621.0
LNU03000000,1978,M04,5826.0
LNU03000000,1978,M05,5605.0
LNU03000000,1978,M06,6481.0
LNU03000000,1978,M07,6597.0
LNU03000000,1978,M08,6090.0
LNU03000000,1978,M09,5958.0
LNU03000000,1978,M10,5624.0
LNU03000000,1978,M11,5797.0
LNU03000000,1978,M12,5896.0
LNU03000000,1978,M13,6202.0
LNU03000000,1979,M01,6602.0
LNU03000000,1979,M02,6649.0
LNU03000000,1979,M03,6325.0
LNU03000000,1979,M04,5720.0
LNU03000000,1979,M05,5419.0
LNU03000000,1979,M06,6409.0
LNU03000000,1979,M07,6282.0
LNU03000000,1979,M08,6315.0
LNU03000000,1979,M09,5978.0
LNU03000000,1979,M10,5964.0
LNU03000000,1979,M11,5964.0
LNU03000000,1979,M12,6027.0
LNU03000000,1979,M13,6137.0
LNU03000000,1980,M01,7234.0
LNU03000000,1980,M02,7177.0
LNU03000000,1980,M03,6983.0
LNU03000000,1980,M04,7023.0
LNU03000000,1980,M05,7501.0
LNU03000000,1980,M06,8481.0
LNU03000000,1980,M07,8603.0
LNU03000000,1980,M08,8202.0
LNU03000000,1980,M09,7655.0
LNU03000000,1980,M10,7674.0
LNU03000000,1980,M11,7682.0
LNU03000000,1980,M12,7430.0
LNU03000000,1980,M13,7637.0
LNU03000000,1981,M01,8746.0
LNU03000000,1981,M02,8614.0
LNU03000000,1981,M03,8271.0
LNU03000000,1981,M04,7561.0
LNU03000000,1981,M05,7731.0
LNU03000000,1981,M06,8485.0
LNU03000000,1981,M07,8130.0
LNU03000000,1981,M08,7947.0
LNU03000000,1981,M09,7884.0
LNU03000000,1981,M10,8216.0
LNU03000000,1981,M11,8676.0
LNU03000000,1981,M12,9013.0
LNU03000000,1981,M13,8273.0
LNU03000000,1982,M01,10183.0
LNU03000000,1982,M02,10378.0
LNU03000000,1982,M03,10290.0
LNU03000000,1982,M04,9957.0
LNU03000000,1982,M05,9957.0
LNU03000000,1982,M06,10886.0
LNU03000000,1982,M07,11036.0
LNU03000000,1982,M08,10710.0
LNU03000000,1982,M09,10695.0
LNU03000000,1982,M10,10942.0
LNU03000000,1982,M11,11476.0
LNU03000000,1982,M12,11628.0
LNU03000000,1982,M13,10678.0
LNU03000000,1983,M01,12517.0
LNU03000000,1983,M02,12382.0
LNU03000000,1983,M03,11879.0
LNU03000000,1983,M04,11035.0
LNU03000000,1983,M05,10765.0
LNU03000000,1983,M06,11570.0
LNU03000000,1983,M07,10707.0
LNU03000000,1983,M08,10411.0
LNU03000000,1983,M09,9830.0
LNU03000000,1983,M10,9383.0
LNU03000000,1983,M11,9129.0
LNU03000000,1983,M12,8992.0
LNU03000000,1983,M13,10717.0
LNU03000000,1984,M01,9755.0
LNU03000000,1984,M02,9407.0
LNU03000000,1984,M03,9057.0
LNU03000000,1984,M04,8525.0
LNU03000000,1984,M05,8154.0
LNU03000000,1984,M06,8582.0
LNU03000000,1984,M07,8714.0
LNU03000000,1984,M08,8382.0
LNU03000000,1984,M09,8051.0
LNU03000000,1984,M10,7989.0
LNU03000000,1984,M11,7869.0
LNU03000000,1984,M12,7978.0
LNU03000000,1984,M13,8539.0
LNU03000000,1985,M01,9131.0
LNU03000000,1985,M02,8902.0
LNU03000000,1985,M03,8625.0
LNU03000000,1985,M04,8150.0
LNU03000000,1985,M05,8011.0
LNU03000000,1985,M06,8753.0
LNU03000000,1985,M07,8682.0
LNU03000000,1985,M08,8051.0
LNU03000000,1985,M09,7984.0
LNU03000000,1985,M10,7917.0
LNU03000000,1985,M11,7815.0
LNU03000000,1985,M12,7717.0
LNU03000000,1985,M13,8312.0
LNU03000000,1986,M01,8472.0
LNU03000000,1986,M02,9041.0
LNU03000000,1986,M03,8667.0
LNU03000000,1986,M04,8115.0
LNU03000000,1986,M05,8158.0
LNU03000000,1986,M06,8775.0
LNU03000000,1986,M07,8471.0
LNU03000000,1986,M08,7955.0
LNU03000000,1986,M09,8015.0
LNU03000000,1986,M10,7842.0
LNU03000000,1986,M11,7872.0
LNU03000000,1986,M12,7461.0
LNU03000000,1986,M13,8237.0
LNU03000000,1987,M01,8620.0
LNU03000000,1987,M02,8503.0
LNU03000000,1987,M03,8124.0
LNU03000000,1987,M04,7306.0
LNU03000000,1987,M05,7318.0
LNU03000000,1987,M06,7655.0
LNU03000000,1987,M07,7453.0
LNU03000000,1987,M08,7088.0
LNU03000000,1987,M09,6857.0
LNU03000000,1987,M10,6845.0
LNU03000000,1987,M11,6802.0
LNU03000000,1987,M12,6526.0
LNU03000000,1987,M13,7425.0
LNU03000000,1988,M01,7603.0
LNU03000000,1988,M02,7482.0
LNU03000000,1988,M03,7090.0
LNU03000000,1988,M04,6359.0
LNU03000000,1988,M05,6553.0
LNU03000000,1988,M06,6819.0
LNU03000000,1988,M07,6823.0
LNU03000000,1988,M08,6659.0
LNU03000000,1988,M09,6368.0
LNU03000000,1988,M10,6182.0
LNU03000000,1988,M11,6325.0
LNU03000000,1988,M12,6142.0
LNU03000000,1988,M13,6701.0
LNU03000000,1989,M01,7309.0
LNU03000000,1989,M02,6883.0
LNU03000000,1989,M03,6378.0
LNU03000000,1989,M04,6229.0
LNU03000000,1989,M05,6156.0
LNU03000000,1989,M06,6850.0
LNU03000000,1989,M07,6736.0
LNU03000000,1989,M08,6352.0
LNU03000000,1989,M09,6330.0
LNU03000000,1989,M10,6222.0
LNU03000000,1989,M11,6495.0
LNU03000000,1989,M12,6300.0
LNU03000000,1989,M13,6528.0
LNU03000000,1990,M01,7413.0
LNU03000000,1990,M02,7296.0
LNU03000000,1990,M03,6852.0
LNU03000000,1990,M04,6620.0
LNU03000000,1990,M05,6533.0
LNU03000000,1990,M06,6884.0
LNU03000000,1990,M07,7137.0
LNU03000000,1990,M08,7008.0
LNU03000000,1990,M09,7003.0
LNU03000000,1990,M10,6892.0
LNU03000000,1990,M11,7396.0
LNU03000000,1990,M12,7525.0
LNU03000000,1990,M13,7047.0
LNU03000000,1991,M01,8787.0
LNU03000000,1991,M02,9121.0
LNU03000000,1991,M03,8995.0
LNU03000000,1991,M04,8226.0
LNU03000000,1991,M05,8435.0
LNU03000000,1991,M06,8992.0
LNU03000000,1991,M07,8792.0
LNU03000000,1991,M08,8439.0
LNU03000000,1991,M09,8270.0
LNU03000000,1991,M10,8232.0
LNU03000000,1991,M11,8494.0
LNU03000000,1991,M12,8755.0
LNU03000000,1991,M13,8628.0
LNU03000000,1992,M01,10186.0
LNU03000000,1992,M02,10401.0
LNU03000000,1992,M03,9913.0
LNU03000000,1992,M04,9135.0
LNU03000000,1992,M05,9389.0
LNU03000000,1992,M06,10366.0
LNU03000000,1992,M07,10099.0
LNU03000000,1992,M08,9605.0
LNU03000000,1992,M09,9316.0
LNU03000000,1992,M10,8813.0
LNU03000000,1992,M11,9086.0
LNU03000000,1992,M12,9045.0
LNU03000000,1992,M13,9613.0
LNU03000000,1993,M01,10158.0
LNU03000000,1993,M02,10004.0
LNU03000000,1993,M03,9478.0
LNU03000000,1993,M04,8835.0
LNU03000000,1993,M05,8807.0
LNU03000000,1993,M06,9473.0
LNU03000000,1993,M07,9223.0
LNU03000000,1993,M08,8655.0
LNU03000000,1993,M09,8302.0
LNU03000000,1993,M10,8296.0
LNU03000000,1993,M11,8094.0
LNU03000000,1993,M12,7959.0
LNU03000000,1993,M13,8940.0
LNU03000000,1994,M01,9492.0
LNU03000000,1994,M02,9262.0
LNU03000000,1994,M03,8874.0
LNU03000000,1994,M04,8078.0
LNU03000000,1994,M05,7656.0
LNU03000000,1994,M06,8251.0
LNU03000000,1994,M07,8281.0
LNU03000000,1994,M08,7868.0
LNU03000000,1994,M09,7379.0
LNU03000000,1994,M10,7155.0
LNU03000000,1994,M11,6973.0
LNU03000000,1994,M12,6690.0
LNU03000000,1994,M13,7996.0
LNU03000000,1995,M01,8101.0
LNU03000000,1995,M02,7685.0
LNU03000000,1995,M03,7480.0
LNU03000000,1995,M04,7378.0
LNU03000000,1995,M05,7185.0
LNU03000000,1995,M06,7727.0
LNU03000000,1995,M07,7892.0
LNU03000000,1995,M08,7457.0
LNU03000000,1995,M09,7167.0
LNU03000000,1995,M10,6884.0
LNU03000000,1995,M11,7024.0
LNU03000000,1995,M12,6872.0
LNU03000000,1995,M13,7404.0
LNU03000000,1996,M01,8270.0
LNU03000000,1996,M02,7858.0
LNU03000000,1996,M03,7700.0
LNU03000000,1996,M04,7124.0
LNU03000000,1996,M05,7166.0
LNU03000000,1996,M06,7377.0
LNU03000000,1996,M07,7693.0
LNU03000000,1996,M08,6868.0
LNU03000000,1996,M09,6700.0
LNU03000000,1996,M10,6577.0
LNU03000000,1996,M11,6816.0
LNU03000000,1996,M12,6680.0
LNU03000000,1996,M13,7236.0
LNU03000000,1997,M01,7933.0
LNU03000000,1997,M02,7647.0
LNU03000000,1997,M03,7399.0
LNU03000000,1997,M04,6551.0
LNU03000000,1997,M05,6398.0
LNU03000000,1997,M06,7094.0
LNU03000000,1997,M07,6981.0
LNU03000000,1997,M08,6594.0
LNU03000000,1997,M09,6403.0
LNU03000000,1997,M10,5995.0
LNU03000000,1997,M11,5914.0
LNU03000000,1997,M12,5957.0
LNU03000000,1997,M13,6739.0
LNU03000000,1998,M01,7069.0
LNU03000000,1998,M02,6804.0
LNU03000000,1998,M03,6816.0
LNU03000000,1998,M04,5643.0
LNU03000000,1998,M05,5764.0
LNU03000000,1998,M06,6534.0
LNU03000000,1998,M07,6567.0
LNU03000000,1998,M08,6173.0
LNU03000000,1998,M09,6039.0
LNU03000000,1998,M10,5831.0
LNU03000000,1998,M11,5711.0
LNU03000000,1998,M12,5565.0
LNU03000000,1998,M13,6210.0
LNU03000000,1999,M01,6604.0
LNU03000000,1999,M02,6563.0
LNU03000000,1999,M03,6119.0
LNU03000000,1999,M04,5688.0
LNU03000000,1999,M05,5507.0
LNU03000000,1999,M06,6271.0
LNU03000000,1999,M07,6319.0
LNU03000000,1999,M08,5826.0
LNU03000000,1999,M09,5661.0
LNU03000000,1999,M10,5372.0
LNU03000000,1999,M11,5380.0
LNU03000000,1999,M12,5245.0
LNU03000000,1999,M13,5880.0
LNU03000000,2000,M01,6316.0
LNU03000000,2000,M02,6284.0
LNU03000000,2000,M03,6069.0
LNU03000000,2000,M04,5212.0
LNU03000000,2000,M05,5460.0
LNU03000000,2000,M06,5959.0
LNU03000000,2000,M07,6028.0
LNU03000000,2000,M08,5863.0
LNU03000000,2000,M09,5359.0
LNU03000000,2000,M10,5153.0
LNU03000000,2000,M11,5336.0
LNU03000000,2000,M12,5264.0
LNU03000000,2000,M13,5692.0
LNU03000000,2001,M01,6647.0
LNU03000000,2001,M02,6523.0
LNU03000000,2001,M03,6509.0
LNU03000000,2001,M04,6004.0
LNU03000000,2001,M05,5901.0
LNU03000000,2001,M06,6816.0
LNU03000000,2001,M07,6858.0
LNU03000000,2001,M08,7017.0
LNU03000000,2001,M09,6766.0
LNU03000000,2001,M10,7175.0
LNU03000000,2001,M11,7617.0
LNU03000000,2001,M12,7773.0
LNU03000000,2001,M13,6801.0
LNU03000000,2002,M01,9051.0
LNU03000000,2002,M02,8823.0
LNU03000000,2002,M03,8776.0
LNU03000000,2002,M04,8255.0
LNU03000000,2002,M05,7969.0
LNU03000000,2002,M06,8758.0
LNU03000000,2002,M07,8693.0
LNU03000000,2002,M08,8271.0
LNU03000000,2002,M09,7790.0
LNU03000000,2002,M10,7769.0
LNU03000000,2002,M11,8170.0
LNU03000000,2002,M12,8209.0
LNU03000000,2002,M13,8378.0
LNU03000000,2003,M01,9395.0
LNU03000000,2003,M02,9260.0
LNU03000000,2003,M03,9018.0
LNU03000000,2003,M04,8501.0
LNU03000000,2003,M05,8500.0
LNU03000000,2003,M06,9649.0
LNU03000000,2003,M07,9319.0
LNU03000000,2003,M08,8830.0
LNU03000000,2003,M09,8436.0
LNU03000000,2003,M10,8169.0
LNU03000000,2003,M11,8269.0
LNU03000000,2003,M12,7945.0
LNU03000000,2003,M13,8774.0
LNU03000000,2004,M01,9144.0
LNU03000000,2004,M02,8770.0
LNU03000000,2004,M03,8834.0
LNU03000000,2004,M04,7837.0
LNU03000000,2004,M05,7792.0
LNU03000000,2004,M06,8616.0
LNU03000000,2004,M07,8518.0
LNU03000000,2004,M08,7940.0
LNU03000000,2004,M09,7545.0
LNU03000000,2004,M10,7531.0
LNU03000000,2004,M11,7665.0
LNU03000000,2004,M12,7599.0
LNU03000000,2004,M13,8149.0
LNU03000000,2005,M01,8444.0
LNU03000000,2005,M02,8549.0
LNU03000000,2005,M03,7986.0
LNU03000000,2005,M04,7335.0
LNU03000000,2005,M05,7287.0
LNU03000000,2005,M06,7870.0
LNU03000000,2005,M07,7839.0
LNU03000000,2005,M08,7327.0
LNU03000000,2005,M09,7259.0
LNU03000000,2005,M10,6964.0
LNU03000000,2005,M11,7271.0
LNU03000000,2005,M12,6956.0
LNU03000000,2005,M13,7591.0
LNU03000000,2006,M01,7608.0
LNU03000000,2006,M02,7692.0
LNU03000000,2006,M03,7255.0
LNU03000000,2006,M04,6804.0
LNU03000000,2006,M05,6655.0
LNU03000000,2006,M06,7341.0
LNU03000000,2006,M07,7602.0
LNU03000000,2006,M08,7086.0
LNU03000000,2006,M09,6625.0
LNU03000000,2006,M10,6272.0
LNU03000000,2006,M11,6576.0
LNU03000000,2006,M12,6491.0
LNU03000000,2006,M13,7001.0
LNU03000000,2007,M01,7649.0
LNU03000000,2007,M02,7400.0
LNU03000000,2007,M03,6913.0
LNU03000000,2007,M04,6532.0
LNU03000000,2007,M05,6486.0
LNU03000000,2007,M06,7295.0
LNU03000000,2007,M07,7556.0
LNU03000000,2007,M08,7088.0
LNU03000000,2007,M09,6952.0
LNU03000000,2007,M10,6773.0
LNU03000000,2007,M11,6917.0
LNU03000000,2007,M12,7371.0
LNU03000000,2007,M13,7078.0
LNU03000000,2008,M01,8221.0
LNU03000000,2008,M02,7953.0
LNU03000000,2008,M03,8027.0
LNU03000000,2008,M04,7287.0
LNU03000000,2008,M05,8076.0
LNU03000000,2008,M06,8933.0
LNU03000000,2008,M07,9433.0
LNU03000000,2008,M08,9479.0
LNU03000000,2008,M09,9199.0
LNU03000000,2008,M10,9469.0
LNU03000000,2008,M11,10015.0
LNU03000000,2008,M12,10999.0
LNU03000000,2008,M13,8924.0
LNU03000000,2009,M01,13009.0
LNU03000000,2009,M02,13699.0
LNU03000000,2009,M03,13895.0
LNU03000000,2009,M04,13248.0
LNU03000000,2009,M05,13973.0
LNU03000000,2009,M06,15095.0
LNU03000000,2009,M07,15201.0
LNU03000000,2009,M08,14823.0
LNU03000000,2009,M09,14538.0
LNU03000000,2009,M10,14547.0
LNU03000000,2009,M11,14407.0
LNU03000000,2009,M12,14740.0
LNU03000000,2009,M13,14265.0
LNU03000000,2010,M01,16147.0
LNU03000000,2010,M02,15991.0
LNU03000000,2010,M03,15678.0
LNU03000000,2010,M04,14609.0
LNU03000000,2010,M05,14369.0
LNU03000000,2010,M06,14885.0
LNU03000000,2010,M07,15137.0
LNU03000000,2010,M08,14759.0
LNU03000000,2010,M09,14140.0
LNU03000000,2010,M10,13903.0
LNU03000000,2010,M11,14282.0
LNU03000000,2010,M12,13997.0
LNU03000000,2010,M13,14825.0
LNU03000000,2011,M01,14937.0
LNU03000000,2011,M02,14542.0
LNU03000000,2011,M03,14060.0
LNU03000000,2011,M04,13237.0
LNU03000000,2011,M05,13421.0
LNU03000000,2011,M06,14409.0
LNU03000000,2011,M07,14428.0
LNU03000000,2011,M08,14008.0
LNU03000000,2011,M09,13520.0
LNU03000000,2011,M10,13102.0
LNU03000000,2011,M11,12613.0
LNU03000000,2011,M12,12692.0
LNU03000000,2011,M13,13747.0
LNU03000000,2012,M01,13541.0
LNU03000000,2012,M02,13430.0
LNU03000000,2012,M03,12904.0
LNU03000000,2012,M04,11910.0
LNU03000000,2012,M05,12271.0
LNU03000000,2012,M06,13184.0
LNU03000000,2012,M07,13400.0
LNU03000000,2012,M08,12696.0
LNU03000000,2012,M09,11742.0
LNU03000000,2012,M10,11741.0
LNU03000000,2012,M11,11404.0
LNU03000000,2012,M12,11844.0
LNU03000000,2012,M13,12506.0
LNU03000000,2013,M01,13181.0
LNU03000000,2013,M02,12500.0
LNU03000000,2013,M03,11815.0
LNU03000000,2013,M04,11014.0
LNU03000000,2013,M05,11302.0
LNU03000000,2013,M06,12248.0
LNU03000000,2013,M07,12083.0
LNU03000000,2013,M08,11462.0
LNU03000000,2013,M09,10885.0
LNU03000000,2013,M10,10773.0
LNU03000000,2013,M11,10271.0
LNU03000000,2013,M12,9984.0
LNU03000000,2013,M13,11460.0
LNU03000000,2014,M01,10855.0
LNU03000000,2014,M02,10893.0
LNU03000000,2014,M03,10537.0
LNU03000000,2014,M04,9079.0
LNU03000000,2014,M05,9443.0
LNU03000000,2014,M06,9893.0
LNU03000000,2014,M07,10307.0
LNU03000000,2014,M08,9787.0
LNU03000000,2014,M09,8962.0
LNU03000000,2014,M10,8680.0
LNU03000000,2014,M11,8630.0
LNU03000000,2014,M12,8331.0
LNU03000000,2014,M13,9617.0
LNU03000000,2015,M01,9498.0
LNU03000000,2015,M02,9095.0
LNU03000000,2015,M03,8682.0
LNU03000000,2015,M04,7966.0
LNU03000000,2015,M05,8370.0
LNU03000000,2015,M06,8638.0
LNU03000000,2015,M07,8805.0
LNU03000000,2015,M08,8162.0
LNU03000000,2015,M09,7628.0
LNU03000000,2015,M10,7597.0
LNU03000000,2015,M11,7573.0
LNU03000000,2015,M12,7542.0
LNU03000000,2015,M13,8296.0
LNU03000000,2016,M01,8309.0
LNU03000000,2016,M02,8219.0
LNU03000000,2016,M03,8116.0
LNU03000000,2016,M04,7413.0
LNU03000000,2016,M05,7207.0
LNU03000000,2016,M06,8144.0
LNU03000000,2016,M07,8267.0
LNU03000000,2016,M08,7996.0
LNU03000000,2016,M09,7658.0
LNU03000000,2016,M10,7447.0
LNU03000000,2016,M11,7066.0
LNU03000000,2016,M12,7170.0
LNU03000000,2016,M13,7751.0
LNU03000000,2017,M01,8149.0
LNU03000000,2017,M02,7887.0
LNU03000000,2017,M03,7284.0
LNU03000000,2017,M04,6555.0
LNU03000000,2017,M05,6572.0
LNU03000000,2017,M06,7250.0
LNU03000000,2017,M07,7441.0
LNU03000000,2017,M08,7287.0
LNU03000000,2017,M09,6556.0
LNU03000000,2017,M10,6242.0
LNU03000000,2017,M11,6286.0
LNU03000000,2017,M12,6278.0
LNU03000000,2017,M13,6982.0
LNU03000000,2018,M01,7189.0
LNU03000000,2018,M02,7091.0
LNU03000000,2018,M03,6671.0
LNU03000000,2018,M04,5932.0
LNU03000000,2018,M05,5756.0
LNU03000000,2018,M06,6812.0
LNU03000000,2018,M07,6730.0
LNU03000000,2018,M08,6370.0
LNU03000000,2018,M09,5766.0
LNU03000000,2018,M10,5771.0
LNU03000000,2018,M11,5650.0
LNU03000000,2018,M12,6029.0
LNU03000000,2018,M13,6314.0
LNU03000000,2019,M01,7140.0
LNU03000000,2019,M02,6625.0
LNU03000000,2019,M03,6382.0
LNU03000000,2019,M04,5387.0
LNU03000000,2019,M05,5503.0
LNU03000000,2019,M06,6292.0
LNU03000000,2019,M07,6556.0
LNU03000000,2019,M08,6203.0
LNU03000000,2019,M09,5465.0
LNU03000000,2019,M10,5510.0
LNU03000000,2019,M11,5441.0
LNU03000000,2019,M12,5503.0
LNU03000000,2019,M13,6001.0
LNU03000000,2020,M01,6504.0
LNU03000000,2020,M02,6218.0
LNU03000000,2020,M03,7370.0
LNU03000000,2020,M04,22504.0
LNU03000000,2020,M05,20514.0
LNU03000000,2020,M06,18072.0
LNU03000000,2020,M07,16882.0
LNU03000000,2020,M08,13742.0
LNU03000000,2020,M09,12277.0
LNU03000000,2020,M10,10620.0
LNU03000000,2020,M11,10264.0
LNU03000000,2020,M12,10404.0
LNU03000000,2020,M13,12947.0
LNU03000000,2021,M01,10851.0
LNU03000000,2021,M02,10486.0
LNU03000000,2021,M03,9905.0
LNU03000000,2021,M04,9220.0
LNU03000000,2021,M05,8829.0
LNU03000000,2021,M06,9883.0
LNU03000000,2021,M07,9221.0
LNU03000000,2021,M08,8556.0
LNU03000000,2021,M09,7366.0
LNU03000000,2021,M10,6896.0
LNU03000000,2021,M11,6302.0
LNU03000000,2021,M12,5964.0
LNU03000000,2021,M13,8623.0
LNU03000000,2022,M01,7207.0
LNU03000000,2022,M02,6782.0
LNU03000000,2022,M03,6168.0
LNU03000000,2022,M04,5458.0
LNU03000000,2022,M05,5548.0
LNU03000000,2022,M06,6334.0
LNU03000000,2022,M07,6255.0
LNU03000000,2022,M08,6256.0
LNU03000000,2022,M09,5460.0
LNU03000000,2022,M10,5609.0
LNU03000000,2022,M11,5523.0
LNU03000000,2022,M12,5352.0
LNU03000000,2022,M13,5996.0
LNU03000000,2023,M01,6378.0
LNU03000000,2023,M02,6465.0
LNU03000000,2023,M03,6043.0
LNU03000000,2023,M04,5146.0
LNU03000000,2023,M05,5700.0
LNU03000000,2023,M06,6351.0
LNU03000000,2023,M07,6372.0
LNU03000000,2023,M08,6623.0
LNU03000000,2023,M09,6049.0
LNU03000000,2023,M10,6098.0
LNU03000000,2023,M11,5827.0
LNU03000000,2023,M12,5907.0
LNU03000000,2023,M13,6080.0
LNU03000000,2024,M01,6778.0
LNU03000000,2024,M02,6970.0
LNU03000000,2024,M03,6604.0
LNU03000000,2024,M04,5894.0
LNU03000000,2024,M05,6235.0
LNU03000000,2024,M06,7233.0
LNU03000000,2024,M07,7685.0
LNU03000000,2024,M08,7415.0
LNU03000000,2024,M09,6524.0
LNU03000000,2024,M10,6631.0
LNU03000000,2024,M11,6708.0
LNU03000000,2024,M12,6452.0
LNU03000000,2024,M13,6761.0
LNU03000000,2025,M01,7467.0
LNU03000000,2025,M02,7572.0
LNU03000000,2025,M03,7242.0
LNU03000000,2025,M04,6582.0
LNU03000000,2025,M05,6815.0
LNU03000000,2025,M06,7460.0
LNU03000000,2025,M07,7847.0
LNU03000000,2025,M08,7747.0
LNU03000000,2025,M09,7324.0
LNU03000000,2025,M11,7401.0
LNU03000000,2025,M12,7003.0
LNU03000000,2025,M13,7314.0
LNU03000000,2026,M01,7942.0
LNU03000000,2026,M02,8052.0
LNU03000000,2026,M03,7337.0
LNU03000000,2026,M04,6768.0
LNU03000000,2026,M05,6904.0
LNU03000000,2026,M06,7476.0
LNU03000000,2026,M07,7435.0
LNU03000000,2026,M08,7381.0
LNU03327709,1994,M01,12.8
LNU03327709,1994,M02,12.2
LNU03327709,1994,M03,11.9
LNU03327709,1994,M04,10.9
LNU03327709,1994,M05,10.6
LNU03327709,1994,M06,11.3
LNU03327709,1994,M07,11.1
LNU03327709,1994,M08,10.4
LNU03327709,1994,M09,10.0
LNU03327709,1994,M10,9.7
LNU03327709,1994,M11,9.7
LNU03327709,1994,M12,9.7
LNU03327709,1994,M13,10.9
LNU03327709,1995,M01,11.1
LNU03327709,1995,M02,10.5
LNU03327709,1995,M03,10.3
LNU03327709,1995,M04,9.8
LNU03327709,1995,M05,9.8
LNU03327709,1995,M06,10.4
LNU03327709,1995,M07,10.4
LNU03327709,1995,M08,10.0
LNU03327709,1995,M09,9.7
LNU03327709,1995,M10,9.3
LNU03327709,1995,M11,9.6
LNU03327709,1995,M12,9.7
LNU03327709,1995,M13,10.1
LNU03327709,1996,M01,10.8
LNU03327709,1996,M02,10.7
LNU03327709,1996,M03,10.3
LNU03327709,1996,M04,9.7
LNU03327709,1996,M05,9.5
LNU03327709,1996,M06,10.0
LNU03327709,1996,M07,10.0
LNU03327709,1996,M08,9.3
LNU03327709,1996,M09,9.0
LNU03327709,1996,M10,8.8
LNU03327709,1996,M11,8.9
LNU03327709,1996,M12,9.2
LNU03327709,1996,M13,9.7
LNU03327709,1997,M01,10.4
LNU03327709,1997,M02,10.0
LNU03327709,1997,M03,9.6
LNU03327709,1997,M04,9.0
LNU03327709,1997,M05,8.5
LNU03327709,1997,M06,9.2
LNU03327709,1997,M07,9.0
LNU03327709,1997,M08,8.6
LNU03327709,1997,M09,8.3
LNU03327709,1997,M10,7.9
LNU03327709,1997,M11,8.0
LNU03327709,1997,M12,8.2
LNU03327709,1997,M13,8.9
LNU03327709,1998,M01,9.3
LNU03327709,1998,M02,8.9
LNU03327709,1998,M03,8.9
LNU03327709,1998,M04,7.7
LNU03327709,1998,M05,7.6
LNU03327709,1998,M06,8.4
LNU03327709,1998,M07,8.5
LNU03327709,1998,M08,7.8
LNU03327709,1998,M09,7.6
LNU03327709,1998,M10,7.3
LNU03327709,1998,M11,7.2
LNU03327709,1998,M12,7.3
LNU03327709,1998,M13,8.0
LNU03327709,1999,M01,8.5
LNU03327709,1999,M02,8.2
LNU03327709,1999,M03,7.9
LNU03327709,1999,M04,7.4
LNU03327709,1999,M05,7.1
LNU03327709,1999,M06,7.9
LNU03327709,1999,M07,7.7
LNU03327709,1999,M08,7.2
LNU03327709,1999,M09,7.0
LNU03327709,1999,M10,6.7
LNU03327709,1999,M11,6.8
LNU03327709,1999,M12,6.9
LNU03327709,1999,M13,7.4
LNU03327709,2000,M01,7.8
LNU03327709,2000,M02,7.6
LNU03327709,2000,M03,7.4
LNU03327709,2000,M04,6.6
LNU03327709,2000,M05,6.8
LNU03327709,2000,M06,7.2
LNU03327709,2000,M07,7.2
LNU03327709,2000,M08,7.0
LNU03327709,2000,M09,6.6
LNU03327709,2000,M10,6.3
LNU03327709,2000,M11,6.8
LNU03327709,2000,M12,6.7
LNU03327709,2000,M13,7.0
LNU03327709,2001,M01,8.1
LNU03327709,2001,M02,7.9
LNU03327709,2001,M03,7.6
LNU03327709,2001,M04,7.1
LNU03327709,2001,M05,7.2
LNU03327709,2001,M06,8.2
LNU03327709,2001,M07,8.1
LNU03327709,2001,M08,8.1
LNU03327709,2001,M09,8.2
LNU03327709,2001,M10,8.7
LNU03327709,2001,M11,9.0
LNU03327709,2001,M12,9.3
LNU03327709,2001,M13,8.1
LNU03327709,2002,M01,10.5
LNU03327709,2002,M02,10.1
LNU03327709,2002,M03,9.9
LNU03327709,2002,M04,9.4
LNU03327709,2002,M05,9.2
LNU03327709,2002,M06,9.8
LNU03327709,2002,M07,9.9
LNU03327709,2002,M08,9.5
LNU03327709,2002,M09,9.0
LNU03327709,2002,M10,9.0
LNU03327709,2002,M11,9.4
LNU03327709,2002,M12,9.6
LNU03327709,2002,M13,9.6
LNU03327709,2003,M01,11.0
LNU03327709,2003,M02,10.8
LNU03327709,2003,M03,10.4
LNU03327709,2003,M04,9.8
LNU03327709,2003,M05,9.7
LNU03327709,2003,M06,10.6
LNU03327709,2003,M07,10.5
LNU03327709,2003,M08,10.0
LNU03327709,2003,M09,9.8
LNU03327709,2003,M10,9.5
LNU03327709,2003,M11,9.7
LNU03327709,2003,M12,9.6
LNU03327709,2003,M13,10.1
LNU03327709,2004,M01,10.9
LNU03327709,2004,M02,10.3
LNU03327709,2004,M03,10.4
LNU03327709,2004,M04,9.3
LNU03327709,2004,M05,9.3
LNU03327709,2004,M06,9.8
LNU03327709,2004,M07,9.8
LNU03327709,2004,M08,9.3
LNU03327709,2004,M09,8.9
LNU03327709,2004,M10,9.1
LNU03327709,2004,M11,9.1
LNU03327709,2004,M12,9.1
LNU03327709,2004,M13,9.6
LNU03327709,2005,M01,10.2
LNU03327709,2005,M02,9.9
LNU03327709,2005,M03,9.4
LNU03327709,2005,M04,8.7
LNU03327709,2005,M05,8.6
LNU03327709,2005,M06,9.3
LNU03327709,2005,M07,9.1
LNU03327709,2005,M08,8.8
LNU03327709,2005,M09,8.5
LNU03327709,2005,M10,8.1
LNU03327709,2005,M11,8.4
LNU03327709,2005,M12,8.4
LNU03327709,2005,M13,8.9
LNU03327709,2006,M01,9.2
LNU03327709,2006,M02,9.0
LNU03327709,2006,M03,8.5
LNU03327709,2006,M04,7.9
LNU03327709,2006,M05,7.9
LNU03327709,2006,M06,8.7
LNU03327709,2006,M07,8.8
LNU03327709,2006,M08,8.3
LNU03327709,2006,M09,7.6
LNU03327709,2006,M10,7.6
LNU03327709,2006,M11,7.8
LNU03327709,2006,M12,7.8
LNU03327709,2006,M13,8.2
LNU03327709,2007,M01,9.1
LNU03327709,2007,M02,8.7
LNU03327709,2007,M03,8.3
LNU03327709,2007,M04,7.9
LNU03327709,2007,M05,7.9
LNU03327709,2007,M06,8.5
LNU03327709,2007,M07,8.6
LNU03327709,2007,M08,8.4
LNU03327709,2007,M09,8.0
LNU03327709,2007,M10,7.9
LNU03327709,2007,M11,8.1
LNU03327709,2007,M12,8.7
LNU03327709,2007,M13,8.3
LNU03327709,2008,M01,9.9
LNU03327709,2008,M02,9.5
LNU03327709,2008,M03,9.3
LNU03327709,2008,M04,8.9
LNU03327709,2008,M05,9.4
LNU03327709,2008,M06,10.3
LNU03327709,2008,M07,10.8
LNU03327709,2008,M08,10.7
LNU03327709,2008,M09,10.6
LNU03327709,2008,M10,11.1
LNU03327709,2008,M11,12.2
LNU03327709,2008,M12,13.5
LNU03327709,2008,M13,10.5
LNU03327709,2009,M01,15.4
LNU03327709,2009,M02,16.0
LNU03327709,2009,M03,16.2
LNU03327709,2009,M04,15.4
LNU03327709,2009,M05,15.9
LNU03327709,2009,M06,16.8
LNU03327709,2009,M07,16.8
LNU03327709,2009,M08,16.5
LNU03327709,2009,M09,16.1
LNU03327709,2009,M10,16.3
LNU03327709,2009,M11,16.4
LNU03327709,2009,M12,17.1
LNU03327709,2009,M13,16.2
LNU03327709,2010,M01,18.0
LNU03327709,2010,M02,17.9
LNU03327709,2010,M03,17.5
LNU03327709,2010,M04,16.6
LNU03327709,2010,M05,16.1
LNU03327709,2010,M06,16.7
LNU03327709,2010,M07,16.8
LNU03327709,2010,M08,16.4
LNU03327709,2010,M09,16.2
LNU03327709,2010,M10,15.9
LNU03327709,2010,M11,16.3
LNU03327709,2010,M12,16.6
LNU03327709,2010,M13,16.7
LNU03327709,2011,M01,17.3
LNU03327709,2011,M02,16.7
LNU03327709,2011,M03,16.2
LNU03327709,2011,M04,15.5
LNU03327709,2011,M05,15.4
LNU03327709,2011,M06,16.4
LNU03327709,2011,M07,16.3
LNU03327709,2011,M08,16.1
LNU03327709,2011,M09,15.7
LNU03327709,2011,M10,15.3
LNU03327709,2011,M11,15.0
LNU03327709,2011,M12,15.2
LNU03327709,2011,M13,15.9
LNU03327709,2012,M01,16.2
LNU03327709,2012,M02,15.6
LNU03327709,2012,M03,14.8
LNU03327709,2012,M04,14.1
LNU03327709,2012,M05,14.3
LNU03327709,2012,M06,15.1
LNU03327709,2012,M07,15.2
LNU03327709,2012,M08,14.6
LNU03327709,2012,M09,14.2
LNU03327709,2012,M10,13.9
LNU03327709,2012,M11,13.9
LNU03327709,2012,M12,14.4
LNU03327709,2012,M13,14.7
LNU03327709,2013,M01,15.4
LNU03327709,2013,M02,14.9
LNU03327709,2013,M03,13.9
LNU03327709,2013,M04,13.4
LNU03327709,2013,M05,13.4
LNU03327709,2013,M06,14.6
LNU03327709,2013,M07,14.3
LNU03327709,2013,M08,13.6
LNU03327709,2013,M09,13.1
LNU03327709,2013,M10,13.2
LNU03327709,2013,M11,12.7
LNU03327709,2013,M12,13.0
LNU03327709,2013,M13,13.8
LNU03327709,2014,M01,13.5
LNU03327709,2014,M02,13.1
LNU03327709,2014,M03,12.8
LNU03327709,2014,M04,11.8
LNU03327709,2014,M05,11.7
LNU03327709,2014,M06,12.4
LNU03327709,2014,M07,12.6
LNU03327709,2014,M08,12.0
LNU03327709,2014,M09,11.3
LNU03327709,2014,M10,11.1
LNU03327709,2014,M11,11.0
LNU03327709,2014,M12,11.1
LNU03327709,2014,M13,12.0
LNU03327709,2015,M01,12.0
LNU03327709,2015,M02,11.4
LNU03327709,2015,M03,11.0
LNU03327709,2015,M04,10.4
LNU03327709,2015,M05,10.4
LNU03327709,2015,M06,10.8
LNU03327709,2015,M07,10.7
LNU03327709,2015,M08,10.3
LNU03327709,2015,M09,9.6
LNU03327709,2015,M10,9.5
LNU03327709,2015,M11,9.6
LNU03327709,2015,M12,9.8
LNU03327709,2015,M13,10.4
LNU03327709,2016,M01,10.5
LNU03327709,2016,M02,10.1
LNU03327709,2016,M03,9.9
LNU03327709,2016,M04,9.3
LNU03327709,2016,M05,9.4
LNU03327709,2016,M06,9.9
LNU03327709,2016,M07,10.1
LNU03327709,2016,M08,9.7
LNU03327709,2016,M09,9.3
LNU03327709,2016,M10,9.2
LNU03327709,2016,M11,9.0
LNU03327709,2016,M12,9.1
LNU03327709,2016,M13,9.6
LNU03327709,2017,M01,10.1
LNU03327709,2017,M02,9.5
LNU03327709,2017,M03,8.9
LNU03327709,2017,M04,8.1
LNU03327709,2017,M05,8.1
LNU03327709,2017,M06,8.9
LNU03327709,2017,M07,8.9
LNU03327709,2017,M08,8.6
LNU03327709,2017,M09,8.0
LNU03327709,2017,M10,7.6
LNU03327709,2017,M11,7.7
LNU03327709,2017,M12,8.0
LNU03327709,2017,M13,8.5
LNU03327709,2018,M01,8.9
LNU03327709,2018,M02,8.6
LNU03327709,2018,M03,8.1
LNU03327709,2018,M04,7.4
LNU03327709,2018,M05,7.3
LNU03327709,2018,M06,8.1
LNU03327709,2018,M07,7.9
LNU03327709,2018,M08,7.4
LNU03327709,2018,M09,7.1
LNU03327709,2018,M10,7.0
LNU03327709,2018,M11,7.2
LNU03327709,2018,M12,7.5
LNU03327709,2018,M13,7.7
LNU03327709,2019,M01,8.8
LNU03327709,2019,M02,7.7
LNU03327709,2019,M03,7.5
LNU03327709,2019,M04,6.9
LNU03327709,2019,M05,6.7
LNU03327709,2019,M06,7.5
LNU03327709,2019,M07,7.3
LNU03327709,2019,M08,7.3
LNU03327709,2019,M09,6.5
LNU03327709,2019,M10,6.5
LNU03327709,2019,M11,6.5
LNU03327709,2019,M12,6.7
LNU03327709,2019,M13,7.2
LNU03327709,2020,M01,7.7
LNU03327709,2020,M02,7.4
LNU03327709,2020,M03,8.9
LNU03327709,2020,M04,22.4
LNU03327709,2020,M05,20.7
LNU03327709,2020,M06,18.3
LNU03327709,2020,M07,16.8
LNU03327709,2020,M08,14.3
LNU03327709,2020,M09,12.4
LNU03327709,2020,M10,11.6
LNU03327709,2020,M11,11.6
LNU03327709,2020,M12,11.6
LNU03327709,2020,M13,13.6
LNU03327709,2021,M01,12.0
LNU03327709,2021,M02,11.6
LNU03327709,2021,M03,10.9
LNU03327709,2021,M04,9.9
LNU03327709,2021,M05,9.7
LNU03327709,2021,M06,10.1
LNU03327709,2021,M07,9.6
LNU03327709,2021,M08,8.9
LNU03327709,2021,M09,8.1
LNU03327709,2021,M10,7.7
LNU03327709,2021,M11,7.4
LNU03327709,2021,M12,7.2
LNU03327709,2021,M13,9.4
LNU03327709,2022,M01,7.9
LNU03327709,2022,M02,7.6
LNU03327709,2022,M03,7.1
LNU03327709,2022,M04,6.6
LNU03327709,2022,M05,6.7
LNU03327709,2022,M06,7.0
LNU03327709,2022,M07,7.2
LNU03327709,2022,M08,7.0
LNU03327709,2022,M09,6.4
LNU03327709,2022,M10,6.3
LNU03327709,2022,M11,6.4
LNU03327709,2022,M12,6.4
LNU03327709,2022,M13,6.9
LNU03327709,2023,M01,7.4
LNU03327709,2023,M02,7.3
LNU03327709,2023,M03,6.8
LNU03327709,2023,M04,6.1
LNU03327709,2023,M05,6.4
LNU03327709,2023,M06,7.2
LNU03327709,2023,M07,7.1
LNU03327709,2023,M08,7.2
LNU03327709,2023,M09,6.7
LNU03327709,2023,M10,6.8
LNU03327709,2023,M11,6.7
LNU03327709,2023,M12,7.0
LNU03327709,2023,M13,6.9
LNU03327709,2024,M01,8.0
LNU03327709,2024,M02,7.8
LNU03327709,2024,M03,7.4
LNU03327709,2024,M04,6.9
LNU03327709,2024,M05,7.1
LNU03327709,2024,M06,7.7
LNU03327709,2024,M07,8.2
LNU03327709,2024,M08,8.0
LNU03327709,2024,M09,7.3
LNU03327709,2024,M10,7.3
LNU03327709,2024,M11,7.4
LNU03327709,2024,M12,7.4
LNU03327709,2024,M13,7.5
LNU03327709,2025,M01,8.2
LNU03327709,2025,M02,8.4
LNU03327709,2025,M03,7.9
LNU03327709,2025,M04,7.3
LNU03327709,2025,M05,7.4
LNU03327709,2025,M06,8.1
LNU03327709,2025,M07,8.3
LNU03327709,2025,M08,8.2
LNU03327709,2025,M09,7.7
LNU03327709,2025,M11,8.4
LNU03327709,2025,M12,8.2
LNU03327709,2025,M13,8.0
LNU03327709,2026,M01,8.8
LNU03327709,2026,M02,8.3
LNU03327709,2026,M03,8.0
LNU03327709,2026,M04,7.7
LNU03327709,2026,M05,7.7
LNU03327709,2026,M06,8.2
LNU03327709,2026,M07,8.3
LNU03327709,2026,M08,7.8
LNU04000000,1947,M13,3.9
LNU04000000,1948,M01,4.0
LNU04000000,1948,M02,4.7
LNU04000000,1948,M03,4.5
LNU04000000,1948,M04,4.0
LNU04000000,1948,M05,3.4
LNU04000000,1948,M06,3.9
LNU04000000,1948,M07,3.9
LNU04000000,1948,M08,3.6
LNU04000000,1948,M09,3.4
LNU04000000,1948,M10,2.9
LNU04000000,1948,M11,3.3
LNU04000000,1948,M12,3.6
LNU04000000,1948,M13,3.8
LNU04000000,1949,M01,5.0
LNU04000000,1949,M02,5.8
LNU04000000,1949,M03,5.6
LNU04000000,1949,M04,5.4
LNU04000000,1949,M05,5.7
LNU04000000,1949,M06,6.4
LNU04000000,1949,M07,7.0
LNU04000000,1949,M08,6.3
LNU04000000,1949,M09,5.9
LNU04000000,1949,M10,6.1
LNU04000000,1949,M11,5.7
LNU04000000,1949,M12,6.0
LNU04000000,1949,M13,5.9
LNU04000000,1950,M01,7.6
LNU04000000,1950,M02,7.9
LNU04000000,1950,M03,7.1
LNU04000000,1950,M04,6.0
LNU04000000,1950,M05,5.3
LNU04000000,1950,M06,5.6
LNU04000000,1950,M07,5.3
LNU04000000,1950,M08,4.1
LNU04000000,1950,M09,4.0
LNU04000000,1950,M10,3.3
LNU04000000,1950,M11,3.8
LNU04000000,1950,M12,3.9
LNU04000000,1950,M13,5.3
LNU04000000,1951,M01,4.4
LNU04000000,1951,M02,4.2
LNU04000000,1951,M03,3.8
LNU04000000,1951,M04,3.2
LNU04000000,1951,M05,2.9
LNU04000000,1951,M06,3.4
LNU04000000,1951,M07,3.3
LNU04000000,1951,M08,2.9
LNU04000000,1951,M09,3.0
LNU04000000,1951,M10,2.8
LNU04000000,1951,M11,3.2
LNU04000000,1951,M12,2.9
LNU04000000,1951,M13,3.3
LNU04000000,1952,M01,3.7
LNU04000000,1952,M02,3.8
LNU04000000,1952,M03,3.3
LNU04000000,1952,M04,3.0
LNU04000000,1952,M05,2.9
LNU04000000,1952,M06,3.2
LNU04000000,1952,M07,3.3
LNU04000000,1952,M08,3.1
LNU04000000,1952,M09,2.7
LNU04000000,1952,M10,2.4
LNU04000000,1952,M11,2.5
LNU04000000,1952,M12,2.5
LNU04000000,1952,M13,3.0
LNU04000000,1953,M01,3.4
LNU04000000,1953,M02,3.2
LNU04000000,1953,M03,2.9
LNU04000000,1953,M04,2.8
LNU04000000,1953,M05,2.5
LNU04000000,1953,M06,2.7
LNU04000000,1953,M07,2.7
LNU04000000,1953,M08,2.4
LNU04000000,1953,M09,2.6
LNU04000000,1953,M10,2.5
LNU04000000,1953,M11,3.2
LNU04000000,1953,M12,4.2
LNU04000000,1953,M13,2.9
LNU04000000,1954,M01,5.7
LNU04000000,1954,M02,6.3
LNU04000000,1954,M03,6.4
LNU04000000,1954,M04,6.1
LNU04000000,1954,M05,5.7
LNU04000000,1954,M06,5.7
LNU04000000,1954,M07,5.7
LNU04000000,1954,M08,5.4
LNU04000000,1954,M09,5.3
LNU04000000,1954,M10,4.6
LNU04000000,1954,M11,4.9
LNU04000000,1954,M12,4.8
LNU04000000,1954,M13,5.5
LNU04000000,1955,M01,5.8
LNU04000000,1955,M02,5.7
LNU04000000,1955,M03,5.2
LNU04000000,1955,M04,4.9
LNU04000000,1955,M05,4.2
LNU04000000,1955,M06,4.4
LNU04000000,1955,M07,4.0
LNU04000000,1955,M08,3.8
LNU04000000,1955,M09,3.5
LNU04000000,1955,M10,3.4
LNU04000000,1955,M11,3.8
LNU04000000,1955,M12,3.9
LNU04000000,1955,M13,4.4
LNU04000000,1956,M01,4.7
LNU04000000,1956,M02,4.8
LNU04000000,1956,M03,4.7
LNU04000000,1956,M04,4.1
LNU04000000,1956,M05,4.2
LNU04000000,1956,M06,4.7
LNU04000000,1956,M07,4.4
LNU04000000,1956,M08,3.7
LNU04000000,1956,M09,3.4
LNU04000000,1956,M10,3.1
LNU04000000,1956,M11,3.9
LNU04000000,1956,M12,4.0
LNU04000000,1956,M13,4.1
LNU04000000,1957,M01,4.9
LNU04000000,1957,M02,4.7
LNU04000000,1957,M03,4.3
LNU04000000,1957,M04,4.0
LNU04000000,1957,M05,3.9
LNU04000000,1957,M06,4.6
LNU04000000,1957,M07,4.1
LNU04000000,1957,M08,3.7
LNU04000000,1957,M09,3.7
LNU04000000,1957,M10,3.6
LNU04000000,1957,M11,4.6
LNU04000000,1957,M12,5.0
LNU04000000,1957,M13,4.3
LNU04000000,1958,M01,6.8
LNU04000000,1958,M02,7.7
LNU04000000,1958,M03,7.7
LNU04000000,1958,M04,7.5
LNU04000000,1958,M05,7.1
LNU04000000,1958,M06,7.6
LNU04000000,1958,M07,7.4
LNU04000000,1958,M08,6.7
LNU04000000,1958,M09,6.0
LNU04000000,1958,M10,5.5
LNU04000000,1958,M11,5.6
LNU04000000,1958,M12,6.0
LNU04000000,1958,M13,6.8
LNU04000000,1959,M01,7.0
LNU04000000,1959,M02,7.0
LNU04000000,1959,M03,6.4
LNU04000000,1959,M04,5.2
LNU04000000,1959,M05,4.9
LNU04000000,1959,M06,5.4
LNU04000000,1959,M07,5.2
LNU04000000,1959,M08,4.8
LNU04000000,1959,M09,4.7
LNU04000000,1959,M10,4.7
LNU04000000,1959,M11,5.3
LNU04000000,1959,M12,5.1
LNU04000000,1959,M13,5.5
LNU04000000,1960,M01,6.1
LNU04000000,1960,M02,5.7
LNU04000000,1960,M03,6.1
LNU04000000,1960,M04,5.2
LNU04000000,1960,M05,4.8
LNU04000000,1960,M06,5.8
LNU04000000,1960,M07,5.5
LNU04000000,1960,M08,5.2
LNU04000000,1960,M09,4.7
LNU04000000,1960,M10,5.0
LNU04000000,1960,M11,5.6
LNU04000000,1960,M12,6.4
LNU04000000,1960,M13,5.5
LNU04000000,1961,M01,7.7
LNU04000000,1961,M02,8.1
LNU04000000,1961,M03,7.7
LNU04000000,1961,M04,7.0
LNU04000000,1961,M05,6.6
LNU04000000,1961,M06,7.3
LNU04000000,1961,M07,6.9
LNU04000000,1961,M08,6.2
LNU04000000,1961,M09,5.8
LNU04000000,1961,M10,5.5
LNU04000000,1961,M11,5.6
LNU04000000,1961,M12,5.8
LNU04000000,1961,M13,6.7
LNU04000000,1962,M01,6.7
LNU04000000,1962,M02,6.5
LNU04000000,1962,M03,6.2
LNU04000000,1962,M04,5.5
LNU04000000,1962,M05,5.1
LNU04000000,1962,M06,5.9
LNU04000000,1962,M07,5.3
LNU04000000,1962,M08,5.3
LNU04000000,1962,M09,4.9
LNU04000000,1962,M10,4.5
LNU04000000,1962,M11,5.3
LNU04000000,1962,M12,5.3
LNU04000000,1962,M13,5.5
LNU04000000,1963,M01,6.6
LNU04000000,1963,M02,6.9
LNU04000000,1963,M03,6.3
LNU04000000,1963,M04,5.6
LNU04000000,1963,M05,5.5
LNU04000000,1963,M06,6.2
LNU04000000,1963,M07,5.6
LNU04000000,1963,M08,5.2
LNU04000000,1963,M09,4.8
LNU04000000,1963,M10,4.7
LNU04000000,1963,M11,5.3
LNU04000000,1963,M12,5.3
LNU04000000,1963,M13,5.7
LNU04000000,1964,M01,6.4
LNU04000000,1964,M02,6.2
LNU04000000,1964,M03,5.9
LNU04000000,1964,M04,5.3
LNU04000000,1964,M05,4.8
LNU04000000,1964,M06,5.9
LNU04000000,1964,M07,4.9
LNU04000000,1964,M08,4.8
LNU04000000,1964,M09,4.5
LNU04000000,1964,M10,4.4
LNU04000000,1964,M11,4.5
LNU04000000,1964,M12,4.7
LNU04000000,1964,M13,5.2
LNU04000000,1965,M01,5.5
LNU04000000,1965,M02,5.7
LNU04000000,1965,M03,5.1
LNU04000000,1965,M04,4.7
LNU04000000,1965,M05,4.3
LNU04000000,1965,M06,5.3
LNU04000000,1965,M07,4.5
LNU04000000,1965,M08,4.2
LNU04000000,1965,M09,3.8
LNU04000000,1965,M10,3.6
LNU04000000,1965,M11,3.9
LNU04000000,1965,M12,3.7
LNU04000000,1965,M13,4.5
LNU04000000,1966,M01,4.4
LNU04000000,1966,M02,4.2
LNU04000000,1966,M03,4.0
LNU04000000,1966,M04,3.6
LNU04000000,1966,M05,3.7
LNU04000000,1966,M06,4.6
LNU04000000,1966,M07,3.9
LNU04000000,1966,M08,3.6
LNU04000000,1966,M09,3.3
LNU04000000,1966,M10,3.2
LNU04000000,1966,M11,3.4
LNU04000000,1966,M12,3.5
LNU04000000,1966,M13,3.8
LNU04000000,1967,M01,4.2
LNU04000000,1967,M02,4.2
LNU04000000,1967,M03,3.9
LNU04000000,1967,M04,3.5
LNU04000000,1967,M05,3.2
LNU04000000,1967,M06,4.6
LNU04000000,1967,M07,4.1
LNU04000000,1967,M08,3.7
LNU04000000,1967,M09,3.7
LNU04000000,1967,M10,3.8
LNU04000000,1967,M11,3.7
LNU04000000,1967,M12,3.5
LNU04000000,1967,M13,3.8
LNU04000000,1968,M01,4.0
LNU04000000,1968,M02,4.2
LNU04000000,1968,M03,3.8
LNU04000000,1968,M04,3.2
LNU04000000,1968,M05,2.9
LNU04000000,1968,M06,4.5
LNU04000000,1968,M07,4.0
LNU04000000,1968,M08,3.5
LNU04000000,1968,M09,3.3
LNU04000000,1968,M10,3.2
LNU04000000,1968,M11,3.3
LNU04000000,1968,M12,3.1
LNU04000000,1968,M13,3.6
LNU04000000,1969,M01,3.7
LNU04000000,1969,M02,3.7
LNU04000000,1969,M03,3.5
LNU04000000,1969,M04,3.2
LNU04000000,1969,M05,2.9
LNU04000000,1969,M06,4.1
LNU04000000,1969,M07,3.8
LNU04000000,1969,M08,3.5
LNU04000000,1969,M09,3.7
LNU04000000,1969,M10,3.5
LNU04000000,1969,M11,3.3
LNU04000000,1969,M12,3.2
LNU04000000,1969,M13,3.5
LNU04000000,1970,M01,4.2
LNU04000000,1970,M02,4.7
LNU04000000,1970,M03,4.6
LNU04000000,1970,M04,4.3
LNU04000000,1970,M05,4.1
LNU04000000,1970,M06,5.6
LNU04000000,1970,M07,5.3
LNU04000000,1970,M08,5.0
LNU04000000,1970,M09,5.2
LNU04000000,1970,M10,5.1
LNU04000000,1970,M11,5.5
LNU04000000,1970,M12,5.6
LNU04000000,1970,M13,4.9
LNU04000000,1971,M01,6.6
LNU04000000,1971,M02,6.6
LNU04000000,1971,M03,6.3
LNU04000000,1971,M04,5.7
LNU04000000,1971,M05,5.3
LNU04000000,1971,M06,6.5
LNU04000000,1971,M07,6.2
LNU04000000,1971,M08,5.9
LNU04000000,1971,M09,5.8
LNU04000000,1971,M10,5.4
LNU04000000,1971,M11,5.7
LNU04000000,1971,M12,5.5
LNU04000000,1971,M13,5.9
LNU04000000,1972,M01,6.5
LNU04000000,1972,M02,6.4
LNU04000000,1972,M03,6.1
LNU04000000,1972,M04,5.5
LNU04000000,1972,M05,5.1
LNU04000000,1972,M06,6.2
LNU04000000,1972,M07,5.9
LNU04000000,1972,M08,5.5
LNU04000000,1972,M09,5.4
LNU04000000,1972,M10,5.1
LNU04000000,1972,M11,4.9
LNU04000000,1972,M12,4.8
LNU04000000,1972,M13,5.6
LNU04000000,1973,M01,5.5
LNU04000000,1973,M02,5.6
LNU04000000,1973,M03,5.2
LNU04000000,1973,M04,4.8
LNU04000000,1973,M05,4.4
LNU04000000,1973,M06,5.4
LNU04000000,1973,M07,5.0
LNU04000000,1973,M08,4.7
LNU04000000,1973,M09,4.7
LNU04000000,1973,M10,4.2
LNU04000000,1973,M11,4.6
LNU04000000,1973,M12,4.6
LNU04000000,1973,M13,4.9
LNU04000000,1974,M01,5.7
LNU04000000,1974,M02,5.8
LNU04000000,1974,M03,5.3
LNU04000000,1974,M04,4.8
LNU04000000,1974,M05,4.6
LNU04000000,1974,M06,5.8
LNU04000000,1974,M07,5.7
LNU04000000,1974,M08,5.3
LNU04000000,1974,M09,5.7
LNU04000000,1974,M10,5.5
LNU04000000,1974,M11,6.2
LNU04000000,1974,M12,6.7
LNU04000000,1974,M13,5.6
LNU04000000,1975,M01,9.0
LNU04000000,1975,M02,9.1
LNU04000000,1975,M03,9.1
LNU04000000,1975,M04,8.6
LNU04000000,1975,M05,8.3
LNU04000000,1975,M06,9.1
LNU04000000,1975,M07,8.7
LNU04000000,1975,M08,8.2
LNU04000000,1975,M09,8.1
LNU04000000,1975,M10,7.8
LNU04000000,1975,M11,7.8
LNU04000000,1975,M12,7.8
LNU04000000,1975,M13,8.5
LNU04000000,1976,M01,8.8
LNU04000000,1976,M02,8.7
LNU04000000,1976,M03,8.1
LNU04000000,1976,M04,7.4
LNU04000000,1976,M05,6.8
LNU04000000,1976,M06,8.0
LNU04000000,1976,M07,7.8
LNU04000000,1976,M08,7.6
LNU04000000,1976,M09,7.4
LNU04000000,1976,M10,7.2
LNU04000000,1976,M11,7.4
LNU04000000,1976,M12,7.4
LNU04000000,1976,M13,7.7
LNU04000000,1977,M01,8.3
LNU04000000,1977,M02,8.5
LNU04000000,1977,M03,7.9
LNU04000000,1977,M04,6.9
LNU04000000,1977,M05,6.4
LNU04000000,1977,M06,7.5
LNU04000000,1977,M07,7.0
LNU04000000,1977,M08,6.8
LNU04000000,1977,M09,6.6
LNU04000000,1977,M10,6.4
LNU04000000,1977,M11,6.5
LNU04000000,1977,M12,6.0
LNU04000000,1977,M13,7.1
LNU04000000,1978,M01,7.1
LNU04000000,1978,M02,6.9
LNU04000000,1978,M03,6.6
LNU04000000,1978,M04,5.8
LNU04000000,1978,M05,5.5
LNU04000000,1978,M06,6.2
LNU04000000,1978,M07,6.3
LNU04000000,1978,M08,5.9
LNU04000000,1978,M09,5.8
LNU04000000,1978,M10,5.4
LNU04000000,1978,M11,5.6
LNU04000000,1978,M12,5.7
LNU04000000,1978,M13,6.1
LNU04000000,1979,M01,6.4
LNU04000000,1979,M02,6.4
LNU04000000,1979,M03,6.1
LNU04000000,1979,M04,5.5
LNU04000000,1979,M05,5.2
LNU04000000,1979,M06,6.0
LNU04000000,1979,M07,5.9
LNU04000000,1979,M08,5.9
LNU04000000,1979,M09,5.7
LNU04000000,1979,M10,5.6
LNU04000000,1979,M11,5.6
LNU04000000,1979,M12,5.7
LNU04000000,1979,M13,5.8
LNU04000000,1980,M01,6.9
LNU04000000,1980,M02,6.8
LNU04000000,1980,M03,6.6
LNU04000000,1980,M04,6.7
LNU04000000,1980,M05,7.1
LNU04000000,1980,M06,7.8
LNU04000000,1980,M07,7.9
LNU04000000,1980,M08,7.6
LNU04000000,1980,M09,7.2
LNU04000000,1980,M10,7.1
LNU04000000,1980,M11,7.1
LNU04000000,1980,M12,6.9
LNU04000000,1980,M13,7.1
LNU04000000,1981,M01,8.2
LNU04000000,1981,M02,8.0
LNU04000000,1981,M03,7.7
LNU04000000,1981,M04,7.0
LNU04000000,1981,M05,7.1
LNU04000000,1981,M06,7.7
LNU04000000,1981,M07,7.3
LNU04000000,1981,M08,7.2
LNU04000000,1981,M09,7.3
LNU04000000,1981,M10,7.5
LNU04000000,1981,M11,7.9
LNU04000000,1981,M12,8.3
LNU04000000,1981,M13,7.6
LNU04000000,1982,M01,9.4
LNU04000000,1982,M02,9.6
LNU04000000,1982,M03,9.5
LNU04000000,1982,M04,9.2
LNU04000000,1982,M05,9.1
LNU04000000,1982,M06,9.8
LNU04000000,1982,M07,9.8
LNU04000000,1982,M08,9.6
LNU04000000,1982,M09,9.7
LNU04000000,1982,M10,9.9
LNU04000000,1982,M11,10.4
LNU04000000,1982,M12,10.5
LNU04000000,1982,M13,9.7
LNU04000000,1983,M01,11.4
LNU04000000,1983,M02,11.3
LNU04000000,1983,M03,10.8
LNU04000000,1983,M04,10.0
LNU04000000,1983,M05,9.8
LNU04000000,1983,M06,10.2
LNU04000000,1983,M07,9.4
LNU04000000,1983,M08,9.2
LNU04000000,1983,M09,8.8
LNU04000000,1983,M10,8.4
LNU04000000,1983,M11,8.1
LNU04000000,1983,M12,8.0
LNU04000000,1983,M13,9.6
LNU04000000,1984,M01,8.8
LNU04000000,1984,M02,8.4
LNU04000000,1984,M03,8.1
LNU04000000,1984,M04,7.6
LNU04000000,1984,M05,7.2
LNU04000000,1984,M06,7.4
LNU04000000,1984,M07,7.5
LNU04000000,1984,M08,7.3
LNU04000000,1984,M09,7.1
LNU04000000,1984,M10,7.0
LNU04000000,1984,M11,6.9
LNU04000000,1984,M12,7.0
LNU04000000,1984,M13,7.5
LNU04000000,1985,M01,8.0
LNU04000000,1985,M02,7.8
LNU04000000,1985,M03,7.5
LNU04000000,1985,M04,7.1
LNU04000000,1985,M05,7.0
LNU04000000,1985,M06,7.5
LNU04000000,1985,M07,7.4
LNU04000000,1985,M08,6.9
LNU04000000,1985,M09,6.9
LNU04000000,1985,M10,6.8
LNU04000000,1985,M11,6.7
LNU04000000,1985,M12,6.7
LNU04000000,1985,M13,7.2
LNU04000000,1986,M01,7.3
LNU04000000,1986,M02,7.8
LNU04000000,1986,M03,7.5
LNU04000000,1986,M04,7.0
LNU04000000,1986,M05,7.0
LNU04000000,1986,M06,7.3
LNU04000000,1986,M07,7.0
LNU04000000,1986,M08,6.7
LNU04000000,1986,M09,6.8
LNU04000000,1986,M10,6.6
LNU04000000,1986,M11,6.6
LNU04000000,1986,M12,6.3
LNU04000000,1986,M13,7.0
LNU04000000,1987,M01,7.3
LNU04000000,1987,M02,7.2
LNU04000000,1987,M03,6.9
LNU04000000,1987,M04,6.2
LNU04000000,1987,M05,6.1
LNU04000000,1987,M06,6.3
LNU04000000,1987,M07,6.1
LNU04000000,1987,M08,5.8
LNU04000000,1987,M09,5.7
LNU04000000,1987,M10,5.7
LNU04000000,1987,M11,5.6
LNU04000000,1987,M12,5.4
LNU04000000,1987,M13,6.2
LNU04000000,1988,M01,6.3
LNU04000000,1988,M02,6.2
LNU04000000,1988,M03,5.9
LNU04000000,1988,M04,5.3
LNU04000000,1988,M05,5.4
LNU04000000,1988,M06,5.5
LNU04000000,1988,M07,5.5
LNU04000000,1988,M08,5.4
LNU04000000,1988,M09,5.2
LNU04000000,1988,M10,5.0
LNU04000000,1988,M11,5.2
LNU04000000,1988,M12,5.0
LNU04000000,1988,M13,5.5
LNU04000000,1989,M01,6.0
LNU04000000,1989,M02,5.6
LNU04000000,1989,M03,5.2
LNU04000000,1989,M04,5.1
LNU04000000,1989,M05,5.0
LNU04000000,1989,M06,5.5
LNU04000000,1989,M07,5.3
LNU04000000,1989,M08,5.1
LNU04000000,1989,M09,5.1
LNU04000000,1989,M10,5.0
LNU04000000,1989,M11,5.2
LNU04000000,1989,M12,5.1
LNU04000000,1989,M13,5.3
LNU04000000,1990,M01,6.0
LNU04000000,1990,M02,5.9
LNU04000000,1990,M03,5.5
LNU04000000,1990,M04,5.3
LNU04000000,1990,M05,5.2
LNU04000000,1990,M06,5.4
LNU04000000,1990,M07,5.6
LNU04000000,1990,M08,5.5
LNU04000000,1990,M09,5.6
LNU04000000,1990,M10,5.5
LNU04000000,1990,M11,5.9
LNU04000000,1990,M12,6.0
LNU04000000,1990,M13,5.6
LNU04000000,1991,M01,7.1
LNU04000000,1991,M02,7.3
LNU04000000,1991,M03,7.2
LNU04000000,1991,M04,6.5
LNU04000000,1991,M05,6.7
LNU04000000,1991,M06,7.0
LNU04000000,1991,M07,6.8
LNU04000000,1991,M08,6.6
LNU04000000,1991,M09,6.5
LNU04000000,1991,M10,6.5
LNU04000000,1991,M11,6.7
LNU04000000,1991,M12,6.9
LNU04000000,1991,M13,6.8
LNU04000000,1992,M01,8.1
LNU04000000,1992,M02,8.2
LNU04000000,1992,M03,7.8
LNU04000000,1992,M04,7.2
LNU04000000,1992,M05,7.3
LNU04000000,1992,M06,8.0
LNU04000000,1992,M07,7.7
LNU04000000,1992,M08,7.4
LNU04000000,1992,M09,7.3
LNU04000000,1992,M10,6.9
LNU04000000,1992,M11,7.1
LNU04000000,1992,M12,7.1
LNU04000000,1992,M13,7.5
LNU04000000,1993,M01,8.0
LNU04000000,1993,M02,7.8
LNU04000000,1993,M03,7.4
LNU04000000,1993,M04,6.9
LNU04000000,1993,M05,6.8
LNU04000000,1993,M06,7.2
LNU04000000,1993,M07,7.0
LNU04000000,1993,M08,6.6
LNU04000000,1993,M09,6.4
LNU04000000,1993,M10,6.4
LNU04000000,1993,M11,6.2
LNU04000000,1993,M12,6.1
LNU04000000,1993,M13,6.9
LNU04000000,1994,M01,7.3
LNU04000000,1994,M02,7.1
LNU04000000,1994,M03,6.8
LNU04000000,1994,M04,6.2
LNU04000000,1994,M05,5.9
LNU04000000,1994,M06,6.2
LNU04000000,1994,M07,6.2
LNU04000000,1994,M08,5.9
LNU04000000,1994,M09,5.6
LNU04000000,1994,M10,5.4
LNU04000000,1994,M11,5.3
LNU04000000,1994,M12,5.1
LNU04000000,1994,M13,6.1
LNU04000000,1995,M01,6.2
LNU04000000,1995,M02,5.9
LNU04000000,1995,M03,5.7
LNU04000000,1995,M04,5.6
LNU04000000,1995,M05,5.5
LNU04000000,1995,M06,5.8
LNU04000000,1995,M07,5.9
LNU04000000,1995,M08,5.6
LNU04000000,1995,M09,5.4
LNU04000000,1995,M10,5.2
LNU04000000,1995,M11,5.3
LNU04000000,1995,M12,5.2
LNU04000000,1995,M13,5.6
LNU04000000,1996,M01,6.3
LNU04000000,1996,M02,6.0
LNU04000000,1996,M03,5.8
LNU04000000,1996,M04,5.4
LNU04000000,1996,M05,5.4
LNU04000000,1996,M06,5.5
LNU04000000,1996,M07,5.6
LNU04000000,1996,M08,5.1
LNU04000000,1996,M09,5.0
LNU04000000,1996,M10,4.9
LNU04000000,1996,M11,5.0
LNU04000000,1996,M12,5.0
LNU04000000,1996,M13,5.4
LNU04000000,1997,M01,5.9
LNU04000000,1997,M02,5.7
LNU04000000,1997,M03,5.5
LNU04000000,1997,M04,4.8
LNU04000000,1997,M05,4.7
LNU04000000,1997,M06,5.2
LNU04000000,1997,M07,5.0
LNU04000000,1997,M08,4.8
LNU04000000,1997,M09,4.7
LNU04000000,1997,M10,4.4
LNU04000000,1997,M11,4.3
LNU04000000,1997,M12,4.4
LNU04000000,1997,M13,4.9
LNU04000000,1998,M01,5.2
LNU04000000,1998,M02,5.0
LNU04000000,1998,M03,5.0
LNU04000000,1998,M04,4.1
LNU04000000,1998,M05,4.2
LNU04000000,1998,M06,4.7
LNU04000000,1998,M07,4.7
LNU04000000,1998,M08,4.5
LNU04000000,1998,M09,4.4
LNU04000000,1998,M10,4.2
LNU04000000,1998,M11,4.1
LNU04000000,1998,M12,4.0
LNU04000000,1998,M13,4.5
LNU04000000,1999,M01,4.8
LNU04000000,1999,M02,4.7
LNU04000000,1999,M03,4.4
LNU04000000,1999,M04,4.1
LNU04000000,1999,M05,4.0
LNU04000000,1999,M06,4.5
LNU04000000,1999,M07,4.5
LNU04000000,1999,M08,4.2
LNU04000000,1999,M09,4.1
LNU04000000,1999,M10,3.8
LNU04000000,1999,M11,3.8
LNU04000000,1999,M12,3.7
LNU04000000,1999,M13,4.2
LNU04000000,2000,M01,4.5
LNU04000000,2000,M02,4.4
LNU04000000,2000,M03,4.3
LNU04000000,2000,M04,3.7
LNU04000000,2000,M05,3.8
LNU04000000,2000,M06,4.1
LNU04000000,2000,M07,4.2
LNU04000000,2000,M08,4.1
LNU04000000,2000,M09,3.8
LNU04000000,2000,M10,3.6
LNU04000000,2000,M11,3.7
LNU04000000,2000,M12,3.7
LNU04000000,2000,M13,4.0
LNU04000000,2001,M01,4.7
LNU04000000,2001,M02,4.6
LNU04000000,2001,M03,4.5
LNU04000000,2001,M04,4.2
LNU04000000,2001,M05,4.1
LNU04000000,2001,M06,4.7
LNU04000000,2001,M07,4.7
LNU04000000,2001,M08,4.9
LNU04000000,2001,M09,4.7
LNU04000000,2001,M10,5.0
LNU04000000,2001,M11,5.3
LNU04000000,2001,M12,5.4
LNU04000000,2001,M13,4.7
LNU04000000,2002,M01,6.3
LNU04000000,2002,M02,6.1
LNU04000000,2002,M03,6.1
LNU04000000,2002,M04,5.7
LNU04000000,2002,M05,5.5
LNU04000000,2002,M06,6.0
LNU04000000,2002,M07,5.9
LNU04000000,2002,M08,5.7
LNU04000000,2002,M09,5.4
LNU04000000,2002,M10,5.3
LNU04000000,2002,M11,5.6
LNU04000000,2002,M12,5.7
LNU04000000,2002,M13,5.8
LNU04000000,2003,M01,6.5
LNU04000000,2003,M02,6.4
LNU04000000,2003,M03,6.2
LNU04000000,2003,M04,5.8
LNU04000000,2003,M05,5.8
LNU04000000,2003,M06,6.5
LNU04000000,2003,M07,6.3
LNU04000000,2003,M08,6.0
LNU04000000,2003,M09,5.8
LNU04000000,2003,M10,5.6
LNU04000000,2003,M11,5.6
LNU04000000,2003,M12,5.4
LNU04000000,2003,M13,6.0
LNU04000000,2004,M01,6.3
LNU04000000,2004,M02,6.0
LNU04000000,2004,M03,6.0
LNU04000000,2004,M04,5.4
LNU04000000,2004,M05,5.3
LNU04000000,2004,M06,5.8
LNU04000000,2004,M07,5.7
LNU04000000,2004,M08,5.4
LNU04000000,2004,M09,5.1
LNU04000000,2004,M10,5.1
LNU04000000,2004,M11,5.2
LNU04000000,2004,M12,5.1
LNU04000000,2004,M13,5.5
LNU04000000,2005,M01,5.7
LNU04000000,2005,M02,5.8
LNU04000000,2005,M03,5.4
LNU04000000,2005,M04,4.9
LNU04000000,2005,M05,4.9
LNU04000000,2005,M06,5.2
LNU04000000,2005,M07,5.2
LNU04000000,2005,M08,4.9
LNU04000000,2005,M09,4.8
LNU04000000,2005,M10,4.6
LNU04000000,2005,M11,4.8
LNU04000000,2005,M12,4.6
LNU04000000,2005,M13,5.1
LNU04000000,2006,M01,5.1
LNU04000000,2006,M02,5.1
LNU04000000,2006,M03,4.8
LNU04000000,2006,M04,4.5
LNU04000000,2006,M05,4.4
LNU04000000,2006,M06,4.8
LNU04000000,2006,M07,5.0
LNU04000000,2006,M08,4.6
LNU04000000,2006,M09,4.4
LNU04000000,2006,M10,4.1
LNU04000000,2006,M11,4.3
LNU04000000,2006,M12,4.3
LNU04000000,2006,M13,4.6
LNU04000000,2007,M01,5.0
LNU04000000,2007,M02,4.9
LNU04000000,2007,M03,4.5
LNU04000000,2007,M04,4.3
LNU04000000,2007,M05,4.3
LNU04000000,2007,M06,4.7
LNU04000000,2007,M07,4.9
LNU04000000,2007,M08,4.6
LNU04000000,2007,M09,4.5
LNU04000000,2007,M10,4.4
LNU04000000,2007,M11,4.5
LNU04000000,2007,M12,4.8
LNU04000000,2007,M13,4.6
LNU04000000,2008,M01,5.4
LNU04000000,2008,M02,5.2
LNU04000000,2008,M03,5.2
LNU04000000,2008,M04,4.8
LNU04000000,2008,M05,5.2
LNU04000000,2008,M06,5.7
LNU04000000,2008,M07,6.0
LNU04000000,2008,M08,6.1
LNU04000000,2008,M09,6.0
LNU04000000,2008,M10,6.1
LNU04000000,2008,M11,6.5
LNU04000000,2008,M12,7.1
LNU04000000,2008,M13,5.8
LNU04000000,2009,M01,8.5
LNU04000000,2009,M02,8.9
LNU04000000,2009,M03,9.0
LNU04000000,2009,M04,8.6
LNU04000000,2009,M05,9.1
LNU04000000,2009,M06,9.7
LNU04000000,2009,M07,9.7
LNU04000000,2009,M08,9.6
LNU04000000,2009,M09,9.5
LNU04000000,2009,M10,9.5
LNU04000000,2009,M11,9.4
LNU04000000,2009,M12,9.7
LNU04000000,2009,M13,9.3
LNU04000000,2010,M01,10.6
LNU04000000,2010,M02,10.4
LNU04000000,2010,M03,10.2
LNU04000000,2010,M04,9.5
LNU04000000,2010,M05,9.3
LNU04000000,2010,M06,9.6
LNU04000000,2010,M07,9.7
LNU04000000,2010,M08,9.5
LNU04000000,2010,M09,9.2
LNU04000000,2010,M10,9.0
LNU04000000,2010,M11,9.3
LNU04000000,2010,M12,9.1
LNU04000000,2010,M13,9.6
LNU04000000,2011,M01,9.8
LNU04000000,2011,M02,9.5
LNU04000000,2011,M03,9.2
LNU04000000,2011,M04,8.7
LNU04000000,2011,M05,8.7
LNU04000000,2011,M06,9.3
LNU04000000,2011,M07,9.3
LNU04000000,2011,M08,9.1
LNU04000000,2011,M09,8.8
LNU04000000,2011,M10,8.5
LNU04000000,2011,M11,8.2
LNU04000000,2011,M12,8.3
LNU04000000,2011,M13,8.9
LNU04000000,2012,M01,8.8
LNU04000000,2012,M02,8.7
LNU04000000,2012,M03,8.4
LNU04000000,2012,M04,7.7
LNU04000000,2012,M05,7.9
LNU04000000,2012,M06,8.4
LNU04000000,2012,M07,8.6
LNU04000000,2012,M08,8.2
LNU04000000,2012,M09,7.6
LNU04000000,2012,M10,7.5
LNU04000000,2012,M11,7.4
LNU04000000,2012,M12,7.6
LNU04000000,2012,M13,8.1
LNU04000000,2013,M01,8.5
LNU04000000,2013,M02,8.1
LNU04000000,2013,M03,7.6
LNU04000000,2013,M04,7.1
LNU04000000,2013,M05,7.3
LNU04000000,2013,M06,7.8
LNU04000000,2013,M07,7.7
LNU04000000,2013,M08,7.3
LNU04000000,2013,M09,7.0
LNU04000000,2013,M10,7.0
LNU04000000,2013,M11,6.6
LNU04000000,2013,M12,6.5
LNU04000000,2013,M13,7.4
LNU04000000,2014,M01,7.0
LNU04000000,2014,M02,7.0
LNU04000000,2014,M03,6.8
LNU04000000,2014,M04,5.9
LNU04000000,2014,M05,6.1
LNU04000000,2014,M06,6.3
LNU04000000,2014,M07,6.5
LNU04000000,2014,M08,6.3
LNU04000000,2014,M09,5.7
LNU04000000,2014,M10,5.5
LNU04000000,2014,M11,5.5
LNU04000000,2014,M12,5.4
LNU04000000,2014,M13,6.2
LNU04000000,2015,M01,6.1
LNU04000000,2015,M02,5.8
LNU04000000,2015,M03,5.6
LNU04000000,2015,M04,5.1
LNU04000000,2015,M05,5.3
LNU04000000,2015,M06,5.5
LNU04000000,2015,M07,5.6
LNU04000000,2015,M08,5.2
LNU04000000,2015,M09,4.9
LNU04000000,2015,M10,4.8
LNU04000000,2015,M11,4.8
LNU04000000,2015,M12,4.8
LNU04000000,2015,M13,5.3
LNU04000000,2016,M01,5.3
LNU04000000,2016,M02,5.2
LNU04000000,2016,M03,5.1
LNU04000000,2016,M04,4.7
LNU04000000,2016,M05,4.5
LNU04000000,2016,M06,5.1
LNU04000000,2016,M07,5.1
LNU04000000,2016,M08,5.0
LNU04000000,2016,M09,4.8
LNU04000000,2016,M10,4.7
LNU04000000,2016,M11,4.4
LNU04000000,2016,M12,4.5
LNU04000000,2016,M13,4.9
LNU04000000,2017,M01,5.1
LNU04000000,2017,M02,4.9
LNU04000000,2017,M03,4.6
LNU04000000,2017,M04,4.1
LNU04000000,2017,M05,4.1
LNU04000000,2017,M06,4.5
LNU04000000,2017,M07,4.6
LNU04000000,2017,M08,4.5
LNU04000000,2017,M09,4.1
LNU04000000,2017,M10,3.9
LNU04000000,2017,M11,3.9
LNU04000000,2017,M12,3.9
LNU04000000,2017,M13,4.4
LNU04000000,2018,M01,4.5
LNU04000000,2018,M02,4.4
LNU04000000,2018,M03,4.1
LNU04000000,2018,M04,3.7
LNU04000000,2018,M05,3.6
LNU04000000,2018,M06,4.2
LNU04000000,2018,M07,4.1
LNU04000000,2018,M08,3.9
LNU04000000,2018,M09,3.6
LNU04000000,2018,M10,3.5
LNU04000000,2018,M11,3.5
LNU04000000,2018,M12,3.7
LNU04000000,2018,M13,3.9
LNU04000000,2019,M01,4.4
LNU04000000,2019,M02,4.1
LNU04000000,2019,M03,3.9
LNU04000000,2019,M04,3.3
LNU04000000,2019,M05,3.4
LNU04000000,2019,M06,3.8
LNU04000000,2019,M07,4.0
LNU04000000,2019,M08,3.8
LNU04000000,2019,M09,3.3
LNU04000000,2019,M10,3.3
LNU04000000,2019,M11,3.3
LNU04000000,2019,M12,3.4
LNU04000000,2019,M13,3.7
LNU04000000,2020,M01,4.0
LNU04000000,2020,M02,3.8
LNU04000000,2020,M03,4.5
LNU04000000,2020,M04,14.4
LNU04000000,2020,M05,13.0
LNU04000000,2020,M06,11.2
LNU04000000,2020,M07,10.5
LNU04000000,2020,M08,8.5
LNU04000000,2020,M09,7.7
LNU04000000,2020,M10,6.6
LNU04000000,2020,M11,6.4
LNU04000000,2020,M12,6.5
LNU04000000,2020,M13,8.1
LNU04000000,2021,M01,6.8
LNU04000000,2021,M02,6.6
LNU04000000,2021,M03,6.2
LNU04000000,2021,M04,5.7
LNU04000000,2021,M05,5.5
LNU04000000,2021,M06,6.1
LNU04000000,2021,M07,5.7
LNU04000000,2021,M08,5.3
LNU04000000,2021,M09,4.6
LNU04000000,2021,M10,4.3
LNU04000000,2021,M11,3.9
LNU04000000,2021,M12,3.7
LNU04000000,2021,M13,5.3
LNU04000000,2022,M01,4.4
LNU04000000,2022,M02,4.1
LNU04000000,2022,M03,3.8
LNU04000000,2022,M04,3.3
LNU04000000,2022,M05,3.4
LNU04000000,2022,M06,3.8
LNU04000000,2022,M07,3.8
LNU04000000,2022,M08,3.8
LNU04000000,2022,M09,3.3
LNU04000000,2022,M10,3.4
LNU04000000,2022,M11,3.4
LNU04000000,2022,M12,3.3
LNU04000000,2022,M13,3.6
LNU04000000,2023,M01,3.9
LNU04000000,2023,M02,3.9
LNU04000000,2023,M03,3.6
LNU04000000,2023,M04,3.1
LNU04000000,2023,M05,3.4
LNU04000000,2023,M06,3.8
LNU04000000,2023,M07,3.8
LNU04000000,2023,M08,3.9
LNU04000000,2023,M09,3.6
LNU04000000,2023,M10,3.6
LNU04000000,2023,M11,3.5
LNU04000000,2023,M12,3.5
LNU04000000,2023,M13,3.6
LNU04000000,2024,M01,4.1
LNU04000000,2024,M02,4.2
LNU04000000,2024,M03,3.9
LNU04000000,2024,M04,3.5
LNU04000000,2024,M05,3.7
LNU04000000,2024,M06,4.3
LNU04000000,2024,M07,4.5
LNU04000000,2024,M08,4.4
LNU04000000,2024,M09,3.9
LNU04000000,2024,M10,3.9
LNU04000000,2024,M11,4.0
LNU04000000,2024,M12,3.8
LNU04000000,2024,M13,4.0
LNU04000000,2025,M01,4.4
LNU04000000,2025,M02,4.5
LNU04000000,2025,M03,4.2
LNU04000000,2025,M04,3.9
LNU04000000,2025,M05,4.0
LNU04000000,2025,M06,4.4
LNU04000000,2025,M07,4.6
LNU04000000,2025,M08,4.5
LNU04000000,2025,M09,4.3
LNU04000000,2025,M11,4.3
LNU04000000,2025,M12,4.1
LNU04000000,2025,M13,4.3
LNU04000000,2026,M01,4.7
LNU04000000,2026,M02,4.7
LNU04000000,2026,M03,4.3
LNU04000000,2026,M04,4.0
LNU04000000,2026,M05,4.1
LNU04000000,2026,M06,4.4
LNU04000000,2026,M07,4.4
LNU04000000,2026,M08,4.3
