series_id,year,period,value
PCU211---211---,1998,M01,76.2
PCU211---211---,1998,M02,72.0
PCU211---211---,1998,M03,70.2
PCU211---211---,1998,M04,72.3
PCU211---211---,1998,M05,72.6
PCU211---211---,1998,M06,66.6
PCU211---211---,1998,M07,70.1
PCU211---211---,1998,M08,64.6
PCU211---211---,1998,M09,61.8
PCU211---211---,1998,M10,64.6
PCU211---211---,1998,M11,65.9
PCU211---211---,1998,M12,62.9
PCU211---211---,1998,M13,68.3
PCU211---211---,1999,M01,60.3
PCU211---211---,1999,M02,57.3
PCU211---211---,1999,M03,58.6
PCU211---211---,1999,M04,65.7
PCU211---211---,1999,M05,76.3
PCU211---211---,1999,M06,76.2
PCU211---211---,1999,M07,79.6
PCU211---211---,1999,M08,87.6
PCU211---211---,1999,M09,96.9
PCU211---211---,1999,M10,91.2
PCU211---211---,1999,M11,101.6
PCU211---211---,1999,M12,90.4
PCU211---211---,1999,M13,78.5
PCU211---211---,2000,M01,94.2
PCU211---211---,2000,M02,102.6
PCU211---211---,2000,M03,107.0
PCU211---211---,2000,M04,102.7
PCU211---211---,2000,M05,109.1
PCU211---211---,2000,M06,133.1
PCU211---211---,2000,M07,132.8
PCU211---211---,2000,M08,127.4
PCU211---211---,2000,M09,141.9
PCU211---211---,2000,M10,151.5
PCU211---211---,2000,M11,147.7
PCU211---211---,2000,M12,171.2
PCU211---211---,2000,M13,126.8
PCU211---211---,2001,M01,224.3
PCU211---211---,2001,M02,174.7
PCU211---211---,2001,M03,150.4
PCU211---211---,2001,M04,151.7
PCU211---211---,2001,M05,145.6
PCU211---211---,2001,M06,125.1
PCU211---211---,2001,M07,106.4
PCU211---211---,2001,M08,107.0
PCU211---211---,2001,M09,95.9
PCU211---211---,2001,M10,79.1
PCU211---211---,2001,M11,92.0
PCU211---211---,2001,M12,78.3
PCU211---211---,2001,M13,127.5
PCU211---211---,2002,M01,84.0
PCU211---211---,2002,M02,77.9
PCU211---211---,2002,M03,92.7
PCU211---211---,2002,M04,111.9
PCU211---211---,2002,M05,112.7
PCU211---211---,2002,M06,101.7
PCU211---211---,2002,M07,102.0
PCU211---211---,2002,M08,106.0
PCU211---211---,2002,M09,112.8
PCU211---211---,2002,M10,119.5
PCU211---211---,2002,M11,128.8
PCU211---211---,2002,M12,133.9
PCU211---211---,2002,M13,107.0
PCU211---211---,2003,M01,152.5
PCU211---211---,2003,M02,170.2
PCU211---211---,2003,M03,220.0
PCU211---211---,2003,M04,150.2
PCU211---211---,2003,M05,152.7
PCU211---211---,2003,M06,169.3
PCU211---211---,2003,M07,160.7
PCU211---211---,2003,M08,151.1
PCU211---211---,2003,M09,149.4
PCU211---211---,2003,M10,146.1
PCU211---211---,2003,M11,143.7
PCU211---211---,2003,M12,155.1
PCU211---211---,2003,M13,160.1
PCU211---211---,2004,M01,181.1
PCU211---211---,2004,M02,172.5
PCU211---211---,2004,M03,165.4
PCU211---211---,2004,M04,171.7
PCU211---211---,2004,M05,188.1
PCU211---211---,2004,M06,198.0
PCU211---211---,2004,M07,196.6
PCU211---211---,2004,M08,202.7
PCU211---211---,2004,M09,184.0
PCU211---211---,2004,M10,203.0
PCU211---211---,2004,M11,234.8
PCU211---211---,2004,M12,214.7
PCU211---211---,2004,M13,192.7
PCU211---211---,2005,M01,202.5
PCU211---211---,2005,M02,205.8
PCU211---211---,2005,M03,221.3
PCU211---211---,2005,M04,236.4
PCU211---211---,2005,M05,224.0
PCU211---211---,2005,M06,222.2
PCU211---211---,2005,M07,248.4
PCU211---211---,2005,M08,265.5
PCU211---211---,2005,M09,316.9
PCU211---211---,2005,M10,352.8
PCU211---211---,2005,M11,336.6
PCU211---211---,2005,M12,312.2
PCU211---211---,2005,M13,262.0
PCU211---211---,2006,M01,308.9
PCU211---211---,2006,M02,259.2
PCU211---211---,2006,M03,247.1
PCU211---211---,2006,M04,257.1
PCU211---211---,2006,M05,259.3
PCU211---211---,2006,M06,241.7
PCU211---211---,2006,M07,252.6
PCU211---211---,2006,M08,270.1
PCU211---211---,2006,M09,242.1
PCU211---211---,2006,M10,191.7
PCU211---211---,2006,M11,244.5
PCU211---211---,2006,M12,256.2
PCU211---211---,2006,M13,252.5
PCU211---211---,2007,M01,217.7
PCU211---211---,2007,M02,248.3
PCU211---211---,2007,M03,252.4
PCU211---211---,2007,M04,257.1
PCU211---211---,2007,M05,268.2
PCU211---211---,2007,M06,270.9
PCU211---211---,2007,M07,269.6
PCU211---211---,2007,M08,254.1
PCU211---211---,2007,M09,256.2
PCU211---211---,2007,M10,279.6
PCU211---211---,2007,M11,314.8
PCU211---211---,2007,M12,315.9
PCU211---211---,2007,M13,267.1
PCU211---211---,2008,M01,321.9
PCU211---211---,2008,M02,335.0
PCU211---211---,2008,M03,371.6
PCU211---211---,2008,M04,390.8
PCU211---211---,2008,M05,436.2
PCU211---211---,2008,M06,456.0
PCU211---211---,2008,M07,490.4
PCU211---211---,2008,M08,383.6
PCU211---211---,2008,M09,341.2
PCU211---211---,2008,M10,259.4
PCU211---211---,2008,M11,199.5
PCU211---211---,2008,M12,184.1
PCU211---211---,2008,M13,347.5
PCU211---211---,2009,M01,180.3
PCU211---211---,2009,M02,154.1
PCU211---211---,2009,M03,154.1
PCU211---211---,2009,M04,157.0
PCU211---211---,2009,M05,168.6
PCU211---211---,2009,M06,192.2
PCU211---211---,2009,M07,179.9
PCU211---211---,2009,M08,194.8
PCU211---211---,2009,M09,186.6
PCU211---211---,2009,M10,210.8
PCU211---211---,2009,M11,233.5
PCU211---211---,2009,M12,235.5
PCU211---211---,2009,M13,187.3
PCU211---211---,2010,M01,271.6
PCU211---211---,2010,M02,257.3
PCU211---211---,2010,M03,250.9
PCU211---211---,2010,M04,240.0
PCU211---211---,2010,M05,226.8
PCU211---211---,2010,M06,226.7
PCU211---211---,2010,M07,232.7
PCU211---211---,2010,M08,235.5
PCU211---211---,2010,M09,219.6
PCU211---211---,2010,M10,233.4
PCU211---211---,2010,M11,235.6
PCU211---211---,2010,M12,256.4
PCU211---211---,2010,M13,240.5
PCU211---211---,2011,M01,261.7
PCU211---211---,2011,M02,259.7
PCU211---211---,2011,M03,275.0
PCU211---211---,2011,M04,297.6
PCU211---211---,2011,M05,289.1
PCU211---211---,2011,M06,281.9
PCU211---211---,2011,M07,286.8
PCU211---211---,2011,M08,264.3
PCU211---211---,2011,M09,270.8
PCU211---211---,2011,M10,262.9
PCU211---211---,2011,M11,278.0
PCU211---211---,2011,M12,267.7
PCU211---211---,2011,M13,274.6
PCU211---211---,2012,M01,264.4
PCU211---211---,2012,M02,257.1
PCU211---211---,2012,M03,259.7
PCU211---211---,2012,M04,247.7
PCU211---211---,2012,M05,227.4
PCU211---211---,2012,M06,208.4
PCU211---211---,2012,M07,219.4
PCU211---211---,2012,M08,240.3
PCU211---211---,2012,M09,242.8
PCU211---211---,2012,M10,240.3
PCU211---211---,2012,M11,241.2
PCU211---211---,2012,M12,242.6
PCU211---211---,2012,M13,240.9
PCU211---211---,2013,M01,249.7
PCU211---211---,2013,M02,250.2
PCU211---211---,2013,M03,248.9
PCU211---211---,2013,M04,259.0
PCU211---211---,2013,M05,262.2
PCU211---211---,2013,M06,259.9
PCU211---211---,2013,M07,270.4
PCU211---211---,2013,M08,269.3
PCU211---211---,2013,M09,271.7
PCU211---211---,2013,M10,261.6
PCU211---211---,2013,M11,247.0
PCU211---211---,2013,M12,259.1
PCU211---211---,2013,M13,259.1
PCU211---211---,2014,M01,265.7
PCU211---211---,2014,M02,302.8
PCU211---211---,2014,M03,285.4
PCU211---211---,2014,M04,282.3
PCU211---211---,2014,M05,279.5
PCU211---211---,2014,M06,280.1
PCU211---211---,2014,M07,269.2
PCU211---211---,2014,M08,253.3
PCU211---211---,2014,M09,247.9
PCU211---211---,2014,M10,226.0
PCU211---211---,2014,M11,213.3
PCU211---211---,2014,M12,188.6
PCU211---211---,2014,M13,257.8
PCU211---211---,2015,M01,139.2
PCU211---211---,2015,M02,140.6
PCU211---211---,2015,M03,138.8
PCU211---211---,2015,M04,140.8
PCU211---211---,2015,M05,153.0
PCU211---211---,2015,M06,154.9
PCU211---211---,2015,M07,142.2
PCU211---211---,2015,M08,126.2
PCU211---211---,2015,M09,125.2
PCU211---211---,2015,M10,125.5
PCU211---211---,2015,M11,112.4
PCU211---211---,2015,M12,100.7
PCU211---211---,2015,M13,133.3
PCU211---211---,2016,M01,92.7
PCU211---211---,2016,M02,86.0
PCU211---211---,2016,M03,91.3
PCU211---211---,2016,M04,102.2
PCU211---211---,2016,M05,113.6
PCU211---211---,2016,M06,122.7
PCU211---211---,2016,M07,131.0
PCU211---211---,2016,M08,124.3
PCU211---211---,2016,M09,129.6
PCU211---211---,2016,M10,141.8
PCU211---211---,2016,M11,129.8
PCU211---211---,2016,M12,155.6
PCU211---211---,2016,M13,118.4
PCU211---211---,2017,M01,166.1
PCU211---211---,2017,M02,160.1
PCU211---211---,2017,M03,135.4
PCU211---211---,2017,M04,149.2
PCU211---211---,2017,M05,142.1
PCU211---211---,2017,M06,138.0
PCU211---211---,2017,M07,137.5
PCU211---211---,2017,M08,141.2
PCU211---211---,2017,M09,145.4
PCU211---211---,2017,M10,148.6
PCU211---211---,2017,M11,157.5
PCU211---211---,2017,M12,163.4
PCU211---211---,2017,M13,148.7
PCU211---211---,2018,M01,170.6
PCU211---211---,2018,M02,172.4
PCU211---211---,2018,M03,156.0
PCU211---211---,2018,M04,163.7
PCU211---211---,2018,M05,174.4
PCU211---211---,2018,M06,172.2
PCU211---211---,2018,M07,182.4
PCU211---211---,2018,M08,175.1
PCU211---211---,2018,M09,182.7
PCU211---211---,2018,M10,186.0
PCU211---211---,2018,M11,166.4
PCU211---211---,2018,M12,175.2
PCU211---211---,2018,M13,173.1
PCU211---211---,2019,M01,156.0
PCU211---211---,2019,M02,148.1
PCU211---211---,2019,M03,148.0
PCU211---211---,2019,M04,148.9
PCU211---211---,2019,M05,142.3
PCU211---211---,2019,M06,128.8
PCU211---211---,2019,M07,132.0
PCU211---211---,2019,M08,127.3
PCU211---211---,2019,M09,131.2
PCU211---211---,2019,M10,125.6
PCU211---211---,2019,M11,138.3
PCU211---211---,2019,M12,139.0
PCU211---211---,2019,M13,138.8
PCU211---211---,2020,M01,131.0
PCU211---211---,2020,M02,111.7
PCU211---211---,2020,M03,81.1
PCU211---211---,2020,M04,54.6
PCU211---211---,2020,M05,71.2
PCU211---211---,2020,M06,87.5
PCU211---211---,2020,M07,89.1
PCU211---211---,2020,M08,98.5
PCU211---211---,2020,M09,103.7
PCU211---211---,2020,M10,100.4
PCU211---211---,2020,M11,119.6
PCU211---211---,2020,M12,129.3
PCU211---211---,2020,M13,98.1
PCU211---211---,2021,M01,140.8
PCU211---211---,2021,M02,189.1
PCU211---211---,2021,M03,164.0
PCU211---211---,2021,M04,153.0
PCU211---211---,2021,M05,167.5
PCU211---211---,2021,M06,180.5
PCU211---211---,2021,M07,200.198
PCU211---211---,2021,M08,200.824
PCU211---211---,2021,M09,219.383
PCU211---211---,2021,M10,261.589
PCU211---211---,2021,M11,265.015
PCU211---211---,2021,M12,229.298
PCU211---211---,2021,M13,197.603
PCU211---211---,2022,M01,239.179
PCU211---211---,2022,M02,284.556
PCU211---211---,2022,M03,275.256
PCU211---211---,2022,M04,295.846
PCU211---211---,2022,M05,339.024
PCU211---211---,2022,M06,374.936
PCU211---211---,2022,M07,315.785
PCU211---211---,2022,M08,350.329
PCU211---211---,2022,M09,322.595
PCU211---211---,2022,M10,259.278
PCU211---211---,2022,M11,241.82
PCU211---211---,2022,M12,255.693
PCU211---211---,2022,M13,296.191
PCU211---211---,2023,M01,238.29
PCU211---211---,2023,M02,212.083
PCU211---211---,2023,M03,187.059
PCU211---211---,2023,M04,192.927
PCU211---211---,2023,M05,174.712
PCU211---211---,2023,M06,168.741
PCU211---211---,2023,M07,189.536
PCU211---211---,2023,M08,201.647
PCU211---211---,2023,M09,217.752
PCU211---211---,2023,M10,211.124
PCU211---211---,2023,M11,198.434
PCU211---211---,2023,M12,183.41
PCU211---211---,2023,M13,197.976
PCU211---211---,2024,M01,195.908
PCU211---211---,2024,M02,192.473
PCU211---211---,2024,M03,182.54
PCU211---211---,2024,M04,194.725
PCU211---211---,2024,M05,186.309
PCU211---211---,2024,M06,192.53
PCU211---211---,2024,M07,197.953
PCU211---211---,2024,M08,183.85
PCU211---211---,2024,M09,165.386
PCU211---211---,2024,M10,179.596
PCU211---211---,2024,M11,174.12
PCU211---211---,2024,M12,189.132
PCU211---211---,2024,M13,186.21
PCU211---211---,2025,M01,214.472
PCU211---211---,2025,M02,204.059
PCU211---211---,2025,M03,193.16
PCU211---211---,2025,M04,178.503
PCU211---211---,2025,M05,166.221
PCU211---211---,2025,M06,174.536
PCU211---211---,2025,M07,176.022
PCU211---211---,2025,M08,167.434
PCU211---211---,2025,M09,163.616
PCU211---211---,2025,M10,155.705
PCU211---211---,2025,M11,164.807
PCU211---211---,2025,M12,178.862
PCU211---211---,2025,M13,178.116
PCU211---211---,2026,M01,204.334
PCU211---211---,2026,M02,228.498
PCU211---211---,2026,M03,217.8
PCU211---211---,2026,M04,228.217
PCU211---211---,2026,M05,235.227
PCU211---211---,2026,M06,204.249
PCU211---211---,2026,M07,204.663
PCU211---211---,2026,M08,207.957
PCU212---212---,2003,M12,100.0
PCU212---212---,2004,M01,103.3
PCU212---212---,2004,M02,105.2
PCU212---212---,2004,M03,105.9
PCU212---212---,2004,M04,108.5
PCU212---212---,2004,M05,107.3
PCU212---212---,2004,M06,108.1
PCU212---212---,2004,M07,110.2
PCU212---212---,2004,M08,110.4
PCU212---212---,2004,M09,112.3
PCU212---212---,2004,M10,112.8
PCU212---212---,2004,M11,114.0
PCU212---212---,2004,M12,116.4
PCU212---212---,2004,M13,109.5
PCU212---212---,2005,M01,120.2
PCU212---212---,2005,M02,121.0
PCU212---212---,2005,M03,123.8
PCU212---212---,2005,M04,124.0
PCU212---212---,2005,M05,124.6
PCU212---212---,2005,M06,127.0
PCU212---212---,2005,M07,127.2
PCU212---212---,2005,M08,127.6
PCU212---212---,2005,M09,128.8
PCU212---212---,2005,M10,130.4
PCU212---212---,2005,M11,131.8
PCU212---212---,2005,M12,132.5
PCU212---212---,2005,M13,126.6
PCU212---212---,2006,M01,136.8
PCU212---212---,2006,M02,137.4
PCU212---212---,2006,M03,140.0
PCU212---212---,2006,M04,146.1
PCU212---212---,2006,M05,154.8
PCU212---212---,2006,M06,150.3
PCU212---212---,2006,M07,154.0
PCU212---212---,2006,M08,151.8
PCU212---212---,2006,M09,152.9
PCU212---212---,2006,M10,150.8
PCU212---212---,2006,M11,149.3
PCU212---212---,2006,M12,150.7
PCU212---212---,2006,M13,147.9
PCU212---212---,2007,M01,149.1
PCU212---212---,2007,M02,150.8
PCU212---212---,2007,M03,153.7
PCU212---212---,2007,M04,158.2
PCU212---212---,2007,M05,159.1
PCU212---212---,2007,M06,159.3
PCU212---212---,2007,M07,162.4
PCU212---212---,2007,M08,160.8
PCU212---212---,2007,M09,162.2
PCU212---212---,2007,M10,162.4
PCU212---212---,2007,M11,161.3
PCU212---212---,2007,M12,161.2
PCU212---212---,2007,M13,158.4
PCU212---212---,2008,M01,164.9
PCU212---212---,2008,M02,170.3
PCU212---212---,2008,M03,174.8
PCU212---212---,2008,M04,186.1
PCU212---212---,2008,M05,184.7
PCU212---212---,2008,M06,185.8
PCU212---212---,2008,M07,191.8
PCU212---212---,2008,M08,190.4
PCU212---212---,2008,M09,188.9
PCU212---212---,2008,M10,184.1
PCU212---212---,2008,M11,174.7
PCU212---212---,2008,M12,173.0
PCU212---212---,2008,M13,180.8
PCU212---212---,2009,M01,178.4
PCU212---212---,2009,M02,184.7
PCU212---212---,2009,M03,186.1
PCU212---212---,2009,M04,187.9
PCU212---212---,2009,M05,185.0
PCU212---212---,2009,M06,185.9
PCU212---212---,2009,M07,186.2
PCU212---212---,2009,M08,189.3
PCU212---212---,2009,M09,188.6
PCU212---212---,2009,M10,189.7
PCU212---212---,2009,M11,191.6
PCU212---212---,2009,M12,194.2
PCU212---212---,2009,M13,187.3
PCU212---212---,2010,M01,196.9
PCU212---212---,2010,M02,195.8
PCU212---212---,2010,M03,200.5
PCU212---212---,2010,M04,201.3
PCU212---212---,2010,M05,200.1
PCU212---212---,2010,M06,199.0
PCU212---212---,2010,M07,200.1
PCU212---212---,2010,M08,203.9
PCU212---212---,2010,M09,206.1
PCU212---212---,2010,M10,211.0
PCU212---212---,2010,M11,213.3
PCU212---212---,2010,M12,214.3
PCU212---212---,2010,M13,203.5
PCU212---212---,2011,M01,221.8
PCU212---212---,2011,M02,225.4
PCU212---212---,2011,M03,224.9
PCU212---212---,2011,M04,227.9
PCU212---212---,2011,M05,225.6
PCU212---212---,2011,M06,227.6
PCU212---212---,2011,M07,231.0
PCU212---212---,2011,M08,231.3
PCU212---212---,2011,M09,231.4
PCU212---212---,2011,M10,224.0
PCU212---212---,2011,M11,228.1
PCU212---212---,2011,M12,226.0
PCU212---212---,2011,M13,227.1
PCU212---212---,2012,M01,229.8
PCU212---212---,2012,M02,232.3
PCU212---212---,2012,M03,232.5
PCU212---212---,2012,M04,230.4
PCU212---212---,2012,M05,227.9
PCU212---212---,2012,M06,227.5
PCU212---212---,2012,M07,225.9
PCU212---212---,2012,M08,225.0
PCU212---212---,2012,M09,230.2
PCU212---212---,2012,M10,229.8
PCU212---212---,2012,M11,228.9
PCU212---212---,2012,M12,231.9
PCU212---212---,2012,M13,229.3
PCU212---212---,2013,M01,226.8
PCU212---212---,2013,M02,227.1
PCU212---212---,2013,M03,225.4
PCU212---212---,2013,M04,224.9
PCU212---212---,2013,M05,225.0
PCU212---212---,2013,M06,221.0
PCU212---212---,2013,M07,218.0
PCU212---212---,2013,M08,219.5
PCU212---212---,2013,M09,219.6
PCU212---212---,2013,M10,217.6
PCU212---212---,2013,M11,219.5
PCU212---212---,2013,M12,218.7
PCU212---212---,2013,M13,221.9
PCU212---212---,2014,M01,219.6
PCU212---212---,2014,M02,216.9
PCU212---212---,2014,M03,219.6
PCU212---212---,2014,M04,219.3
PCU212---212---,2014,M05,220.3
PCU212---212---,2014,M06,219.5
PCU212---212---,2014,M07,219.2
PCU212---212---,2014,M08,218.0
PCU212---212---,2014,M09,217.2
PCU212---212---,2014,M10,215.2
PCU212---212---,2014,M11,214.6
PCU212---212---,2014,M12,214.7
PCU212---212---,2014,M13,217.8
PCU212---212---,2015,M01,214.9
PCU212---212---,2015,M02,213.3
PCU212---212---,2015,M03,215.2
PCU212---212---,2015,M04,214.8
PCU212---212---,2015,M05,216.4
PCU212---212---,2015,M06,214.4
PCU212---212---,2015,M07,209.9
PCU212---212---,2015,M08,207.0
PCU212---212---,2015,M09,208.3
PCU212---212---,2015,M10,208.0
PCU212---212---,2015,M11,206.2
PCU212---212---,2015,M12,204.5
PCU212---212---,2015,M13,211.1
PCU212---212---,2016,M01,201.3
PCU212---212---,2016,M02,202.3
PCU212---212---,2016,M03,207.2
PCU212---212---,2016,M04,207.5
PCU212---212---,2016,M05,211.4
PCU212---212---,2016,M06,210.8
PCU212---212---,2016,M07,211.2
PCU212---212---,2016,M08,211.3
PCU212---212---,2016,M09,209.7
PCU212---212---,2016,M10,210.0
PCU212---212---,2016,M11,211.8
PCU212---212---,2016,M12,212.8
PCU212---212---,2016,M13,208.9
PCU212---212---,2017,M01,218.3
PCU212---212---,2017,M02,217.8
PCU212---212---,2017,M03,217.5
PCU212---212---,2017,M04,219.8
PCU212---212---,2017,M05,218.4
PCU212---212---,2017,M06,218.8
PCU212---212---,2017,M07,219.3
PCU212---212---,2017,M08,221.3
PCU212---212---,2017,M09,224.2
PCU212---212---,2017,M10,224.2
PCU212---212---,2017,M11,224.3
PCU212---212---,2017,M12,224.3
PCU212---212---,2017,M13,220.7
PCU212---212---,2018,M01,227.3
PCU212---212---,2018,M02,228.0
PCU212---212---,2018,M03,228.2
PCU212---212---,2018,M04,228.0
PCU212---212---,2018,M05,229.5
PCU212---212---,2018,M06,230.0
PCU212---212---,2018,M07,227.1
PCU212---212---,2018,M08,223.1
PCU212---212---,2018,M09,223.5
PCU212---212---,2018,M10,226.0
PCU212---212---,2018,M11,225.5
PCU212---212---,2018,M12,227.4
PCU212---212---,2018,M13,227.0
PCU212---212---,2019,M01,230.5
PCU212---212---,2019,M02,231.0
PCU212---212---,2019,M03,232.7
PCU212---212---,2019,M04,232.8
PCU212---212---,2019,M05,229.7
PCU212---212---,2019,M06,232.1
PCU212---212---,2019,M07,234.8
PCU212---212---,2019,M08,234.2
PCU212---212---,2019,M09,236.0
PCU212---212---,2019,M10,236.7
PCU212---212---,2019,M11,233.8
PCU212---212---,2019,M12,236.9
PCU212---212---,2019,M13,233.4
PCU212---212---,2020,M01,237.4
PCU212---212---,2020,M02,236.8
PCU212---212---,2020,M03,237.3
PCU212---212---,2020,M04,236.5
PCU212---212---,2020,M05,235.6
PCU212---212---,2020,M06,237.5
PCU212---212---,2020,M07,241.7
PCU212---212---,2020,M08,248.7
PCU212---212---,2020,M09,248.4
PCU212---212---,2020,M10,246.0
PCU212---212---,2020,M11,248.0
PCU212---212---,2020,M12,248.3
PCU212---212---,2020,M13,241.9
PCU212---212---,2021,M01,248.8
PCU212---212---,2021,M02,248.3
PCU212---212---,2021,M03,248.4
PCU212---212---,2021,M04,252.0
PCU212---212---,2021,M05,261.9
PCU212---212---,2021,M06,259.7
PCU212---212---,2021,M07,260.291
PCU212---212---,2021,M08,260.347
PCU212---212---,2021,M09,265.819
PCU212---212---,2021,M10,259.485
PCU212---212---,2021,M11,263.925
PCU212---212---,2021,M12,260.841
PCU212---212---,2021,M13,257.49
PCU212---212---,2022,M01,286.425
PCU212---212---,2022,M02,287.62
PCU212---212---,2022,M03,298.957
PCU212---212---,2022,M04,317.26
PCU212---212---,2022,M05,315.067
PCU212---212---,2022,M06,326.419
PCU212---212---,2022,M07,324.234
PCU212---212---,2022,M08,323.803
PCU212---212---,2022,M09,325.073
PCU212---212---,2022,M10,323.499
PCU212---212---,2022,M11,325.629
PCU212---212---,2022,M12,314.379
PCU212---212---,2022,M13,314.031
PCU212---212---,2023,M01,334.243
PCU212---212---,2023,M02,329.009
PCU212---212---,2023,M03,328.291
PCU212---212---,2023,M04,330.893
PCU212---212---,2023,M05,326.527
PCU212---212---,2023,M06,326.02
PCU212---212---,2023,M07,323.216
PCU212---212---,2023,M08,320.578
PCU212---212---,2023,M09,319.042
PCU212---212---,2023,M10,321.935
PCU212---212---,2023,M11,327.799
PCU212---212---,2023,M12,328.182
PCU212---212---,2023,M13,326.311
PCU212---212---,2024,M01,331.376
PCU212---212---,2024,M02,335.658
PCU212---212---,2024,M03,339.998
PCU212---212---,2024,M04,343.755
PCU212---212---,2024,M05,348.725
PCU212---212---,2024,M06,342.972
PCU212---212---,2024,M07,346.533
PCU212---212---,2024,M08,344.055
PCU212---212---,2024,M09,346.622
PCU212---212---,2024,M10,355.938
PCU212---212---,2024,M11,352.781
PCU212---212---,2024,M12,345.648
PCU212---212---,2024,M13,344.505
PCU212---212---,2025,M01,361.159
PCU212---212---,2025,M02,364.843
PCU212---212---,2025,M03,368.343
PCU212---212---,2025,M04,369.526
PCU212---212---,2025,M05,375.448
PCU212---212---,2025,M06,376.312
PCU212---212---,2025,M07,380.406
PCU212---212---,2025,M08,378.041
PCU212---212---,2025,M09,373.383
PCU212---212---,2025,M10,395.238
PCU212---212---,2025,M11,404.614
PCU212---212---,2025,M12,420.659
PCU212---212---,2025,M13,380.664
PCU212---212---,2026,M01,444.601
PCU212---212---,2026,M02,442.528
PCU212---212---,2026,M03,456.227
PCU212---212---,2026,M04,451.504
PCU212---212---,2026,M05,443.2
PCU212---212---,2026,M06,433.644
PCU212---212---,2026,M07,431.158
PCU212---212---,2026,M08,435.789
PCU213---213---,2003,M12,64.8
PCU213---213---,2004,M01,65.6
PCU213---213---,2004,M02,65.3
PCU213---213---,2004,M03,65.3
PCU213---213---,2004,M04,65.5
PCU213---213---,2004,M05,65.7
PCU213---213---,2004,M06,66.3
PCU213---213---,2004,M07,67.2
PCU213---213---,2004,M08,68.3
PCU213---213---,2004,M09,69.0
PCU213---213---,2004,M10,70.8
PCU213---213---,2004,M11,72.2
PCU213---213---,2004,M12,74.5
PCU213---213---,2004,M13,68.0
PCU213---213---,2005,M01,74.9
PCU213---213---,2005,M02,79.2
PCU213---213---,2005,M03,80.7
PCU213---213---,2005,M04,80.5
PCU213---213---,2005,M05,81.5
PCU213---213---,2005,M06,83.7
PCU213---213---,2005,M07,86.5
PCU213---213---,2005,M08,88.4
PCU213---213---,2005,M09,90.4
PCU213---213---,2005,M10,93.8
PCU213---213---,2005,M11,100.4
PCU213---213---,2005,M12,101.7
PCU213---213---,2005,M13,86.8
PCU213---213---,2006,M01,103.8
PCU213---213---,2006,M02,105.9
PCU213---213---,2006,M03,108.4
PCU213---213---,2006,M04,111.9
PCU213---213---,2006,M05,113.0
PCU213---213---,2006,M06,114.4
PCU213---213---,2006,M07,112.9
PCU213---213---,2006,M08,113.8
PCU213---213---,2006,M09,112.3
PCU213---213---,2006,M10,112.8
PCU213---213---,2006,M11,114.8
PCU213---213---,2006,M12,113.6
PCU213---213---,2006,M13,111.5
PCU213---213---,2007,M01,111.7
PCU213---213---,2007,M02,115.3
PCU213---213---,2007,M03,113.8
PCU213---213---,2007,M04,111.5
PCU213---213---,2007,M05,112.0
PCU213---213---,2007,M06,110.9
PCU213---213---,2007,M07,109.5
PCU213---213---,2007,M08,109.3
PCU213---213---,2007,M09,110.0
PCU213---213---,2007,M10,109.2
PCU213---213---,2007,M11,109.4
PCU213---213---,2007,M12,106.9
PCU213---213---,2007,M13,110.8
PCU213---213---,2008,M01,108.4
PCU213---213---,2008,M02,109.4
PCU213---213---,2008,M03,110.0
PCU213---213---,2008,M04,110.3
PCU213---213---,2008,M05,111.6
PCU213---213---,2008,M06,112.2
PCU213---213---,2008,M07,114.0
PCU213---213---,2008,M08,114.8
PCU213---213---,2008,M09,115.1
PCU213---213---,2008,M10,116.2
PCU213---213---,2008,M11,116.6
PCU213---213---,2008,M12,114.7
PCU213---213---,2008,M13,112.8
PCU213---213---,2009,M01,112.8
PCU213---213---,2009,M02,111.5
PCU213---213---,2009,M03,109.4
PCU213---213---,2009,M04,105.6
PCU213---213---,2009,M05,101.3
PCU213---213---,2009,M06,100.0
PCU213---213---,2009,M07,101.2
PCU213---213---,2009,M08,100.4
PCU213---213---,2009,M09,98.7
PCU213---213---,2009,M10,99.1
PCU213---213---,2009,M11,99.1
PCU213---213---,2009,M12,99.1
PCU213---213---,2009,M13,103.2
PCU213---213---,2010,M01,99.3
PCU213---213---,2010,M02,100.0
PCU213---213---,2010,M03,100.4
PCU213---213---,2010,M04,100.6
PCU213---213---,2010,M05,100.7
PCU213---213---,2010,M06,101.1
PCU213---213---,2010,M07,102.7
PCU213---213---,2010,M08,102.3
PCU213---213---,2010,M09,103.4
PCU213---213---,2010,M10,104.2
PCU213---213---,2010,M11,103.8
PCU213---213---,2010,M12,105.4
PCU213---213---,2010,M13,102.0
PCU213---213---,2011,M01,106.6
PCU213---213---,2011,M02,107.7
PCU213---213---,2011,M03,107.1
PCU213---213---,2011,M04,108.9
PCU213---213---,2011,M05,109.9
PCU213---213---,2011,M06,110.7
PCU213---213---,2011,M07,112.0
PCU213---213---,2011,M08,112.4
PCU213---213---,2011,M09,112.9
PCU213---213---,2011,M10,113.6
PCU213---213---,2011,M11,114.1
PCU213---213---,2011,M12,114.2
PCU213---213---,2011,M13,110.8
PCU213---213---,2012,M01,114.4
PCU213---213---,2012,M02,114.9
PCU213---213---,2012,M03,115.8
PCU213---213---,2012,M04,116.2
PCU213---213---,2012,M05,116.4
PCU213---213---,2012,M06,116.4
PCU213---213---,2012,M07,116.5
PCU213---213---,2012,M08,116.5
PCU213---213---,2012,M09,116.7
PCU213---213---,2012,M10,116.9
PCU213---213---,2012,M11,116.9
PCU213---213---,2012,M12,116.5
PCU213---213---,2012,M13,116.2
PCU213---213---,2013,M01,117.1
PCU213---213---,2013,M02,117.8
PCU213---213---,2013,M03,120.5
PCU213---213---,2013,M04,120.9
PCU213---213---,2013,M05,121.4
PCU213---213---,2013,M06,121.8
PCU213---213---,2013,M07,122.2
PCU213---213---,2013,M08,122.3
PCU213---213---,2013,M09,122.2
PCU213---213---,2013,M10,123.0
PCU213---213---,2013,M11,122.8
PCU213---213---,2013,M12,122.9
PCU213---213---,2013,M13,121.2
PCU213---213---,2014,M01,122.6
PCU213---213---,2014,M02,123.5
PCU213---213---,2014,M03,123.6
PCU213---213---,2014,M04,122.9
PCU213---213---,2014,M05,123.2
PCU213---213---,2014,M06,123.2
PCU213---213---,2014,M07,123.1
PCU213---213---,2014,M08,123.2
PCU213---213---,2014,M09,122.6
PCU213---213---,2014,M10,122.5
PCU213---213---,2014,M11,123.1
PCU213---213---,2014,M12,121.6
PCU213---213---,2014,M13,122.9
PCU213---213---,2015,M01,119.4
PCU213---213---,2015,M02,119.0
PCU213---213---,2015,M03,116.2
PCU213---213---,2015,M04,115.0
PCU213---213---,2015,M05,114.9
PCU213---213---,2015,M06,114.4
PCU213---213---,2015,M07,113.9
PCU213---213---,2015,M08,114.0
PCU213---213---,2015,M09,113.5
PCU213---213---,2015,M10,113.1
PCU213---213---,2015,M11,109.7
PCU213---213---,2015,M12,109.8
PCU213---213---,2015,M13,114.4
PCU213---213---,2016,M01,108.2
PCU213---213---,2016,M02,108.1
PCU213---213---,2016,M03,107.5
PCU213---213---,2016,M04,108.6
PCU213---213---,2016,M05,107.3
PCU213---213---,2016,M06,107.1
PCU213---213---,2016,M07,106.9
PCU213---213---,2016,M08,106.2
PCU213---213---,2016,M09,106.3
PCU213---213---,2016,M10,105.6
PCU213---213---,2016,M11,105.5
PCU213---213---,2016,M12,105.6
PCU213---213---,2016,M13,106.9
PCU213---213---,2017,M01,105.6
PCU213---213---,2017,M02,106.5
PCU213---213---,2017,M03,108.6
PCU213---213---,2017,M04,108.4
PCU213---213---,2017,M05,108.2
PCU213---213---,2017,M06,108.4
PCU213---213---,2017,M07,108.3
PCU213---213---,2017,M08,108.6
PCU213---213---,2017,M09,108.9
PCU213---213---,2017,M10,109.0
PCU213---213---,2017,M11,109.0
PCU213---213---,2017,M12,109.3
PCU213---213---,2017,M13,108.2
PCU213---213---,2018,M01,109.0
PCU213---213---,2018,M02,109.1
PCU213---213---,2018,M03,109.4
PCU213---213---,2018,M04,109.6
PCU213---213---,2018,M05,110.1
PCU213---213---,2018,M06,109.9
PCU213---213---,2018,M07,110.2
PCU213---213---,2018,M08,110.2
PCU213---213---,2018,M09,110.3
PCU213---213---,2018,M10,110.8
PCU213---213---,2018,M11,111.7
PCU213---213---,2018,M12,111.8
PCU213---213---,2018,M13,110.2
PCU213---213---,2019,M01,111.7
PCU213---213---,2019,M02,112.0
PCU213---213---,2019,M03,111.4
PCU213---213---,2019,M04,110.9
PCU213---213---,2019,M05,113.4
PCU213---213---,2019,M06,111.6
PCU213---213---,2019,M07,110.9
PCU213---213---,2019,M08,110.0
PCU213---213---,2019,M09,110.1
PCU213---213---,2019,M10,110.2
PCU213---213---,2019,M11,109.7
PCU213---213---,2019,M12,109.7
PCU213---213---,2019,M13,111.0
PCU213---213---,2020,M01,109.9
PCU213---213---,2020,M02,109.2
PCU213---213---,2020,M03,107.9
PCU213---213---,2020,M04,106.1
PCU213---213---,2020,M05,104.2
PCU213---213---,2020,M06,103.9
PCU213---213---,2020,M07,103.5
PCU213---213---,2020,M08,103.0
PCU213---213---,2020,M09,102.8
PCU213---213---,2020,M10,102.0
PCU213---213---,2020,M11,102.2
PCU213---213---,2020,M12,101.7
PCU213---213---,2020,M13,104.7
PCU213---213---,2021,M01,102.5
PCU213---213---,2021,M02,103.4
PCU213---213---,2021,M03,102.4
PCU213---213---,2021,M04,104.3
PCU213---213---,2021,M05,104.8
PCU213---213---,2021,M06,106.3
PCU213---213---,2021,M07,106.205
PCU213---213---,2021,M08,107.075
PCU213---213---,2021,M09,107.519
PCU213---213---,2021,M10,108.56
PCU213---213---,2021,M11,108.718
PCU213---213---,2021,M12,110.748
PCU213---213---,2021,M13,106.041
PCU213---213---,2022,M01,113.448
PCU213---213---,2022,M02,113.618
PCU213---213---,2022,M03,115.721
PCU213---213---,2022,M04,115.974
PCU213---213---,2022,M05,118.504
PCU213---213---,2022,M06,119.603
PCU213---213---,2022,M07,118.726
PCU213---213---,2022,M08,119.724
PCU213---213---,2022,M09,122.387
PCU213---213---,2022,M10,122.675
PCU213---213---,2022,M11,123.221
PCU213---213---,2022,M12,123.24
PCU213---213---,2022,M13,118.903
PCU213---213---,2023,M01,123.862
PCU213---213---,2023,M02,124.435
PCU213---213---,2023,M03,125.657
PCU213---213---,2023,M04,124.792
PCU213---213---,2023,M05,124.058
PCU213---213---,2023,M06,123.939
PCU213---213---,2023,M07,124.09
PCU213---213---,2023,M08,123.74
PCU213---213---,2023,M09,124.732
PCU213---213---,2023,M10,123.908
PCU213---213---,2023,M11,125.463
PCU213---213---,2023,M12,126.954
PCU213---213---,2023,M13,124.636
PCU213---213---,2024,M01,126.636
PCU213---213---,2024,M02,127.253
PCU213---213---,2024,M03,126.249
PCU213---213---,2024,M04,128.023
PCU213---213---,2024,M05,127.956
PCU213---213---,2024,M06,126.641
PCU213---213---,2024,M07,127.068
PCU213---213---,2024,M08,128.571
PCU213---213---,2024,M09,127.858
PCU213---213---,2024,M10,125.799
PCU213---213---,2024,M11,126.624
PCU213---213---,2024,M12,128.115
PCU213---213---,2024,M13,127.233
PCU213---213---,2025,M01,128.192
PCU213---213---,2025,M02,128.417
PCU213---213---,2025,M03,130.916
PCU213---213---,2025,M04,128.944
PCU213---213---,2025,M05,128.56
PCU213---213---,2025,M06,129.076
PCU213---213---,2025,M07,129.568
PCU213---213---,2025,M08,129.243
PCU213---213---,2025,M09,129.862
PCU213---213---,2025,M10,129.357
PCU213---213---,2025,M11,129.299
PCU213---213---,2025,M12,128.83
PCU213---213---,2025,M13,129.189
PCU213---213---,2026,M01,128.509
PCU213---213---,2026,M02,128.504
PCU213---213---,2026,M03,128.543
PCU213---213---,2026,M04,128.892
PCU213---213---,2026,M05,129.112
PCU213---213---,2026,M06,128.709
PCU213---213---,2026,M07,128.941
PCU213---213---,2026,M08,131.158
PCU321---321---,2003,M12,100.0
PCU321---321---,2004,M01,99.3
PCU321---321---,2004,M02,102.7
PCU321---321---,2004,M03,105.9
PCU321---321---,2004,M04,108.1
PCU321---321---,2004,M05,110.2
PCU321---321---,2004,M06,108.3
PCU321---321---,2004,M07,106.8
PCU321---321---,2004,M08,109.8
PCU321---321---,2004,M09,110.7
PCU321---321---,2004,M10,107.6
PCU321---321---,2004,M11,105.1
PCU321---321---,2004,M12,105.9
PCU321---321---,2004,M13,106.7
PCU321---321---,2005,M01,106.9
PCU321---321---,2005,M02,108.8
PCU321---321---,2005,M03,109.4
PCU321---321---,2005,M04,108.9
PCU321---321---,2005,M05,107.5
PCU321---321---,2005,M06,109.5
PCU321---321---,2005,M07,108.3
PCU321---321---,2005,M08,107.4
PCU321---321---,2005,M09,109.6
PCU321---321---,2005,M10,110.7
PCU321---321---,2005,M11,107.7
PCU321---321---,2005,M12,108.4
PCU321---321---,2005,M13,108.6
PCU321---321---,2006,M01,109.6
PCU321---321---,2006,M02,109.8
PCU321---321---,2006,M03,110.1
PCU321---321---,2006,M04,110.2
PCU321---321---,2006,M05,110.9
PCU321---321---,2006,M06,109.6
PCU321---321---,2006,M07,108.7
PCU321---321---,2006,M08,107.4
PCU321---321---,2006,M09,107.5
PCU321---321---,2006,M10,105.9
PCU321---321---,2006,M11,105.8
PCU321---321---,2006,M12,106.0
PCU321---321---,2006,M13,108.5
PCU321---321---,2007,M01,106.6
PCU321---321---,2007,M02,106.5
PCU321---321---,2007,M03,106.8
PCU321---321---,2007,M04,107.0
PCU321---321---,2007,M05,107.0
PCU321---321---,2007,M06,107.5
PCU321---321---,2007,M07,108.4
PCU321---321---,2007,M08,107.8
PCU321---321---,2007,M09,107.2
PCU321---321---,2007,M10,106.5
PCU321---321---,2007,M11,106.1
PCU321---321---,2007,M12,106.1
PCU321---321---,2007,M13,107.0
PCU321---321---,2008,M01,105.7
PCU321---321---,2008,M02,105.5
PCU321---321---,2008,M03,105.9
PCU321---321---,2008,M04,106.2
PCU321---321---,2008,M05,108.2
PCU321---321---,2008,M06,109.2
PCU321---321---,2008,M07,108.9
PCU321---321---,2008,M08,109.1
PCU321---321---,2008,M09,109.1
PCU321---321---,2008,M10,107.6
PCU321---321---,2008,M11,106.7
PCU321---321---,2008,M12,106.2
PCU321---321---,2008,M13,107.4
PCU321---321---,2009,M01,105.0
PCU321---321---,2009,M02,104.0
PCU321---321---,2009,M03,103.2
PCU321---321---,2009,M04,102.8
PCU321---321---,2009,M05,102.4
PCU321---321---,2009,M06,102.3
PCU321---321---,2009,M07,103.2
PCU321---321---,2009,M08,103.2
PCU321---321---,2009,M09,103.7
PCU321---321---,2009,M10,102.7
PCU321---321---,2009,M11,103.0
PCU321---321---,2009,M12,103.5
PCU321---321---,2009,M13,103.2
PCU321---321---,2010,M01,103.6
PCU321---321---,2010,M02,105.6
PCU321---321---,2010,M03,107.3
PCU321---321---,2010,M04,110.0
PCU321---321---,2010,M05,112.5
PCU321---321---,2010,M06,109.3
PCU321---321---,2010,M07,108.8
PCU321---321---,2010,M08,107.6
PCU321---321---,2010,M09,107.1
PCU321---321---,2010,M10,106.7
PCU321---321---,2010,M11,106.7
PCU321---321---,2010,M12,107.3
PCU321---321---,2010,M13,107.7
PCU321---321---,2011,M01,108.0
PCU321---321---,2011,M02,108.3
PCU321---321---,2011,M03,108.6
PCU321---321---,2011,M04,108.6
PCU321---321---,2011,M05,107.7
PCU321---321---,2011,M06,107.6
PCU321---321---,2011,M07,107.8
PCU321---321---,2011,M08,108.0
PCU321---321---,2011,M09,108.1
PCU321---321---,2011,M10,109.1
PCU321---321---,2011,M11,108.8
PCU321---321---,2011,M12,108.9
PCU321---321---,2011,M13,108.3
PCU321---321---,2012,M01,109.3
PCU321---321---,2012,M02,110.2
PCU321---321---,2012,M03,111.4
PCU321---321---,2012,M04,111.7
PCU321---321---,2012,M05,112.9
PCU321---321---,2012,M06,113.1
PCU321---321---,2012,M07,112.5
PCU321---321---,2012,M08,113.9
PCU321---321---,2012,M09,115.0
PCU321---321---,2012,M10,113.7
PCU321---321---,2012,M11,115.3
PCU321---321---,2012,M12,116.2
PCU321---321---,2012,M13,112.9
PCU321---321---,2013,M01,118.7
PCU321---321---,2013,M02,120.4
PCU321---321---,2013,M03,122.3
PCU321---321---,2013,M04,123.4
PCU321---321---,2013,M05,121.6
PCU321---321---,2013,M06,120.1
PCU321---321---,2013,M07,119.0
PCU321---321---,2013,M08,119.9
PCU321---321---,2013,M09,120.1
PCU321---321---,2013,M10,121.0
PCU321---321---,2013,M11,121.6
PCU321---321---,2013,M12,121.8
PCU321---321---,2013,M13,120.8
PCU321---321---,2014,M01,123.0
PCU321---321---,2014,M02,124.1
PCU321---321---,2014,M03,124.9
PCU321---321---,2014,M04,124.8
PCU321---321---,2014,M05,125.6
PCU321---321---,2014,M06,125.6
PCU321---321---,2014,M07,125.9
PCU321---321---,2014,M08,126.5
PCU321---321---,2014,M09,126.8
PCU321---321---,2014,M10,126.4
PCU321---321---,2014,M11,126.1
PCU321---321---,2014,M12,125.8
PCU321---321---,2014,M13,125.5
PCU321---321---,2015,M01,126.0
PCU321---321---,2015,M02,125.7
PCU321---321---,2015,M03,125.3
PCU321---321---,2015,M04,125.3
PCU321---321---,2015,M05,124.4
PCU321---321---,2015,M06,124.3
PCU321---321---,2015,M07,124.3
PCU321---321---,2015,M08,123.6
PCU321---321---,2015,M09,123.0
PCU321---321---,2015,M10,123.5
PCU321---321---,2015,M11,124.3
PCU321---321---,2015,M12,123.8
PCU321---321---,2015,M13,124.5
PCU321---321---,2016,M01,123.8
PCU321---321---,2016,M02,123.6
PCU321---321---,2016,M03,124.4
PCU321---321---,2016,M04,125.2
PCU321---321---,2016,M05,125.7
PCU321---321---,2016,M06,125.9
PCU321---321---,2016,M07,126.2
PCU321---321---,2016,M08,126.8
PCU321---321---,2016,M09,126.4
PCU321---321---,2016,M10,126.3
PCU321---321---,2016,M11,126.0
PCU321---321---,2016,M12,126.1
PCU321---321---,2016,M13,125.5
PCU321---321---,2017,M01,126.3
PCU321---321---,2017,M02,127.7
PCU321---321---,2017,M03,128.8
PCU321---321---,2017,M04,130.0
PCU321---321---,2017,M05,130.9
PCU321---321---,2017,M06,130.4
PCU321---321---,2017,M07,130.7
PCU321---321---,2017,M08,131.8
PCU321---321---,2017,M09,132.1
PCU321---321---,2017,M10,134.1
PCU321---321---,2017,M11,134.1
PCU321---321---,2017,M12,133.5
PCU321---321---,2017,M13,130.9
PCU321---321---,2018,M01,134.3
PCU321---321---,2018,M02,137.6
PCU321---321---,2018,M03,139.7
PCU321---321---,2018,M04,140.3
PCU321---321---,2018,M05,143.2
PCU321---321---,2018,M06,145.5
PCU321---321---,2018,M07,144.2
PCU321---321---,2018,M08,140.5
PCU321---321---,2018,M09,139.9
PCU321---321---,2018,M10,137.6
PCU321---321---,2018,M11,135.6
PCU321---321---,2018,M12,135.4
PCU321---321---,2018,M13,139.5
PCU321---321---,2019,M01,135.5
PCU321---321---,2019,M02,136.8
PCU321---321---,2019,M03,136.9
PCU321---321---,2019,M04,137.6
PCU321---321---,2019,M05,137.1
PCU321---321---,2019,M06,135.6
PCU321---321---,2019,M07,136.0
PCU321---321---,2019,M08,135.2
PCU321---321---,2019,M09,135.6
PCU321---321---,2019,M10,135.0
PCU321---321---,2019,M11,135.6
PCU321---321---,2019,M12,135.9
PCU321---321---,2019,M13,136.1
PCU321---321---,2020,M01,135.7
PCU321---321---,2020,M02,137.4
PCU321---321---,2020,M03,140.0
PCU321---321---,2020,M04,136.4
PCU321---321---,2020,M05,137.5
PCU321---321---,2020,M06,140.9
PCU321---321---,2020,M07,145.2
PCU321---321---,2020,M08,155.3
PCU321---321---,2020,M09,167.4
PCU321---321---,2020,M10,165.2
PCU321---321---,2020,M11,158.9
PCU321---321---,2020,M12,162.8
PCU321---321---,2020,M13,148.6
PCU321---321---,2021,M01,172.8
PCU321---321---,2021,M02,178.6
PCU321---321---,2021,M03,186.4
PCU321---321---,2021,M04,197.2
PCU321---321---,2021,M05,217.0
PCU321---321---,2021,M06,222.1
PCU321---321---,2021,M07,205.918
PCU321---321---,2021,M08,185.276
PCU321---321---,2021,M09,179.934
PCU321---321---,2021,M10,182.915
PCU321---321---,2021,M11,185.729
PCU321---321---,2021,M12,195.266
PCU321---321---,2021,M13,192.421
PCU321---321---,2022,M01,213.998
PCU321---321---,2022,M02,224.592
PCU321---321---,2022,M03,235.397
PCU321---321---,2022,M04,225.215
PCU321---321---,2022,M05,222.894
PCU321---321---,2022,M06,208.59
PCU321---321---,2022,M07,204.329
PCU321---321---,2022,M08,204.025
PCU321---321---,2022,M09,199.421
PCU321---321---,2022,M10,195.832
PCU321---321---,2022,M11,192.852
PCU321---321---,2022,M12,188.862
PCU321---321---,2022,M13,209.667
PCU321---321---,2023,M01,186.795
PCU321---321---,2023,M02,186.508
PCU321---321---,2023,M03,185.72
PCU321---321---,2023,M04,185.222
PCU321---321---,2023,M05,185.65
PCU321---321---,2023,M06,185.097
PCU321---321---,2023,M07,187.47
PCU321---321---,2023,M08,186.758
PCU321---321---,2023,M09,186.746
PCU321---321---,2023,M10,182.127
PCU321---321---,2023,M11,180.73
PCU321---321---,2023,M12,181.547
PCU321---321---,2023,M13,185.031
PCU321---321---,2024,M01,182.026
PCU321---321---,2024,M02,182.829
PCU321---321---,2024,M03,184.134
PCU321---321---,2024,M04,188.235
PCU321---321---,2024,M05,184.422
PCU321---321---,2024,M06,183.362
PCU321---321---,2024,M07,180.225
PCU321---321---,2024,M08,180.398
PCU321---321---,2024,M09,180.909
PCU321---321---,2024,M10,181.585
PCU321---321---,2024,M11,182.97
PCU321---321---,2024,M12,183.883
PCU321---321---,2024,M13,182.915
PCU321---321---,2025,M01,183.149
PCU321---321---,2025,M02,183.808
PCU321---321---,2025,M03,185.12
PCU321---321---,2025,M04,184.474
PCU321---321---,2025,M05,183.515
PCU321---321---,2025,M06,181.891
PCU321---321---,2025,M07,181.59
PCU321---321---,2025,M08,181.364
PCU321---321---,2025,M09,180.359
PCU321---321---,2025,M10,179.692
PCU321---321---,2025,M11,180.229
PCU321---321---,2025,M12,179.908
PCU321---321---,2025,M13,182.092
PCU321---321---,2026,M01,181.027
PCU321---321---,2026,M02,183.376
PCU321---321---,2026,M03,184.555
PCU321---321---,2026,M04,187.986
PCU321---321---,2026,M05,188.054
PCU321---321---,2026,M06,188.236
PCU321---321---,2026,M07,191.318
PCU321---321---,2026,M08,190.577
PCU322---322---,2003,M12,100.0
PCU322---322---,2004,M01,99.3
PCU322---322---,2004,M02,99.4
PCU322---322---,2004,M03,99.5
PCU322---322---,2004,M04,100.1
PCU322---322---,2004,M05,101.1
PCU322---322---,2004,M06,102.3
PCU322---322---,2004,M07,103.2
PCU322---322---,2004,M08,104.4
PCU322---322---,2004,M09,105.0
PCU322---322---,2004,M10,105.5
PCU322---322---,2004,M11,105.7
PCU322---322---,2004,M12,105.8
PCU322---322---,2004,M13,102.6
PCU322---322---,2005,M01,106.1
PCU322---322---,2005,M02,106.5
PCU322---322---,2005,M03,106.9
PCU322---322---,2005,M04,107.1
PCU322---322---,2005,M05,107.2
PCU322---322---,2005,M06,107.2
PCU322---322---,2005,M07,106.9
PCU322---322---,2005,M08,106.6
PCU322---322---,2005,M09,106.4
PCU322---322---,2005,M10,106.5
PCU322---322---,2005,M11,107.4
PCU322---322---,2005,M12,107.8
PCU322---322---,2005,M13,106.9
PCU322---322---,2006,M01,108.2
PCU322---322---,2006,M02,109.5
PCU322---322---,2006,M03,110.5
PCU322---322---,2006,M04,110.6
PCU322---322---,2006,M05,111.7
PCU322---322---,2006,M06,112.9
PCU322---322---,2006,M07,113.3
PCU322---322---,2006,M08,113.7
PCU322---322---,2006,M09,114.1
PCU322---322---,2006,M10,114.3
PCU322---322---,2006,M11,114.1
PCU322---322---,2006,M12,114.3
PCU322---322---,2006,M13,112.3
PCU322---322---,2007,M01,114.7
PCU322---322---,2007,M02,114.7
PCU322---322---,2007,M03,114.5
PCU322---322---,2007,M04,114.7
PCU322---322---,2007,M05,114.8
PCU322---322---,2007,M06,115.2
PCU322---322---,2007,M07,115.4
PCU322---322---,2007,M08,115.6
PCU322---322---,2007,M09,116.1
PCU322---322---,2007,M10,117.1
PCU322---322---,2007,M11,117.8
PCU322---322---,2007,M12,118.0
PCU322---322---,2007,M13,115.7
PCU322---322---,2008,M01,118.5
PCU322---322---,2008,M02,119.2
PCU322---322---,2008,M03,119.6
PCU322---322---,2008,M04,120.2
PCU322---322---,2008,M05,120.5
PCU322---322---,2008,M06,120.9
PCU322---322---,2008,M07,121.8
PCU322---322---,2008,M08,124.5
PCU322---322---,2008,M09,126.6
PCU322---322---,2008,M10,127.3
PCU322---322---,2008,M11,127.2
PCU322---322---,2008,M12,127.0
PCU322---322---,2008,M13,122.8
PCU322---322---,2009,M01,126.7
PCU322---322---,2009,M02,126.0
PCU322---322---,2009,M03,125.5
PCU322---322---,2009,M04,124.5
PCU322---322---,2009,M05,123.1
PCU322---322---,2009,M06,122.5
PCU322---322---,2009,M07,121.8
PCU322---322---,2009,M08,121.7
PCU322---322---,2009,M09,121.7
PCU322---322---,2009,M10,121.7
PCU322---322---,2009,M11,122.0
PCU322---322---,2009,M12,122.0
PCU322---322---,2009,M13,123.3
PCU322---322---,2010,M01,121.9
PCU322---322---,2010,M02,122.8
PCU322---322---,2010,M03,124.2
PCU322---322---,2010,M04,125.1
PCU322---322---,2010,M05,126.7
PCU322---322---,2010,M06,128.0
PCU322---322---,2010,M07,128.7
PCU322---322---,2010,M08,128.8
PCU322---322---,2010,M09,129.9
PCU322---322---,2010,M10,129.9
PCU322---322---,2010,M11,130.1
PCU322---322---,2010,M12,130.2
PCU322---322---,2010,M13,127.2
PCU322---322---,2011,M01,130.3
PCU322---322---,2011,M02,130.3
PCU322---322---,2011,M03,130.9
PCU322---322---,2011,M04,131.1
PCU322---322---,2011,M05,131.4
PCU322---322---,2011,M06,131.7
PCU322---322---,2011,M07,132.1
PCU322---322---,2011,M08,132.2
PCU322---322---,2011,M09,132.5
PCU322---322---,2011,M10,132.2
PCU322---322---,2011,M11,131.9
PCU322---322---,2011,M12,131.8
PCU322---322---,2011,M13,131.5
PCU322---322---,2012,M01,131.6
PCU322---322---,2012,M02,131.9
PCU322---322---,2012,M03,131.9
PCU322---322---,2012,M04,131.8
PCU322---322---,2012,M05,131.7
PCU322---322---,2012,M06,131.6
PCU322---322---,2012,M07,131.5
PCU322---322---,2012,M08,131.4
PCU322---322---,2012,M09,131.5
PCU322---322---,2012,M10,131.8
PCU322---322---,2012,M11,133.1
PCU322---322---,2012,M12,133.1
PCU322---322---,2012,M13,131.9
PCU322---322---,2013,M01,133.0
PCU322---322---,2013,M02,133.1
PCU322---322---,2013,M03,133.1
PCU322---322---,2013,M04,133.2
PCU322---322---,2013,M05,133.7
PCU322---322---,2013,M06,134.7
PCU322---322---,2013,M07,135.0
PCU322---322---,2013,M08,135.9
PCU322---322---,2013,M09,135.9
PCU322---322---,2013,M10,136.9
PCU322---322---,2013,M11,136.8
PCU322---322---,2013,M12,136.7
PCU322---322---,2013,M13,134.8
PCU322---322---,2014,M01,136.0
PCU322---322---,2014,M02,136.2
PCU322---322---,2014,M03,136.4
PCU322---322---,2014,M04,136.7
PCU322---322---,2014,M05,136.7
PCU322---322---,2014,M06,136.8
PCU322---322---,2014,M07,137.0
PCU322---322---,2014,M08,136.8
PCU322---322---,2014,M09,136.9
PCU322---322---,2014,M10,136.7
PCU322---322---,2014,M11,137.1
PCU322---322---,2014,M12,137.1
PCU322---322---,2014,M13,136.7
PCU322---322---,2015,M01,137.1
PCU322---322---,2015,M02,137.0
PCU322---322---,2015,M03,136.9
PCU322---322---,2015,M04,136.6
PCU322---322---,2015,M05,136.6
PCU322---322---,2015,M06,136.6
PCU322---322---,2015,M07,136.4
PCU322---322---,2015,M08,136.1
PCU322---322---,2015,M09,136.1
PCU322---322---,2015,M10,136.1
PCU322---322---,2015,M11,136.1
PCU322---322---,2015,M12,135.8
PCU322---322---,2015,M13,136.5
PCU322---322---,2016,M01,135.7
PCU322---322---,2016,M02,135.5
PCU322---322---,2016,M03,135.5
PCU322---322---,2016,M04,135.1
PCU322---322---,2016,M05,134.9
PCU322---322---,2016,M06,135.3
PCU322---322---,2016,M07,135.1
PCU322---322---,2016,M08,135.4
PCU322---322---,2016,M09,134.9
PCU322---322---,2016,M10,135.0
PCU322---322---,2016,M11,135.6
PCU322---322---,2016,M12,136.7
PCU322---322---,2016,M13,135.4
PCU322---322---,2017,M01,137.1
PCU322---322---,2017,M02,137.1
PCU322---322---,2017,M03,137.0
PCU322---322---,2017,M04,137.7
PCU322---322---,2017,M05,137.6
PCU322---322---,2017,M06,139.2
PCU322---322---,2017,M07,140.0
PCU322---322---,2017,M08,139.8
PCU322---322---,2017,M09,139.9
PCU322---322---,2017,M10,139.9
PCU322---322---,2017,M11,139.8
PCU322---322---,2017,M12,140.1
PCU322---322---,2017,M13,138.8
PCU322---322---,2018,M01,140.4
PCU322---322---,2018,M02,141.0
PCU322---322---,2018,M03,141.2
PCU322---322---,2018,M04,141.7
PCU322---322---,2018,M05,143.2
PCU322---322---,2018,M06,143.9
PCU322---322---,2018,M07,144.7
PCU322---322---,2018,M08,144.8
PCU322---322---,2018,M09,145.3
PCU322---322---,2018,M10,145.6
PCU322---322---,2018,M11,145.8
PCU322---322---,2018,M12,145.7
PCU322---322---,2018,M13,143.6
PCU322---322---,2019,M01,146.0
PCU322---322---,2019,M02,146.0
PCU322---322---,2019,M03,146.3
PCU322---322---,2019,M04,146.2
PCU322---322---,2019,M05,146.2
PCU322---322---,2019,M06,146.0
PCU322---322---,2019,M07,145.1
PCU322---322---,2019,M08,145.1
PCU322---322---,2019,M09,144.4
PCU322---322---,2019,M10,144.4
PCU322---322---,2019,M11,144.2
PCU322---322---,2019,M12,144.4
PCU322---322---,2019,M13,145.4
PCU322---322---,2020,M01,144.2
PCU322---322---,2020,M02,143.5
PCU322---322---,2020,M03,143.0
PCU322---322---,2020,M04,142.8
PCU322---322---,2020,M05,142.9
PCU322---322---,2020,M06,143.2
PCU322---322---,2020,M07,143.1
PCU322---322---,2020,M08,142.7
PCU322---322---,2020,M09,143.0
PCU322---322---,2020,M10,142.9
PCU322---322---,2020,M11,142.9
PCU322---322---,2020,M12,144.2
PCU322---322---,2020,M13,143.2
PCU322---322---,2021,M01,145.4
PCU322---322---,2021,M02,146.5
PCU322---322---,2021,M03,147.9
PCU322---322---,2021,M04,149.8
PCU322---322---,2021,M05,151.7
PCU322---322---,2021,M06,153.1
PCU322---322---,2021,M07,155.566
PCU322---322---,2021,M08,157.838
PCU322---322---,2021,M09,159.877
PCU322---322---,2021,M10,162.983
PCU322---322---,2021,M11,164.72
PCU322---322---,2021,M12,166.191
PCU322---322---,2021,M13,155.121
PCU322---322---,2022,M01,167.824
PCU322---322---,2022,M02,170.04
PCU322---322---,2022,M03,171.661
PCU322---322---,2022,M04,174.591
PCU322---322---,2022,M05,178.094
PCU322---322---,2022,M06,180.777
PCU322---322---,2022,M07,182.282
PCU322---322---,2022,M08,184.653
PCU322---322---,2022,M09,185.403
PCU322---322---,2022,M10,186.759
PCU322---322---,2022,M11,188.07
PCU322---322---,2022,M12,188.478
PCU322---322---,2022,M13,179.886
PCU322---322---,2023,M01,188.475
PCU322---322---,2023,M02,188.222
PCU322---322---,2023,M03,186.952
PCU322---322---,2023,M04,186.217
PCU322---322---,2023,M05,185.43
PCU322---322---,2023,M06,184.713
PCU322---322---,2023,M07,183.575
PCU322---322---,2023,M08,182.646
PCU322---322---,2023,M09,182.583
PCU322---322---,2023,M10,182.141
PCU322---322---,2023,M11,182.128
PCU322---322---,2023,M12,181.583
PCU322---322---,2023,M13,184.556
PCU322---322---,2024,M01,181.517
PCU322---322---,2024,M02,181.708
PCU322---322---,2024,M03,181.329
PCU322---322---,2024,M04,182.396
PCU322---322---,2024,M05,183.331
PCU322---322---,2024,M06,183.463
PCU322---322---,2024,M07,184.015
PCU322---322---,2024,M08,185.058
PCU322---322---,2024,M09,186.005
PCU322---322---,2024,M10,186.669
PCU322---322---,2024,M11,186.7
PCU322---322---,2024,M12,186.551
PCU322---322---,2024,M13,184.062
PCU322---322---,2025,M01,186.824
PCU322---322---,2025,M02,187.352
PCU322---322---,2025,M03,188.07
PCU322---322---,2025,M04,189.202
PCU322---322---,2025,M05,190.464
PCU322---322---,2025,M06,190.844
PCU322---322---,2025,M07,191.854
PCU322---322---,2025,M08,191.795
PCU322---322---,2025,M09,191.63
PCU322---322---,2025,M10,192.168
PCU322---322---,2025,M11,191.805
PCU322---322---,2025,M12,191.919
PCU322---322---,2025,M13,190.327
PCU322---322---,2026,M01,191.982
PCU322---322---,2026,M02,192.192
PCU322---322---,2026,M03,192.33
PCU322---322---,2026,M04,193.049
PCU322---322---,2026,M05,194.889
PCU322---322---,2026,M06,196.535
PCU322---322---,2026,M07,198.884
PCU322---322---,2026,M08,201.378
PCU323---323---,2003,M12,100.0
PCU323---323---,2004,M01,100.2
PCU323---323---,2004,M02,100.2
PCU323---323---,2004,M03,100.4
PCU323---323---,2004,M04,100.8
PCU323---323---,2004,M05,100.8
PCU323---323---,2004,M06,101.0
PCU323---323---,2004,M07,101.3
PCU323---323---,2004,M08,101.3
PCU323---323---,2004,M09,101.8
PCU323---323---,2004,M10,101.8
PCU323---323---,2004,M11,102.0
PCU323---323---,2004,M12,102.0
PCU323---323---,2004,M13,101.1
PCU323---323---,2005,M01,102.5
PCU323---323---,2005,M02,102.4
PCU323---323---,2005,M03,102.5
PCU323---323---,2005,M04,102.8
PCU323---323---,2005,M05,102.8
PCU323---323---,2005,M06,102.9
PCU323---323---,2005,M07,103.2
PCU323---323---,2005,M08,103.4
PCU323---323---,2005,M09,103.6
PCU323---323---,2005,M10,103.7
PCU323---323---,2005,M11,103.7
PCU323---323---,2005,M12,103.9
PCU323---323---,2005,M13,103.1
PCU323---323---,2006,M01,104.5
PCU323---323---,2006,M02,104.8
PCU323---323---,2006,M03,105.2
PCU323---323---,2006,M04,105.3
PCU323---323---,2006,M05,105.4
PCU323---323---,2006,M06,105.5
PCU323---323---,2006,M07,105.6
PCU323---323---,2006,M08,105.8
PCU323---323---,2006,M09,105.9
PCU323---323---,2006,M10,106.3
PCU323---323---,2006,M11,106.3
PCU323---323---,2006,M12,106.3
PCU323---323---,2006,M13,105.6
PCU323---323---,2007,M01,106.3
PCU323---323---,2007,M02,106.1
PCU323---323---,2007,M03,106.3
PCU323---323---,2007,M04,106.6
PCU323---323---,2007,M05,106.5
PCU323---323---,2007,M06,106.5
PCU323---323---,2007,M07,106.7
PCU323---323---,2007,M08,106.8
PCU323---323---,2007,M09,107.0
PCU323---323---,2007,M10,107.1
PCU323---323---,2007,M11,107.2
PCU323---323---,2007,M12,107.4
PCU323---323---,2007,M13,106.7
PCU323---323---,2008,M01,107.8
PCU323---323---,2008,M02,108.1
PCU323---323---,2008,M03,108.2
PCU323---323---,2008,M04,109.0
PCU323---323---,2008,M05,109.2
PCU323---323---,2008,M06,109.5
PCU323---323---,2008,M07,109.8
PCU323---323---,2008,M08,110.0
PCU323---323---,2008,M09,110.4
PCU323---323---,2008,M10,110.3
PCU323---323---,2008,M11,110.2
PCU323---323---,2008,M12,110.3
PCU323---323---,2008,M13,109.4
PCU323---323---,2009,M01,110.2
PCU323---323---,2009,M02,109.6
PCU323---323---,2009,M03,109.6
PCU323---323---,2009,M04,109.4
PCU323---323---,2009,M05,109.2
PCU323---323---,2009,M06,109.0
PCU323---323---,2009,M07,109.0
PCU323---323---,2009,M08,108.8
PCU323---323---,2009,M09,109.0
PCU323---323---,2009,M10,109.2
PCU323---323---,2009,M11,109.3
PCU323---323---,2009,M12,109.4
PCU323---323---,2009,M13,109.3
PCU323---323---,2010,M01,109.2
PCU323---323---,2010,M02,109.3
PCU323---323---,2010,M03,109.4
PCU323---323---,2010,M04,109.5
PCU323---323---,2010,M05,109.5
PCU323---323---,2010,M06,109.8
PCU323---323---,2010,M07,110.0
PCU323---323---,2010,M08,109.9
PCU323---323---,2010,M09,109.9
PCU323---323---,2010,M10,110.2
PCU323---323---,2010,M11,110.7
PCU323---323---,2010,M12,110.7
PCU323---323---,2010,M13,109.8
PCU323---323---,2011,M01,110.7
PCU323---323---,2011,M02,110.9
PCU323---323---,2011,M03,111.1
PCU323---323---,2011,M04,111.7
PCU323---323---,2011,M05,111.7
PCU323---323---,2011,M06,111.7
PCU323---323---,2011,M07,111.8
PCU323---323---,2011,M08,111.9
PCU323---323---,2011,M09,112.2
PCU323---323---,2011,M10,112.4
PCU323---323---,2011,M11,112.1
PCU323---323---,2011,M12,111.8
PCU323---323---,2011,M13,111.7
PCU323---323---,2012,M01,111.6
PCU323---323---,2012,M02,111.6
PCU323---323---,2012,M03,111.7
PCU323---323---,2012,M04,111.7
PCU323---323---,2012,M05,112.0
PCU323---323---,2012,M06,111.8
PCU323---323---,2012,M07,111.8
PCU323---323---,2012,M08,111.8
PCU323---323---,2012,M09,111.7
PCU323---323---,2012,M10,111.8
PCU323---323---,2012,M11,112.0
PCU323---323---,2012,M12,111.9
PCU323---323---,2012,M13,111.8
PCU323---323---,2013,M01,112.1
PCU323---323---,2013,M02,112.0
PCU323---323---,2013,M03,112.0
PCU323---323---,2013,M04,112.0
PCU323---323---,2013,M05,112.1
PCU323---323---,2013,M06,112.1
PCU323---323---,2013,M07,112.1
PCU323---323---,2013,M08,112.3
PCU323---323---,2013,M09,112.6
PCU323---323---,2013,M10,112.6
PCU323---323---,2013,M11,112.8
PCU323---323---,2013,M12,112.7
PCU323---323---,2013,M13,112.3
PCU323---323---,2014,M01,112.5
PCU323---323---,2014,M02,112.7
PCU323---323---,2014,M03,112.9
PCU323---323---,2014,M04,113.0
PCU323---323---,2014,M05,113.2
PCU323---323---,2014,M06,112.9
PCU323---323---,2014,M07,113.1
PCU323---323---,2014,M08,113.2
PCU323---323---,2014,M09,113.2
PCU323---323---,2014,M10,113.1
PCU323---323---,2014,M11,113.2
PCU323---323---,2014,M12,113.3
PCU323---323---,2014,M13,113.0
PCU323---323---,2015,M01,113.5
PCU323---323---,2015,M02,113.2
PCU323---323---,2015,M03,113.1
PCU323---323---,2015,M04,113.3
PCU323---323---,2015,M05,113.1
PCU323---323---,2015,M06,113.2
PCU323---323---,2015,M07,113.3
PCU323---323---,2015,M08,113.4
PCU323---323---,2015,M09,113.3
PCU323---323---,2015,M10,113.3
PCU323---323---,2015,M11,113.1
PCU323---323---,2015,M12,113.2
PCU323---323---,2015,M13,113.3
PCU323---323---,2016,M01,113.5
PCU323---323---,2016,M02,113.5
PCU323---323---,2016,M03,113.4
PCU323---323---,2016,M04,113.4
PCU323---323---,2016,M05,113.5
PCU323---323---,2016,M06,113.8
PCU323---323---,2016,M07,113.8
PCU323---323---,2016,M08,113.9
PCU323---323---,2016,M09,114.0
PCU323---323---,2016,M10,113.9
PCU323---323---,2016,M11,113.9
PCU323---323---,2016,M12,114.0
PCU323---323---,2016,M13,113.7
PCU323---323---,2017,M01,114.6
PCU323---323---,2017,M02,114.3
PCU323---323---,2017,M03,114.4
PCU323---323---,2017,M04,114.5
PCU323---323---,2017,M05,114.6
PCU323---323---,2017,M06,114.5
PCU323---323---,2017,M07,114.6
PCU323---323---,2017,M08,114.6
PCU323---323---,2017,M09,114.5
PCU323---323---,2017,M10,114.5
PCU323---323---,2017,M11,114.6
PCU323---323---,2017,M12,114.5
PCU323---323---,2017,M13,114.5
PCU323---323---,2018,M01,114.8
PCU323---323---,2018,M02,114.7
PCU323---323---,2018,M03,114.7
PCU323---323---,2018,M04,114.9
PCU323---323---,2018,M05,115.2
PCU323---323---,2018,M06,115.5
PCU323---323---,2018,M07,115.7
PCU323---323---,2018,M08,115.8
PCU323---323---,2018,M09,116.0
PCU323---323---,2018,M10,116.6
PCU323---323---,2018,M11,117.1
PCU323---323---,2018,M12,117.4
PCU323---323---,2018,M13,115.7
PCU323---323---,2019,M01,117.9
PCU323---323---,2019,M02,118.4
PCU323---323---,2019,M03,118.5
PCU323---323---,2019,M04,118.9
PCU323---323---,2019,M05,119.3
PCU323---323---,2019,M06,119.2
PCU323---323---,2019,M07,120.1
PCU323---323---,2019,M08,120.2
PCU323---323---,2019,M09,120.5
PCU323---323---,2019,M10,120.6
PCU323---323---,2019,M11,120.6
PCU323---323---,2019,M12,120.5
PCU323---323---,2019,M13,119.6
PCU323---323---,2020,M01,121.0
PCU323---323---,2020,M02,121.1
PCU323---323---,2020,M03,120.8
PCU323---323---,2020,M04,120.8
PCU323---323---,2020,M05,120.7
PCU323---323---,2020,M06,120.7
PCU323---323---,2020,M07,120.7
PCU323---323---,2020,M08,120.7
PCU323---323---,2020,M09,120.9
PCU323---323---,2020,M10,121.0
PCU323---323---,2020,M11,121.4
PCU323---323---,2020,M12,121.8
PCU323---323---,2020,M13,121.0
PCU323---323---,2021,M01,122.3
PCU323---323---,2021,M02,122.5
PCU323---323---,2021,M03,122.9
PCU323---323---,2021,M04,123.5
PCU323---323---,2021,M05,125.0
PCU323---323---,2021,M06,125.4
PCU323---323---,2021,M07,126.096
PCU323---323---,2021,M08,126.605
PCU323---323---,2021,M09,127.492
PCU323---323---,2021,M10,128.213
PCU323---323---,2021,M11,132.459
PCU323---323---,2021,M12,133.527
PCU323---323---,2021,M13,126.344
PCU323---323---,2022,M01,135.434
PCU323---323---,2022,M02,138.179
PCU323---323---,2022,M03,141.558
PCU323---323---,2022,M04,143.503
PCU323---323---,2022,M05,147.03
PCU323---323---,2022,M06,149.716
PCU323---323---,2022,M07,150.23
PCU323---323---,2022,M08,151.463
PCU323---323---,2022,M09,152.313
PCU323---323---,2022,M10,152.758
PCU323---323---,2022,M11,154.586
PCU323---323---,2022,M12,155.586
PCU323---323---,2022,M13,147.696
PCU323---323---,2023,M01,157.439
PCU323---323---,2023,M02,158.214
PCU323---323---,2023,M03,158.727
PCU323---323---,2023,M04,158.487
PCU323---323---,2023,M05,158.508
PCU323---323---,2023,M06,158.521
PCU323---323---,2023,M07,158.612
PCU323---323---,2023,M08,160.283
PCU323---323---,2023,M09,161.09
PCU323---323---,2023,M10,161.097
PCU323---323---,2023,M11,162.507
PCU323---323---,2023,M12,163.705
PCU323---323---,2023,M13,159.766
PCU323---323---,2024,M01,164.845
PCU323---323---,2024,M02,165.015
PCU323---323---,2024,M03,165.524
PCU323---323---,2024,M04,165.342
PCU323---323---,2024,M05,165.309
PCU323---323---,2024,M06,165.762
PCU323---323---,2024,M07,166.287
PCU323---323---,2024,M08,167.18
PCU323---323---,2024,M09,167.185
PCU323---323---,2024,M10,167.742
PCU323---323---,2024,M11,167.74
PCU323---323---,2024,M12,167.817
PCU323---323---,2024,M13,166.312
PCU323---323---,2025,M01,168.771
PCU323---323---,2025,M02,170.472
PCU323---323---,2025,M03,170.345
PCU323---323---,2025,M04,171.584
PCU323---323---,2025,M05,172.326
PCU323---323---,2025,M06,173.061
PCU323---323---,2025,M07,174.936
PCU323---323---,2025,M08,175.64
PCU323---323---,2025,M09,177.318
PCU323---323---,2025,M10,178.524
PCU323---323---,2025,M11,178.438
PCU323---323---,2025,M12,178.511
PCU323---323---,2025,M13,174.161
PCU323---323---,2026,M01,178.89
PCU323---323---,2026,M02,179.735
PCU323---323---,2026,M03,179.894
PCU323---323---,2026,M04,181.75
PCU323---323---,2026,M05,183.034
PCU323---323---,2026,M06,183.089
PCU323---323---,2026,M07,183.126
PCU323---323---,2026,M08,183.796
PCU324---324---,1998,M01,73.8
PCU324---324---,1998,M02,70.1
PCU324---324---,1998,M03,65.6
PCU324---324---,1998,M04,67.9
PCU324---324---,1998,M05,70.2
PCU324---324---,1998,M06,68.0
PCU324---324---,1998,M07,67.0
PCU324---324---,1998,M08,63.6
PCU324---324---,1998,M09,64.2
PCU324---324---,1998,M10,65.5
PCU324---324---,1998,M11,63.3
PCU324---324---,1998,M12,56.3
PCU324---324---,1998,M13,66.3
PCU324---324---,1999,M01,58.6
PCU324---324---,1999,M02,56.2
PCU324---324---,1999,M03,59.9
PCU324---324---,1999,M04,73.7
PCU324---324---,1999,M05,75.4
PCU324---324---,1999,M06,74.2
PCU324---324---,1999,M07,79.6
PCU324---324---,1999,M08,85.3
PCU324---324---,1999,M09,90.2
PCU324---324---,1999,M10,87.0
PCU324---324---,1999,M11,89.5
PCU324---324---,1999,M12,91.8
PCU324---324---,1999,M13,76.8
PCU324---324---,2000,M01,94.0
PCU324---324---,2000,M02,104.1
PCU324---324---,2000,M03,111.0
PCU324---324---,2000,M04,105.6
PCU324---324---,2000,M05,109.0
PCU324---324---,2000,M06,119.9
PCU324---324---,2000,M07,115.7
PCU324---324---,2000,M08,112.6
PCU324---324---,2000,M09,125.1
PCU324---324---,2000,M10,121.8
PCU324---324---,2000,M11,121.9
PCU324---324---,2000,M12,112.9
PCU324---324---,2000,M13,112.8
PCU324---324---,2001,M01,112.7
PCU324---324---,2001,M02,111.7
PCU324---324---,2001,M03,106.6
PCU324---324---,2001,M04,115.2
PCU324---324---,2001,M05,122.8
PCU324---324---,2001,M06,115.9
PCU324---324---,2001,M07,101.7
PCU324---324---,2001,M08,104.7
PCU324---324---,2001,M09,114.9
PCU324---324---,2001,M10,94.6
PCU324---324---,2001,M11,86.3
PCU324---324---,2001,M12,75.9
PCU324---324---,2001,M13,105.3
PCU324---324---,2002,M01,77.7
PCU324---324---,2002,M02,79.5
PCU324---324---,2002,M03,89.2
PCU324---324---,2002,M04,100.5
PCU324---324---,2002,M05,99.7
PCU324---324---,2002,M06,98.9
PCU324---324---,2002,M07,101.1
PCU324---324---,2002,M08,103.2
PCU324---324---,2002,M09,109.6
PCU324---324---,2002,M10,117.5
PCU324---324---,2002,M11,106.7
PCU324---324---,2002,M12,102.4
PCU324---324---,2002,M13,98.8
PCU324---324---,2003,M01,116.5
PCU324---324---,2003,M02,138.0
PCU324---324---,2003,M03,145.9
PCU324---324---,2003,M04,118.7
PCU324---324---,2003,M05,111.0
PCU324---324---,2003,M06,116.0
PCU324---324---,2003,M07,118.3
PCU324---324---,2003,M08,124.0
PCU324---324---,2003,M09,122.1
PCU324---324---,2003,M10,120.9
PCU324---324---,2003,M11,115.5
PCU324---324---,2003,M12,117.5
PCU324---324---,2003,M13,122.0
PCU324---324---,2004,M01,131.5
PCU324---324---,2004,M02,130.7
PCU324---324---,2004,M03,134.3
PCU324---324---,2004,M04,141.9
PCU324---324---,2004,M05,152.0
PCU324---324---,2004,M06,144.1
PCU324---324---,2004,M07,152.3
PCU324---324---,2004,M08,155.6
PCU324---324---,2004,M09,158.9
PCU324---324---,2004,M10,176.7
PCU324---324---,2004,M11,170.4
PCU324---324---,2004,M12,150.3
PCU324---324---,2004,M13,149.9
PCU324---324---,2005,M01,155.9
PCU324---324---,2005,M02,163.6
PCU324---324---,2005,M03,182.8
PCU324---324---,2005,M04,189.6
PCU324---324---,2005,M05,184.0
PCU324---324---,2005,M06,189.7
PCU324---324---,2005,M07,204.7
PCU324---324---,2005,M08,215.6
PCU324---324---,2005,M09,241.5
PCU324---324---,2005,M10,259.5
PCU324---324---,2005,M11,208.2
PCU324---324---,2005,M12,209.2
PCU324---324---,2005,M13,200.4
PCU324---324---,2006,M01,216.1
PCU324---324---,2006,M02,205.9
PCU324---324---,2006,M03,222.8
PCU324---324---,2006,M04,249.2
PCU324---324---,2006,M05,260.0
PCU324---324---,2006,M06,267.6
PCU324---324---,2006,M07,267.4
PCU324---324---,2006,M08,268.3
PCU324---324---,2006,M09,227.1
PCU324---324---,2006,M10,213.0
PCU324---324---,2006,M11,211.8
PCU324---324---,2006,M12,216.6
PCU324---324---,2006,M13,235.5
PCU324---324---,2007,M01,203.2
PCU324---324---,2007,M02,212.3
PCU324---324---,2007,M03,237.2
PCU324---324---,2007,M04,259.3
PCU324---324---,2007,M05,274.3
PCU324---324---,2007,M06,268.2
PCU324---324---,2007,M07,283.1
PCU324---324---,2007,M08,258.0
PCU324---324---,2007,M09,267.4
PCU324---324---,2007,M10,266.9
PCU324---324---,2007,M11,305.5
PCU324---324---,2007,M12,288.4
PCU324---324---,2007,M13,260.3
PCU324---324---,2008,M01,294.9
PCU324---324---,2008,M02,298.4
PCU324---324---,2008,M03,337.1
PCU324---324---,2008,M04,347.7
PCU324---324---,2008,M05,384.1
PCU324---324---,2008,M06,406.0
PCU324---324---,2008,M07,429.6
PCU324---324---,2008,M08,382.2
PCU324---324---,2008,M09,382.6
PCU324---324---,2008,M10,300.0
PCU324---324---,2008,M11,221.4
PCU324---324---,2008,M12,167.0
PCU324---324---,2008,M13,329.2
PCU324---324---,2009,M01,178.6
PCU324---324---,2009,M02,176.4
PCU324---324---,2009,M03,168.0
PCU324---324---,2009,M04,186.2
PCU324---324---,2009,M05,206.5
PCU324---324---,2009,M06,238.1
PCU324---324---,2009,M07,225.9
PCU324---324---,2009,M08,251.6
PCU324---324---,2009,M09,241.5
PCU324---324---,2009,M10,240.8
PCU324---324---,2009,M11,258.4
PCU324---324---,2009,M12,254.3
PCU324---324---,2009,M13,218.8
PCU324---324---,2010,M01,275.6
PCU324---324---,2010,M02,261.0
PCU324---324---,2010,M03,278.2
PCU324---324---,2010,M04,287.8
PCU324---324---,2010,M05,292.0
PCU324---324---,2010,M06,280.4
PCU324---324---,2010,M07,278.8
PCU324---324---,2010,M08,284.4
PCU324---324---,2010,M09,282.4
PCU324---324---,2010,M10,295.3
PCU324---324---,2010,M11,302.8
PCU324---324---,2010,M12,310.4
PCU324---324---,2010,M13,285.8
PCU324---324---,2011,M01,321.1
PCU324---324---,2011,M02,335.4
PCU324---324---,2011,M03,371.4
PCU324---324---,2011,M04,393.8
PCU324---324---,2011,M05,409.3
PCU324---324---,2011,M06,396.6
PCU324---324---,2011,M07,396.1
PCU324---324---,2011,M08,379.6
PCU324---324---,2011,M09,385.7
PCU324---324---,2011,M10,368.9
PCU324---324---,2011,M11,372.6
PCU324---324---,2011,M12,362.4
PCU324---324---,2011,M13,374.4
PCU324---324---,2012,M01,371.1
PCU324---324---,2012,M02,377.5
PCU324---324---,2012,M03,401.2
PCU324---324---,2012,M04,403.5
PCU324---324---,2012,M05,387.6
PCU324---324---,2012,M06,366.7
PCU324---324---,2012,M07,357.3
PCU324---324---,2012,M08,380.8
PCU324---324---,2012,M09,401.1
PCU324---324---,2012,M10,391.5
PCU324---324---,2012,M11,360.0
PCU324---324---,2012,M12,352.1
PCU324---324---,2012,M13,379.2
PCU324---324---,2013,M01,355.1
PCU324---324---,2013,M02,382.2
PCU324---324---,2013,M03,372.3
PCU324---324---,2013,M04,365.9
PCU324---324---,2013,M05,364.9
PCU324---324---,2013,M06,362.8
PCU324---324---,2013,M07,363.0
PCU324---324---,2013,M08,372.0
PCU324---324---,2013,M09,370.0
PCU324---324---,2013,M10,359.6
PCU324---324---,2013,M11,346.5
PCU324---324---,2013,M12,348.5
PCU324---324---,2013,M13,363.6
PCU324---324---,2014,M01,350.1
PCU324---324---,2014,M02,357.3
PCU324---324---,2014,M03,363.6
PCU324---324---,2014,M04,369.3
PCU324---324---,2014,M05,364.8
PCU324---324---,2014,M06,363.1
PCU324---324---,2014,M07,361.1
PCU324---324---,2014,M08,360.3
PCU324---324---,2014,M09,353.0
PCU324---324---,2014,M10,325.7
PCU324---324---,2014,M11,304.8
PCU324---324---,2014,M12,265.1
PCU324---324---,2014,M13,344.9
PCU324---324---,2015,M01,218.3
PCU324---324---,2015,M02,224.3
PCU324---324---,2015,M03,236.9
PCU324---324---,2015,M04,231.8
PCU324---324---,2015,M05,256.9
PCU324---324---,2015,M06,258.8
PCU324---324---,2015,M07,256.0
PCU324---324---,2015,M08,241.3
PCU324---324---,2015,M09,215.2
PCU324---324---,2015,M10,209.8
PCU324---324---,2015,M11,202.8
PCU324---324---,2015,M12,183.6
PCU324---324---,2015,M13,228.0
PCU324---324---,2016,M01,167.9
PCU324---324---,2016,M02,154.4
PCU324---324---,2016,M03,161.5
PCU324---324---,2016,M04,172.0
PCU324---324---,2016,M05,186.4
PCU324---324---,2016,M06,199.8
PCU324---324---,2016,M07,197.3
PCU324---324---,2016,M08,188.9
PCU324---324---,2016,M09,194.9
PCU324---324---,2016,M10,200.8
PCU324---324---,2016,M11,195.7
PCU324---324---,2016,M12,200.1
PCU324---324---,2016,M13,185.0
PCU324---324---,2017,M01,210.7
PCU324---324---,2017,M02,213.6
PCU324---324---,2017,M03,214.8
PCU324---324---,2017,M04,220.1
PCU324---324---,2017,M05,214.9
PCU324---324---,2017,M06,212.7
PCU324---324---,2017,M07,211.7
PCU324---324---,2017,M08,222.4
PCU324---324---,2017,M09,238.8
PCU324---324---,2017,M10,237.5
PCU324---324---,2017,M11,247.7
PCU324---324---,2017,M12,248.5
PCU324---324---,2017,M13,224.5
PCU324---324---,2018,M01,254.5
PCU324---324---,2018,M02,258.2
PCU324---324---,2018,M03,255.2
PCU324---324---,2018,M04,266.3
PCU324---324---,2018,M05,284.3
PCU324---324---,2018,M06,289.5
PCU324---324---,2018,M07,290.8
PCU324---324---,2018,M08,291.4
PCU324---324---,2018,M09,293.7
PCU324---324---,2018,M10,303.5
PCU324---324---,2018,M11,280.9
PCU324---324---,2018,M12,245.0
PCU324---324---,2018,M13,276.1
PCU324---324---,2019,M01,226.5
PCU324---324---,2019,M02,235.3
PCU324---324---,2019,M03,254.9
PCU324---324---,2019,M04,270.3
PCU324---324---,2019,M05,268.8
PCU324---324---,2019,M06,247.4
PCU324---324---,2019,M07,250.9
PCU324---324---,2019,M08,242.0
PCU324---324---,2019,M09,236.6
PCU324---324---,2019,M10,241.2
PCU324---324---,2019,M11,238.1
PCU324---324---,2019,M12,237.7
PCU324---324---,2019,M13,245.8
PCU324---324---,2020,M01,236.1
PCU324---324---,2020,M02,220.2
PCU324---324---,2020,M03,190.5
PCU324---324---,2020,M04,127.1
PCU324---324---,2020,M05,135.3
PCU324---324---,2020,M06,166.1
PCU324---324---,2020,M07,188.4
PCU324---324---,2020,M08,192.8
PCU324---324---,2020,M09,187.5
PCU324---324---,2020,M10,190.1
PCU324---324---,2020,M11,193.8
PCU324---324---,2020,M12,212.6
PCU324---324---,2020,M13,186.7
PCU324---324---,2021,M01,229.9
PCU324---324---,2021,M02,251.8
PCU324---324---,2021,M03,283.7
PCU324---324---,2021,M04,281.0
PCU324---324---,2021,M05,305.9
PCU324---324---,2021,M06,312.0
PCU324---324---,2021,M07,324.303
PCU324---324---,2021,M08,318.012
PCU324---324---,2021,M09,321.73
PCU324---324---,2021,M10,347.477
PCU324---324---,2021,M11,349.256
PCU324---324---,2021,M12,329.099
PCU324---324---,2021,M13,304.526
PCU324---324---,2022,M01,348.282
PCU324---324---,2022,M02,385.766
PCU324---324---,2022,M03,450.359
PCU324---324---,2022,M04,462.798
PCU324---324---,2022,M05,512.996
PCU324---324---,2022,M06,563.709
PCU324---324---,2022,M07,495.499
PCU324---324---,2022,M08,434.716
PCU324---324---,2022,M09,438.86
PCU324---324---,2022,M10,461.724
PCU324---324---,2022,M11,442.257
PCU324---324---,2022,M12,362.989
PCU324---324---,2022,M13,446.663
PCU324---324---,2023,M01,388.303
PCU324---324---,2023,M02,390.289
PCU324---324---,2023,M03,380.578
PCU324---324---,2023,M04,376.043
PCU324---324---,2023,M05,349.413
PCU324---324---,2023,M06,347.849
PCU324---324---,2023,M07,344.751
PCU324---324---,2023,M08,399.072
PCU324---324---,2023,M09,408.204
PCU324---324---,2023,M10,374.358
PCU324---324---,2023,M11,350.8
PCU324---324---,2023,M12,316.959
PCU324---324---,2023,M13,368.885
PCU324---324---,2024,M01,317.948
PCU324---324---,2024,M02,352.599
PCU324---324---,2024,M03,359.325
PCU324---324---,2024,M04,371.23
PCU324---324---,2024,M05,341.251
PCU324---324---,2024,M06,326.801
PCU324---324---,2024,M07,345.181
PCU324---324---,2024,M08,334.558
PCU324---324---,2024,M09,302.891
PCU324---324---,2024,M10,311.004
PCU324---324---,2024,M11,300.309
PCU324---324---,2024,M12,293.478
PCU324---324---,2024,M13,329.714
PCU324---324---,2025,M01,310.471
PCU324---324---,2025,M02,316.421
PCU324---324---,2025,M03,304.059
PCU324---324---,2025,M04,302.577
PCU324---324---,2025,M05,303.331
PCU324---324---,2025,M06,303.863
PCU324---324---,2025,M07,314.419
PCU324---324---,2025,M08,306.844
PCU324---324---,2025,M09,310.035
PCU324---324---,2025,M10,296.465
PCU324---324---,2025,M11,307.045
PCU324---324---,2025,M12,277.3
PCU324---324---,2025,M13,304.403
PCU324---324---,2026,M01,276.763
PCU324---324---,2026,M02,305.697
PCU324---324---,2026,M03,385.057
PCU324---324---,2026,M04,441.426
PCU324---324---,2026,M05,509.731
PCU324---324---,2026,M06,448.923
PCU324---324---,2026,M07,438.425
PCU324---324---,2026,M08,479.031
PCU325---325---,1998,M01,147.3
PCU325---325---,1998,M02,147.1
PCU325---325---,1998,M03,149.2
PCU325---325---,1998,M04,149.8
PCU325---325---,1998,M05,149.7
PCU325---325---,1998,M06,149.5
PCU325---325---,1998,M07,149.5
PCU325---325---,1998,M08,149.1
PCU325---325---,1998,M09,148.5
PCU325---325---,1998,M10,148.3
PCU325---325---,1998,M11,148.1
PCU325---325---,1998,M12,147.9
PCU325---325---,1998,M13,148.7
PCU325---325---,1999,M01,147.5
PCU325---325---,1999,M02,147.3
PCU325---325---,1999,M03,147.5
PCU325---325---,1999,M04,147.7
PCU325---325---,1999,M05,148.2
PCU325---325---,1999,M06,149.0
PCU325---325---,1999,M07,149.9
PCU325---325---,1999,M08,150.0
PCU325---325---,1999,M09,151.0
PCU325---325---,1999,M10,152.8
PCU325---325---,1999,M11,153.0
PCU325---325---,1999,M12,152.9
PCU325---325---,1999,M13,149.7
PCU325---325---,2000,M01,153.6
PCU325---325---,2000,M02,154.5
PCU325---325---,2000,M03,155.2
PCU325---325---,2000,M04,155.5
PCU325---325---,2000,M05,156.4
PCU325---325---,2000,M06,156.5
PCU325---325---,2000,M07,157.4
PCU325---325---,2000,M08,157.5
PCU325---325---,2000,M09,158.3
PCU325---325---,2000,M10,158.6
PCU325---325---,2000,M11,158.3
PCU325---325---,2000,M12,158.7
PCU325---325---,2000,M13,156.7
PCU325---325---,2001,M01,160.3
PCU325---325---,2001,M02,161.5
PCU325---325---,2001,M03,161.6
PCU325---325---,2001,M04,161.4
PCU325---325---,2001,M05,160.1
PCU325---325---,2001,M06,159.7
PCU325---325---,2001,M07,157.8
PCU325---325---,2001,M08,156.3
PCU325---325---,2001,M09,156.6
PCU325---325---,2001,M10,155.7
PCU325---325---,2001,M11,155.4
PCU325---325---,2001,M12,154.3
PCU325---325---,2001,M13,158.4
PCU325---325---,2002,M01,154.0
PCU325---325---,2002,M02,154.3
PCU325---325---,2002,M03,155.1
PCU325---325---,2002,M04,155.9
PCU325---325---,2002,M05,156.3
PCU325---325---,2002,M06,157.0
PCU325---325---,2002,M07,158.5
PCU325---325---,2002,M08,158.6
PCU325---325---,2002,M09,158.7
PCU325---325---,2002,M10,159.6
PCU325---325---,2002,M11,159.7
PCU325---325---,2002,M12,159.3
PCU325---325---,2002,M13,157.3
PCU325---325---,2003,M01,160.9
PCU325---325---,2003,M02,162.3
PCU325---325---,2003,M03,165.2
PCU325---325---,2003,M04,166.7
PCU325---325---,2003,M05,165.8
PCU325---325---,2003,M06,165.0
PCU325---325---,2003,M07,164.5
PCU325---325---,2003,M08,164.2
PCU325---325---,2003,M09,164.8
PCU325---325---,2003,M10,165.2
PCU325---325---,2003,M11,165.0
PCU325---325---,2003,M12,165.3
PCU325---325---,2003,M13,164.6
PCU325---325---,2004,M01,167.0
PCU325---325---,2004,M02,167.9
PCU325---325---,2004,M03,168.8
PCU325---325---,2004,M04,169.7
PCU325---325---,2004,M05,170.3
PCU325---325---,2004,M06,171.6
PCU325---325---,2004,M07,172.2
PCU325---325---,2004,M08,173.8
PCU325---325---,2004,M09,175.5
PCU325---325---,2004,M10,177.2
PCU325---325---,2004,M11,179.3
PCU325---325---,2004,M12,180.5
PCU325---325---,2004,M13,172.8
PCU325---325---,2005,M01,182.7
PCU325---325---,2005,M02,183.4
PCU325---325---,2005,M03,184.7
PCU325---325---,2005,M04,185.9
PCU325---325---,2005,M05,185.8
PCU325---325---,2005,M06,185.3
PCU325---325---,2005,M07,186.3
PCU325---325---,2005,M08,186.4
PCU325---325---,2005,M09,187.7
PCU325---325---,2005,M10,191.2
PCU325---325---,2005,M11,193.6
PCU325---325---,2005,M12,193.9
PCU325---325---,2005,M13,187.3
PCU325---325---,2006,M01,195.7
PCU325---325---,2006,M02,196.2
PCU325---325---,2006,M03,196.2
PCU325---325---,2006,M04,195.7
PCU325---325---,2006,M05,196.6
PCU325---325---,2006,M06,197.2
PCU325---325---,2006,M07,197.6
PCU325---325---,2006,M08,197.8
PCU325---325---,2006,M09,197.9
PCU325---325---,2006,M10,197.2
PCU325---325---,2006,M11,196.5
PCU325---325---,2006,M12,197.0
PCU325---325---,2006,M13,196.8
PCU325---325---,2007,M01,197.3
PCU325---325---,2007,M02,198.1
PCU325---325---,2007,M03,199.4
PCU325---325---,2007,M04,201.1
PCU325---325---,2007,M05,201.9
PCU325---325---,2007,M06,202.8
PCU325---325---,2007,M07,203.6
PCU325---325---,2007,M08,204.9
PCU325---325---,2007,M09,205.0
PCU325---325---,2007,M10,206.4
PCU325---325---,2007,M11,209.2
PCU325---325---,2007,M12,210.4
PCU325---325---,2007,M13,203.3
PCU325---325---,2008,M01,213.6
PCU325---325---,2008,M02,215.8
PCU325---325---,2008,M03,218.4
PCU325---325---,2008,M04,221.1
PCU325---325---,2008,M05,224.5
PCU325---325---,2008,M06,228.5
PCU325---325---,2008,M07,234.5
PCU325---325---,2008,M08,238.2
PCU325---325---,2008,M09,240.4
PCU325---325---,2008,M10,239.3
PCU325---325---,2008,M11,234.5
PCU325---325---,2008,M12,229.7
PCU325---325---,2008,M13,228.2
PCU325---325---,2009,M01,226.7
PCU325---325---,2009,M02,225.1
PCU325---325---,2009,M03,224.6
PCU325---325---,2009,M04,223.6
PCU325---325---,2009,M05,222.8
PCU325---325---,2009,M06,222.4
PCU325---325---,2009,M07,224.1
PCU325---325---,2009,M08,224.0
PCU325---325---,2009,M09,225.1
PCU325---325---,2009,M10,225.0
PCU325---325---,2009,M11,225.4
PCU325---325---,2009,M12,227.3
PCU325---325---,2009,M13,224.7
PCU325---325---,2010,M01,228.7
PCU325---325---,2010,M02,231.3
PCU325---325---,2010,M03,232.0
PCU325---325---,2010,M04,234.1
PCU325---325---,2010,M05,233.4
PCU325---325---,2010,M06,232.6
PCU325---325---,2010,M07,233.5
PCU325---325---,2010,M08,233.7
PCU325---325---,2010,M09,234.6
PCU325---325---,2010,M10,236.3
PCU325---325---,2010,M11,236.8
PCU325---325---,2010,M12,237.6
PCU325---325---,2010,M13,233.7
PCU325---325---,2011,M01,242.6
PCU325---325---,2011,M02,245.0
PCU325---325---,2011,M03,247.6
PCU325---325---,2011,M04,250.2
PCU325---325---,2011,M05,252.8
PCU325---325---,2011,M06,253.4
PCU325---325---,2011,M07,255.1
PCU325---325---,2011,M08,255.2
PCU325---325---,2011,M09,256.7
PCU325---325---,2011,M10,255.9
PCU325---325---,2011,M11,255.6
PCU325---325---,2011,M12,254.7
PCU325---325---,2011,M13,252.1
PCU325---325---,2012,M01,258.4
PCU325---325---,2012,M02,259.7
PCU325---325---,2012,M03,261.7
PCU325---325---,2012,M04,262.0
PCU325---325---,2012,M05,262.0
PCU325---325---,2012,M06,259.6
PCU325---325---,2012,M07,259.6
PCU325---325---,2012,M08,260.2
PCU325---325---,2012,M09,259.9
PCU325---325---,2012,M10,260.8
PCU325---325---,2012,M11,259.9
PCU325---325---,2012,M12,259.3
PCU325---325---,2012,M13,260.3
PCU325---325---,2013,M01,262.8
PCU325---325---,2013,M02,264.7
PCU325---325---,2013,M03,265.0
PCU325---325---,2013,M04,265.3
PCU325---325---,2013,M05,265.1
PCU325---325---,2013,M06,265.5
PCU325---325---,2013,M07,265.2
PCU325---325---,2013,M08,263.9
PCU325---325---,2013,M09,262.8
PCU325---325---,2013,M10,262.3
PCU325---325---,2013,M11,261.7
PCU325---325---,2013,M12,262.6
PCU325---325---,2013,M13,263.9
PCU325---325---,2014,M01,266.5
PCU325---325---,2014,M02,267.9
PCU325---325---,2014,M03,268.1
PCU325---325---,2014,M04,269.9
PCU325---325---,2014,M05,269.5
PCU325---325---,2014,M06,270.0
PCU325---325---,2014,M07,271.1
PCU325---325---,2014,M08,271.0
PCU325---325---,2014,M09,271.4
PCU325---325---,2014,M10,270.4
PCU325---325---,2014,M11,267.7
PCU325---325---,2014,M12,266.5
PCU325---325---,2014,M13,269.2
PCU325---325---,2015,M01,265.1
PCU325---325---,2015,M02,264.8
PCU325---325---,2015,M03,263.5
PCU325---325---,2015,M04,264.4
PCU325---325---,2015,M05,265.3
PCU325---325---,2015,M06,268.2
PCU325---325---,2015,M07,267.3
PCU325---325---,2015,M08,266.5
PCU325---325---,2015,M09,264.5
PCU325---325---,2015,M10,263.2
PCU325---325---,2015,M11,262.6
PCU325---325---,2015,M12,262.6
PCU325---325---,2015,M13,264.8
PCU325---325---,2016,M01,264.9
PCU325---325---,2016,M02,264.4
PCU325---325---,2016,M03,264.8
PCU325---325---,2016,M04,266.0
PCU325---325---,2016,M05,266.3
PCU325---325---,2016,M06,268.1
PCU325---325---,2016,M07,267.7
PCU325---325---,2016,M08,267.7
PCU325---325---,2016,M09,268.2
PCU325---325---,2016,M10,269.0
PCU325---325---,2016,M11,269.3
PCU325---325---,2016,M12,268.8
PCU325---325---,2016,M13,267.1
PCU325---325---,2017,M01,272.8
PCU325---325---,2017,M02,274.9
PCU325---325---,2017,M03,276.1
PCU325---325---,2017,M04,277.2
PCU325---325---,2017,M05,276.7
PCU325---325---,2017,M06,277.5
PCU325---325---,2017,M07,276.9
PCU325---325---,2017,M08,277.5
PCU325---325---,2017,M09,277.6
PCU325---325---,2017,M10,280.2
PCU325---325---,2017,M11,281.2
PCU325---325---,2017,M12,282.5
PCU325---325---,2017,M13,277.6
PCU325---325---,2018,M01,284.7
PCU325---325---,2018,M02,286.4
PCU325---325---,2018,M03,288.6
PCU325---325---,2018,M04,288.4
PCU325---325---,2018,M05,289.9
PCU325---325---,2018,M06,290.8
PCU325---325---,2018,M07,291.2
PCU325---325---,2018,M08,292.2
PCU325---325---,2018,M09,291.6
PCU325---325---,2018,M10,292.5
PCU325---325---,2018,M11,293.1
PCU325---325---,2018,M12,292.5
PCU325---325---,2018,M13,290.2
PCU325---325---,2019,M01,293.7
PCU325---325---,2019,M02,293.4
PCU325---325---,2019,M03,293.3
PCU325---325---,2019,M04,293.3
PCU325---325---,2019,M05,292.1
PCU325---325---,2019,M06,292.4
PCU325---325---,2019,M07,292.8
PCU325---325---,2019,M08,291.3
PCU325---325---,2019,M09,290.6
PCU325---325---,2019,M10,291.7
PCU325---325---,2019,M11,290.8
PCU325---325---,2019,M12,289.4
PCU325---325---,2019,M13,292.1
PCU325---325---,2020,M01,291.0
PCU325---325---,2020,M02,291.5
PCU325---325---,2020,M03,290.4
PCU325---325---,2020,M04,286.8
PCU325---325---,2020,M05,284.3
PCU325---325---,2020,M06,285.1
PCU325---325---,2020,M07,286.4
PCU325---325---,2020,M08,287.7
PCU325---325---,2020,M09,288.2
PCU325---325---,2020,M10,290.7
PCU325---325---,2020,M11,292.0
PCU325---325---,2020,M12,293.8
PCU325---325---,2020,M13,289.0
PCU325---325---,2021,M01,298.7
PCU325---325---,2021,M02,303.2
PCU325---325---,2021,M03,309.5
PCU325---325---,2021,M04,314.5
PCU325---325---,2021,M05,320.6
PCU325---325---,2021,M06,324.7
PCU325---325---,2021,M07,327.081
PCU325---325---,2021,M08,330.525
PCU325---325---,2021,M09,331.361
PCU325---325---,2021,M10,335.868
PCU325---325---,2021,M11,338.561
PCU325---325---,2021,M12,339.393
PCU325---325---,2021,M13,322.833
PCU325---325---,2022,M01,343.585
PCU325---325---,2022,M02,347.303
PCU325---325---,2022,M03,351.652
PCU325---325---,2022,M04,359.478
PCU325---325---,2022,M05,363.747
PCU325---325---,2022,M06,368.136
PCU325---325---,2022,M07,367.326
PCU325---325---,2022,M08,366.526
PCU325---325---,2022,M09,365.047
PCU325---325---,2022,M10,363.123
PCU325---325---,2022,M11,361.07
PCU325---325---,2022,M12,358.378
PCU325---325---,2022,M13,359.614
PCU325---325---,2023,M01,359.934
PCU325---325---,2023,M02,361.913
PCU325---325---,2023,M03,362.338
PCU325---325---,2023,M04,362.945
PCU325---325---,2023,M05,361.23
PCU325---325---,2023,M06,357.67
PCU325---325---,2023,M07,353.618
PCU325---325---,2023,M08,352.148
PCU325---325---,2023,M09,351.914
PCU325---325---,2023,M10,353.018
PCU325---325---,2023,M11,351.359
PCU325---325---,2023,M12,350.338
PCU325---325---,2023,M13,356.536
PCU325---325---,2024,M01,348.434
PCU325---325---,2024,M02,350.002
PCU325---325---,2024,M03,349.697
PCU325---325---,2024,M04,352.304
PCU325---325---,2024,M05,352.537
PCU325---325---,2024,M06,352.733
PCU325---325---,2024,M07,354.783
PCU325---325---,2024,M08,355.087
PCU325---325---,2024,M09,353.78
PCU325---325---,2024,M10,352.95
PCU325---325---,2024,M11,351.939
PCU325---325---,2024,M12,351.802
PCU325---325---,2024,M13,352.171
PCU325---325---,2025,M01,353.786
PCU325---325---,2025,M02,356.389
PCU325---325---,2025,M03,357.424
PCU325---325---,2025,M04,357.264
PCU325---325---,2025,M05,355.596
PCU325---325---,2025,M06,356.271
PCU325---325---,2025,M07,357.551
PCU325---325---,2025,M08,358.127
PCU325---325---,2025,M09,358.059
PCU325---325---,2025,M10,356.722
PCU325---325---,2025,M11,356.053
PCU325---325---,2025,M12,354.917
PCU325---325---,2025,M13,356.513
PCU325---325---,2026,M01,356.213
PCU325---325---,2026,M02,358.297
PCU325---325---,2026,M03,361.611
PCU325---325---,2026,M04,370.003
PCU325---325---,2026,M05,384.488
PCU325---325---,2026,M06,380.453
PCU325---325---,2026,M07,375.58
PCU325---325---,2026,M08,375.384
PCU326---326---,1998,M01,122.7
PCU326---326---,1998,M02,122.6
PCU326---326---,1998,M03,122.5
PCU326---326---,1998,M04,122.5
PCU326---326---,1998,M05,122.3
PCU326---326---,1998,M06,122.1
PCU326---326---,1998,M07,121.9
PCU326---326---,1998,M08,121.9
PCU326---326---,1998,M09,121.9
PCU326---326---,1998,M10,121.6
PCU326---326---,1998,M11,121.7
PCU326---326---,1998,M12,121.8
PCU326---326---,1998,M13,122.1
PCU326---326---,1999,M01,121.5
PCU326---326---,1999,M02,121.4
PCU326---326---,1999,M03,121.3
PCU326---326---,1999,M04,121.7
PCU326---326---,1999,M05,121.6
PCU326---326---,1999,M06,121.9
PCU326---326---,1999,M07,122.1
PCU326---326---,1999,M08,122.5
PCU326---326---,1999,M09,122.8
PCU326---326---,1999,M10,122.9
PCU326---326---,1999,M11,123.3
PCU326---326---,1999,M12,123.4
PCU326---326---,1999,M13,122.2
PCU326---326---,2000,M01,123.5
PCU326---326---,2000,M02,123.5
PCU326---326---,2000,M03,123.5
PCU326---326---,2000,M04,123.7
PCU326---326---,2000,M05,123.6
PCU326---326---,2000,M06,124.4
PCU326---326---,2000,M07,125.0
PCU326---326---,2000,M08,124.7
PCU326---326---,2000,M09,125.4
PCU326---326---,2000,M10,125.3
PCU326---326---,2000,M11,126.5
PCU326---326---,2000,M12,126.5
PCU326---326---,2000,M13,124.6
PCU326---326---,2001,M01,126.1
PCU326---326---,2001,M02,125.8
PCU326---326---,2001,M03,126.1
PCU326---326---,2001,M04,126.3
PCU326---326---,2001,M05,126.5
PCU326---326---,2001,M06,126.4
PCU326---326---,2001,M07,126.2
PCU326---326---,2001,M08,125.7
PCU326---326---,2001,M09,125.6
PCU326---326---,2001,M10,125.5
PCU326---326---,2001,M11,125.6
PCU326---326---,2001,M12,125.2
PCU326---326---,2001,M13,125.9
PCU326---326---,2002,M01,125.1
PCU326---326---,2002,M02,124.4
PCU326---326---,2002,M03,124.6
PCU326---326---,2002,M04,124.8
PCU326---326---,2002,M05,125.3
PCU326---326---,2002,M06,125.8
PCU326---326---,2002,M07,125.5
PCU326---326---,2002,M08,125.9
PCU326---326---,2002,M09,126.3
PCU326---326---,2002,M10,126.3
PCU326---326---,2002,M11,125.8
PCU326---326---,2002,M12,125.8
PCU326---326---,2002,M13,125.5
PCU326---326---,2003,M01,126.3
PCU326---326---,2003,M02,127.2
PCU326---326---,2003,M03,128.1
PCU326---326---,2003,M04,129.1
PCU326---326---,2003,M05,129.2
PCU326---326---,2003,M06,128.8
PCU326---326---,2003,M07,128.6
PCU326---326---,2003,M08,128.7
PCU326---326---,2003,M09,128.6
PCU326---326---,2003,M10,128.6
PCU326---326---,2003,M11,128.5
PCU326---326---,2003,M12,128.8
PCU326---326---,2003,M13,128.4
PCU326---326---,2004,M01,128.9
PCU326---326---,2004,M02,129.4
PCU326---326---,2004,M03,129.6
PCU326---326---,2004,M04,130.0
PCU326---326---,2004,M05,130.4
PCU326---326---,2004,M06,130.8
PCU326---326---,2004,M07,131.2
PCU326---326---,2004,M08,131.7
PCU326---326---,2004,M09,133.1
PCU326---326---,2004,M10,134.3
PCU326---326---,2004,M11,135.3
PCU326---326---,2004,M12,136.1
PCU326---326---,2004,M13,131.7
PCU326---326---,2005,M01,137.4
PCU326---326---,2005,M02,138.4
PCU326---326---,2005,M03,138.9
PCU326---326---,2005,M04,139.4
PCU326---326---,2005,M05,139.7
PCU326---326---,2005,M06,140.1
PCU326---326---,2005,M07,140.3
PCU326---326---,2005,M08,140.2
PCU326---326---,2005,M09,141.4
PCU326---326---,2005,M10,143.7
PCU326---326---,2005,M11,147.2
PCU326---326---,2005,M12,148.2
PCU326---326---,2005,M13,141.2
PCU326---326---,2006,M01,149.0
PCU326---326---,2006,M02,149.1
PCU326---326---,2006,M03,148.7
PCU326---326---,2006,M04,148.8
PCU326---326---,2006,M05,148.8
PCU326---326---,2006,M06,148.9
PCU326---326---,2006,M07,149.5
PCU326---326---,2006,M08,150.5
PCU326---326---,2006,M09,150.6
PCU326---326---,2006,M10,151.2
PCU326---326---,2006,M11,151.1
PCU326---326---,2006,M12,150.6
PCU326---326---,2006,M13,149.7
PCU326---326---,2007,M01,149.9
PCU326---326---,2007,M02,149.6
PCU326---326---,2007,M03,149.4
PCU326---326---,2007,M04,149.4
PCU326---326---,2007,M05,149.8
PCU326---326---,2007,M06,149.9
PCU326---326---,2007,M07,150.4
PCU326---326---,2007,M08,151.3
PCU326---326---,2007,M09,151.2
PCU326---326---,2007,M10,151.6
PCU326---326---,2007,M11,152.2
PCU326---326---,2007,M12,153.2
PCU326---326---,2007,M13,150.6
PCU326---326---,2008,M01,154.8
PCU326---326---,2008,M02,155.6
PCU326---326---,2008,M03,156.4
PCU326---326---,2008,M04,156.8
PCU326---326---,2008,M05,158.3
PCU326---326---,2008,M06,159.4
PCU326---326---,2008,M07,162.9
PCU326---326---,2008,M08,165.2
PCU326---326---,2008,M09,166.9
PCU326---326---,2008,M10,167.8
PCU326---326---,2008,M11,166.9
PCU326---326---,2008,M12,165.0
PCU326---326---,2008,M13,161.3
PCU326---326---,2009,M01,163.4
PCU326---326---,2009,M02,161.6
PCU326---326---,2009,M03,161.2
PCU326---326---,2009,M04,160.9
PCU326---326---,2009,M05,160.6
PCU326---326---,2009,M06,160.3
PCU326---326---,2009,M07,160.3
PCU326---326---,2009,M08,160.4
PCU326---326---,2009,M09,161.3
PCU326---326---,2009,M10,161.5
PCU326---326---,2009,M11,161.9
PCU326---326---,2009,M12,162.0
PCU326---326---,2009,M13,161.3
PCU326---326---,2010,M01,162.3
PCU326---326---,2010,M02,163.1
PCU326---326---,2010,M03,164.3
PCU326---326---,2010,M04,165.6
PCU326---326---,2010,M05,166.2
PCU326---326---,2010,M06,167.1
PCU326---326---,2010,M07,166.8
PCU326---326---,2010,M08,166.9
PCU326---326---,2010,M09,167.0
PCU326---326---,2010,M10,167.2
PCU326---326---,2010,M11,167.8
PCU326---326---,2010,M12,168.6
PCU326---326---,2010,M13,166.1
PCU326---326---,2011,M01,170.6
PCU326---326---,2011,M02,171.6
PCU326---326---,2011,M03,173.0
PCU326---326---,2011,M04,174.4
PCU326---326---,2011,M05,176.4
PCU326---326---,2011,M06,178.4
PCU326---326---,2011,M07,178.8
PCU326---326---,2011,M08,178.4
PCU326---326---,2011,M09,178.6
PCU326---326---,2011,M10,178.7
PCU326---326---,2011,M11,178.3
PCU326---326---,2011,M12,178.2
PCU326---326---,2011,M13,176.3
PCU326---326---,2012,M01,178.5
PCU326---326---,2012,M02,179.3
PCU326---326---,2012,M03,180.2
PCU326---326---,2012,M04,181.2
PCU326---326---,2012,M05,181.6
PCU326---326---,2012,M06,181.7
PCU326---326---,2012,M07,181.3
PCU326---326---,2012,M08,180.4
PCU326---326---,2012,M09,180.5
PCU326---326---,2012,M10,180.8
PCU326---326---,2012,M11,181.0
PCU326---326---,2012,M12,180.9
PCU326---326---,2012,M13,180.6
PCU326---326---,2013,M01,182.0
PCU326---326---,2013,M02,182.7
PCU326---326---,2013,M03,184.1
PCU326---326---,2013,M04,184.4
PCU326---326---,2013,M05,184.5
PCU326---326---,2013,M06,184.6
PCU326---326---,2013,M07,185.0
PCU326---326---,2013,M08,185.1
PCU326---326---,2013,M09,185.2
PCU326---326---,2013,M10,185.1
PCU326---326---,2013,M11,185.5
PCU326---326---,2013,M12,185.5
PCU326---326---,2013,M13,184.5
PCU326---326---,2014,M01,185.7
PCU326---326---,2014,M02,186.0
PCU326---326---,2014,M03,186.4
PCU326---326---,2014,M04,186.6
PCU326---326---,2014,M05,186.5
PCU326---326---,2014,M06,186.7
PCU326---326---,2014,M07,186.3
PCU326---326---,2014,M08,186.5
PCU326---326---,2014,M09,186.7
PCU326---326---,2014,M10,186.7
PCU326---326---,2014,M11,186.7
PCU326---326---,2014,M12,186.6
PCU326---326---,2014,M13,186.5
PCU326---326---,2015,M01,186.6
PCU326---326---,2015,M02,186.4
PCU326---326---,2015,M03,185.8
PCU326---326---,2015,M04,185.2
PCU326---326---,2015,M05,184.8
PCU326---326---,2015,M06,184.8
PCU326---326---,2015,M07,184.6
PCU326---326---,2015,M08,184.4
PCU326---326---,2015,M09,184.1
PCU326---326---,2015,M10,183.3
PCU326---326---,2015,M11,182.8
PCU326---326---,2015,M12,182.8
PCU326---326---,2015,M13,184.6
PCU326---326---,2016,M01,182.6
PCU326---326---,2016,M02,182.3
PCU326---326---,2016,M03,182.1
PCU326---326---,2016,M04,182.3
PCU326---326---,2016,M05,182.3
PCU326---326---,2016,M06,182.6
PCU326---326---,2016,M07,182.8
PCU326---326---,2016,M08,182.5
PCU326---326---,2016,M09,182.6
PCU326---326---,2016,M10,182.6
PCU326---326---,2016,M11,182.6
PCU326---326---,2016,M12,182.8
PCU326---326---,2016,M13,182.5
PCU326---326---,2017,M01,183.2
PCU326---326---,2017,M02,183.4
PCU326---326---,2017,M03,183.9
PCU326---326---,2017,M04,185.3
PCU326---326---,2017,M05,186.3
PCU326---326---,2017,M06,186.2
PCU326---326---,2017,M07,186.1
PCU326---326---,2017,M08,186.5
PCU326---326---,2017,M09,187.0
PCU326---326---,2017,M10,187.6
PCU326---326---,2017,M11,188.5
PCU326---326---,2017,M12,188.7
PCU326---326---,2017,M13,186.1
PCU326---326---,2018,M01,189.7
PCU326---326---,2018,M02,189.9
PCU326---326---,2018,M03,190.9
PCU326---326---,2018,M04,191.9
PCU326---326---,2018,M05,191.9
PCU326---326---,2018,M06,192.0
PCU326---326---,2018,M07,192.1
PCU326---326---,2018,M08,192.9
PCU326---326---,2018,M09,193.0
PCU326---326---,2018,M10,193.8
PCU326---326---,2018,M11,193.8
PCU326---326---,2018,M12,193.6
PCU326---326---,2018,M13,192.1
PCU326---326---,2019,M01,194.4
PCU326---326---,2019,M02,194.0
PCU326---326---,2019,M03,193.8
PCU326---326---,2019,M04,193.4
PCU326---326---,2019,M05,192.9
PCU326---326---,2019,M06,192.9
PCU326---326---,2019,M07,193.4
PCU326---326---,2019,M08,192.8
PCU326---326---,2019,M09,192.5
PCU326---326---,2019,M10,192.6
PCU326---326---,2019,M11,192.6
PCU326---326---,2019,M12,192.5
PCU326---326---,2019,M13,193.1
PCU326---326---,2020,M01,192.4
PCU326---326---,2020,M02,192.4
PCU326---326---,2020,M03,192.1
PCU326---326---,2020,M04,192.5
PCU326---326---,2020,M05,192.2
PCU326---326---,2020,M06,191.8
PCU326---326---,2020,M07,191.4
PCU326---326---,2020,M08,191.3
PCU326---326---,2020,M09,192.1
PCU326---326---,2020,M10,193.1
PCU326---326---,2020,M11,193.5
PCU326---326---,2020,M12,194.0
PCU326---326---,2020,M13,192.4
PCU326---326---,2021,M01,195.6
PCU326---326---,2021,M02,197.1
PCU326---326---,2021,M03,200.6
PCU326---326---,2021,M04,205.7
PCU326---326---,2021,M05,209.9
PCU326---326---,2021,M06,213.8
PCU326---326---,2021,M07,218.206
PCU326---326---,2021,M08,221.293
PCU326---326---,2021,M09,224.647
PCU326---326---,2021,M10,228.26
PCU326---326---,2021,M11,231.748
PCU326---326---,2021,M12,234.807
PCU326---326---,2021,M13,215.132
PCU326---326---,2022,M01,238.028
PCU326---326---,2022,M02,240.318
PCU326---326---,2022,M03,242.272
PCU326---326---,2022,M04,245.751
PCU326---326---,2022,M05,248.165
PCU326---326---,2022,M06,251.177
PCU326---326---,2022,M07,253.444
PCU326---326---,2022,M08,255.367
PCU326---326---,2022,M09,255.143
PCU326---326---,2022,M10,254.281
PCU326---326---,2022,M11,253.824
PCU326---326---,2022,M12,253.852
PCU326---326---,2022,M13,249.302
PCU326---326---,2023,M01,253.838
PCU326---326---,2023,M02,252.994
PCU326---326---,2023,M03,252.773
PCU326---326---,2023,M04,252.893
PCU326---326---,2023,M05,251.971
PCU326---326---,2023,M06,251.356
PCU326---326---,2023,M07,250.755
PCU326---326---,2023,M08,250.301
PCU326---326---,2023,M09,250.046
PCU326---326---,2023,M10,250.037
PCU326---326---,2023,M11,250.109
PCU326---326---,2023,M12,250.012
PCU326---326---,2023,M13,251.424
PCU326---326---,2024,M01,250.336
PCU326---326---,2024,M02,250.425
PCU326---326---,2024,M03,251.086
PCU326---326---,2024,M04,252.057
PCU326---326---,2024,M05,251.758
PCU326---326---,2024,M06,251.86
PCU326---326---,2024,M07,251.749
PCU326---326---,2024,M08,252.483
PCU326---326---,2024,M09,252.661
PCU326---326---,2024,M10,252.52
PCU326---326---,2024,M11,252.14
PCU326---326---,2024,M12,252.048
PCU326---326---,2024,M13,251.76
PCU326---326---,2025,M01,252.92
PCU326---326---,2025,M02,252.508
PCU326---326---,2025,M03,252.856
PCU326---326---,2025,M04,253.483
PCU326---326---,2025,M05,253.814
PCU326---326---,2025,M06,253.817
PCU326---326---,2025,M07,254.164
PCU326---326---,2025,M08,255.168
PCU326---326---,2025,M09,255.149
PCU326---326---,2025,M10,255.495
PCU326---326---,2025,M11,255.773
PCU326---326---,2025,M12,255.88
PCU326---326---,2025,M13,254.252
PCU326---326---,2026,M01,257.142
PCU326---326---,2026,M02,257.031
PCU326---326---,2026,M03,258.069
PCU326---326---,2026,M04,261.11
PCU326---326---,2026,M05,266.314
PCU326---326---,2026,M06,270.145
PCU326---326---,2026,M07,271.425
PCU326---326---,2026,M08,270.385
PCU327---327---,1998,M01,127.6
PCU327---327---,1998,M02,127.8
PCU327---327---,1998,M03,127.9
PCU327---327---,1998,M04,128.7
PCU327---327---,1998,M05,129.0
PCU327---327---,1998,M06,129.4
PCU327---327---,1998,M07,129.9
PCU327---327---,1998,M08,130.1
PCU327---327---,1998,M09,130.2
PCU327---327---,1998,M10,130.4
PCU327---327---,1998,M11,130.3
PCU327---327---,1998,M12,130.2
PCU327---327---,1998,M13,129.3
PCU327---327---,1999,M01,130.7
PCU327---327---,1999,M02,131.5
PCU327---327---,1999,M03,131.7
PCU327---327---,1999,M04,132.1
PCU327---327---,1999,M05,132.5
PCU327---327---,1999,M06,132.7
PCU327---327---,1999,M07,132.7
PCU327---327---,1999,M08,133.1
PCU327---327---,1999,M09,133.2
PCU327---327---,1999,M10,133.6
PCU327---327---,1999,M11,133.7
PCU327---327---,1999,M12,133.5
PCU327---327---,1999,M13,132.6
PCU327---327---,2000,M01,134.4
PCU327---327---,2000,M02,134.6
PCU327---327---,2000,M03,134.7
PCU327---327---,2000,M04,135.0
PCU327---327---,2000,M05,135.1
PCU327---327---,2000,M06,135.1
PCU327---327---,2000,M07,134.8
PCU327---327---,2000,M08,134.5
PCU327---327---,2000,M09,134.8
PCU327---327---,2000,M10,134.5
PCU327---327---,2000,M11,134.3
PCU327---327---,2000,M12,134.0
PCU327---327---,2000,M13,134.7
PCU327---327---,2001,M01,134.8
PCU327---327---,2001,M02,135.6
PCU327---327---,2001,M03,135.6
PCU327---327---,2001,M04,135.9
PCU327---327---,2001,M05,136.0
PCU327---327---,2001,M06,135.7
PCU327---327---,2001,M07,136.0
PCU327---327---,2001,M08,136.0
PCU327---327---,2001,M09,136.4
PCU327---327---,2001,M10,136.6
PCU327---327---,2001,M11,136.9
PCU327---327---,2001,M12,136.7
PCU327---327---,2001,M13,136.0
PCU327---327---,2002,M01,136.9
PCU327---327---,2002,M02,136.4
PCU327---327---,2002,M03,136.3
PCU327---327---,2002,M04,136.6
PCU327---327---,2002,M05,137.1
PCU327---327---,2002,M06,137.2
PCU327---327---,2002,M07,137.0
PCU327---327---,2002,M08,137.4
PCU327---327---,2002,M09,137.6
PCU327---327---,2002,M10,137.4
PCU327---327---,2002,M11,137.3
PCU327---327---,2002,M12,137.3
PCU327---327---,2002,M13,137.1
PCU327---327---,2003,M01,137.6
PCU327---327---,2003,M02,137.8
PCU327---327---,2003,M03,137.7
PCU327---327---,2003,M04,138.1
PCU327---327---,2003,M05,138.0
PCU327---327---,2003,M06,137.7
PCU327---327---,2003,M07,137.8
PCU327---327---,2003,M08,138.0
PCU327---327---,2003,M09,138.2
PCU327---327---,2003,M10,138.2
PCU327---327---,2003,M11,138.7
PCU327---327---,2003,M12,138.6
PCU327---327---,2003,M13,138.0
PCU327---327---,2004,M01,139.2
PCU327---327---,2004,M02,140.3
PCU327---327---,2004,M03,140.2
PCU327---327---,2004,M04,140.9
PCU327---327---,2004,M05,141.6
PCU327---327---,2004,M06,142.2
PCU327---327---,2004,M07,143.0
PCU327---327---,2004,M08,144.0
PCU327---327---,2004,M09,144.9
PCU327---327---,2004,M10,145.3
PCU327---327---,2004,M11,145.5
PCU327---327---,2004,M12,145.8
PCU327---327---,2004,M13,142.7
PCU327---327---,2005,M01,148.1
PCU327---327---,2005,M02,149.0
PCU327---327---,2005,M03,149.7
PCU327---327---,2005,M04,150.2
PCU327---327---,2005,M05,150.6
PCU327---327---,2005,M06,151.2
PCU327---327---,2005,M07,152.4
PCU327---327---,2005,M08,153.0
PCU327---327---,2005,M09,153.7
PCU327---327---,2005,M10,154.3
PCU327---327---,2005,M11,155.7
PCU327---327---,2005,M12,156.3
PCU327---327---,2005,M13,152.0
PCU327---327---,2006,M01,159.9
PCU327---327---,2006,M02,161.2
PCU327---327---,2006,M03,161.8
PCU327---327---,2006,M04,162.5
PCU327---327---,2006,M05,163.3
PCU327---327---,2006,M06,163.7
PCU327---327---,2006,M07,164.8
PCU327---327---,2006,M08,164.9
PCU327---327---,2006,M09,165.0
PCU327---327---,2006,M10,164.5
PCU327---327---,2006,M11,164.6
PCU327---327---,2006,M12,164.7
PCU327---327---,2006,M13,163.4
PCU327---327---,2007,M01,166.3
PCU327---327---,2007,M02,166.5
PCU327---327---,2007,M03,167.0
PCU327---327---,2007,M04,167.1
PCU327---327---,2007,M05,167.1
PCU327---327---,2007,M06,167.1
PCU327---327---,2007,M07,166.7
PCU327---327---,2007,M08,166.5
PCU327---327---,2007,M09,166.6
PCU327---327---,2007,M10,166.4
PCU327---327---,2007,M11,166.7
PCU327---327---,2007,M12,166.9
PCU327---327---,2007,M13,166.8
PCU327---327---,2008,M01,168.1
PCU327---327---,2008,M02,168.2
PCU327---327---,2008,M03,168.6
PCU327---327---,2008,M04,169.1
PCU327---327---,2008,M05,169.6
PCU327---327---,2008,M06,170.0
PCU327---327---,2008,M07,171.0
PCU327---327---,2008,M08,171.9
PCU327---327---,2008,M09,172.5
PCU327---327---,2008,M10,173.3
PCU327---327---,2008,M11,173.9
PCU327---327---,2008,M12,174.2
PCU327---327---,2008,M13,170.9
PCU327---327---,2009,M01,176.1
PCU327---327---,2009,M02,176.0
PCU327---327---,2009,M03,175.3
PCU327---327---,2009,M04,175.1
PCU327---327---,2009,M05,174.5
PCU327---327---,2009,M06,174.2
PCU327---327---,2009,M07,173.9
PCU327---327---,2009,M08,173.4
PCU327---327---,2009,M09,173.1
PCU327---327---,2009,M10,172.3
PCU327---327---,2009,M11,172.1
PCU327---327---,2009,M12,172.1
PCU327---327---,2009,M13,174.0
PCU327---327---,2010,M01,172.3
PCU327---327---,2010,M02,172.6
PCU327---327---,2010,M03,172.7
PCU327---327---,2010,M04,172.2
PCU327---327---,2010,M05,172.4
PCU327---327---,2010,M06,172.6
PCU327---327---,2010,M07,172.3
PCU327---327---,2010,M08,172.5
PCU327---327---,2010,M09,172.5
PCU327---327---,2010,M10,172.5
PCU327---327---,2010,M11,172.6
PCU327---327---,2010,M12,172.7
PCU327---327---,2010,M13,172.5
PCU327---327---,2011,M01,173.0
PCU327---327---,2011,M02,173.7
PCU327---327---,2011,M03,174.3
PCU327---327---,2011,M04,174.3
PCU327---327---,2011,M05,174.4
PCU327---327---,2011,M06,174.9
PCU327---327---,2011,M07,175.5
PCU327---327---,2011,M08,175.5
PCU327---327---,2011,M09,175.3
PCU327---327---,2011,M10,175.2
PCU327---327---,2011,M11,175.7
PCU327---327---,2011,M12,176.8
PCU327---327---,2011,M13,174.9
PCU327---327---,2012,M01,178.2
PCU327---327---,2012,M02,179.2
PCU327---327---,2012,M03,179.6
PCU327---327---,2012,M04,179.6
PCU327---327---,2012,M05,179.9
PCU327---327---,2012,M06,180.0
PCU327---327---,2012,M07,180.6
PCU327---327---,2012,M08,180.9
PCU327---327---,2012,M09,180.8
PCU327---327---,2012,M10,180.9
PCU327---327---,2012,M11,181.2
PCU327---327---,2012,M12,181.6
PCU327---327---,2012,M13,180.2
PCU327---327---,2013,M01,183.4
PCU327---327---,2013,M02,184.1
PCU327---327---,2013,M03,184.6
PCU327---327---,2013,M04,185.2
PCU327---327---,2013,M05,185.6
PCU327---327---,2013,M06,185.8
PCU327---327---,2013,M07,186.2
PCU327---327---,2013,M08,186.5
PCU327---327---,2013,M09,186.8
PCU327---327---,2013,M10,186.6
PCU327---327---,2013,M11,186.8
PCU327---327---,2013,M12,187.0
PCU327---327---,2013,M13,185.7
PCU327---327---,2014,M01,188.0
PCU327---327---,2014,M02,189.3
PCU327---327---,2014,M03,189.8
PCU327---327---,2014,M04,190.1
PCU327---327---,2014,M05,190.2
PCU327---327---,2014,M06,190.9
PCU327---327---,2014,M07,191.4
PCU327---327---,2014,M08,192.1
PCU327---327---,2014,M09,192.7
PCU327---327---,2014,M10,192.5
PCU327---327---,2014,M11,192.9
PCU327---327---,2014,M12,193.2
PCU327---327---,2014,M13,191.1
PCU327---327---,2015,M01,195.1
PCU327---327---,2015,M02,195.6
PCU327---327---,2015,M03,195.6
PCU327---327---,2015,M04,196.6
PCU327---327---,2015,M05,196.8
PCU327---327---,2015,M06,197.1
PCU327---327---,2015,M07,197.2
PCU327---327---,2015,M08,197.3
PCU327---327---,2015,M09,197.4
PCU327---327---,2015,M10,197.8
PCU327---327---,2015,M11,197.9
PCU327---327---,2015,M12,198.0
PCU327---327---,2015,M13,196.9
PCU327---327---,2016,M01,199.7
PCU327---327---,2016,M02,200.3
PCU327---327---,2016,M03,200.9
PCU327---327---,2016,M04,201.9
PCU327---327---,2016,M05,202.1
PCU327---327---,2016,M06,202.2
PCU327---327---,2016,M07,202.3
PCU327---327---,2016,M08,202.6
PCU327---327---,2016,M09,202.6
PCU327---327---,2016,M10,202.7
PCU327---327---,2016,M11,203.0
PCU327---327---,2016,M12,203.4
PCU327---327---,2016,M13,202.0
PCU327---327---,2017,M01,204.6
PCU327---327---,2017,M02,205.5
PCU327---327---,2017,M03,205.8
PCU327---327---,2017,M04,207.1
PCU327---327---,2017,M05,206.6
PCU327---327---,2017,M06,207.1
PCU327---327---,2017,M07,207.1
PCU327---327---,2017,M08,207.1
PCU327---327---,2017,M09,207.2
PCU327---327---,2017,M10,207.3
PCU327---327---,2017,M11,207.8
PCU327---327---,2017,M12,208.1
PCU327---327---,2017,M13,206.8
PCU327---327---,2018,M01,210.7
PCU327---327---,2018,M02,211.8
PCU327---327---,2018,M03,213.9
PCU327---327---,2018,M04,214.2
PCU327---327---,2018,M05,214.1
PCU327---327---,2018,M06,213.8
PCU327---327---,2018,M07,214.2
PCU327---327---,2018,M08,214.6
PCU327---327---,2018,M09,215.1
PCU327---327---,2018,M10,214.8
PCU327---327---,2018,M11,214.7
PCU327---327---,2018,M12,215.1
PCU327---327---,2018,M13,213.9
PCU327---327---,2019,M01,216.1
PCU327---327---,2019,M02,216.6
PCU327---327---,2019,M03,216.4
PCU327---327---,2019,M04,217.9
PCU327---327---,2019,M05,218.1
PCU327---327---,2019,M06,218.8
PCU327---327---,2019,M07,218.8
PCU327---327---,2019,M08,219.2
PCU327---327---,2019,M09,219.2
PCU327---327---,2019,M10,219.2
PCU327---327---,2019,M11,219.0
PCU327---327---,2019,M12,218.9
PCU327---327---,2019,M13,218.2
PCU327---327---,2020,M01,220.8
PCU327---327---,2020,M02,221.5
PCU327---327---,2020,M03,222.2
PCU327---327---,2020,M04,222.5
PCU327---327---,2020,M05,222.7
PCU327---327---,2020,M06,222.4
PCU327---327---,2020,M07,222.5
PCU327---327---,2020,M08,222.2
PCU327---327---,2020,M09,222.7
PCU327---327---,2020,M10,222.6
PCU327---327---,2020,M11,222.6
PCU327---327---,2020,M12,223.7
PCU327---327---,2020,M13,222.4
PCU327---327---,2021,M01,225.9
PCU327---327---,2021,M02,226.9
PCU327---327---,2021,M03,228.9
PCU327---327---,2021,M04,231.1
PCU327---327---,2021,M05,232.6
PCU327---327---,2021,M06,234.2
PCU327---327---,2021,M07,236.232
PCU327---327---,2021,M08,239.169
PCU327---327---,2021,M09,240.541
PCU327---327---,2021,M10,241.801
PCU327---327---,2021,M11,243.153
PCU327---327---,2021,M12,244.672
PCU327---327---,2021,M13,235.423
PCU327---327---,2022,M01,251.048
PCU327---327---,2022,M02,253.247
PCU327---327---,2022,M03,254.654
PCU327---327---,2022,M04,256.163
PCU327---327---,2022,M05,258.577
PCU327---327---,2022,M06,261.238
PCU327---327---,2022,M07,266.925
PCU327---327---,2022,M08,269.541
PCU327---327---,2022,M09,270.782
PCU327---327---,2022,M10,271.95
PCU327---327---,2022,M11,273.821
PCU327---327---,2022,M12,274.923
PCU327---327---,2022,M13,263.572
PCU327---327---,2023,M01,280.757
PCU327---327---,2023,M02,283.366
PCU327---327---,2023,M03,284.721
PCU327---327---,2023,M04,285.431
PCU327---327---,2023,M05,286.565
PCU327---327---,2023,M06,286.709
PCU327---327---,2023,M07,287.043
PCU327---327---,2023,M08,287.655
PCU327---327---,2023,M09,289.061
PCU327---327---,2023,M10,289.188
PCU327---327---,2023,M11,289.813
PCU327---327---,2023,M12,289.371
PCU327---327---,2023,M13,286.64
PCU327---327---,2024,M01,294.282
PCU327---327---,2024,M02,296.39
PCU327---327---,2024,M03,298.158
PCU327---327---,2024,M04,297.399
PCU327---327---,2024,M05,298.235
PCU327---327---,2024,M06,297.892
PCU327---327---,2024,M07,298.715
PCU327---327---,2024,M08,299.493
PCU327---327---,2024,M09,299.444
PCU327---327---,2024,M10,299.721
PCU327---327---,2024,M11,300.793
PCU327---327---,2024,M12,300.652
PCU327---327---,2024,M13,298.431
PCU327---327---,2025,M01,303.393
PCU327---327---,2025,M02,304.237
PCU327---327---,2025,M03,304.719
PCU327---327---,2025,M04,304.108
PCU327---327---,2025,M05,305.183
PCU327---327---,2025,M06,305.215
PCU327---327---,2025,M07,305.882
PCU327---327---,2025,M08,306.552
PCU327---327---,2025,M09,306.736
PCU327---327---,2025,M10,306.754
PCU327---327---,2025,M11,306.889
PCU327---327---,2025,M12,307.733
PCU327---327---,2025,M13,305.617
PCU327---327---,2026,M01,311.083
PCU327---327---,2026,M02,311.67
PCU327---327---,2026,M03,312.698
PCU327---327---,2026,M04,314.162
PCU327---327---,2026,M05,314.957
PCU327---327---,2026,M06,315.736
PCU327---327---,2026,M07,316.827
PCU327---327---,2026,M08,317.639
PCU331---331---,1998,M01,123.3
PCU331---331---,1998,M02,123.0
PCU331---331---,1998,M03,122.7
PCU331---331---,1998,M04,122.6
PCU331---331---,1998,M05,122.1
PCU331---331---,1998,M06,121.6
PCU331---331---,1998,M07,120.9
PCU331---331---,1998,M08,120.6
PCU331---331---,1998,M09,120.1
PCU331---331---,1998,M10,119.1
PCU331---331---,1998,M11,118.0
PCU331---331---,1998,M12,116.9
PCU331---331---,1998,M13,120.9
PCU331---331---,1999,M01,115.9
PCU331---331---,1999,M02,115.1
PCU331---331---,1999,M03,114.8
PCU331---331---,1999,M04,114.7
PCU331---331---,1999,M05,114.9
PCU331---331---,1999,M06,115.0
PCU331---331---,1999,M07,115.4
PCU331---331---,1999,M08,115.7
PCU331---331---,1999,M09,116.4
PCU331---331---,1999,M10,117.1
PCU331---331---,1999,M11,117.1
PCU331---331---,1999,M12,117.4
PCU331---331---,1999,M13,115.8
PCU331---331---,2000,M01,118.6
PCU331---331---,2000,M02,119.5
PCU331---331---,2000,M03,120.0
PCU331---331---,2000,M04,120.3
PCU331---331---,2000,M05,120.5
PCU331---331---,2000,M06,120.2
PCU331---331---,2000,M07,120.3
PCU331---331---,2000,M08,120.4
PCU331---331---,2000,M09,120.5
PCU331---331---,2000,M10,120.2
PCU331---331---,2000,M11,119.0
PCU331---331---,2000,M12,118.6
PCU331---331---,2000,M13,119.8
PCU331---331---,2001,M01,118.1
PCU331---331---,2001,M02,117.7
PCU331---331---,2001,M03,117.5
PCU331---331---,2001,M04,116.8
PCU331---331---,2001,M05,116.7
PCU331---331---,2001,M06,116.4
PCU331---331---,2001,M07,116.1
PCU331---331---,2001,M08,115.6
PCU331---331---,2001,M09,115.3
PCU331---331---,2001,M10,114.6
PCU331---331---,2001,M11,114.2
PCU331---331---,2001,M12,114.0
PCU331---331---,2001,M13,116.1
PCU331---331---,2002,M01,113.7
PCU331---331---,2002,M02,113.7
PCU331---331---,2002,M03,114.4
PCU331---331---,2002,M04,114.7
PCU331---331---,2002,M05,115.4
PCU331---331---,2002,M06,116.3
PCU331---331---,2002,M07,116.9
PCU331---331---,2002,M08,117.1
PCU331---331---,2002,M09,117.9
PCU331---331---,2002,M10,118.0
PCU331---331---,2002,M11,118.3
PCU331---331---,2002,M12,118.1
PCU331---331---,2002,M13,116.2
PCU331---331---,2003,M01,117.9
PCU331---331---,2003,M02,118.0
PCU331---331---,2003,M03,118.0
PCU331---331---,2003,M04,117.8
PCU331---331---,2003,M05,117.8
PCU331---331---,2003,M06,117.8
PCU331---331---,2003,M07,117.7
PCU331---331---,2003,M08,117.8
PCU331---331---,2003,M09,118.1
PCU331---331---,2003,M10,119.0
PCU331---331---,2003,M11,120.0
PCU331---331---,2003,M12,121.4
PCU331---331---,2003,M13,118.4
PCU331---331---,2004,M01,124.0
PCU331---331---,2004,M02,128.5
PCU331---331---,2004,M03,132.3
PCU331---331---,2004,M04,138.4
PCU331---331---,2004,M05,142.2
PCU331---331---,2004,M06,142.3
PCU331---331---,2004,M07,144.7
PCU331---331---,2004,M08,148.3
PCU331---331---,2004,M09,150.8
PCU331---331---,2004,M10,152.9
PCU331---331---,2004,M11,154.2
PCU331---331---,2004,M12,155.5
PCU331---331---,2004,M13,142.8
PCU331---331---,2005,M01,158.6
PCU331---331---,2005,M02,159.5
PCU331---331---,2005,M03,158.5
PCU331---331---,2005,M04,157.9
PCU331---331---,2005,M05,156.1
PCU331---331---,2005,M06,153.6
PCU331---331---,2005,M07,152.5
PCU331---331---,2005,M08,150.5
PCU331---331---,2005,M09,152.4
PCU331---331---,2005,M10,155.8
PCU331---331---,2005,M11,159.2
PCU331---331---,2005,M12,160.7
PCU331---331---,2005,M13,156.3
PCU331---331---,2006,M01,163.9
PCU331---331---,2006,M02,165.6
PCU331---331---,2006,M03,166.4
PCU331---331---,2006,M04,171.4
PCU331---331---,2006,M05,178.4
PCU331---331---,2006,M06,182.3
PCU331---331---,2006,M07,186.7
PCU331---331---,2006,M08,186.9
PCU331---331---,2006,M09,188.1
PCU331---331---,2006,M10,189.1
PCU331---331---,2006,M11,186.3
PCU331---331---,2006,M12,186.5
PCU331---331---,2006,M13,179.3
PCU331---331---,2007,M01,183.6
PCU331---331---,2007,M02,184.6
PCU331---331---,2007,M03,187.2
PCU331---331---,2007,M04,194.1
PCU331---331---,2007,M05,197.1
PCU331---331---,2007,M06,196.4
PCU331---331---,2007,M07,196.4
PCU331---331---,2007,M08,192.1
PCU331---331---,2007,M09,188.8
PCU331---331---,2007,M10,188.6
PCU331---331---,2007,M11,188.9
PCU331---331---,2007,M12,188.6
PCU331---331---,2007,M13,190.5
PCU331---331---,2008,M01,190.4
PCU331---331---,2008,M02,194.2
PCU331---331---,2008,M03,202.4
PCU331---331---,2008,M04,211.5
PCU331---331---,2008,M05,221.1
PCU331---331---,2008,M06,227.8
PCU331---331---,2008,M07,232.7
PCU331---331---,2008,M08,233.5
PCU331---331---,2008,M09,228.9
PCU331---331---,2008,M10,214.9
PCU331---331---,2008,M11,199.9
PCU331---331---,2008,M12,185.6
PCU331---331---,2008,M13,211.9
PCU331---331---,2009,M01,177.6
PCU331---331---,2009,M02,173.3
PCU331---331---,2009,M03,169.5
PCU331---331---,2009,M04,164.7
PCU331---331---,2009,M05,162.8
PCU331---331---,2009,M06,163.8
PCU331---331---,2009,M07,165.4
PCU331---331---,2009,M08,172.5
PCU331---331---,2009,M09,177.8
PCU331---331---,2009,M10,180.7
PCU331---331---,2009,M11,179.9
PCU331---331---,2009,M12,182.2
PCU331---331---,2009,M13,172.5
PCU331---331---,2010,M01,186.5
PCU331---331---,2010,M02,188.1
PCU331---331---,2010,M03,191.8
PCU331---331---,2010,M04,198.7
PCU331---331---,2010,M05,200.5
PCU331---331---,2010,M06,198.8
PCU331---331---,2010,M07,194.3
PCU331---331---,2010,M08,193.6
PCU331---331---,2010,M09,195.8
PCU331---331---,2010,M10,199.6
PCU331---331---,2010,M11,202.0
PCU331---331---,2010,M12,203.4
PCU331---331---,2010,M13,196.1
PCU331---331---,2011,M01,208.0
PCU331---331---,2011,M02,215.7
PCU331---331---,2011,M03,218.1
PCU331---331---,2011,M04,223.0
PCU331---331---,2011,M05,221.8
PCU331---331---,2011,M06,220.2
PCU331---331---,2011,M07,221.6
PCU331---331---,2011,M08,220.6
PCU331---331---,2011,M09,219.1
PCU331---331---,2011,M10,214.2
PCU331---331---,2011,M11,213.1
PCU331---331---,2011,M12,211.5
PCU331---331---,2011,M13,217.2
PCU331---331---,2012,M01,211.6
PCU331---331---,2012,M02,215.0
PCU331---331---,2012,M03,214.6
PCU331---331---,2012,M04,213.2
PCU331---331---,2012,M05,211.1
PCU331---331---,2012,M06,207.1
PCU331---331---,2012,M07,204.8
PCU331---331---,2012,M08,201.6
PCU331---331---,2012,M09,204.8
PCU331---331---,2012,M10,203.6
PCU331---331---,2012,M11,201.6
PCU331---331---,2012,M12,202.9
PCU331---331---,2012,M13,207.6
PCU331---331---,2013,M01,202.9
PCU331---331---,2013,M02,202.3
PCU331---331---,2013,M03,200.9
PCU331---331---,2013,M04,199.8
PCU331---331---,2013,M05,197.3
PCU331---331---,2013,M06,196.9
PCU331---331---,2013,M07,196.2
PCU331---331---,2013,M08,197.1
PCU331---331---,2013,M09,196.8
PCU331---331---,2013,M10,197.5
PCU331---331---,2013,M11,198.2
PCU331---331---,2013,M12,198.6
PCU331---331---,2013,M13,198.7
PCU331---331---,2014,M01,199.3
PCU331---331---,2014,M02,199.9
PCU331---331---,2014,M03,198.9
PCU331---331---,2014,M04,199.3
PCU331---331---,2014,M05,200.5
PCU331---331---,2014,M06,200.8
PCU331---331---,2014,M07,202.4
PCU331---331---,2014,M08,203.4
PCU331---331---,2014,M09,203.5
PCU331---331---,2014,M10,202.3
PCU331---331---,2014,M11,201.2
PCU331---331---,2014,M12,200.4
PCU331---331---,2014,M13,201.0
PCU331---331---,2015,M01,197.7
PCU331---331---,2015,M02,194.0
PCU331---331---,2015,M03,191.5
PCU331---331---,2015,M04,188.2
PCU331---331---,2015,M05,187.1
PCU331---331---,2015,M06,185.5
PCU331---331---,2015,M07,183.3
PCU331---331---,2015,M08,181.2
PCU331---331---,2015,M09,179.3
PCU331---331---,2015,M10,177.3
PCU331---331---,2015,M11,173.3
PCU331---331---,2015,M12,170.1
PCU331---331---,2015,M13,184.0
PCU331---331---,2016,M01,168.6
PCU331---331---,2016,M02,168.6
PCU331---331---,2016,M03,169.6
PCU331---331---,2016,M04,171.1
PCU331---331---,2016,M05,174.3
PCU331---331---,2016,M06,175.7
PCU331---331---,2016,M07,178.1
PCU331---331---,2016,M08,179.9
PCU331---331---,2016,M09,178.4
PCU331---331---,2016,M10,177.9
PCU331---331---,2016,M11,179.2
PCU331---331---,2016,M12,181.4
PCU331---331---,2016,M13,175.2
PCU331---331---,2017,M01,183.4
PCU331---331---,2017,M02,187.5
PCU331---331---,2017,M03,189.1
PCU331---331---,2017,M04,190.4
PCU331---331---,2017,M05,191.4
PCU331---331---,2017,M06,191.7
PCU331---331---,2017,M07,193.6
PCU331---331---,2017,M08,192.0
PCU331---331---,2017,M09,194.9
PCU331---331---,2017,M10,194.7
PCU331---331---,2017,M11,194.1
PCU331---331---,2017,M12,194.3
PCU331---331---,2017,M13,191.4
PCU331---331---,2018,M01,196.8
PCU331---331---,2018,M02,200.2
PCU331---331---,2018,M03,203.0
PCU331---331---,2018,M04,207.0
PCU331---331---,2018,M05,212.2
PCU331---331---,2018,M06,215.6
PCU331---331---,2018,M07,215.9
PCU331---331---,2018,M08,217.1
PCU331---331---,2018,M09,217.7
PCU331---331---,2018,M10,217.1
PCU331---331---,2018,M11,218.0
PCU331---331---,2018,M12,217.3
PCU331---331---,2018,M13,211.5
PCU331---331---,2019,M01,216.4
PCU331---331---,2019,M02,214.0
PCU331---331---,2019,M03,214.5
PCU331---331---,2019,M04,212.8
PCU331---331---,2019,M05,210.5
PCU331---331---,2019,M06,207.2
PCU331---331---,2019,M07,204.6
PCU331---331---,2019,M08,202.8
PCU331---331---,2019,M09,202.1
PCU331---331---,2019,M10,200.9
PCU331---331---,2019,M11,198.1
PCU331---331---,2019,M12,196.3
PCU331---331---,2019,M13,206.7
PCU331---331---,2020,M01,196.5
PCU331---331---,2020,M02,195.5
PCU331---331---,2020,M03,195.9
PCU331---331---,2020,M04,193.8
PCU331---331---,2020,M05,190.7
PCU331---331---,2020,M06,190.9
PCU331---331---,2020,M07,191.8
PCU331---331---,2020,M08,192.0
PCU331---331---,2020,M09,193.6
PCU331---331---,2020,M10,196.0
PCU331---331---,2020,M11,197.6
PCU331---331---,2020,M12,206.6
PCU331---331---,2020,M13,195.1
PCU331---331---,2021,M01,214.1
PCU331---331---,2021,M02,225.8
PCU331---331---,2021,M03,244.3
PCU331---331---,2021,M04,267.1
PCU331---331---,2021,M05,277.7
PCU331---331---,2021,M06,290.7
PCU331---331---,2021,M07,307.098
PCU331---331---,2021,M08,318.7
PCU331---331---,2021,M09,329.657
PCU331---331---,2021,M10,339.436
PCU331---331---,2021,M11,346.334
PCU331---331---,2021,M12,344.979
PCU331---331---,2021,M13,292.158
PCU331---331---,2022,M01,349.77
PCU331---331---,2022,M02,337.423
PCU331---331---,2022,M03,328.551
PCU331---331---,2022,M04,339.103
PCU331---331---,2022,M05,354.348
PCU331---331---,2022,M06,348.533
PCU331---331---,2022,M07,336.596
PCU331---331---,2022,M08,324.107
PCU331---331---,2022,M09,310.247
PCU331---331---,2022,M10,298.721
PCU331---331---,2022,M11,295.558
PCU331---331---,2022,M12,290.916
PCU331---331---,2022,M13,326.156
PCU331---331---,2023,M01,289.356
PCU331---331---,2023,M02,294.839
PCU331---331---,2023,M03,296.169
PCU331---331---,2023,M04,298.934
PCU331---331---,2023,M05,307.591
PCU331---331---,2023,M06,306.039
PCU331---331---,2023,M07,296.302
PCU331---331---,2023,M08,292.592
PCU331---331---,2023,M09,286.46
PCU331---331---,2023,M10,280.965
PCU331---331---,2023,M11,277.285
PCU331---331---,2023,M12,279.306
PCU331---331---,2023,M13,292.153
PCU331---331---,2024,M01,288.188
PCU331---331---,2024,M02,294.769
PCU331---331---,2024,M03,282.528
PCU331---331---,2024,M04,280.7
PCU331---331---,2024,M05,285.753
PCU331---331---,2024,M06,284.152
PCU331---331---,2024,M07,279.263
PCU331---331---,2024,M08,273.867
PCU331---331---,2024,M09,271.491
PCU331---331---,2024,M10,272.925
PCU331---331---,2024,M11,275.962
PCU331---331---,2024,M12,270.097
PCU331---331---,2024,M13,279.974
PCU331---331---,2025,M01,268.385
PCU331---331---,2025,M02,273.855
PCU331---331---,2025,M03,285.028
PCU331---331---,2025,M04,294.947
PCU331---331---,2025,M05,306.184
PCU331---331---,2025,M06,297.765
PCU331---331---,2025,M07,300.533
PCU331---331---,2025,M08,304.688
PCU331---331---,2025,M09,303.68
PCU331---331---,2025,M10,305.46
PCU331---331---,2025,M11,303.034
PCU331---331---,2025,M12,318.25
PCU331---331---,2025,M13,296.817
PCU331---331---,2026,M01,325.44
PCU331---331---,2026,M02,333.707
PCU331---331---,2026,M03,338.825
PCU331---331---,2026,M04,347.225
PCU331---331---,2026,M05,357.038
PCU331---331---,2026,M06,363.643
PCU331---331---,2026,M07,368.793
PCU331---331---,2026,M08,371.279
PCU332---332---,1998,M01,128.3
PCU332---332---,1998,M02,128.4
PCU332---332---,1998,M03,128.5
PCU332---332---,1998,M04,128.6
PCU332---332---,1998,M05,128.8
PCU332---332---,1998,M06,128.9
PCU332---332---,1998,M07,128.8
PCU332---332---,1998,M08,128.8
PCU332---332---,1998,M09,128.9
PCU332---332---,1998,M10,128.7
PCU332---332---,1998,M11,128.8
PCU332---332---,1998,M12,128.7
PCU332---332---,1998,M13,128.7
PCU332---332---,1999,M01,128.8
PCU332---332---,1999,M02,128.8
PCU332---332---,1999,M03,128.7
PCU332---332---,1999,M04,128.9
PCU332---332---,1999,M05,128.9
PCU332---332---,1999,M06,129.1
PCU332---332---,1999,M07,129.1
PCU332---332---,1999,M08,129.1
PCU332---332---,1999,M09,129.2
PCU332---332---,1999,M10,129.4
PCU332---332---,1999,M11,129.6
PCU332---332---,1999,M12,129.7
PCU332---332---,1999,M13,129.1
PCU332---332---,2000,M01,129.9
PCU332---332---,2000,M02,130.0
PCU332---332---,2000,M03,130.3
PCU332---332---,2000,M04,130.4
PCU332---332---,2000,M05,130.2
PCU332---332---,2000,M06,130.3
PCU332---332---,2000,M07,130.3
PCU332---332---,2000,M08,130.4
PCU332---332---,2000,M09,130.5
PCU332---332---,2000,M10,130.6
PCU332---332---,2000,M11,130.5
PCU332---332---,2000,M12,130.5
PCU332---332---,2000,M13,130.3
PCU332---332---,2001,M01,130.7
PCU332---332---,2001,M02,130.7
PCU332---332---,2001,M03,130.8
PCU332---332---,2001,M04,131.0
PCU332---332---,2001,M05,131.2
PCU332---332---,2001,M06,131.1
PCU332---332---,2001,M07,131.1
PCU332---332---,2001,M08,131.1
PCU332---332---,2001,M09,131.1
PCU332---332---,2001,M10,131.0
PCU332---332---,2001,M11,131.1
PCU332---332---,2001,M12,131.2
PCU332---332---,2001,M13,131.0
PCU332---332---,2002,M01,131.2
PCU332---332---,2002,M02,131.2
PCU332---332---,2002,M03,131.2
PCU332---332---,2002,M04,131.3
PCU332---332---,2002,M05,131.4
PCU332---332---,2002,M06,131.6
PCU332---332---,2002,M07,131.9
PCU332---332---,2002,M08,132.0
PCU332---332---,2002,M09,132.1
PCU332---332---,2002,M10,132.0
PCU332---332---,2002,M11,132.2
PCU332---332---,2002,M12,132.2
PCU332---332---,2002,M13,131.7
PCU332---332---,2003,M01,132.4
PCU332---332---,2003,M02,132.5
PCU332---332---,2003,M03,132.7
PCU332---332---,2003,M04,132.7
PCU332---332---,2003,M05,132.7
PCU332---332---,2003,M06,132.7
PCU332---332---,2003,M07,132.9
PCU332---332---,2003,M08,132.9
PCU332---332---,2003,M09,133.1
PCU332---332---,2003,M10,133.1
PCU332---332---,2003,M11,133.3
PCU332---332---,2003,M12,133.7
PCU332---332---,2003,M13,132.9
PCU332---332---,2004,M01,134.6
PCU332---332---,2004,M02,135.7
PCU332---332---,2004,M03,137.5
PCU332---332---,2004,M04,139.4
PCU332---332---,2004,M05,140.8
PCU332---332---,2004,M06,141.9
PCU332---332---,2004,M07,142.5
PCU332---332---,2004,M08,143.4
PCU332---332---,2004,M09,144.2
PCU332---332---,2004,M10,144.9
PCU332---332---,2004,M11,145.4
PCU332---332---,2004,M12,145.7
PCU332---332---,2004,M13,141.3
PCU332---332---,2005,M01,146.9
PCU332---332---,2005,M02,148.2
PCU332---332---,2005,M03,148.6
PCU332---332---,2005,M04,149.1
PCU332---332---,2005,M05,149.3
PCU332---332---,2005,M06,149.5
PCU332---332---,2005,M07,149.7
PCU332---332---,2005,M08,149.9
PCU332---332---,2005,M09,150.1
PCU332---332---,2005,M10,150.5
PCU332---332---,2005,M11,150.7
PCU332---332---,2005,M12,151.1
PCU332---332---,2005,M13,149.5
PCU332---332---,2006,M01,152.0
PCU332---332---,2006,M02,152.5
PCU332---332---,2006,M03,153.0
PCU332---332---,2006,M04,153.6
PCU332---332---,2006,M05,154.3
PCU332---332---,2006,M06,155.4
PCU332---332---,2006,M07,156.4
PCU332---332---,2006,M08,157.3
PCU332---332---,2006,M09,157.7
PCU332---332---,2006,M10,158.3
PCU332---332---,2006,M11,158.5
PCU332---332---,2006,M12,159.0
PCU332---332---,2006,M13,155.7
PCU332---332---,2007,M01,160.0
PCU332---332---,2007,M02,160.7
PCU332---332---,2007,M03,161.3
PCU332---332---,2007,M04,161.9
PCU332---332---,2007,M05,162.5
PCU332---332---,2007,M06,162.2
PCU332---332---,2007,M07,162.3
PCU332---332---,2007,M08,162.9
PCU332---332---,2007,M09,162.8
PCU332---332---,2007,M10,163.3
PCU332---332---,2007,M11,163.7
PCU332---332---,2007,M12,164.3
PCU332---332---,2007,M13,162.3
PCU332---332---,2008,M01,165.6
PCU332---332---,2008,M02,166.8
PCU332---332---,2008,M03,168.3
PCU332---332---,2008,M04,171.1
PCU332---332---,2008,M05,173.0
PCU332---332---,2008,M06,174.7
PCU332---332---,2008,M07,177.2
PCU332---332---,2008,M08,178.8
PCU332---332---,2008,M09,179.6
PCU332---332---,2008,M10,179.6
PCU332---332---,2008,M11,179.3
PCU332---332---,2008,M12,178.5
PCU332---332---,2008,M13,174.4
PCU332---332---,2009,M01,178.9
PCU332---332---,2009,M02,177.7
PCU332---332---,2009,M03,177.0
PCU332---332---,2009,M04,175.5
PCU332---332---,2009,M05,175.0
PCU332---332---,2009,M06,174.4
PCU332---332---,2009,M07,173.9
PCU332---332---,2009,M08,173.8
PCU332---332---,2009,M09,174.0
PCU332---332---,2009,M10,174.1
PCU332---332---,2009,M11,174.1
PCU332---332---,2009,M12,174.2
PCU332---332---,2009,M13,175.2
PCU332---332---,2010,M01,174.4
PCU332---332---,2010,M02,175.0
PCU332---332---,2010,M03,175.6
PCU332---332---,2010,M04,176.3
PCU332---332---,2010,M05,177.0
PCU332---332---,2010,M06,177.1
PCU332---332---,2010,M07,177.2
PCU332---332---,2010,M08,177.7
PCU332---332---,2010,M09,176.8
PCU332---332---,2010,M10,176.9
PCU332---332---,2010,M11,177.0
PCU332---332---,2010,M12,177.5
PCU332---332---,2010,M13,176.5
PCU332---332---,2011,M01,178.7
PCU332---332---,2011,M02,179.8
PCU332---332---,2011,M03,180.9
PCU332---332---,2011,M04,182.1
PCU332---332---,2011,M05,182.9
PCU332---332---,2011,M06,183.5
PCU332---332---,2011,M07,184.0
PCU332---332---,2011,M08,184.1
PCU332---332---,2011,M09,184.4
PCU332---332---,2011,M10,184.3
PCU332---332---,2011,M11,184.2
PCU332---332---,2011,M12,184.2
PCU332---332---,2011,M13,182.8
PCU332---332---,2012,M01,184.5
PCU332---332---,2012,M02,184.8
PCU332---332---,2012,M03,185.2
PCU332---332---,2012,M04,185.6
PCU332---332---,2012,M05,185.9
PCU332---332---,2012,M06,185.9
PCU332---332---,2012,M07,185.5
PCU332---332---,2012,M08,185.4
PCU332---332---,2012,M09,185.5
PCU332---332---,2012,M10,185.6
PCU332---332---,2012,M11,185.6
PCU332---332---,2012,M12,185.8
PCU332---332---,2012,M13,185.4
PCU332---332---,2013,M01,186.1
PCU332---332---,2013,M02,186.3
PCU332---332---,2013,M03,186.4
PCU332---332---,2013,M04,186.5
PCU332---332---,2013,M05,186.5
PCU332---332---,2013,M06,186.2
PCU332---332---,2013,M07,186.4
PCU332---332---,2013,M08,186.5
PCU332---332---,2013,M09,186.2
PCU332---332---,2013,M10,186.4
PCU332---332---,2013,M11,186.6
PCU332---332---,2013,M12,186.7
PCU332---332---,2013,M13,186.4
PCU332---332---,2014,M01,187.2
PCU332---332---,2014,M02,187.7
PCU332---332---,2014,M03,188.0
PCU332---332---,2014,M04,188.3
PCU332---332---,2014,M05,188.5
PCU332---332---,2014,M06,188.5
PCU332---332---,2014,M07,188.8
PCU332---332---,2014,M08,188.9
PCU332---332---,2014,M09,188.8
PCU332---332---,2014,M10,188.7
PCU332---332---,2014,M11,188.7
PCU332---332---,2014,M12,189.0
PCU332---332---,2014,M13,188.4
PCU332---332---,2015,M01,189.4
PCU332---332---,2015,M02,189.1
PCU332---332---,2015,M03,189.3
PCU332---332---,2015,M04,189.4
PCU332---332---,2015,M05,189.5
PCU332---332---,2015,M06,189.4
PCU332---332---,2015,M07,189.4
PCU332---332---,2015,M08,189.1
PCU332---332---,2015,M09,189.0
PCU332---332---,2015,M10,188.8
PCU332---332---,2015,M11,188.6
PCU332---332---,2015,M12,188.2
PCU332---332---,2015,M13,189.1
PCU332---332---,2016,M01,188.1
PCU332---332---,2016,M02,188.0
PCU332---332---,2016,M03,188.0
PCU332---332---,2016,M04,188.1
PCU332---332---,2016,M05,188.5
PCU332---332---,2016,M06,189.0
PCU332---332---,2016,M07,189.4
PCU332---332---,2016,M08,189.6
PCU332---332---,2016,M09,189.6
PCU332---332---,2016,M10,189.0
PCU332---332---,2016,M11,189.1
PCU332---332---,2016,M12,189.4
PCU332---332---,2016,M13,188.8
PCU332---332---,2017,M01,190.2
PCU332---332---,2017,M02,190.6
PCU332---332---,2017,M03,190.9
PCU332---332---,2017,M04,191.4
PCU332---332---,2017,M05,191.7
PCU332---332---,2017,M06,191.8
PCU332---332---,2017,M07,191.6
PCU332---332---,2017,M08,192.1
PCU332---332---,2017,M09,192.4
PCU332---332---,2017,M10,192.7
PCU332---332---,2017,M11,192.9
PCU332---332---,2017,M12,193.2
PCU332---332---,2017,M13,191.8
PCU332---332---,2018,M01,194.1
PCU332---332---,2018,M02,195.1
PCU332---332---,2018,M03,197.1
PCU332---332---,2018,M04,198.4
PCU332---332---,2018,M05,199.8
PCU332---332---,2018,M06,199.9
PCU332---332---,2018,M07,201.2
PCU332---332---,2018,M08,201.7
PCU332---332---,2018,M09,202.4
PCU332---332---,2018,M10,203.1
PCU332---332---,2018,M11,203.2
PCU332---332---,2018,M12,203.8
PCU332---332---,2018,M13,200.0
PCU332---332---,2019,M01,204.2
PCU332---332---,2019,M02,204.7
PCU332---332---,2019,M03,205.0
PCU332---332---,2019,M04,205.1
PCU332---332---,2019,M05,205.1
PCU332---332---,2019,M06,204.6
PCU332---332---,2019,M07,205.2
PCU332---332---,2019,M08,204.4
PCU332---332---,2019,M09,204.4
PCU332---332---,2019,M10,204.0
PCU332---332---,2019,M11,204.1
PCU332---332---,2019,M12,204.1
PCU332---332---,2019,M13,204.6
PCU332---332---,2020,M01,204.9
PCU332---332---,2020,M02,205.1
PCU332---332---,2020,M03,205.4
PCU332---332---,2020,M04,205.4
PCU332---332---,2020,M05,205.7
PCU332---332---,2020,M06,205.7
PCU332---332---,2020,M07,205.5
PCU332---332---,2020,M08,205.9
PCU332---332---,2020,M09,205.9
PCU332---332---,2020,M10,206.1
PCU332---332---,2020,M11,206.5
PCU332---332---,2020,M12,207.4
PCU332---332---,2020,M13,205.8
PCU332---332---,2021,M01,209.3
PCU332---332---,2021,M02,212.2
PCU332---332---,2021,M03,216.0
PCU332---332---,2021,M04,219.3
PCU332---332---,2021,M05,222.5
PCU332---332---,2021,M06,228.3
PCU332---332---,2021,M07,232.929
PCU332---332---,2021,M08,237.288
PCU332---332---,2021,M09,240.335
PCU332---332---,2021,M10,244.065
PCU332---332---,2021,M11,248.116
PCU332---332---,2021,M12,251.558
PCU332---332---,2021,M13,230.164
PCU332---332---,2022,M01,255.686
PCU332---332---,2022,M02,258.836
PCU332---332---,2022,M03,261.98
PCU332---332---,2022,M04,266.158
PCU332---332---,2022,M05,269.575
PCU332---332---,2022,M06,271.313
PCU332---332---,2022,M07,271.919
PCU332---332---,2022,M08,272.988
PCU332---332---,2022,M09,273.214
PCU332---332---,2022,M10,273.208
PCU332---332---,2022,M11,272.783
PCU332---332---,2022,M12,272.287
PCU332---332---,2022,M13,268.329
PCU332---332---,2023,M01,273.64
PCU332---332---,2023,M02,274.939
PCU332---332---,2023,M03,276.35
PCU332---332---,2023,M04,278.398
PCU332---332---,2023,M05,278.115
PCU332---332---,2023,M06,278.285
PCU332---332---,2023,M07,278.857
PCU332---332---,2023,M08,278.521
PCU332---332---,2023,M09,278.502
PCU332---332---,2023,M10,279.04
PCU332---332---,2023,M11,278.772
PCU332---332---,2023,M12,279.967
PCU332---332---,2023,M13,277.782
PCU332---332---,2024,M01,281.886
PCU332---332---,2024,M02,281.592
PCU332---332---,2024,M03,282.207
PCU332---332---,2024,M04,282.577
PCU332---332---,2024,M05,283.314
PCU332---332---,2024,M06,283.727
PCU332---332---,2024,M07,283.883
PCU332---332---,2024,M08,285.416
PCU332---332---,2024,M09,285.287
PCU332---332---,2024,M10,285.73
PCU332---332---,2024,M11,285.608
PCU332---332---,2024,M12,285.815
PCU332---332---,2024,M13,283.92
PCU332---332---,2025,M01,286.903
PCU332---332---,2025,M02,288.249
PCU332---332---,2025,M03,291.662
PCU332---332---,2025,M04,293.796
PCU332---332---,2025,M05,295.651
PCU332---332---,2025,M06,298.194
PCU332---332---,2025,M07,298.272
PCU332---332---,2025,M08,299.857
PCU332---332---,2025,M09,302.056
PCU332---332---,2025,M10,303.678
PCU332---332---,2025,M11,304.776
PCU332---332---,2025,M12,305.754
PCU332---332---,2025,M13,297.404
PCU332---332---,2026,M01,307.394
PCU332---332---,2026,M02,308.484
PCU332---332---,2026,M03,310.772
PCU332---332---,2026,M04,312.141
PCU332---332---,2026,M05,313.203
PCU332---332---,2026,M06,314.904
PCU332---332---,2026,M07,317.141
PCU332---332---,2026,M08,318.196
PCU333---333---,2003,M12,100.0
PCU333---333---,2004,M01,100.3
PCU333---333---,2004,M02,100.6
PCU333---333---,2004,M03,100.9
PCU333---333---,2004,M04,101.3
PCU333---333---,2004,M05,101.6
PCU333---333---,2004,M06,101.8
PCU333---333---,2004,M07,102.1
PCU333---333---,2004,M08,102.3
PCU333---333---,2004,M09,102.5
PCU333---333---,2004,M10,102.9
PCU333---333---,2004,M11,103.2
PCU333---333---,2004,M12,103.4
PCU333---333---,2004,M13,101.9
PCU333---333---,2005,M01,104.1
PCU333---333---,2005,M02,104.5
PCU333---333---,2005,M03,104.9
PCU333---333---,2005,M04,105.1
PCU333---333---,2005,M05,105.4
PCU333---333---,2005,M06,105.6
PCU333---333---,2005,M07,105.8
PCU333---333---,2005,M08,105.9
PCU333---333---,2005,M09,106.1
PCU333---333---,2005,M10,106.3
PCU333---333---,2005,M11,106.5
PCU333---333---,2005,M12,106.8
PCU333---333---,2005,M13,105.6
PCU333---333---,2006,M01,107.4
PCU333---333---,2006,M02,107.6
PCU333---333---,2006,M03,107.8
PCU333---333---,2006,M04,108.0
PCU333---333---,2006,M05,108.3
PCU333---333---,2006,M06,108.6
PCU333---333---,2006,M07,108.9
PCU333---333---,2006,M08,109.1
PCU333---333---,2006,M09,109.4
PCU333---333---,2006,M10,109.9
PCU333---333---,2006,M11,110.1
PCU333---333---,2006,M12,110.2
PCU333---333---,2006,M13,108.8
PCU333---333---,2007,M01,111.0
PCU333---333---,2007,M02,111.5
PCU333---333---,2007,M03,111.7
PCU333---333---,2007,M04,112.0
PCU333---333---,2007,M05,112.1
PCU333---333---,2007,M06,112.0
PCU333---333---,2007,M07,112.1
PCU333---333---,2007,M08,112.3
PCU333---333---,2007,M09,112.5
PCU333---333---,2007,M10,112.7
PCU333---333---,2007,M11,113.0
PCU333---333---,2007,M12,113.1
PCU333---333---,2007,M13,112.1
PCU333---333---,2008,M01,113.8
PCU333---333---,2008,M02,114.3
PCU333---333---,2008,M03,114.6
PCU333---333---,2008,M04,115.1
PCU333---333---,2008,M05,115.8
PCU333---333---,2008,M06,116.4
PCU333---333---,2008,M07,117.9
PCU333---333---,2008,M08,118.3
PCU333---333---,2008,M09,118.8
PCU333---333---,2008,M10,119.4
PCU333---333---,2008,M11,119.9
PCU333---333---,2008,M12,120.0
PCU333---333---,2008,M13,117.0
PCU333---333---,2009,M01,120.5
PCU333---333---,2009,M02,120.4
PCU333---333---,2009,M03,120.4
PCU333---333---,2009,M04,120.3
PCU333---333---,2009,M05,120.2
PCU333---333---,2009,M06,120.2
PCU333---333---,2009,M07,120.3
PCU333---333---,2009,M08,120.2
PCU333---333---,2009,M09,120.3
PCU333---333---,2009,M10,120.1
PCU333---333---,2009,M11,120.2
PCU333---333---,2009,M12,120.3
PCU333---333---,2009,M13,120.3
PCU333---333---,2010,M01,120.2
PCU333---333---,2010,M02,120.2
PCU333---333---,2010,M03,120.2
PCU333---333---,2010,M04,120.4
PCU333---333---,2010,M05,120.4
PCU333---333---,2010,M06,120.3
PCU333---333---,2010,M07,120.5
PCU333---333---,2010,M08,120.6
PCU333---333---,2010,M09,120.8
PCU333---333---,2010,M10,120.8
PCU333---333---,2010,M11,120.9
PCU333---333---,2010,M12,121.1
PCU333---333---,2010,M13,120.5
PCU333---333---,2011,M01,121.7
PCU333---333---,2011,M02,122.0
PCU333---333---,2011,M03,122.4
PCU333---333---,2011,M04,122.9
PCU333---333---,2011,M05,123.2
PCU333---333---,2011,M06,123.5
PCU333---333---,2011,M07,123.8
PCU333---333---,2011,M08,123.9
PCU333---333---,2011,M09,124.2
PCU333---333---,2011,M10,124.3
PCU333---333---,2011,M11,124.6
PCU333---333---,2011,M12,124.7
PCU333---333---,2011,M13,123.4
PCU333---333---,2012,M01,125.1
PCU333---333---,2012,M02,125.6
PCU333---333---,2012,M03,125.8
PCU333---333---,2012,M04,126.0
PCU333---333---,2012,M05,126.1
PCU333---333---,2012,M06,126.1
PCU333---333---,2012,M07,126.3
PCU333---333---,2012,M08,126.4
PCU333---333---,2012,M09,126.5
PCU333---333---,2012,M10,126.6
PCU333---333---,2012,M11,126.8
PCU333---333---,2012,M12,127.0
PCU333---333---,2012,M13,126.2
PCU333---333---,2013,M01,127.2
PCU333---333---,2013,M02,127.5
PCU333---333---,2013,M03,127.6
PCU333---333---,2013,M04,127.7
PCU333---333---,2013,M05,127.8
PCU333---333---,2013,M06,127.8
PCU333---333---,2013,M07,128.0
PCU333---333---,2013,M08,128.0
PCU333---333---,2013,M09,128.1
PCU333---333---,2013,M10,128.3
PCU333---333---,2013,M11,128.4
PCU333---333---,2013,M12,128.5
PCU333---333---,2013,M13,127.9
PCU333---333---,2014,M01,129.0
PCU333---333---,2014,M02,129.4
PCU333---333---,2014,M03,129.5
PCU333---333---,2014,M04,129.8
PCU333---333---,2014,M05,129.9
PCU333---333---,2014,M06,130.0
PCU333---333---,2014,M07,130.2
PCU333---333---,2014,M08,130.2
PCU333---333---,2014,M09,130.4
PCU333---333---,2014,M10,130.4
PCU333---333---,2014,M11,130.6
PCU333---333---,2014,M12,130.7
PCU333---333---,2014,M13,130.0
PCU333---333---,2015,M01,131.1
PCU333---333---,2015,M02,131.3
PCU333---333---,2015,M03,131.4
PCU333---333---,2015,M04,131.5
PCU333---333---,2015,M05,131.6
PCU333---333---,2015,M06,131.5
PCU333---333---,2015,M07,131.7
PCU333---333---,2015,M08,131.6
PCU333---333---,2015,M09,131.6
PCU333---333---,2015,M10,131.7
PCU333---333---,2015,M11,131.7
PCU333---333---,2015,M12,131.8
PCU333---333---,2015,M13,131.5
PCU333---333---,2016,M01,131.9
PCU333---333---,2016,M02,131.9
PCU333---333---,2016,M03,132.0
PCU333---333---,2016,M04,132.0
PCU333---333---,2016,M05,132.0
PCU333---333---,2016,M06,132.1
PCU333---333---,2016,M07,132.2
PCU333---333---,2016,M08,132.1
PCU333---333---,2016,M09,132.2
PCU333---333---,2016,M10,132.2
PCU333---333---,2016,M11,132.3
PCU333---333---,2016,M12,132.4
PCU333---333---,2016,M13,132.1
PCU333---333---,2017,M01,132.7
PCU333---333---,2017,M02,132.9
PCU333---333---,2017,M03,133.1
PCU333---333---,2017,M04,133.1
PCU333---333---,2017,M05,133.3
PCU333---333---,2017,M06,133.4
PCU333---333---,2017,M07,133.4
PCU333---333---,2017,M08,133.4
PCU333---333---,2017,M09,133.5
PCU333---333---,2017,M10,133.6
PCU333---333---,2017,M11,133.7
PCU333---333---,2017,M12,133.7
PCU333---333---,2017,M13,133.3
PCU333---333---,2018,M01,134.1
PCU333---333---,2018,M02,134.4
PCU333---333---,2018,M03,134.8
PCU333---333---,2018,M04,134.9
PCU333---333---,2018,M05,135.3
PCU333---333---,2018,M06,135.6
PCU333---333---,2018,M07,136.1
PCU333---333---,2018,M08,136.9
PCU333---333---,2018,M09,137.2
PCU333---333---,2018,M10,137.8
PCU333---333---,2018,M11,138.2
PCU333---333---,2018,M12,138.4
PCU333---333---,2018,M13,136.1
PCU333---333---,2019,M01,139.1
PCU333---333---,2019,M02,139.4
PCU333---333---,2019,M03,139.6
PCU333---333---,2019,M04,139.9
PCU333---333---,2019,M05,140.0
PCU333---333---,2019,M06,140.1
PCU333---333---,2019,M07,140.3
PCU333---333---,2019,M08,140.3
PCU333---333---,2019,M09,140.5
PCU333---333---,2019,M10,140.5
PCU333---333---,2019,M11,140.6
PCU333---333---,2019,M12,140.8
PCU333---333---,2019,M13,140.1
PCU333---333---,2020,M01,141.4
PCU333---333---,2020,M02,141.6
PCU333---333---,2020,M03,141.9
PCU333---333---,2020,M04,142.0
PCU333---333---,2020,M05,141.9
PCU333---333---,2020,M06,142.0
PCU333---333---,2020,M07,142.0
PCU333---333---,2020,M08,142.3
PCU333---333---,2020,M09,142.4
PCU333---333---,2020,M10,142.5
PCU333---333---,2020,M11,142.6
PCU333---333---,2020,M12,142.8
PCU333---333---,2020,M13,142.1
PCU333---333---,2021,M01,143.7
PCU333---333---,2021,M02,144.1
PCU333---333---,2021,M03,144.4
PCU333---333---,2021,M04,145.4
PCU333---333---,2021,M05,146.4
PCU333---333---,2021,M06,147.8
PCU333---333---,2021,M07,149.167
PCU333---333---,2021,M08,150.104
PCU333---333---,2021,M09,151.448
PCU333---333---,2021,M10,153.259
PCU333---333---,2021,M11,154.474
PCU333---333---,2021,M12,155.956
PCU333---333---,2021,M13,148.847
PCU333---333---,2022,M01,158.319
PCU333---333---,2022,M02,159.939
PCU333---333---,2022,M03,161.139
PCU333---333---,2022,M04,164.44
PCU333---333---,2022,M05,166.0
PCU333---333---,2022,M06,167.3
PCU333---333---,2022,M07,168.56
PCU333---333---,2022,M08,169.603
PCU333---333---,2022,M09,170.447
PCU333---333---,2022,M10,171.681
PCU333---333---,2022,M11,172.279
PCU333---333---,2022,M12,172.663
PCU333---333---,2022,M13,166.864
PCU333---333---,2023,M01,175.035
PCU333---333---,2023,M02,175.628
PCU333---333---,2023,M03,176.836
PCU333---333---,2023,M04,177.431
PCU333---333---,2023,M05,178.15
PCU333---333---,2023,M06,178.259
PCU333---333---,2023,M07,179.062
PCU333---333---,2023,M08,179.406
PCU333---333---,2023,M09,179.872
PCU333---333---,2023,M10,179.994
PCU333---333---,2023,M11,180.408
PCU333---333---,2023,M12,180.651
PCU333---333---,2023,M13,178.394
PCU333---333---,2024,M01,182.165
PCU333---333---,2024,M02,182.743
PCU333---333---,2024,M03,182.936
PCU333---333---,2024,M04,183.791
PCU333---333---,2024,M05,184.212
PCU333---333---,2024,M06,184.318
PCU333---333---,2024,M07,184.51
PCU333---333---,2024,M08,184.943
PCU333---333---,2024,M09,184.822
PCU333---333---,2024,M10,185.121
PCU333---333---,2024,M11,185.299
PCU333---333---,2024,M12,185.416
PCU333---333---,2024,M13,184.19
PCU333---333---,2025,M01,186.547
PCU333---333---,2025,M02,187.101
PCU333---333---,2025,M03,187.495
PCU333---333---,2025,M04,188.615
PCU333---333---,2025,M05,189.522
PCU333---333---,2025,M06,190.723
PCU333---333---,2025,M07,191.536
PCU333---333---,2025,M08,191.937
PCU333---333---,2025,M09,192.302
PCU333---333---,2025,M10,193.237
PCU333---333---,2025,M11,193.539
PCU333---333---,2025,M12,194.006
PCU333---333---,2025,M13,190.547
PCU333---333---,2026,M01,195.154
PCU333---333---,2026,M02,195.998
PCU333---333---,2026,M03,196.508
PCU333---333---,2026,M04,197.063
PCU333---333---,2026,M05,197.528
PCU333---333---,2026,M06,198.029
PCU333---333---,2026,M07,198.887
PCU333---333---,2026,M08,199.455
PCU334---334---,2003,M12,100.0
PCU334---334---,2004,M01,99.8
PCU334---334---,2004,M02,99.5
PCU334---334---,2004,M03,99.3
PCU334---334---,2004,M04,99.5
PCU334---334---,2004,M05,99.3
PCU334---334---,2004,M06,99.1
PCU334---334---,2004,M07,98.9
PCU334---334---,2004,M08,98.9
PCU334---334---,2004,M09,98.7
PCU334---334---,2004,M10,98.6
PCU334---334---,2004,M11,98.4
PCU334---334---,2004,M12,98.5
PCU334---334---,2004,M13,99.0
PCU334---334---,2005,M01,98.3
PCU334---334---,2005,M02,98.2
PCU334---334---,2005,M03,98.0
PCU334---334---,2005,M04,97.9
PCU334---334---,2005,M05,97.7
PCU334---334---,2005,M06,97.6
PCU334---334---,2005,M07,97.5
PCU334---334---,2005,M08,97.6
PCU334---334---,2005,M09,97.1
PCU334---334---,2005,M10,97.0
PCU334---334---,2005,M11,96.8
PCU334---334---,2005,M12,96.6
PCU334---334---,2005,M13,97.5
PCU334---334---,2006,M01,96.5
PCU334---334---,2006,M02,96.5
PCU334---334---,2006,M03,96.5
PCU334---334---,2006,M04,96.7
PCU334---334---,2006,M05,96.6
PCU334---334---,2006,M06,96.5
PCU334---334---,2006,M07,96.5
PCU334---334---,2006,M08,96.5
PCU334---334---,2006,M09,96.6
PCU334---334---,2006,M10,96.4
PCU334---334---,2006,M11,96.3
PCU334---334---,2006,M12,96.2
PCU334---334---,2006,M13,96.5
PCU334---334---,2007,M01,96.3
PCU334---334---,2007,M02,95.4
PCU334---334---,2007,M03,95.1
PCU334---334---,2007,M04,95.1
PCU334---334---,2007,M05,94.7
PCU334---334---,2007,M06,94.6
PCU334---334---,2007,M07,94.1
PCU334---334---,2007,M08,93.5
PCU334---334---,2007,M09,93.3
PCU334---334---,2007,M10,93.1
PCU334---334---,2007,M11,92.8
PCU334---334---,2007,M12,92.6
PCU334---334---,2007,M13,94.2
PCU334---334---,2008,M01,92.6
PCU334---334---,2008,M02,92.8
PCU334---334---,2008,M03,92.7
PCU334---334---,2008,M04,92.7
PCU334---334---,2008,M05,92.8
PCU334---334---,2008,M06,92.8
PCU334---334---,2008,M07,92.8
PCU334---334---,2008,M08,92.7
PCU334---334---,2008,M09,92.7
PCU334---334---,2008,M10,92.7
PCU334---334---,2008,M11,92.6
PCU334---334---,2008,M12,92.4
PCU334---334---,2008,M13,92.7
PCU334---334---,2009,M01,92.5
PCU334---334---,2009,M02,92.4
PCU334---334---,2009,M03,92.4
PCU334---334---,2009,M04,92.3
PCU334---334---,2009,M05,92.3
PCU334---334---,2009,M06,92.1
PCU334---334---,2009,M07,92.2
PCU334---334---,2009,M08,92.2
PCU334---334---,2009,M09,91.9
PCU334---334---,2009,M10,91.9
PCU334---334---,2009,M11,91.8
PCU334---334---,2009,M12,91.7
PCU334---334---,2009,M13,92.1
PCU334---334---,2010,M01,91.5
PCU334---334---,2010,M02,91.5
PCU334---334---,2010,M03,91.6
PCU334---334---,2010,M04,91.4
PCU334---334---,2010,M05,91.3
PCU334---334---,2010,M06,91.1
PCU334---334---,2010,M07,91.1
PCU334---334---,2010,M08,90.9
PCU334---334---,2010,M09,90.7
PCU334---334---,2010,M10,90.5
PCU334---334---,2010,M11,90.2
PCU334---334---,2010,M12,90.1
PCU334---334---,2010,M13,91.0
PCU334---334---,2011,M01,90.3
PCU334---334---,2011,M02,90.4
PCU334---334---,2011,M03,90.3
PCU334---334---,2011,M04,90.3
PCU334---334---,2011,M05,90.3
PCU334---334---,2011,M06,90.2
PCU334---334---,2011,M07,90.0
PCU334---334---,2011,M08,90.0
PCU334---334---,2011,M09,89.8
PCU334---334---,2011,M10,89.8
PCU334---334---,2011,M11,89.6
PCU334---334---,2011,M12,89.5
PCU334---334---,2011,M13,90.0
PCU334---334---,2012,M01,89.7
PCU334---334---,2012,M02,89.8
PCU334---334---,2012,M03,89.7
PCU334---334---,2012,M04,89.7
PCU334---334---,2012,M05,89.8
PCU334---334---,2012,M06,89.6
PCU334---334---,2012,M07,89.5
PCU334---334---,2012,M08,89.4
PCU334---334---,2012,M09,89.1
PCU334---334---,2012,M10,89.1
PCU334---334---,2012,M11,89.0
PCU334---334---,2012,M12,88.9
PCU334---334---,2012,M13,89.4
PCU334---334---,2013,M01,89.3
PCU334---334---,2013,M02,89.3
PCU334---334---,2013,M03,89.2
PCU334---334---,2013,M04,89.4
PCU334---334---,2013,M05,89.4
PCU334---334---,2013,M06,89.4
PCU334---334---,2013,M07,89.6
PCU334---334---,2013,M08,89.5
PCU334---334---,2013,M09,89.5
PCU334---334---,2013,M10,89.4
PCU334---334---,2013,M11,89.4
PCU334---334---,2013,M12,89.4
PCU334---334---,2013,M13,89.4
PCU334---334---,2014,M01,89.4
PCU334---334---,2014,M02,89.4
PCU334---334---,2014,M03,89.4
PCU334---334---,2014,M04,89.4
PCU334---334---,2014,M05,89.4
PCU334---334---,2014,M06,89.4
PCU334---334---,2014,M07,89.4
PCU334---334---,2014,M08,89.4
PCU334---334---,2014,M09,89.4
PCU334---334---,2014,M10,89.5
PCU334---334---,2014,M11,89.4
PCU334---334---,2014,M12,89.4
PCU334---334---,2014,M13,89.4
PCU334---334---,2015,M01,89.8
PCU334---334---,2015,M02,89.5
PCU334---334---,2015,M03,89.4
PCU334---334---,2015,M04,89.4
PCU334---334---,2015,M05,89.4
PCU334---334---,2015,M06,89.2
PCU334---334---,2015,M07,89.3
PCU334---334---,2015,M08,89.3
PCU334---334---,2015,M09,89.1
PCU334---334---,2015,M10,89.2
PCU334---334---,2015,M11,89.1
PCU334---334---,2015,M12,89.1
PCU334---334---,2015,M13,89.3
PCU334---334---,2016,M01,89.1
PCU334---334---,2016,M02,89.1
PCU334---334---,2016,M03,88.7
PCU334---334---,2016,M04,88.8
PCU334---334---,2016,M05,88.8
PCU334---334---,2016,M06,88.8
PCU334---334---,2016,M07,88.7
PCU334---334---,2016,M08,88.7
PCU334---334---,2016,M09,88.5
PCU334---334---,2016,M10,88.3
PCU334---334---,2016,M11,88.3
PCU334---334---,2016,M12,88.2
PCU334---334---,2016,M13,88.7
PCU334---334---,2017,M01,88.8
PCU334---334---,2017,M02,88.8
PCU334---334---,2017,M03,88.8
PCU334---334---,2017,M04,89.0
PCU334---334---,2017,M05,88.9
PCU334---334---,2017,M06,88.9
PCU334---334---,2017,M07,88.6
PCU334---334---,2017,M08,88.5
PCU334---334---,2017,M09,88.3
PCU334---334---,2017,M10,88.3
PCU334---334---,2017,M11,88.3
PCU334---334---,2017,M12,88.3
PCU334---334---,2017,M13,88.6
PCU334---334---,2018,M01,88.7
PCU334---334---,2018,M02,89.0
PCU334---334---,2018,M03,89.0
PCU334---334---,2018,M04,89.0
PCU334---334---,2018,M05,89.0
PCU334---334---,2018,M06,89.1
PCU334---334---,2018,M07,89.0
PCU334---334---,2018,M08,88.8
PCU334---334---,2018,M09,88.9
PCU334---334---,2018,M10,88.9
PCU334---334---,2018,M11,88.9
PCU334---334---,2018,M12,88.8
PCU334---334---,2018,M13,88.9
PCU334---334---,2019,M01,89.8
PCU334---334---,2019,M02,89.8
PCU334---334---,2019,M03,89.8
PCU334---334---,2019,M04,90.0
PCU334---334---,2019,M05,89.8
PCU334---334---,2019,M06,89.9
PCU334---334---,2019,M07,89.9
PCU334---334---,2019,M08,90.1
PCU334---334---,2019,M09,89.9
PCU334---334---,2019,M10,90.1
PCU334---334---,2019,M11,90.1
PCU334---334---,2019,M12,90.2
PCU334---334---,2019,M13,89.9
PCU334---334---,2020,M01,91.0
PCU334---334---,2020,M02,91.0
PCU334---334---,2020,M03,91.0
PCU334---334---,2020,M04,90.7
PCU334---334---,2020,M05,90.8
PCU334---334---,2020,M06,90.7
PCU334---334---,2020,M07,90.7
PCU334---334---,2020,M08,90.7
PCU334---334---,2020,M09,90.7
PCU334---334---,2020,M10,90.3
PCU334---334---,2020,M11,90.4
PCU334---334---,2020,M12,90.4
PCU334---334---,2020,M13,90.7
PCU334---334---,2021,M01,90.5
PCU334---334---,2021,M02,90.6
PCU334---334---,2021,M03,90.6
PCU334---334---,2021,M04,90.9
PCU334---334---,2021,M05,91.1
PCU334---334---,2021,M06,91.2
PCU334---334---,2021,M07,91.418
PCU334---334---,2021,M08,91.628
PCU334---334---,2021,M09,92.187
PCU334---334---,2021,M10,92.43
PCU334---334---,2021,M11,92.692
PCU334---334---,2021,M12,93.002
PCU334---334---,2021,M13,91.528
PCU334---334---,2022,M01,94.42
PCU334---334---,2022,M02,95.108
PCU334---334---,2022,M03,95.311
PCU334---334---,2022,M04,95.66
PCU334---334---,2022,M05,96.134
PCU334---334---,2022,M06,96.467
PCU334---334---,2022,M07,96.732
PCU334---334---,2022,M08,96.711
PCU334---334---,2022,M09,96.928
PCU334---334---,2022,M10,97.306
PCU334---334---,2022,M11,97.643
PCU334---334---,2022,M12,97.829
PCU334---334---,2022,M13,96.354
PCU334---334---,2023,M01,98.758
PCU334---334---,2023,M02,98.89
PCU334---334---,2023,M03,98.968
PCU334---334---,2023,M04,98.997
PCU334---334---,2023,M05,98.824
PCU334---334---,2023,M06,98.93
PCU334---334---,2023,M07,99.174
PCU334---334---,2023,M08,99.464
PCU334---334---,2023,M09,99.529
PCU334---334---,2023,M10,99.596
PCU334---334---,2023,M11,99.787
PCU334---334---,2023,M12,99.808
PCU334---334---,2023,M13,99.227
PCU334---334---,2024,M01,101.107
PCU334---334---,2024,M02,101.495
PCU334---334---,2024,M03,101.663
PCU334---334---,2024,M04,101.932
PCU334---334---,2024,M05,101.979
PCU334---334---,2024,M06,102.026
PCU334---334---,2024,M07,101.913
PCU334---334---,2024,M08,101.996
PCU334---334---,2024,M09,102.283
PCU334---334---,2024,M10,102.619
PCU334---334---,2024,M11,103.077
PCU334---334---,2024,M12,103.474
PCU334---334---,2024,M13,102.13
PCU334---334---,2025,M01,104.241
PCU334---334---,2025,M02,104.269
PCU334---334---,2025,M03,104.539
PCU334---334---,2025,M04,105.246
PCU334---334---,2025,M05,105.489
PCU334---334---,2025,M06,105.026
PCU334---334---,2025,M07,105.303
PCU334---334---,2025,M08,106.331
PCU334---334---,2025,M09,106.487
PCU334---334---,2025,M10,107.368
PCU334---334---,2025,M11,107.873
PCU334---334---,2025,M12,108.234
PCU334---334---,2025,M13,105.867
PCU334---334---,2026,M01,112.659
PCU334---334---,2026,M02,114.968
PCU334---334---,2026,M03,115.699
PCU334---334---,2026,M04,118.063
PCU334---334---,2026,M05,118.015
PCU334---334---,2026,M06,118.842
PCU334---334---,2026,M07,119.112
PCU334---334---,2026,M08,120.048
PCU335---335---,2003,M12,100.0
PCU335---335---,2004,M01,100.2
PCU335---335---,2004,M02,100.7
PCU335---335---,2004,M03,101.8
PCU335---335---,2004,M04,102.7
PCU335---335---,2004,M05,103.3
PCU335---335---,2004,M06,103.5
PCU335---335---,2004,M07,103.6
PCU335---335---,2004,M08,103.8
PCU335---335---,2004,M09,104.2
PCU335---335---,2004,M10,104.7
PCU335---335---,2004,M11,104.6
PCU335---335---,2004,M12,104.9
PCU335---335---,2004,M13,103.2
PCU335---335---,2005,M01,106.0
PCU335---335---,2005,M02,106.6
PCU335---335---,2005,M03,107.0
PCU335---335---,2005,M04,107.2
PCU335---335---,2005,M05,107.2
PCU335---335---,2005,M06,107.5
PCU335---335---,2005,M07,107.7
PCU335---335---,2005,M08,107.7
PCU335---335---,2005,M09,108.4
PCU335---335---,2005,M10,109.0
PCU335---335---,2005,M11,110.3
PCU335---335---,2005,M12,110.9
PCU335---335---,2005,M13,108.0
PCU335---335---,2006,M01,111.9
PCU335---335---,2006,M02,112.3
PCU335---335---,2006,M03,112.8
PCU335---335---,2006,M04,114.1
PCU335---335---,2006,M05,116.0
PCU335---335---,2006,M06,117.6
PCU335---335---,2006,M07,117.8
PCU335---335---,2006,M08,119.2
PCU335---335---,2006,M09,119.5
PCU335---335---,2006,M10,119.7
PCU335---335---,2006,M11,119.4
PCU335---335---,2006,M12,119.2
PCU335---335---,2006,M13,116.6
PCU335---335---,2007,M01,119.2
PCU335---335---,2007,M02,119.3
PCU335---335---,2007,M03,119.7
PCU335---335---,2007,M04,120.5
PCU335---335---,2007,M05,121.8
PCU335---335---,2007,M06,122.1
PCU335---335---,2007,M07,123.0
PCU335---335---,2007,M08,123.6
PCU335---335---,2007,M09,123.7
PCU335---335---,2007,M10,124.2
PCU335---335---,2007,M11,124.5
PCU335---335---,2007,M12,124.4
PCU335---335---,2007,M13,122.2
PCU335---335---,2008,M01,125.2
PCU335---335---,2008,M02,125.9
PCU335---335---,2008,M03,127.1
PCU335---335---,2008,M04,127.3
PCU335---335---,2008,M05,127.8
PCU335---335---,2008,M06,128.2
PCU335---335---,2008,M07,129.1
PCU335---335---,2008,M08,129.3
PCU335---335---,2008,M09,129.8
PCU335---335---,2008,M10,129.4
PCU335---335---,2008,M11,127.3
PCU335---335---,2008,M12,126.9
PCU335---335---,2008,M13,127.8
PCU335---335---,2009,M01,126.8
PCU335---335---,2009,M02,126.8
PCU335---335---,2009,M03,127.3
PCU335---335---,2009,M04,127.9
PCU335---335---,2009,M05,128.5
PCU335---335---,2009,M06,128.3
PCU335---335---,2009,M07,128.5
PCU335---335---,2009,M08,129.2
PCU335---335---,2009,M09,129.4
PCU335---335---,2009,M10,129.7
PCU335---335---,2009,M11,130.1
PCU335---335---,2009,M12,130.5
PCU335---335---,2009,M13,128.6
PCU335---335---,2010,M01,130.7
PCU335---335---,2010,M02,131.1
PCU335---335---,2010,M03,131.1
PCU335---335---,2010,M04,131.7
PCU335---335---,2010,M05,131.9
PCU335---335---,2010,M06,131.8
PCU335---335---,2010,M07,131.6
PCU335---335---,2010,M08,131.8
PCU335---335---,2010,M09,132.1
PCU335---335---,2010,M10,132.5
PCU335---335---,2010,M11,133.1
PCU335---335---,2010,M12,133.6
PCU335---335---,2010,M13,131.9
PCU335---335---,2011,M01,134.3
PCU335---335---,2011,M02,134.7
PCU335---335---,2011,M03,135.3
PCU335---335---,2011,M04,135.8
PCU335---335---,2011,M05,136.0
PCU335---335---,2011,M06,136.6
PCU335---335---,2011,M07,137.1
PCU335---335---,2011,M08,136.5
PCU335---335---,2011,M09,136.7
PCU335---335---,2011,M10,136.5
PCU335---335---,2011,M11,136.7
PCU335---335---,2011,M12,136.6
PCU335---335---,2011,M13,136.1
PCU335---335---,2012,M01,137.6
PCU335---335---,2012,M02,138.0
PCU335---335---,2012,M03,138.0
PCU335---335---,2012,M04,138.4
PCU335---335---,2012,M05,138.7
PCU335---335---,2012,M06,138.6
PCU335---335---,2012,M07,138.3
PCU335---335---,2012,M08,138.4
PCU335---335---,2012,M09,138.3
PCU335---335---,2012,M10,138.6
PCU335---335---,2012,M11,138.5
PCU335---335---,2012,M12,138.6
PCU335---335---,2012,M13,138.3
PCU335---335---,2013,M01,138.9
PCU335---335---,2013,M02,138.8
PCU335---335---,2013,M03,139.0
PCU335---335---,2013,M04,138.7
PCU335---335---,2013,M05,138.6
PCU335---335---,2013,M06,138.4
PCU335---335---,2013,M07,138.4
PCU335---335---,2013,M08,138.4
PCU335---335---,2013,M09,138.5
PCU335---335---,2013,M10,138.6
PCU335---335---,2013,M11,138.9
PCU335---335---,2013,M12,138.9
PCU335---335---,2013,M13,138.7
PCU335---335---,2014,M01,139.2
PCU335---335---,2014,M02,139.1
PCU335---335---,2014,M03,138.8
PCU335---335---,2014,M04,138.6
PCU335---335---,2014,M05,138.7
PCU335---335---,2014,M06,138.6
PCU335---335---,2014,M07,138.8
PCU335---335---,2014,M08,138.9
PCU335---335---,2014,M09,139.0
PCU335---335---,2014,M10,139.1
PCU335---335---,2014,M11,139.0
PCU335---335---,2014,M12,139.0
PCU335---335---,2014,M13,138.9
PCU335---335---,2015,M01,138.9
PCU335---335---,2015,M02,139.0
PCU335---335---,2015,M03,138.9
PCU335---335---,2015,M04,138.4
PCU335---335---,2015,M05,138.4
PCU335---335---,2015,M06,138.6
PCU335---335---,2015,M07,138.2
PCU335---335---,2015,M08,138.0
PCU335---335---,2015,M09,137.9
PCU335---335---,2015,M10,137.9
PCU335---335---,2015,M11,137.7
PCU335---335---,2015,M12,137.3
PCU335---335---,2015,M13,138.3
PCU335---335---,2016,M01,137.1
PCU335---335---,2016,M02,137.1
PCU335---335---,2016,M03,137.3
PCU335---335---,2016,M04,137.1
PCU335---335---,2016,M05,137.0
PCU335---335---,2016,M06,136.9
PCU335---335---,2016,M07,136.9
PCU335---335---,2016,M08,137.2
PCU335---335---,2016,M09,137.0
PCU335---335---,2016,M10,137.1
PCU335---335---,2016,M11,136.8
PCU335---335---,2016,M12,137.3
PCU335---335---,2016,M13,137.1
PCU335---335---,2017,M01,137.8
PCU335---335---,2017,M02,137.8
PCU335---335---,2017,M03,137.8
PCU335---335---,2017,M04,138.1
PCU335---335---,2017,M05,138.1
PCU335---335---,2017,M06,138.3
PCU335---335---,2017,M07,138.3
PCU335---335---,2017,M08,139.1
PCU335---335---,2017,M09,139.5
PCU335---335---,2017,M10,139.8
PCU335---335---,2017,M11,140.2
PCU335---335---,2017,M12,140.2
PCU335---335---,2017,M13,138.7
PCU335---335---,2018,M01,140.8
PCU335---335---,2018,M02,141.1
PCU335---335---,2018,M03,142.5
PCU335---335---,2018,M04,143.1
PCU335---335---,2018,M05,143.6
PCU335---335---,2018,M06,144.0
PCU335---335---,2018,M07,146.1
PCU335---335---,2018,M08,146.1
PCU335---335---,2018,M09,146.4
PCU335---335---,2018,M10,146.8
PCU335---335---,2018,M11,147.0
PCU335---335---,2018,M12,147.1
PCU335---335---,2018,M13,144.5
PCU335---335---,2019,M01,147.9
PCU335---335---,2019,M02,148.3
PCU335---335---,2019,M03,148.7
PCU335---335---,2019,M04,148.2
PCU335---335---,2019,M05,148.6
PCU335---335---,2019,M06,147.9
PCU335---335---,2019,M07,148.0
PCU335---335---,2019,M08,147.0
PCU335---335---,2019,M09,147.6
PCU335---335---,2019,M10,147.6
PCU335---335---,2019,M11,147.5
PCU335---335---,2019,M12,147.7
PCU335---335---,2019,M13,147.9
PCU335---335---,2020,M01,147.8
PCU335---335---,2020,M02,148.1
PCU335---335---,2020,M03,147.9
PCU335---335---,2020,M04,148.0
PCU335---335---,2020,M05,147.9
PCU335---335---,2020,M06,148.1
PCU335---335---,2020,M07,148.7
PCU335---335---,2020,M08,149.2
PCU335---335---,2020,M09,149.7
PCU335---335---,2020,M10,149.8
PCU335---335---,2020,M11,150.5
PCU335---335---,2020,M12,151.1
PCU335---335---,2020,M13,148.9
PCU335---335---,2021,M01,150.3
PCU335---335---,2021,M02,151.1
PCU335---335---,2021,M03,153.6
PCU335---335---,2021,M04,156.1
PCU335---335---,2021,M05,157.8
PCU335---335---,2021,M06,160.4
PCU335---335---,2021,M07,161.927
PCU335---335---,2021,M08,164.193
PCU335---335---,2021,M09,166.814
PCU335---335---,2021,M10,169.12
PCU335---335---,2021,M11,171.178
PCU335---335---,2021,M12,172.343
PCU335---335---,2021,M13,161.24
PCU335---335---,2022,M01,175.685
PCU335---335---,2022,M02,178.25
PCU335---335---,2022,M03,181.706
PCU335---335---,2022,M04,184.054
PCU335---335---,2022,M05,185.235
PCU335---335---,2022,M06,187.721
PCU335---335---,2022,M07,188.319
PCU335---335---,2022,M08,190.356
PCU335---335---,2022,M09,190.777
PCU335---335---,2022,M10,190.596
PCU335---335---,2022,M11,192.527
PCU335---335---,2022,M12,194.144
PCU335---335---,2022,M13,186.614
PCU335---335---,2023,M01,196.666
PCU335---335---,2023,M02,195.565
PCU335---335---,2023,M03,195.863
PCU335---335---,2023,M04,196.431
PCU335---335---,2023,M05,195.687
PCU335---335---,2023,M06,196.101
PCU335---335---,2023,M07,197.287
PCU335---335---,2023,M08,198.211
PCU335---335---,2023,M09,197.608
PCU335---335---,2023,M10,197.893
PCU335---335---,2023,M11,198.371
PCU335---335---,2023,M12,198.265
PCU335---335---,2023,M13,196.996
PCU335---335---,2024,M01,198.72
PCU335---335---,2024,M02,199.425
PCU335---335---,2024,M03,200.163
PCU335---335---,2024,M04,200.42
PCU335---335---,2024,M05,201.113
PCU335---335---,2024,M06,202.064
PCU335---335---,2024,M07,202.23
PCU335---335---,2024,M08,202.363
PCU335---335---,2024,M09,202.07
PCU335---335---,2024,M10,201.739
PCU335---335---,2024,M11,201.956
PCU335---335---,2024,M12,202.098
PCU335---335---,2024,M13,201.197
PCU335---335---,2025,M01,202.383
PCU335---335---,2025,M02,203.089
PCU335---335---,2025,M03,204.029
PCU335---335---,2025,M04,207.292
PCU335---335---,2025,M05,209.784
PCU335---335---,2025,M06,210.964
PCU335---335---,2025,M07,213.002
PCU335---335---,2025,M08,211.849
PCU335---335---,2025,M09,212.398
PCU335---335---,2025,M10,212.853
PCU335---335---,2025,M11,213.004
PCU335---335---,2025,M12,213.791
PCU335---335---,2025,M13,209.536
PCU335---335---,2026,M01,215.084
PCU335---335---,2026,M02,215.776
PCU335---335---,2026,M03,215.768
PCU335---335---,2026,M04,217.119
PCU335---335---,2026,M05,217.16
PCU335---335---,2026,M06,218.068
PCU335---335---,2026,M07,219.927
PCU335---335---,2026,M08,221.071
PCU337---337---,1998,M01,139.1
PCU337---337---,1998,M02,139.3
PCU337---337---,1998,M03,139.4
PCU337---337---,1998,M04,139.4
PCU337---337---,1998,M05,139.7
PCU337---337---,1998,M06,139.6
PCU337---337---,1998,M07,139.6
PCU337---337---,1998,M08,139.7
PCU337---337---,1998,M09,139.7
PCU337---337---,1998,M10,140.1
PCU337---337---,1998,M11,140.0
PCU337---337---,1998,M12,140.2
PCU337---337---,1998,M13,139.7
PCU337---337---,1999,M01,140.5
PCU337---337---,1999,M02,140.5
PCU337---337---,1999,M03,140.6
PCU337---337---,1999,M04,140.7
PCU337---337---,1999,M05,140.9
PCU337---337---,1999,M06,141.1
PCU337---337---,1999,M07,141.3
PCU337---337---,1999,M08,141.6
PCU337---337---,1999,M09,141.8
PCU337---337---,1999,M10,142.0
PCU337---337---,1999,M11,142.0
PCU337---337---,1999,M12,142.1
PCU337---337---,1999,M13,141.3
PCU337---337---,2000,M01,142.4
PCU337---337---,2000,M02,142.5
PCU337---337---,2000,M03,143.0
PCU337---337---,2000,M04,143.2
PCU337---337---,2000,M05,143.4
PCU337---337---,2000,M06,143.5
PCU337---337---,2000,M07,143.5
PCU337---337---,2000,M08,143.6
PCU337---337---,2000,M09,143.5
PCU337---337---,2000,M10,143.7
PCU337---337---,2000,M11,143.8
PCU337---337---,2000,M12,143.9
PCU337---337---,2000,M13,143.3
PCU337---337---,2001,M01,144.1
PCU337---337---,2001,M02,144.3
PCU337---337---,2001,M03,144.7
PCU337---337---,2001,M04,144.8
PCU337---337---,2001,M05,145.2
PCU337---337---,2001,M06,145.3
PCU337---337---,2001,M07,145.4
PCU337---337---,2001,M08,145.2
PCU337---337---,2001,M09,145.4
PCU337---337---,2001,M10,145.5
PCU337---337---,2001,M11,145.5
PCU337---337---,2001,M12,145.5
PCU337---337---,2001,M13,145.1
PCU337---337---,2002,M01,145.6
PCU337---337---,2002,M02,145.8
PCU337---337---,2002,M03,145.7
PCU337---337---,2002,M04,145.7
PCU337---337---,2002,M05,145.9
PCU337---337---,2002,M06,146.1
PCU337---337---,2002,M07,146.6
PCU337---337---,2002,M08,146.6
PCU337---337---,2002,M09,147.0
PCU337---337---,2002,M10,147.2
PCU337---337---,2002,M11,147.0
PCU337---337---,2002,M12,146.8
PCU337---337---,2002,M13,146.3
PCU337---337---,2003,M01,147.0
PCU337---337---,2003,M02,147.1
PCU337---337---,2003,M03,147.2
PCU337---337---,2003,M04,147.3
PCU337---337---,2003,M05,147.4
PCU337---337---,2003,M06,147.5
PCU337---337---,2003,M07,147.6
PCU337---337---,2003,M08,147.5
PCU337---337---,2003,M09,147.2
PCU337---337---,2003,M10,147.6
PCU337---337---,2003,M11,147.5
PCU337---337---,2003,M12,147.6
PCU337---337---,2003,M13,147.4
PCU337---337---,2004,M01,147.4
PCU337---337---,2004,M02,148.7
PCU337---337---,2004,M03,149.0
PCU337---337---,2004,M04,149.7
PCU337---337---,2004,M05,151.4
PCU337---337---,2004,M06,151.7
PCU337---337---,2004,M07,152.0
PCU337---337---,2004,M08,152.7
PCU337---337---,2004,M09,152.8
PCU337---337---,2004,M10,153.4
PCU337---337---,2004,M11,154.6
PCU337---337---,2004,M12,155.1
PCU337---337---,2004,M13,151.5
PCU337---337---,2005,M01,155.5
PCU337---337---,2005,M02,156.2
PCU337---337---,2005,M03,156.2
PCU337---337---,2005,M04,156.7
PCU337---337---,2005,M05,157.5
PCU337---337---,2005,M06,157.8
PCU337---337---,2005,M07,158.4
PCU337---337---,2005,M08,158.3
PCU337---337---,2005,M09,158.7
PCU337---337---,2005,M10,159.2
PCU337---337---,2005,M11,159.4
PCU337---337---,2005,M12,160.0
PCU337---337---,2005,M13,157.8
PCU337---337---,2006,M01,160.7
PCU337---337---,2006,M02,161.3
PCU337---337---,2006,M03,161.5
PCU337---337---,2006,M04,161.6
PCU337---337---,2006,M05,162.3
PCU337---337---,2006,M06,162.5
PCU337---337---,2006,M07,162.9
PCU337---337---,2006,M08,163.0
PCU337---337---,2006,M09,163.1
PCU337---337---,2006,M10,163.5
PCU337---337---,2006,M11,163.6
PCU337---337---,2006,M12,163.6
PCU337---337---,2006,M13,162.5
PCU337---337---,2007,M01,164.5
PCU337---337---,2007,M02,165.3
PCU337---337---,2007,M03,165.2
PCU337---337---,2007,M04,165.5
PCU337---337---,2007,M05,165.7
PCU337---337---,2007,M06,165.9
PCU337---337---,2007,M07,165.6
PCU337---337---,2007,M08,165.7
PCU337---337---,2007,M09,165.9
PCU337---337---,2007,M10,166.1
PCU337---337---,2007,M11,166.6
PCU337---337---,2007,M12,166.4
PCU337---337---,2007,M13,165.7
PCU337---337---,2008,M01,167.1
PCU337---337---,2008,M02,167.8
PCU337---337---,2008,M03,168.3
PCU337---337---,2008,M04,169.5
PCU337---337---,2008,M05,170.2
PCU337---337---,2008,M06,171.3
PCU337---337---,2008,M07,172.3
PCU337---337---,2008,M08,173.5
PCU337---337---,2008,M09,174.3
PCU337---337---,2008,M10,175.1
PCU337---337---,2008,M11,175.3
PCU337---337---,2008,M12,175.7
PCU337---337---,2008,M13,171.7
PCU337---337---,2009,M01,176.1
PCU337---337---,2009,M02,177.0
PCU337---337---,2009,M03,176.8
PCU337---337---,2009,M04,176.7
PCU337---337---,2009,M05,176.9
PCU337---337---,2009,M06,176.8
PCU337---337---,2009,M07,177.0
PCU337---337---,2009,M08,176.2
PCU337---337---,2009,M09,176.6
PCU337---337---,2009,M10,176.7
PCU337---337---,2009,M11,176.4
PCU337---337---,2009,M12,176.4
PCU337---337---,2009,M13,176.6
PCU337---337---,2010,M01,176.2
PCU337---337---,2010,M02,176.0
PCU337---337---,2010,M03,176.4
PCU337---337---,2010,M04,176.9
PCU337---337---,2010,M05,176.7
PCU337---337---,2010,M06,177.3
PCU337---337---,2010,M07,177.6
PCU337---337---,2010,M08,177.6
PCU337---337---,2010,M09,177.7
PCU337---337---,2010,M10,177.8
PCU337---337---,2010,M11,177.9
PCU337---337---,2010,M12,177.7
PCU337---337---,2010,M13,177.1
PCU337---337---,2011,M01,178.2
PCU337---337---,2011,M02,178.9
PCU337---337---,2011,M03,179.9
PCU337---337---,2011,M04,180.2
PCU337---337---,2011,M05,180.5
PCU337---337---,2011,M06,180.8
PCU337---337---,2011,M07,181.5
PCU337---337---,2011,M08,181.7
PCU337---337---,2011,M09,182.2
PCU337---337---,2011,M10,182.4
PCU337---337---,2011,M11,182.7
PCU337---337---,2011,M12,183.0
PCU337---337---,2011,M13,181.0
PCU337---337---,2012,M01,183.5
PCU337---337---,2012,M02,184.0
PCU337---337---,2012,M03,184.0
PCU337---337---,2012,M04,184.5
PCU337---337---,2012,M05,184.7
PCU337---337---,2012,M06,185.0
PCU337---337---,2012,M07,185.4
PCU337---337---,2012,M08,185.4
PCU337---337---,2012,M09,185.7
PCU337---337---,2012,M10,186.2
PCU337---337---,2012,M11,186.2
PCU337---337---,2012,M12,185.7
PCU337---337---,2012,M13,185.0
PCU337---337---,2013,M01,186.4
PCU337---337---,2013,M02,186.5
PCU337---337---,2013,M03,186.7
PCU337---337---,2013,M04,187.5
PCU337---337---,2013,M05,188.0
PCU337---337---,2013,M06,187.9
PCU337---337---,2013,M07,187.9
PCU337---337---,2013,M08,188.0
PCU337---337---,2013,M09,188.4
PCU337---337---,2013,M10,188.4
PCU337---337---,2013,M11,188.7
PCU337---337---,2013,M12,188.2
PCU337---337---,2013,M13,187.7
PCU337---337---,2014,M01,189.1
PCU337---337---,2014,M02,189.4
PCU337---337---,2014,M03,189.6
PCU337---337---,2014,M04,189.9
PCU337---337---,2014,M05,190.8
PCU337---337---,2014,M06,191.2
PCU337---337---,2014,M07,192.1
PCU337---337---,2014,M08,192.3
PCU337---337---,2014,M09,192.6
PCU337---337---,2014,M10,192.7
PCU337---337---,2014,M11,192.0
PCU337---337---,2014,M12,192.2
PCU337---337---,2014,M13,191.2
PCU337---337---,2015,M01,193.0
PCU337---337---,2015,M02,193.1
PCU337---337---,2015,M03,193.4
PCU337---337---,2015,M04,193.9
PCU337---337---,2015,M05,194.0
PCU337---337---,2015,M06,194.2
PCU337---337---,2015,M07,194.2
PCU337---337---,2015,M08,194.4
PCU337---337---,2015,M09,194.5
PCU337---337---,2015,M10,194.6
PCU337---337---,2015,M11,194.6
PCU337---337---,2015,M12,194.7
PCU337---337---,2015,M13,194.1
PCU337---337---,2016,M01,195.2
PCU337---337---,2016,M02,195.2
PCU337---337---,2016,M03,195.3
PCU337---337---,2016,M04,195.1
PCU337---337---,2016,M05,195.0
PCU337---337---,2016,M06,195.4
PCU337---337---,2016,M07,195.4
PCU337---337---,2016,M08,195.6
PCU337---337---,2016,M09,195.8
PCU337---337---,2016,M10,195.5
PCU337---337---,2016,M11,195.6
PCU337---337---,2016,M12,195.9
PCU337---337---,2016,M13,195.4
PCU337---337---,2017,M01,196.0
PCU337---337---,2017,M02,197.4
PCU337---337---,2017,M03,197.8
PCU337---337---,2017,M04,198.2
PCU337---337---,2017,M05,198.5
PCU337---337---,2017,M06,198.2
PCU337---337---,2017,M07,198.5
PCU337---337---,2017,M08,198.8
PCU337---337---,2017,M09,198.6
PCU337---337---,2017,M10,198.6
PCU337---337---,2017,M11,198.9
PCU337---337---,2017,M12,200.3
PCU337---337---,2017,M13,198.3
PCU337---337---,2018,M01,201.1
PCU337---337---,2018,M02,201.4
PCU337---337---,2018,M03,201.8
PCU337---337---,2018,M04,202.8
PCU337---337---,2018,M05,203.3
PCU337---337---,2018,M06,204.5
PCU337---337---,2018,M07,204.0
PCU337---337---,2018,M08,204.3
PCU337---337---,2018,M09,205.0
PCU337---337---,2018,M10,206.2
PCU337---337---,2018,M11,206.5
PCU337---337---,2018,M12,207.2
PCU337---337---,2018,M13,204.0
PCU337---337---,2019,M01,208.3
PCU337---337---,2019,M02,208.8
PCU337---337---,2019,M03,208.6
PCU337---337---,2019,M04,208.7
PCU337---337---,2019,M05,210.5
PCU337---337---,2019,M06,210.4
PCU337---337---,2019,M07,211.1
PCU337---337---,2019,M08,210.9
PCU337---337---,2019,M09,211.2
PCU337---337---,2019,M10,211.6
PCU337---337---,2019,M11,211.6
PCU337---337---,2019,M12,212.0
PCU337---337---,2019,M13,210.3
PCU337---337---,2020,M01,212.7
PCU337---337---,2020,M02,212.9
PCU337---337---,2020,M03,213.8
PCU337---337---,2020,M04,213.8
PCU337---337---,2020,M05,214.2
PCU337---337---,2020,M06,214.1
PCU337---337---,2020,M07,214.5
PCU337---337---,2020,M08,214.3
PCU337---337---,2020,M09,214.8
PCU337---337---,2020,M10,214.8
PCU337---337---,2020,M11,214.7
PCU337---337---,2020,M12,214.9
PCU337---337---,2020,M13,214.1
PCU337---337---,2021,M01,215.6
PCU337---337---,2021,M02,217.2
PCU337---337---,2021,M03,220.0
PCU337---337---,2021,M04,222.1
PCU337---337---,2021,M05,224.7
PCU337---337---,2021,M06,229.5
PCU337---337---,2021,M07,231.546
PCU337---337---,2021,M08,232.667
PCU337---337---,2021,M09,235.987
PCU337---337---,2021,M10,236.922
PCU337---337---,2021,M11,238.378
PCU337---337---,2021,M12,239.938
PCU337---337---,2021,M13,228.724
PCU337---337---,2022,M01,244.386
PCU337---337---,2022,M02,246.518
PCU337---337---,2022,M03,250.193
PCU337---337---,2022,M04,252.081
PCU337---337---,2022,M05,254.79
PCU337---337---,2022,M06,257.551
PCU337---337---,2022,M07,259.27
PCU337---337---,2022,M08,261.192
PCU337---337---,2022,M09,262.661
PCU337---337---,2022,M10,262.581
PCU337---337---,2022,M11,265.053
PCU337---337---,2022,M12,266.701
PCU337---337---,2022,M13,256.915
PCU337---337---,2023,M01,267.118
PCU337---337---,2023,M02,267.861
PCU337---337---,2023,M03,268.501
PCU337---337---,2023,M04,268.433
PCU337---337---,2023,M05,268.849
PCU337---337---,2023,M06,268.778
PCU337---337---,2023,M07,269.692
PCU337---337---,2023,M08,269.238
PCU337---337---,2023,M09,269.002
PCU337---337---,2023,M10,268.159
PCU337---337---,2023,M11,268.535
PCU337---337---,2023,M12,267.876
PCU337---337---,2023,M13,268.504
PCU337---337---,2024,M01,268.457
PCU337---337---,2024,M02,270.74
PCU337---337---,2024,M03,271.143
PCU337---337---,2024,M04,271.373
PCU337---337---,2024,M05,272.287
PCU337---337---,2024,M06,272.624
PCU337---337---,2024,M07,272.631
PCU337---337---,2024,M08,273.211
PCU337---337---,2024,M09,274.416
PCU337---337---,2024,M10,274.671
PCU337---337---,2024,M11,274.981
PCU337---337---,2024,M12,275.139
PCU337---337---,2024,M13,272.639
PCU337---337---,2025,M01,275.792
PCU337---337---,2025,M02,277.676
PCU337---337---,2025,M03,277.93
PCU337---337---,2025,M04,279.319
PCU337---337---,2025,M05,280.603
PCU337---337---,2025,M06,282.581
PCU337---337---,2025,M07,283.82
PCU337---337---,2025,M08,284.135
PCU337---337---,2025,M09,284.516
PCU337---337---,2025,M10,285.596
PCU337---337---,2025,M11,285.347
PCU337---337---,2025,M12,286.48
PCU337---337---,2025,M13,281.983
PCU337---337---,2026,M01,287.196
PCU337---337---,2026,M02,288.294
PCU337---337---,2026,M03,288.557
PCU337---337---,2026,M04,290.067
PCU337---337---,2026,M05,291.635
PCU337---337---,2026,M06,295.87
PCU337---337---,2026,M07,296.45
PCU337---337---,2026,M08,297.19
PCU339---339---,2003,M12,100.0
PCU339---339---,2004,M01,100.5
PCU339---339---,2004,M02,100.9
PCU339---339---,2004,M03,100.8
PCU339---339---,2004,M04,101.0
PCU339---339---,2004,M05,100.9
PCU339---339---,2004,M06,101.2
PCU339---339---,2004,M07,101.2
PCU339---339---,2004,M08,101.4
PCU339---339---,2004,M09,101.8
PCU339---339---,2004,M10,101.3
PCU339---339---,2004,M11,101.3
PCU339---339---,2004,M12,101.6
PCU339---339---,2004,M13,101.2
PCU339---339---,2005,M01,102.2
PCU339---339---,2005,M02,102.5
PCU339---339---,2005,M03,102.7
PCU339---339---,2005,M04,102.6
PCU339---339---,2005,M05,102.8
PCU339---339---,2005,M06,102.9
PCU339---339---,2005,M07,102.9
PCU339---339---,2005,M08,103.0
PCU339---339---,2005,M09,103.1
PCU339---339---,2005,M10,103.3
PCU339---339---,2005,M11,103.3
PCU339---339---,2005,M12,103.6
PCU339---339---,2005,M13,102.9
PCU339---339---,2006,M01,104.0
PCU339---339---,2006,M02,103.9
PCU339---339---,2006,M03,104.2
PCU339---339---,2006,M04,104.5
PCU339---339---,2006,M05,104.9
PCU339---339---,2006,M06,104.8
PCU339---339---,2006,M07,105.1
PCU339---339---,2006,M08,105.2
PCU339---339---,2006,M09,104.9
PCU339---339---,2006,M10,104.8
PCU339---339---,2006,M11,105.3
PCU339---339---,2006,M12,105.4
PCU339---339---,2006,M13,104.7
PCU339---339---,2007,M01,106.1
PCU339---339---,2007,M02,106.5
PCU339---339---,2007,M03,106.8
PCU339---339---,2007,M04,106.8
PCU339---339---,2007,M05,107.1
PCU339---339---,2007,M06,107.0
PCU339---339---,2007,M07,106.9
PCU339---339---,2007,M08,107.0
PCU339---339---,2007,M09,107.1
PCU339---339---,2007,M10,107.2
PCU339---339---,2007,M11,107.5
PCU339---339---,2007,M12,107.7
PCU339---339---,2007,M13,107.0
PCU339---339---,2008,M01,108.5
PCU339---339---,2008,M02,108.7
PCU339---339---,2008,M03,109.2
PCU339---339---,2008,M04,109.3
PCU339---339---,2008,M05,109.4
PCU339---339---,2008,M06,109.9
PCU339---339---,2008,M07,110.8
PCU339---339---,2008,M08,110.5
PCU339---339---,2008,M09,110.4
PCU339---339---,2008,M10,110.6
PCU339---339---,2008,M11,110.4
PCU339---339---,2008,M12,110.8
PCU339---339---,2008,M13,109.9
PCU339---339---,2009,M01,111.4
PCU339---339---,2009,M02,111.4
PCU339---339---,2009,M03,111.6
PCU339---339---,2009,M04,111.7
PCU339---339---,2009,M05,111.3
PCU339---339---,2009,M06,111.4
PCU339---339---,2009,M07,111.2
PCU339---339---,2009,M08,111.3
PCU339---339---,2009,M09,111.4
PCU339---339---,2009,M10,111.6
PCU339---339---,2009,M11,111.8
PCU339---339---,2009,M12,112.0
PCU339---339---,2009,M13,111.5
PCU339---339---,2010,M01,112.1
PCU339---339---,2010,M02,112.1
PCU339---339---,2010,M03,112.5
PCU339---339---,2010,M04,112.6
PCU339---339---,2010,M05,112.6
PCU339---339---,2010,M06,112.7
PCU339---339---,2010,M07,113.2
PCU339---339---,2010,M08,113.3
PCU339---339---,2010,M09,113.3
PCU339---339---,2010,M10,113.8
PCU339---339---,2010,M11,113.9
PCU339---339---,2010,M12,113.9
PCU339---339---,2010,M13,113.0
PCU339---339---,2011,M01,114.4
PCU339---339---,2011,M02,114.9
PCU339---339---,2011,M03,115.1
PCU339---339---,2011,M04,115.5
PCU339---339---,2011,M05,115.5
PCU339---339---,2011,M06,115.8
PCU339---339---,2011,M07,116.1
PCU339---339---,2011,M08,116.3
PCU339---339---,2011,M09,116.4
PCU339---339---,2011,M10,116.5
PCU339---339---,2011,M11,116.6
PCU339---339---,2011,M12,116.7
PCU339---339---,2011,M13,115.8
PCU339---339---,2012,M01,116.9
PCU339---339---,2012,M02,117.7
PCU339---339---,2012,M03,117.7
PCU339---339---,2012,M04,117.5
PCU339---339---,2012,M05,117.3
PCU339---339---,2012,M06,117.5
PCU339---339---,2012,M07,117.6
PCU339---339---,2012,M08,117.6
PCU339---339---,2012,M09,117.9
PCU339---339---,2012,M10,117.6
PCU339---339---,2012,M11,117.8
PCU339---339---,2012,M12,118.0
PCU339---339---,2012,M13,117.6
PCU339---339---,2013,M01,118.2
PCU339---339---,2013,M02,118.4
PCU339---339---,2013,M03,118.6
PCU339---339---,2013,M04,118.8
PCU339---339---,2013,M05,118.9
PCU339---339---,2013,M06,118.7
PCU339---339---,2013,M07,118.6
PCU339---339---,2013,M08,118.8
PCU339---339---,2013,M09,118.7
PCU339---339---,2013,M10,118.6
PCU339---339---,2013,M11,118.8
PCU339---339---,2013,M12,118.7
PCU339---339---,2013,M13,118.7
PCU339---339---,2014,M01,119.0
PCU339---339---,2014,M02,119.2
PCU339---339---,2014,M03,118.6
PCU339---339---,2014,M04,118.7
PCU339---339---,2014,M05,118.7
PCU339---339---,2014,M06,118.7
PCU339---339---,2014,M07,118.9
PCU339---339---,2014,M08,119.0
PCU339---339---,2014,M09,118.8
PCU339---339---,2014,M10,118.8
PCU339---339---,2014,M11,118.7
PCU339---339---,2014,M12,119.2
PCU339---339---,2014,M13,118.9
PCU339---339---,2015,M01,119.8
PCU339---339---,2015,M02,120.0
PCU339---339---,2015,M03,119.9
PCU339---339---,2015,M04,120.0
PCU339---339---,2015,M05,120.1
PCU339---339---,2015,M06,119.9
PCU339---339---,2015,M07,120.1
PCU339---339---,2015,M08,120.1
PCU339---339---,2015,M09,120.1
PCU339---339---,2015,M10,120.4
PCU339---339---,2015,M11,120.0
PCU339---339---,2015,M12,120.2
PCU339---339---,2015,M13,120.1
PCU339---339---,2016,M01,120.6
PCU339---339---,2016,M02,120.9
PCU339---339---,2016,M03,121.1
PCU339---339---,2016,M04,121.4
PCU339---339---,2016,M05,121.4
PCU339---339---,2016,M06,121.3
PCU339---339---,2016,M07,121.5
PCU339---339---,2016,M08,121.6
PCU339---339---,2016,M09,121.5
PCU339---339---,2016,M10,121.4
PCU339---339---,2016,M11,121.5
PCU339---339---,2016,M12,121.5
PCU339---339---,2016,M13,121.3
PCU339---339---,2017,M01,121.8
PCU339---339---,2017,M02,122.2
PCU339---339---,2017,M03,122.1
PCU339---339---,2017,M04,122.2
PCU339---339---,2017,M05,122.0
PCU339---339---,2017,M06,122.1
PCU339---339---,2017,M07,122.2
PCU339---339---,2017,M08,122.3
PCU339---339---,2017,M09,122.2
PCU339---339---,2017,M10,122.1
PCU339---339---,2017,M11,122.1
PCU339---339---,2017,M12,122.3
PCU339---339---,2017,M13,122.1
PCU339---339---,2018,M01,122.9
PCU339---339---,2018,M02,123.1
PCU339---339---,2018,M03,123.0
PCU339---339---,2018,M04,123.3
PCU339---339---,2018,M05,123.5
PCU339---339---,2018,M06,123.7
PCU339---339---,2018,M07,123.5
PCU339---339---,2018,M08,123.6
PCU339---339---,2018,M09,123.6
PCU339---339---,2018,M10,123.9
PCU339---339---,2018,M11,124.1
PCU339---339---,2018,M12,124.2
PCU339---339---,2018,M13,123.5
PCU339---339---,2019,M01,125.8
PCU339---339---,2019,M02,126.2
PCU339---339---,2019,M03,126.3
PCU339---339---,2019,M04,126.2
PCU339---339---,2019,M05,126.2
PCU339---339---,2019,M06,126.1
PCU339---339---,2019,M07,126.4
PCU339---339---,2019,M08,126.5
PCU339---339---,2019,M09,127.0
PCU339---339---,2019,M10,127.3
PCU339---339---,2019,M11,127.3
PCU339---339---,2019,M12,127.4
PCU339---339---,2019,M13,126.5
PCU339---339---,2020,M01,128.0
PCU339---339---,2020,M02,128.3
PCU339---339---,2020,M03,128.6
PCU339---339---,2020,M04,128.4
PCU339---339---,2020,M05,128.2
PCU339---339---,2020,M06,128.3
PCU339---339---,2020,M07,128.4
PCU339---339---,2020,M08,128.8
PCU339---339---,2020,M09,128.9
PCU339---339---,2020,M10,129.2
PCU339---339---,2020,M11,129.3
PCU339---339---,2020,M12,129.2
PCU339---339---,2020,M13,128.6
PCU339---339---,2021,M01,129.6
PCU339---339---,2021,M02,129.7
PCU339---339---,2021,M03,129.9
PCU339---339---,2021,M04,130.5
PCU339---339---,2021,M05,131.1
PCU339---339---,2021,M06,131.6
PCU339---339---,2021,M07,131.865
PCU339---339---,2021,M08,131.685
PCU339---339---,2021,M09,131.502
PCU339---339---,2021,M10,131.927
PCU339---339---,2021,M11,132.436
PCU339---339---,2021,M12,132.447
PCU339---339---,2021,M13,131.183
PCU339---339---,2022,M01,135.237
PCU339---339---,2022,M02,136.009
PCU339---339---,2022,M03,137.642
PCU339---339---,2022,M04,138.187
PCU339---339---,2022,M05,138.815
PCU339---339---,2022,M06,139.17
PCU339---339---,2022,M07,139.642
PCU339---339---,2022,M08,140.333
PCU339---339---,2022,M09,140.428
PCU339---339---,2022,M10,140.967
PCU339---339---,2022,M11,141.341
PCU339---339---,2022,M12,141.735
PCU339---339---,2022,M13,139.126
PCU339---339---,2023,M01,143.404
PCU339---339---,2023,M02,143.318
PCU339---339---,2023,M03,143.731
PCU339---339---,2023,M04,143.764
PCU339---339---,2023,M05,144.591
PCU339---339---,2023,M06,145.048
PCU339---339---,2023,M07,144.951
PCU339---339---,2023,M08,145.002
PCU339---339---,2023,M09,145.077
PCU339---339---,2023,M10,145.253
PCU339---339---,2023,M11,145.617
PCU339---339---,2023,M12,145.85
PCU339---339---,2023,M13,144.634
PCU339---339---,2024,M01,147.121
PCU339---339---,2024,M02,147.577
PCU339---339---,2024,M03,148.18
PCU339---339---,2024,M04,148.61
PCU339---339---,2024,M05,149.376
PCU339---339---,2024,M06,149.47
PCU339---339---,2024,M07,150.016
PCU339---339---,2024,M08,150.321
PCU339---339---,2024,M09,150.477
PCU339---339---,2024,M10,150.905
PCU339---339---,2024,M11,150.821
PCU339---339---,2024,M12,151.064
PCU339---339---,2024,M13,149.495
PCU339---339---,2025,M01,152.436
PCU339---339---,2025,M02,152.882
PCU339---339---,2025,M03,153.125
PCU339---339---,2025,M04,153.372
PCU339---339---,2025,M05,153.886
PCU339---339---,2025,M06,154.031
PCU339---339---,2025,M07,154.308
PCU339---339---,2025,M08,154.492
PCU339---339---,2025,M09,155.448
PCU339---339---,2025,M10,156.675
PCU339---339---,2025,M11,157.092
PCU339---339---,2025,M12,157.99
PCU339---339---,2025,M13,154.645
PCU339---339---,2026,M01,160.045
PCU339---339---,2026,M02,159.706
PCU339---339---,2026,M03,159.607
PCU339---339---,2026,M04,160.054
PCU339---339---,2026,M05,161.647
PCU339---339---,2026,M06,160.963
PCU339---339---,2026,M07,160.625
PCU339---339---,2026,M08,161.038
PCU481---481---,1998,M01,122.6
PCU481---481---,1998,M02,123.7
PCU481---481---,1998,M03,123.7
PCU481---481---,1998,M04,124.3
PCU481---481---,1998,M05,124.3
PCU481---481---,1998,M06,124.2
PCU481---481---,1998,M07,124.2
PCU481---481---,1998,M08,124.3
PCU481---481---,1998,M09,125.2
PCU481---481---,1998,M10,125.4
PCU481---481---,1998,M11,126.1
PCU481---481---,1998,M12,126.5
PCU481---481---,1998,M13,124.5
PCU481---481---,1999,M01,126.6
PCU481---481---,1999,M02,128.4
PCU481---481---,1999,M03,128.9
PCU481---481---,1999,M04,129.6
PCU481---481---,1999,M05,130.0
PCU481---481---,1999,M06,130.9
PCU481---481---,1999,M07,131.4
PCU481---481---,1999,M08,131.7
PCU481---481---,1999,M09,131.8
PCU481---481---,1999,M10,133.1
PCU481---481---,1999,M11,133.4
PCU481---481---,1999,M12,134.2
PCU481---481---,1999,M13,130.8
PCU481---481---,2000,M01,141.0
PCU481---481---,2000,M02,141.6
PCU481---481---,2000,M03,144.3
PCU481---481---,2000,M04,145.4
PCU481---481---,2000,M05,146.0
PCU481---481---,2000,M06,147.2
PCU481---481---,2000,M07,147.6
PCU481---481---,2000,M08,147.9
PCU481---481---,2000,M09,151.5
PCU481---481---,2000,M10,152.5
PCU481---481---,2000,M11,152.7
PCU481---481---,2000,M12,154.3
PCU481---481---,2000,M13,147.7
PCU481---481---,2001,M01,154.3
PCU481---481---,2001,M02,155.1
PCU481---481---,2001,M03,156.3
PCU481---481---,2001,M04,157.5
PCU481---481---,2001,M05,156.7
PCU481---481---,2001,M06,157.6
PCU481---481---,2001,M07,158.7
PCU481---481---,2001,M08,159.0
PCU481---481---,2001,M09,158.5
PCU481---481---,2001,M10,158.9
PCU481---481---,2001,M11,156.8
PCU481---481---,2001,M12,157.1
PCU481---481---,2001,M13,157.2
PCU481---481---,2002,M01,157.1
PCU481---481---,2002,M02,157.1
PCU481---481---,2002,M03,156.8
PCU481---481---,2002,M04,156.3
PCU481---481---,2002,M05,156.2
PCU481---481---,2002,M06,156.8
PCU481---481---,2002,M07,157.9
PCU481---481---,2002,M08,158.0
PCU481---481---,2002,M09,158.6
PCU481---481---,2002,M10,160.1
PCU481---481---,2002,M11,159.4
PCU481---481---,2002,M12,159.8
PCU481---481---,2002,M13,157.8
PCU481---481---,2003,M01,161.4
PCU481---481---,2003,M02,160.2
PCU481---481---,2003,M03,161.8
PCU481---481---,2003,M04,162.2
PCU481---481---,2003,M05,162.0
PCU481---481---,2003,M06,162.3
PCU481---481---,2003,M07,162.6
PCU481---481---,2003,M08,163.1
PCU481---481---,2003,M09,162.0
PCU481---481---,2003,M10,162.2
PCU481---481---,2003,M11,162.3
PCU481---481---,2003,M12,162.7
PCU481---481---,2003,M13,162.1
PCU481---481---,2004,M01,163.3
PCU481---481---,2004,M02,163.6
PCU481---481---,2004,M03,162.0
PCU481---481---,2004,M04,162.3
PCU481---481---,2004,M05,162.2
PCU481---481---,2004,M06,162.8
PCU481---481---,2004,M07,163.9
PCU481---481---,2004,M08,163.4
PCU481---481---,2004,M09,159.8
PCU481---481---,2004,M10,160.9
PCU481---481---,2004,M11,162.2
PCU481---481---,2004,M12,161.4
PCU481---481---,2004,M13,162.3
PCU481---481---,2005,M01,164.9
PCU481---481---,2005,M02,164.5
PCU481---481---,2005,M03,169.5
PCU481---481---,2005,M04,168.8
PCU481---481---,2005,M05,168.2
PCU481---481---,2005,M06,172.6
PCU481---481---,2005,M07,175.2
PCU481---481---,2005,M08,172.8
PCU481---481---,2005,M09,170.2
PCU481---481---,2005,M10,173.7
PCU481---481---,2005,M11,178.9
PCU481---481---,2005,M12,173.2
PCU481---481---,2005,M13,171.0
PCU481---481---,2006,M01,177.7
PCU481---481---,2006,M02,180.1
PCU481---481---,2006,M03,182.5
PCU481---481---,2006,M04,182.7
PCU481---481---,2006,M05,179.7
PCU481---481---,2006,M06,185.4
PCU481---481---,2006,M07,186.9
PCU481---481---,2006,M08,185.6
PCU481---481---,2006,M09,176.4
PCU481---481---,2006,M10,176.9
PCU481---481---,2006,M11,179.0
PCU481---481---,2006,M12,172.0
PCU481---481---,2006,M13,180.4
PCU481---481---,2007,M01,177.0
PCU481---481---,2007,M02,178.6
PCU481---481---,2007,M03,181.5
PCU481---481---,2007,M04,182.4
PCU481---481---,2007,M05,177.8
PCU481---481---,2007,M06,185.9
PCU481---481---,2007,M07,188.0
PCU481---481---,2007,M08,189.1
PCU481---481---,2007,M09,180.5
PCU481---481---,2007,M10,187.2
PCU481---481---,2007,M11,189.4
PCU481---481---,2007,M12,187.1
PCU481---481---,2007,M13,183.7
PCU481---481---,2008,M01,192.0
PCU481---481---,2008,M02,191.8
PCU481---481---,2008,M03,198.6
PCU481---481---,2008,M04,199.5
PCU481---481---,2008,M05,203.7
PCU481---481---,2008,M06,213.5
PCU481---481---,2008,M07,213.6
PCU481---481---,2008,M08,213.0
PCU481---481---,2008,M09,208.6
PCU481---481---,2008,M10,209.3
PCU481---481---,2008,M11,203.8
PCU481---481---,2008,M12,198.5
PCU481---481---,2008,M13,203.8
PCU481---481---,2009,M01,198.4
PCU481---481---,2009,M02,190.5
PCU481---481---,2009,M03,187.6
PCU481---481---,2009,M04,187.2
PCU481---481---,2009,M05,179.5
PCU481---481---,2009,M06,182.2
PCU481---481---,2009,M07,185.5
PCU481---481---,2009,M08,189.6
PCU481---481---,2009,M09,184.5
PCU481---481---,2009,M10,188.5
PCU481---481---,2009,M11,193.3
PCU481---481---,2009,M12,194.7
PCU481---481---,2009,M13,188.5
PCU481---481---,2010,M01,199.6
PCU481---481---,2010,M02,199.5
PCU481---481---,2010,M03,203.2
PCU481---481---,2010,M04,205.8
PCU481---481---,2010,M05,202.9
PCU481---481---,2010,M06,208.0
PCU481---481---,2010,M07,209.1
PCU481---481---,2010,M08,205.2
PCU481---481---,2010,M09,196.0
PCU481---481---,2010,M10,201.0
PCU481---481---,2010,M11,202.5
PCU481---481---,2010,M12,202.6
PCU481---481---,2010,M13,202.9
PCU481---481---,2011,M01,208.0
PCU481---481---,2011,M02,211.0
PCU481---481---,2011,M03,220.2
PCU481---481---,2011,M04,219.6
PCU481---481---,2011,M05,218.9
PCU481---481---,2011,M06,219.5
PCU481---481---,2011,M07,220.0
PCU481---481---,2011,M08,224.0
PCU481---481---,2011,M09,216.2
PCU481---481---,2011,M10,220.2
PCU481---481---,2011,M11,220.0
PCU481---481---,2011,M12,221.8
PCU481---481---,2011,M13,218.3
PCU481---481---,2012,M01,224.3
PCU481---481---,2012,M02,228.2
PCU481---481---,2012,M03,232.3
PCU481---481---,2012,M04,233.3
PCU481---481---,2012,M05,230.4
PCU481---481---,2012,M06,233.7
PCU481---481---,2012,M07,230.0
PCU481---481---,2012,M08,230.5
PCU481---481---,2012,M09,219.2
PCU481---481---,2012,M10,224.2
PCU481---481---,2012,M11,222.7
PCU481---481---,2012,M12,221.8
PCU481---481---,2012,M13,227.6
PCU481---481---,2013,M01,225.4
PCU481---481---,2013,M02,223.9
PCU481---481---,2013,M03,229.3
PCU481---481---,2013,M04,223.6
PCU481---481---,2013,M05,221.4
PCU481---481---,2013,M06,228.3
PCU481---481---,2013,M07,230.1
PCU481---481---,2013,M08,231.4
PCU481---481---,2013,M09,220.3
PCU481---481---,2013,M10,225.3
PCU481---481---,2013,M11,220.9
PCU481---481---,2013,M12,232.2
PCU481---481---,2013,M13,226.0
PCU481---481---,2014,M01,227.1
PCU481---481---,2014,M02,222.6
PCU481---481---,2014,M03,231.1
PCU481---481---,2014,M04,232.6
PCU481---481---,2014,M05,230.8
PCU481---481---,2014,M06,236.2
PCU481---481---,2014,M07,235.5
PCU481---481---,2014,M08,237.0
PCU481---481---,2014,M09,225.5
PCU481---481---,2014,M10,226.9
PCU481---481---,2014,M11,226.0
PCU481---481---,2014,M12,229.1
PCU481---481---,2014,M13,230.0
PCU481---481---,2015,M01,227.8
PCU481---481---,2015,M02,224.5
PCU481---481---,2015,M03,228.8
PCU481---481---,2015,M04,225.5
PCU481---481---,2015,M05,222.8
PCU481---481---,2015,M06,227.6
PCU481---481---,2015,M07,226.8
PCU481---481---,2015,M08,221.6
PCU481---481---,2015,M09,212.1
PCU481---481---,2015,M10,216.7
PCU481---481---,2015,M11,214.5
PCU481---481---,2015,M12,211.9
PCU481---481---,2015,M13,221.7
PCU481---481---,2016,M01,218.1
PCU481---481---,2016,M02,216.1
PCU481---481---,2016,M03,222.4
PCU481---481---,2016,M04,218.8
PCU481---481---,2016,M05,211.7
PCU481---481---,2016,M06,219.9
PCU481---481---,2016,M07,222.8
PCU481---481---,2016,M08,219.0
PCU481---481---,2016,M09,205.7
PCU481---481---,2016,M10,211.3
PCU481---481---,2016,M11,213.6
PCU481---481---,2016,M12,221.0
PCU481---481---,2016,M13,216.7
PCU481---481---,2017,M01,221.8
PCU481---481---,2017,M02,221.2
PCU481---481---,2017,M03,218.3
PCU481---481---,2017,M04,222.7
PCU481---481---,2017,M05,216.6
PCU481---481---,2017,M06,224.4
PCU481---481---,2017,M07,220.0
PCU481---481---,2017,M08,215.7
PCU481---481---,2017,M09,211.7
PCU481---481---,2017,M10,220.1
PCU481---481---,2017,M11,222.2
PCU481---481---,2017,M12,214.4
PCU481---481---,2017,M13,219.1
PCU481---481---,2018,M01,214.2
PCU481---481---,2018,M02,218.2
PCU481---481---,2018,M03,226.6
PCU481---481---,2018,M04,226.9
PCU481---481---,2018,M05,222.3
PCU481---481---,2018,M06,227.7
PCU481---481---,2018,M07,226.8
PCU481---481---,2018,M08,221.8
PCU481---481---,2018,M09,221.2
PCU481---481---,2018,M10,229.2
PCU481---481---,2018,M11,234.0
PCU481---481---,2018,M12,231.3
PCU481---481---,2018,M13,225.0
PCU481---481---,2019,M01,233.8
PCU481---481---,2019,M02,227.0
PCU481---481---,2019,M03,230.7
PCU481---481---,2019,M04,234.9
PCU481---481---,2019,M05,232.3
PCU481---481---,2019,M06,237.0
PCU481---481---,2019,M07,239.2
PCU481---481---,2019,M08,231.8
PCU481---481---,2019,M09,224.2
PCU481---481---,2019,M10,233.7
PCU481---481---,2019,M11,230.2
PCU481---481---,2019,M12,244.2
PCU481---481---,2019,M13,233.2
PCU481---481---,2020,M01,234.8
PCU481---481---,2020,M02,230.8
PCU481---481---,2020,M03,214.7
PCU481---481---,2020,M04,195.0
PCU481---481---,2020,M05,209.8
PCU481---481---,2020,M06,221.5
PCU481---481---,2020,M07,207.3
PCU481---481---,2020,M08,194.2
PCU481---481---,2020,M09,194.7
PCU481---481---,2020,M10,204.5
PCU481---481---,2020,M11,196.4
PCU481---481---,2020,M12,190.0
PCU481---481---,2020,M13,207.8
PCU481---481---,2021,M01,188.4
PCU481---481---,2021,M02,184.4
PCU481---481---,2021,M03,192.9
PCU481---481---,2021,M04,211.4
PCU481---481---,2021,M05,203.9
PCU481---481---,2021,M06,216.1
PCU481---481---,2021,M07,228.207
PCU481---481---,2021,M08,226.041
PCU481---481---,2021,M09,203.693
PCU481---481---,2021,M10,210.712
PCU481---481---,2021,M11,220.729
PCU481---481---,2021,M12,229.964
PCU481---481---,2021,M13,209.699
PCU481---481---,2022,M01,216.236
PCU481---481---,2022,M02,216.612
PCU481---481---,2022,M03,245.319
PCU481---481---,2022,M04,258.335
PCU481---481---,2022,M05,260.616
PCU481---481---,2022,M06,280.209
PCU481---481---,2022,M07,269.723
PCU481---481---,2022,M08,265.25
PCU481---481---,2022,M09,255.96
PCU481---481---,2022,M10,269.747
PCU481---481---,2022,M11,259.574
PCU481---481---,2022,M12,263.477
PCU481---481---,2022,M13,255.088
PCU481---481---,2023,M01,269.494
PCU481---481---,2023,M02,263.189
PCU481---481---,2023,M03,272.168
PCU481---481---,2023,M04,271.871
PCU481---481---,2023,M05,262.751
PCU481---481---,2023,M06,274.52
PCU481---481---,2023,M07,275.618
PCU481---481---,2023,M08,262.722
PCU481---481---,2023,M09,250.373
PCU481---481---,2023,M10,265.175
PCU481---481---,2023,M11,261.764
PCU481---481---,2023,M12,265.988
PCU481---481---,2023,M13,266.303
PCU481---481---,2024,M01,262.917
PCU481---481---,2024,M02,266.321
PCU481---481---,2024,M03,276.063
PCU481---481---,2024,M04,272.127
PCU481---481---,2024,M05,258.489
PCU481---481---,2024,M06,269.828
PCU481---481---,2024,M07,265.856
PCU481---481---,2024,M08,258.488
PCU481---481---,2024,M09,251.865
PCU481---481---,2024,M10,269.615
PCU481---481---,2024,M11,260.231
PCU481---481---,2024,M12,280.313
PCU481---481---,2024,M13,266.01
PCU481---481---,2025,M01,274.531
PCU481---481---,2025,M02,271.159
PCU481---481---,2025,M03,268.849
PCU481---481---,2025,M04,272.137
PCU481---481---,2025,M05,265.592
PCU481---481---,2025,M06,268.543
PCU481---481---,2025,M07,267.018
PCU481---481---,2025,M08,262.732
PCU481---481---,2025,M09,262.214
PCU481---481---,2025,M10,276.597
PCU481---481---,2025,M11,269.578
PCU481---481---,2025,M12,281.408
PCU481---481---,2025,M13,270.03
PCU481---481---,2026,M01,285.715
PCU481---481---,2026,M02,286.475
PCU481---481---,2026,M03,293.518
PCU481---481---,2026,M04,302.207
PCU481---481---,2026,M05,307.082
PCU481---481---,2026,M06,315.769
PCU481---481---,2026,M07,300.676
PCU481---481---,2026,M08,303.805
PCU482---482---,1998,M01,101.8
PCU482---482---,1998,M02,101.8
PCU482---482---,1998,M03,101.6
PCU482---482---,1998,M04,101.7
PCU482---482---,1998,M05,101.7
PCU482---482---,1998,M06,101.7
PCU482---482---,1998,M07,101.7
PCU482---482---,1998,M08,101.7
PCU482---482---,1998,M09,101.8
PCU482---482---,1998,M10,101.7
PCU482---482---,1998,M11,101.5
PCU482---482---,1998,M12,101.5
PCU482---482---,1998,M13,101.7
PCU482---482---,1999,M01,101.0
PCU482---482---,1999,M02,101.0
PCU482---482---,1999,M03,100.9
PCU482---482---,1999,M04,101.0
PCU482---482---,1999,M05,101.5
PCU482---482---,1999,M06,101.4
PCU482---482---,1999,M07,101.4
PCU482---482---,1999,M08,101.4
PCU482---482---,1999,M09,101.6
PCU482---482---,1999,M10,101.6
PCU482---482---,1999,M11,101.6
PCU482---482---,1999,M12,101.6
PCU482---482---,1999,M13,101.3
PCU482---482---,2000,M01,102.1
PCU482---482---,2000,M02,102.1
PCU482---482---,2000,M03,102.2
PCU482---482---,2000,M04,102.1
PCU482---482---,2000,M05,102.3
PCU482---482---,2000,M06,102.6
PCU482---482---,2000,M07,102.6
PCU482---482---,2000,M08,102.7
PCU482---482---,2000,M09,102.9
PCU482---482---,2000,M10,103.2
PCU482---482---,2000,M11,103.5
PCU482---482---,2000,M12,103.4
PCU482---482---,2000,M13,102.6
PCU482---482---,2001,M01,103.9
PCU482---482---,2001,M02,103.8
PCU482---482---,2001,M03,104.0
PCU482---482---,2001,M04,103.7
PCU482---482---,2001,M05,103.8
PCU482---482---,2001,M06,104.0
PCU482---482---,2001,M07,104.1
PCU482---482---,2001,M08,104.2
PCU482---482---,2001,M09,105.6
PCU482---482---,2001,M10,105.8
PCU482---482---,2001,M11,105.7
PCU482---482---,2001,M12,105.8
PCU482---482---,2001,M13,104.5
PCU482---482---,2002,M01,106.2
PCU482---482---,2002,M02,106.3
PCU482---482---,2002,M03,106.3
PCU482---482---,2002,M04,106.3
PCU482---482---,2002,M05,106.5
PCU482---482---,2002,M06,106.6
PCU482---482---,2002,M07,106.8
PCU482---482---,2002,M08,106.6
PCU482---482---,2002,M09,106.7
PCU482---482---,2002,M10,106.8
PCU482---482---,2002,M11,107.1
PCU482---482---,2002,M12,107.1
PCU482---482---,2002,M13,106.6
PCU482---482---,2003,M01,107.3
PCU482---482---,2003,M02,107.5
PCU482---482---,2003,M03,108.3
PCU482---482---,2003,M04,109.1
PCU482---482---,2003,M05,108.7
PCU482---482---,2003,M06,109.2
PCU482---482---,2003,M07,109.2
PCU482---482---,2003,M08,109.1
PCU482---482---,2003,M09,109.3
PCU482---482---,2003,M10,109.4
PCU482---482---,2003,M11,109.4
PCU482---482---,2003,M12,109.6
PCU482---482---,2003,M13,108.8
PCU482---482---,2004,M01,110.5
PCU482---482---,2004,M02,110.7
PCU482---482---,2004,M03,111.5
PCU482---482---,2004,M04,111.8
PCU482---482---,2004,M05,112.3
PCU482---482---,2004,M06,112.6
PCU482---482---,2004,M07,113.3
PCU482---482---,2004,M08,113.5
PCU482---482---,2004,M09,114.7
PCU482---482---,2004,M10,115.6
PCU482---482---,2004,M11,116.4
PCU482---482---,2004,M12,117.6
PCU482---482---,2004,M13,113.4
PCU482---482---,2005,M01,118.3
PCU482---482---,2005,M02,118.4
PCU482---482---,2005,M03,119.9
PCU482---482---,2005,M04,121.1
PCU482---482---,2005,M05,124.3
PCU482---482---,2005,M06,124.8
PCU482---482---,2005,M07,124.9
PCU482---482---,2005,M08,126.2
PCU482---482---,2005,M09,127.8
PCU482---482---,2005,M10,130.6
PCU482---482---,2005,M11,133.0
PCU482---482---,2005,M12,133.1
PCU482---482---,2005,M13,125.2
PCU482---482---,2006,M01,131.9
PCU482---482---,2006,M02,131.2
PCU482---482---,2006,M03,133.0
PCU482---482---,2006,M04,133.3
PCU482---482---,2006,M05,134.9
PCU482---482---,2006,M06,137.3
PCU482---482---,2006,M07,138.9
PCU482---482---,2006,M08,139.1
PCU482---482---,2006,M09,139.5
PCU482---482---,2006,M10,139.4
PCU482---482---,2006,M11,136.8
PCU482---482---,2006,M12,135.5
PCU482---482---,2006,M13,135.9
PCU482---482---,2007,M01,136.1
PCU482---482---,2007,M02,136.8
PCU482---482---,2007,M03,135.5
PCU482---482---,2007,M04,136.7
PCU482---482---,2007,M05,138.1
PCU482---482---,2007,M06,141.0
PCU482---482---,2007,M07,140.9
PCU482---482---,2007,M08,142.6
PCU482---482---,2007,M09,144.1
PCU482---482---,2007,M10,144.7
PCU482---482---,2007,M11,146.5
PCU482---482---,2007,M12,148.0
PCU482---482---,2007,M13,140.9
PCU482---482---,2008,M01,152.1
PCU482---482---,2008,M02,151.6
PCU482---482---,2008,M03,152.0
PCU482---482---,2008,M04,152.9
PCU482---482---,2008,M05,156.4
PCU482---482---,2008,M06,159.6
PCU482---482---,2008,M07,162.5
PCU482---482---,2008,M08,164.3
PCU482---482---,2008,M09,163.7
PCU482---482---,2008,M10,160.9
PCU482---482---,2008,M11,157.8
PCU482---482---,2008,M12,153.5
PCU482---482---,2008,M13,157.3
PCU482---482---,2009,M01,149.5
PCU482---482---,2009,M02,147.6
PCU482---482---,2009,M03,146.2
PCU482---482---,2009,M04,146.0
PCU482---482---,2009,M05,146.0
PCU482---482---,2009,M06,147.0
PCU482---482---,2009,M07,147.6
PCU482---482---,2009,M08,149.9
PCU482---482---,2009,M09,150.0
PCU482---482---,2009,M10,150.3
PCU482---482---,2009,M11,150.8
PCU482---482---,2009,M12,150.9
PCU482---482---,2009,M13,148.5
PCU482---482---,2010,M01,152.7
PCU482---482---,2010,M02,153.5
PCU482---482---,2010,M03,154.6
PCU482---482---,2010,M04,154.8
PCU482---482---,2010,M05,156.6
PCU482---482---,2010,M06,157.9
PCU482---482---,2010,M07,157.7
PCU482---482---,2010,M08,156.7
PCU482---482---,2010,M09,156.9
PCU482---482---,2010,M10,157.4
PCU482---482---,2010,M11,157.4
PCU482---482---,2010,M12,158.6
PCU482---482---,2010,M13,156.2
PCU482---482---,2011,M01,161.6
PCU482---482---,2011,M02,162.8
PCU482---482---,2011,M03,165.6
PCU482---482---,2011,M04,168.9
PCU482---482---,2011,M05,172.2
PCU482---482---,2011,M06,173.3
PCU482---482---,2011,M07,173.2
PCU482---482---,2011,M08,172.3
PCU482---482---,2011,M09,172.3
PCU482---482---,2011,M10,171.9
PCU482---482---,2011,M11,171.8
PCU482---482---,2011,M12,171.7
PCU482---482---,2011,M13,169.8
PCU482---482---,2012,M01,173.4
PCU482---482---,2012,M02,174.5
PCU482---482---,2012,M03,174.7
PCU482---482---,2012,M04,176.1
PCU482---482---,2012,M05,179.8
PCU482---482---,2012,M06,179.5
PCU482---482---,2012,M07,178.2
PCU482---482---,2012,M08,176.6
PCU482---482---,2012,M09,177.0
PCU482---482---,2012,M10,179.2
PCU482---482---,2012,M11,180.3
PCU482---482---,2012,M12,180.2
PCU482---482---,2012,M13,177.4
PCU482---482---,2013,M01,182.3
PCU482---482---,2013,M02,182.2
PCU482---482---,2013,M03,182.4
PCU482---482---,2013,M04,184.0
PCU482---482---,2013,M05,183.7
PCU482---482---,2013,M06,182.8
PCU482---482---,2013,M07,182.7
PCU482---482---,2013,M08,182.6
PCU482---482---,2013,M09,183.0
PCU482---482---,2013,M10,183.7
PCU482---482---,2013,M11,184.1
PCU482---482---,2013,M12,183.6
PCU482---482---,2013,M13,183.1
PCU482---482---,2014,M01,185.0
PCU482---482---,2014,M02,185.8
PCU482---482---,2014,M03,186.0
PCU482---482---,2014,M04,187.1
PCU482---482---,2014,M05,187.6
PCU482---482---,2014,M06,187.2
PCU482---482---,2014,M07,187.3
PCU482---482---,2014,M08,187.2
PCU482---482---,2014,M09,186.9
PCU482---482---,2014,M10,186.4
PCU482---482---,2014,M11,186.2
PCU482---482---,2014,M12,185.4
PCU482---482---,2014,M13,186.5
PCU482---482---,2015,M01,185.2
PCU482---482---,2015,M02,182.9
PCU482---482---,2015,M03,179.7
PCU482---482---,2015,M04,180.2
PCU482---482---,2015,M05,179.9
PCU482---482---,2015,M06,179.4
PCU482---482---,2015,M07,179.7
PCU482---482---,2015,M08,178.8
PCU482---482---,2015,M09,177.9
PCU482---482---,2015,M10,176.7
PCU482---482---,2015,M11,176.6
PCU482---482---,2015,M12,176.7
PCU482---482---,2015,M13,179.5
PCU482---482---,2016,M01,175.0
PCU482---482---,2016,M02,173.8
PCU482---482---,2016,M03,173.2
PCU482---482---,2016,M04,173.6
PCU482---482---,2016,M05,174.1
PCU482---482---,2016,M06,175.0
PCU482---482---,2016,M07,175.8
PCU482---482---,2016,M08,176.1
PCU482---482---,2016,M09,176.9
PCU482---482---,2016,M10,176.7
PCU482---482---,2016,M11,177.3
PCU482---482---,2016,M12,178.0
PCU482---482---,2016,M13,175.5
PCU482---482---,2017,M01,179.1
PCU482---482---,2017,M02,180.0
PCU482---482---,2017,M03,180.9
PCU482---482---,2017,M04,180.9
PCU482---482---,2017,M05,181.2
PCU482---482---,2017,M06,181.4
PCU482---482---,2017,M07,181.3
PCU482---482---,2017,M08,181.3
PCU482---482---,2017,M09,181.8
PCU482---482---,2017,M10,183.8
PCU482---482---,2017,M11,184.9
PCU482---482---,2017,M12,185.6
PCU482---482---,2017,M13,181.8
PCU482---482---,2018,M01,186.6
PCU482---482---,2018,M02,187.3
PCU482---482---,2018,M03,189.2
PCU482---482---,2018,M04,190.4
PCU482---482---,2018,M05,190.9
PCU482---482---,2018,M06,192.1
PCU482---482---,2018,M07,192.5
PCU482---482---,2018,M08,193.1
PCU482---482---,2018,M09,195.1
PCU482---482---,2018,M10,195.3
PCU482---482---,2018,M11,196.1
PCU482---482---,2018,M12,196.3
PCU482---482---,2018,M13,192.1
PCU482---482---,2019,M01,196.2
PCU482---482---,2019,M02,196.0
PCU482---482---,2019,M03,195.8
PCU482---482---,2019,M04,197.7
PCU482---482---,2019,M05,198.5
PCU482---482---,2019,M06,198.6
PCU482---482---,2019,M07,198.7
PCU482---482---,2019,M08,198.4
PCU482---482---,2019,M09,198.2
PCU482---482---,2019,M10,198.6
PCU482---482---,2019,M11,198.7
PCU482---482---,2019,M12,198.8
PCU482---482---,2019,M13,197.9
PCU482---482---,2020,M01,200.0
PCU482---482---,2020,M02,200.1
PCU482---482---,2020,M03,199.6
PCU482---482---,2020,M04,198.8
PCU482---482---,2020,M05,197.1
PCU482---482---,2020,M06,196.0
PCU482---482---,2020,M07,195.8
PCU482---482---,2020,M08,196.7
PCU482---482---,2020,M09,197.1
PCU482---482---,2020,M10,197.3
PCU482---482---,2020,M11,197.6
PCU482---482---,2020,M12,198.5
PCU482---482---,2020,M13,197.9
PCU482---482---,2021,M01,200.1
PCU482---482---,2021,M02,201.2
PCU482---482---,2021,M03,203.3
PCU482---482---,2021,M04,204.7
PCU482---482---,2021,M05,206.4
PCU482---482---,2021,M06,207.1
PCU482---482---,2021,M07,208.358
PCU482---482---,2021,M08,209.327
PCU482---482---,2021,M09,210.306
PCU482---482---,2021,M10,211.843
PCU482---482---,2021,M11,213.261
PCU482---482---,2021,M12,214.164
PCU482---482---,2021,M13,207.511
PCU482---482---,2022,M01,216.054
PCU482---482---,2022,M02,216.76
PCU482---482---,2022,M03,218.284
PCU482---482---,2022,M04,223.934
PCU482---482---,2022,M05,228.323
PCU482---482---,2022,M06,229.481
PCU482---482---,2022,M07,232.218
PCU482---482---,2022,M08,231.349
PCU482---482---,2022,M09,231.597
PCU482---482---,2022,M10,230.339
PCU482---482---,2022,M11,232.179
PCU482---482---,2022,M12,232.043
PCU482---482---,2022,M13,226.88
PCU482---482---,2023,M01,234.463
PCU482---482---,2023,M02,232.367
PCU482---482---,2023,M03,231.944
PCU482---482---,2023,M04,231.485
PCU482---482---,2023,M05,229.385
PCU482---482---,2023,M06,228.593
PCU482---482---,2023,M07,228.442
PCU482---482---,2023,M08,229.422
PCU482---482---,2023,M09,230.969
PCU482---482---,2023,M10,233.718
PCU482---482---,2023,M11,234.578
PCU482---482---,2023,M12,234.455
PCU482---482---,2023,M13,231.652
PCU482---482---,2024,M01,236.926
PCU482---482---,2024,M02,233.769
PCU482---482---,2024,M03,233.432
PCU482---482---,2024,M04,235.537
PCU482---482---,2024,M05,235.927
PCU482---482---,2024,M06,235.823
PCU482---482---,2024,M07,237.16
PCU482---482---,2024,M08,236.999
PCU482---482---,2024,M09,237.67
PCU482---482---,2024,M10,237.321
PCU482---482---,2024,M11,237.085
PCU482---482---,2024,M12,237.287
PCU482---482---,2024,M13,236.245
PCU482---482---,2025,M01,240.529
PCU482---482---,2025,M02,240.313
PCU482---482---,2025,M03,240.436
PCU482---482---,2025,M04,240.334
PCU482---482---,2025,M05,240.29
PCU482---482---,2025,M06,240.5
PCU482---482---,2025,M07,240.57
PCU482---482---,2025,M08,240.778
PCU482---482---,2025,M09,241.142
PCU482---482---,2025,M10,240.907
PCU482---482---,2025,M11,241.035
PCU482---482---,2025,M12,241.319
PCU482---482---,2025,M13,240.679
PCU482---482---,2026,M01,240.848
PCU482---482---,2026,M02,240.781
PCU482---482---,2026,M03,240.741
PCU482---482---,2026,M04,241.975
PCU482---482---,2026,M05,243.65
PCU482---482---,2026,M06,244.116
PCU482---482---,2026,M07,244.068
PCU482---482---,2026,M08,244.164
PCU483---483---,2003,M12,100.0
PCU483---483---,2004,M01,99.0
PCU483---483---,2004,M02,98.9
PCU483---483---,2004,M03,99.4
PCU483---483---,2004,M04,100.1
PCU483---483---,2004,M05,100.3
PCU483---483---,2004,M06,100.3
PCU483---483---,2004,M07,101.5
PCU483---483---,2004,M08,102.1
PCU483---483---,2004,M09,103.2
PCU483---483---,2004,M10,103.8
PCU483---483---,2004,M11,103.7
PCU483---483---,2004,M12,103.5
PCU483---483---,2004,M13,101.3
PCU483---483---,2005,M01,104.0
PCU483---483---,2005,M02,104.3
PCU483---483---,2005,M03,105.0
PCU483---483---,2005,M04,106.0
PCU483---483---,2005,M05,104.9
PCU483---483---,2005,M06,105.4
PCU483---483---,2005,M07,105.9
PCU483---483---,2005,M08,107.0
PCU483---483---,2005,M09,108.1
PCU483---483---,2005,M10,109.7
PCU483---483---,2005,M11,108.5
PCU483---483---,2005,M12,108.0
PCU483---483---,2005,M13,106.4
PCU483---483---,2006,M01,109.4
PCU483---483---,2006,M02,109.6
PCU483---483---,2006,M03,111.0
PCU483---483---,2006,M04,110.5
PCU483---483---,2006,M05,111.1
PCU483---483---,2006,M06,110.9
PCU483---483---,2006,M07,111.5
PCU483---483---,2006,M08,111.9
PCU483---483---,2006,M09,112.2
PCU483---483---,2006,M10,112.5
PCU483---483---,2006,M11,111.6
PCU483---483---,2006,M12,111.4
PCU483---483---,2006,M13,111.1
PCU483---483---,2007,M01,110.6
PCU483---483---,2007,M02,111.2
PCU483---483---,2007,M03,111.4
PCU483---483---,2007,M04,111.4
PCU483---483---,2007,M05,111.5
PCU483---483---,2007,M06,111.7
PCU483---483---,2007,M07,113.6
PCU483---483---,2007,M08,114.7
PCU483---483---,2007,M09,115.3
PCU483---483---,2007,M10,117.2
PCU483---483---,2007,M11,116.5
PCU483---483---,2007,M12,116.4
PCU483---483---,2007,M13,113.5
PCU483---483---,2008,M01,119.0
PCU483---483---,2008,M02,119.2
PCU483---483---,2008,M03,120.6
PCU483---483---,2008,M04,121.1
PCU483---483---,2008,M05,124.7
PCU483---483---,2008,M06,127.0
PCU483---483---,2008,M07,130.4
PCU483---483---,2008,M08,133.7
PCU483---483---,2008,M09,135.1
PCU483---483---,2008,M10,135.0
PCU483---483---,2008,M11,130.6
PCU483---483---,2008,M12,128.0
PCU483---483---,2008,M13,127.0
PCU483---483---,2009,M01,122.4
PCU483---483---,2009,M02,118.5
PCU483---483---,2009,M03,117.7
PCU483---483---,2009,M04,115.2
PCU483---483---,2009,M05,111.3
PCU483---483---,2009,M06,111.9
PCU483---483---,2009,M07,113.3
PCU483---483---,2009,M08,114.0
PCU483---483---,2009,M09,115.7
PCU483---483---,2009,M10,116.8
PCU483---483---,2009,M11,118.3
PCU483---483---,2009,M12,118.3
PCU483---483---,2009,M13,116.1
PCU483---483---,2010,M01,120.0
PCU483---483---,2010,M02,121.5
PCU483---483---,2010,M03,119.8
PCU483---483---,2010,M04,121.0
PCU483---483---,2010,M05,123.1
PCU483---483---,2010,M06,124.1
PCU483---483---,2010,M07,129.3
PCU483---483---,2010,M08,130.0
PCU483---483---,2010,M09,129.9
PCU483---483---,2010,M10,129.9
PCU483---483---,2010,M11,128.8
PCU483---483---,2010,M12,129.1
PCU483---483---,2010,M13,125.5
PCU483---483---,2011,M01,130.4
PCU483---483---,2011,M02,132.5
PCU483---483---,2011,M03,134.4
PCU483---483---,2011,M04,135.3
PCU483---483---,2011,M05,136.4
PCU483---483---,2011,M06,136.5
PCU483---483---,2011,M07,134.3
PCU483---483---,2011,M08,132.5
PCU483---483---,2011,M09,132.6
PCU483---483---,2011,M10,131.7
PCU483---483---,2011,M11,132.7
PCU483---483---,2011,M12,131.9
PCU483---483---,2011,M13,133.4
PCU483---483---,2012,M01,132.3
PCU483---483---,2012,M02,132.8
PCU483---483---,2012,M03,135.9
PCU483---483---,2012,M04,137.7
PCU483---483---,2012,M05,138.1
PCU483---483---,2012,M06,137.6
PCU483---483---,2012,M07,137.3
PCU483---483---,2012,M08,136.4
PCU483---483---,2012,M09,137.5
PCU483---483---,2012,M10,136.7
PCU483---483---,2012,M11,136.8
PCU483---483---,2012,M12,137.3
PCU483---483---,2012,M13,136.4
PCU483---483---,2013,M01,137.5
PCU483---483---,2013,M02,137.1
PCU483---483---,2013,M03,136.3
PCU483---483---,2013,M04,135.2
PCU483---483---,2013,M05,135.8
PCU483---483---,2013,M06,135.5
PCU483---483---,2013,M07,135.9
PCU483---483---,2013,M08,134.7
PCU483---483---,2013,M09,132.5
PCU483---483---,2013,M10,132.8
PCU483---483---,2013,M11,132.8
PCU483---483---,2013,M12,134.8
PCU483---483---,2013,M13,135.1
PCU483---483---,2014,M01,136.1
PCU483---483---,2014,M02,136.6
PCU483---483---,2014,M03,136.7
PCU483---483---,2014,M04,137.0
PCU483---483---,2014,M05,136.9
PCU483---483---,2014,M06,136.9
PCU483---483---,2014,M07,136.8
PCU483---483---,2014,M08,139.3
PCU483---483---,2014,M09,140.0
PCU483---483---,2014,M10,141.7
PCU483---483---,2014,M11,142.7
PCU483---483---,2014,M12,140.7
PCU483---483---,2014,M13,138.4
PCU483---483---,2015,M01,139.2
PCU483---483---,2015,M02,140.8
PCU483---483---,2015,M03,140.3
PCU483---483---,2015,M04,140.9
PCU483---483---,2015,M05,140.2
PCU483---483---,2015,M06,139.2
PCU483---483---,2015,M07,139.7
PCU483---483---,2015,M08,138.0
PCU483---483---,2015,M09,138.4
PCU483---483---,2015,M10,138.9
PCU483---483---,2015,M11,136.4
PCU483---483---,2015,M12,134.4
PCU483---483---,2015,M13,138.9
PCU483---483---,2016,M01,133.3
PCU483---483---,2016,M02,131.8
PCU483---483---,2016,M03,131.3
PCU483---483---,2016,M04,131.1
PCU483---483---,2016,M05,131.2
PCU483---483---,2016,M06,131.4
PCU483---483---,2016,M07,130.6
PCU483---483---,2016,M08,131.0
PCU483---483---,2016,M09,130.1
PCU483---483---,2016,M10,132.4
PCU483---483---,2016,M11,132.6
PCU483---483---,2016,M12,133.0
PCU483---483---,2016,M13,131.7
PCU483---483---,2017,M01,130.5
PCU483---483---,2017,M02,130.5
PCU483---483---,2017,M03,129.8
PCU483---483---,2017,M04,130.1
PCU483---483---,2017,M05,130.2
PCU483---483---,2017,M06,130.1
PCU483---483---,2017,M07,130.5
PCU483---483---,2017,M08,129.6
PCU483---483---,2017,M09,127.7
PCU483---483---,2017,M10,127.9
PCU483---483---,2017,M11,130.5
PCU483---483---,2017,M12,130.3
PCU483---483---,2017,M13,129.8
PCU483---483---,2018,M01,132.2
PCU483---483---,2018,M02,132.2
PCU483---483---,2018,M03,133.2
PCU483---483---,2018,M04,132.9
PCU483---483---,2018,M05,135.6
PCU483---483---,2018,M06,137.7
PCU483---483---,2018,M07,139.5
PCU483---483---,2018,M08,139.7
PCU483---483---,2018,M09,139.7
PCU483---483---,2018,M10,140.9
PCU483---483---,2018,M11,141.0
PCU483---483---,2018,M12,141.0
PCU483---483---,2018,M13,137.1
PCU483---483---,2019,M01,141.6
PCU483---483---,2019,M02,142.1
PCU483---483---,2019,M03,142.7
PCU483---483---,2019,M04,143.2
PCU483---483---,2019,M05,143.5
PCU483---483---,2019,M06,143.7
PCU483---483---,2019,M07,144.9
PCU483---483---,2019,M08,142.6
PCU483---483---,2019,M09,143.2
PCU483---483---,2019,M10,142.7
PCU483---483---,2019,M11,145.9
PCU483---483---,2019,M12,146.8
PCU483---483---,2019,M13,143.6
PCU483---483---,2020,M01,147.8
PCU483---483---,2020,M02,143.1
PCU483---483---,2020,M03,142.8
PCU483---483---,2020,M04,138.4
PCU483---483---,2020,M05,136.6
PCU483---483---,2020,M06,136.8
PCU483---483---,2020,M07,136.8
PCU483---483---,2020,M08,136.7
PCU483---483---,2020,M09,137.5
PCU483---483---,2020,M10,137.2
PCU483---483---,2020,M11,135.7
PCU483---483---,2020,M12,136.0
PCU483---483---,2020,M13,138.8
PCU483---483---,2021,M01,136.0
PCU483---483---,2021,M02,138.5
PCU483---483---,2021,M03,140.3
PCU483---483---,2021,M04,142.7
PCU483---483---,2021,M05,146.0
PCU483---483---,2021,M06,150.3
PCU483---483---,2021,M07,151.791
PCU483---483---,2021,M08,150.948
PCU483---483---,2021,M09,154.761
PCU483---483---,2021,M10,158.526
PCU483---483---,2021,M11,158.261
PCU483---483---,2021,M12,161.749
PCU483---483---,2021,M13,149.148
PCU483---483---,2022,M01,163.295
PCU483---483---,2022,M02,164.586
PCU483---483---,2022,M03,162.868
PCU483---483---,2022,M04,173.301
PCU483---483---,2022,M05,188.836
PCU483---483---,2022,M06,190.453
PCU483---483---,2022,M07,195.471
PCU483---483---,2022,M08,199.024
PCU483---483---,2022,M09,201.275
PCU483---483---,2022,M10,201.489
PCU483---483---,2022,M11,200.921
PCU483---483---,2022,M12,200.813
PCU483---483---,2022,M13,186.861
PCU483---483---,2023,M01,196.336
PCU483---483---,2023,M02,198.656
PCU483---483---,2023,M03,188.681
PCU483---483---,2023,M04,188.996
PCU483---483---,2023,M05,196.43
PCU483---483---,2023,M06,192.104
PCU483---483---,2023,M07,196.974
PCU483---483---,2023,M08,201.854
PCU483---483---,2023,M09,199.998
PCU483---483---,2023,M10,195.474
PCU483---483---,2023,M11,192.427
PCU483---483---,2023,M12,196.716
PCU483---483---,2023,M13,195.387
PCU483---483---,2024,M01,199.731
PCU483---483---,2024,M02,198.782
PCU483---483---,2024,M03,196.369
PCU483---483---,2024,M04,197.561
PCU483---483---,2024,M05,201.607
PCU483---483---,2024,M06,205.463
PCU483---483---,2024,M07,206.941
PCU483---483---,2024,M08,206.108
PCU483---483---,2024,M09,202.248
PCU483---483---,2024,M10,201.113
PCU483---483---,2024,M11,198.722
PCU483---483---,2024,M12,197.925
PCU483---483---,2024,M13,201.047
PCU483---483---,2025,M01,205.815
PCU483---483---,2025,M02,208.003
PCU483---483---,2025,M03,203.93
PCU483---483---,2025,M04,203.502
PCU483---483---,2025,M05,201.339
PCU483---483---,2025,M06,202.323
PCU483---483---,2025,M07,201.735
PCU483---483---,2025,M08,201.675
PCU483---483---,2025,M09,201.111
PCU483---483---,2025,M10,207.031
PCU483---483---,2025,M11,204.07
PCU483---483---,2025,M12,206.57
PCU483---483---,2025,M13,203.925
PCU483---483---,2026,M01,214.319
PCU483---483---,2026,M02,214.566
PCU483---483---,2026,M03,217.317
PCU483---483---,2026,M04,222.723
PCU483---483---,2026,M05,226.528
PCU483---483---,2026,M06,232.443
PCU483---483---,2026,M07,235.222
PCU483---483---,2026,M08,235.404
PCU484---484---,2003,M12,100.0
PCU484---484---,2004,M01,100.4
PCU484---484---,2004,M02,101.1
PCU484---484---,2004,M03,101.3
PCU484---484---,2004,M04,101.6
PCU484---484---,2004,M05,102.3
PCU484---484---,2004,M06,103.0
PCU484---484---,2004,M07,103.4
PCU484---484---,2004,M08,103.7
PCU484---484---,2004,M09,104.5
PCU484---484---,2004,M10,105.0
PCU484---484---,2004,M11,105.6
PCU484---484---,2004,M12,105.5
PCU484---484---,2004,M13,103.1
PCU484---484---,2005,M01,106.0
PCU484---484---,2005,M02,106.1
PCU484---484---,2005,M03,106.9
PCU484---484---,2005,M04,107.6
PCU484---484---,2005,M05,108.1
PCU484---484---,2005,M06,108.7
PCU484---484---,2005,M07,109.1
PCU484---484---,2005,M08,109.4
PCU484---484---,2005,M09,110.7
PCU484---484---,2005,M10,112.1
PCU484---484---,2005,M11,111.9
PCU484---484---,2005,M12,111.2
PCU484---484---,2005,M13,109.0
PCU484---484---,2006,M01,111.3
PCU484---484---,2006,M02,111.2
PCU484---484---,2006,M03,111.7
PCU484---484---,2006,M04,112.3
PCU484---484---,2006,M05,113.5
PCU484---484---,2006,M06,113.8
PCU484---484---,2006,M07,114.0
PCU484---484---,2006,M08,114.7
PCU484---484---,2006,M09,114.6
PCU484---484---,2006,M10,113.8
PCU484---484---,2006,M11,113.5
PCU484---484---,2006,M12,113.5
PCU484---484---,2006,M13,113.2
PCU484---484---,2007,M01,113.8
PCU484---484---,2007,M02,113.5
PCU484---484---,2007,M03,114.0
PCU484---484---,2007,M04,115.0
PCU484---484---,2007,M05,115.4
PCU484---484---,2007,M06,115.5
PCU484---484---,2007,M07,115.3
PCU484---484---,2007,M08,115.5
PCU484---484---,2007,M09,115.5
PCU484---484---,2007,M10,116.1
PCU484---484---,2007,M11,117.1
PCU484---484---,2007,M12,117.8
PCU484---484---,2007,M13,115.4
PCU484---484---,2008,M01,119.0
PCU484---484---,2008,M02,119.3
PCU484---484---,2008,M03,121.0
PCU484---484---,2008,M04,122.4
PCU484---484---,2008,M05,124.5
PCU484---484---,2008,M06,126.6
PCU484---484---,2008,M07,127.1
PCU484---484---,2008,M08,126.6
PCU484---484---,2008,M09,125.3
PCU484---484---,2008,M10,124.2
PCU484---484---,2008,M11,121.4
PCU484---484---,2008,M12,119.1
PCU484---484---,2008,M13,123.0
PCU484---484---,2009,M01,118.5
PCU484---484---,2009,M02,117.7
PCU484---484---,2009,M03,116.1
PCU484---484---,2009,M04,116.5
PCU484---484---,2009,M05,116.7
PCU484---484---,2009,M06,117.1
PCU484---484---,2009,M07,117.6
PCU484---484---,2009,M08,117.5
PCU484---484---,2009,M09,117.8
PCU484---484---,2009,M10,117.4
PCU484---484---,2009,M11,117.8
PCU484---484---,2009,M12,117.2
PCU484---484---,2009,M13,117.3
PCU484---484---,2010,M01,117.3
PCU484---484---,2010,M02,117.6
PCU484---484---,2010,M03,118.5
PCU484---484---,2010,M04,118.9
PCU484---484---,2010,M05,119.5
PCU484---484---,2010,M06,119.4
PCU484---484---,2010,M07,119.3
PCU484---484---,2010,M08,119.4
PCU484---484---,2010,M09,119.6
PCU484---484---,2010,M10,120.1
PCU484---484---,2010,M11,121.3
PCU484---484---,2010,M12,121.4
PCU484---484---,2010,M13,119.4
PCU484---484---,2011,M01,122.2
PCU484---484---,2011,M02,123.7
PCU484---484---,2011,M03,125.1
PCU484---484---,2011,M04,126.6
PCU484---484---,2011,M05,127.4
PCU484---484---,2011,M06,126.9
PCU484---484---,2011,M07,126.7
PCU484---484---,2011,M08,126.7
PCU484---484---,2011,M09,127.5
PCU484---484---,2011,M10,127.5
PCU484---484---,2011,M11,128.1
PCU484---484---,2011,M12,128.2
PCU484---484---,2011,M13,126.4
PCU484---484---,2012,M01,128.7
PCU484---484---,2012,M02,129.1
PCU484---484---,2012,M03,130.5
PCU484---484---,2012,M04,130.9
PCU484---484---,2012,M05,130.8
PCU484---484---,2012,M06,130.0
PCU484---484---,2012,M07,130.0
PCU484---484---,2012,M08,131.2
PCU484---484---,2012,M09,132.1
PCU484---484---,2012,M10,132.2
PCU484---484---,2012,M11,132.1
PCU484---484---,2012,M12,132.2
PCU484---484---,2012,M13,130.8
PCU484---484---,2013,M01,131.8
PCU484---484---,2013,M02,132.4
PCU484---484---,2013,M03,132.9
PCU484---484---,2013,M04,132.2
PCU484---484---,2013,M05,132.2
PCU484---484---,2013,M06,132.8
PCU484---484---,2013,M07,132.7
PCU484---484---,2013,M08,132.9
PCU484---484---,2013,M09,132.9
PCU484---484---,2013,M10,133.0
PCU484---484---,2013,M11,133.0
PCU484---484---,2013,M12,133.3
PCU484---484---,2013,M13,132.7
PCU484---484---,2014,M01,133.5
PCU484---484---,2014,M02,133.5
PCU484---484---,2014,M03,134.0
PCU484---484---,2014,M04,135.0
PCU484---484---,2014,M05,135.7
PCU484---484---,2014,M06,135.8
PCU484---484---,2014,M07,135.8
PCU484---484---,2014,M08,135.8
PCU484---484---,2014,M09,135.3
PCU484---484---,2014,M10,134.8
PCU484---484---,2014,M11,134.7
PCU484---484---,2014,M12,134.5
PCU484---484---,2014,M13,134.9
PCU484---484---,2015,M01,133.0
PCU484---484---,2015,M02,132.1
PCU484---484---,2015,M03,132.6
PCU484---484---,2015,M04,132.3
PCU484---484---,2015,M05,132.9
PCU484---484---,2015,M06,133.0
PCU484---484---,2015,M07,132.9
PCU484---484---,2015,M08,132.2
PCU484---484---,2015,M09,131.8
PCU484---484---,2015,M10,131.4
PCU484---484---,2015,M11,132.1
PCU484---484---,2015,M12,131.7
PCU484---484---,2015,M13,132.3
PCU484---484---,2016,M01,131.8
PCU484---484---,2016,M02,131.3
PCU484---484---,2016,M03,131.0
PCU484---484---,2016,M04,131.3
PCU484---484---,2016,M05,131.3
PCU484---484---,2016,M06,131.0
PCU484---484---,2016,M07,131.3
PCU484---484---,2016,M08,131.2
PCU484---484---,2016,M09,130.9
PCU484---484---,2016,M10,131.8
PCU484---484---,2016,M11,132.0
PCU484---484---,2016,M12,132.2
PCU484---484---,2016,M13,131.4
PCU484---484---,2017,M01,132.5
PCU484---484---,2017,M02,132.8
PCU484---484---,2017,M03,132.6
PCU484---484---,2017,M04,132.8
PCU484---484---,2017,M05,133.2
PCU484---484---,2017,M06,133.3
PCU484---484---,2017,M07,133.7
PCU484---484---,2017,M08,134.8
PCU484---484---,2017,M09,135.9
PCU484---484---,2017,M10,135.8
PCU484---484---,2017,M11,137.0
PCU484---484---,2017,M12,137.9
PCU484---484---,2017,M13,134.4
PCU484---484---,2018,M01,138.7
PCU484---484---,2018,M02,139.5
PCU484---484---,2018,M03,139.6
PCU484---484---,2018,M04,140.1
PCU484---484---,2018,M05,141.5
PCU484---484---,2018,M06,143.4
PCU484---484---,2018,M07,144.3
PCU484---484---,2018,M08,144.6
PCU484---484---,2018,M09,145.5
PCU484---484---,2018,M10,146.8
PCU484---484---,2018,M11,146.9
PCU484---484---,2018,M12,146.9
PCU484---484---,2018,M13,143.2
PCU484---484---,2019,M01,147.1
PCU484---484---,2019,M02,146.6
PCU484---484---,2019,M03,146.3
PCU484---484---,2019,M04,145.8
PCU484---484---,2019,M05,146.8
PCU484---484---,2019,M06,147.1
PCU484---484---,2019,M07,146.4
PCU484---484---,2019,M08,146.3
PCU484---484---,2019,M09,146.0
PCU484---484---,2019,M10,146.2
PCU484---484---,2019,M11,147.7
PCU484---484---,2019,M12,147.5
PCU484---484---,2019,M13,146.6
PCU484---484---,2020,M01,146.9
PCU484---484---,2020,M02,146.7
PCU484---484---,2020,M03,145.7
PCU484---484---,2020,M04,143.7
PCU484---484---,2020,M05,140.6
PCU484---484---,2020,M06,142.1
PCU484---484---,2020,M07,145.0
PCU484---484---,2020,M08,145.4
PCU484---484---,2020,M09,146.0
PCU484---484---,2020,M10,148.4
PCU484---484---,2020,M11,150.0
PCU484---484---,2020,M12,151.0
PCU484---484---,2020,M13,146.0
PCU484---484---,2021,M01,151.8
PCU484---484---,2021,M02,154.5
PCU484---484---,2021,M03,157.4
PCU484---484---,2021,M04,159.9
PCU484---484---,2021,M05,162.6
PCU484---484---,2021,M06,163.4
PCU484---484---,2021,M07,163.969
PCU484---484---,2021,M08,166.08
PCU484---484---,2021,M09,168.53
PCU484---484---,2021,M10,171.823
PCU484---484---,2021,M11,177.063
PCU484---484---,2021,M12,179.575
PCU484---484---,2021,M13,164.723
PCU484---484---,2022,M01,185.887
PCU484---484---,2022,M02,190.459
PCU484---484---,2022,M03,198.15
PCU484---484---,2022,M04,200.798
PCU484---484---,2022,M05,203.759
PCU484---484---,2022,M06,202.669
PCU484---484---,2022,M07,202.126
PCU484---484---,2022,M08,198.87
PCU484---484---,2022,M09,197.733
PCU484---484---,2022,M10,196.905
PCU484---484---,2022,M11,197.51
PCU484---484---,2022,M12,196.307
PCU484---484---,2022,M13,197.598
PCU484---484---,2023,M01,191.078
PCU484---484---,2023,M02,193.339
PCU484---484---,2023,M03,194.625
PCU484---484---,2023,M04,185.833
PCU484---484---,2023,M05,189.015
PCU484---484---,2023,M06,187.623
PCU484---484---,2023,M07,182.644
PCU484---484---,2023,M08,181.217
PCU484---484---,2023,M09,185.925
PCU484---484---,2023,M10,186.91
PCU484---484---,2023,M11,187.062
PCU484---484---,2023,M12,183.079
PCU484---484---,2023,M13,187.363
PCU484---484---,2024,M01,184.262
PCU484---484---,2024,M02,184.65
PCU484---484---,2024,M03,182.824
PCU484---484---,2024,M04,183.711
PCU484---484---,2024,M05,187.023
PCU484---484---,2024,M06,186.97
PCU484---484---,2024,M07,191.387
PCU484---484---,2024,M08,185.349
PCU484---484---,2024,M09,182.892
PCU484---484---,2024,M10,180.186
PCU484---484---,2024,M11,177.704
PCU484---484---,2024,M12,182.528
PCU484---484---,2024,M13,184.124
PCU484---484---,2025,M01,188.648
PCU484---484---,2025,M02,187.867
PCU484---484---,2025,M03,181.628
PCU484---484---,2025,M04,185.71
PCU484---484---,2025,M05,187.171
PCU484---484---,2025,M06,183.558
PCU484---484---,2025,M07,189.746
PCU484---484---,2025,M08,191.057
PCU484---484---,2025,M09,192.514
PCU484---484---,2025,M10,191.949
PCU484---484---,2025,M11,193.999
PCU484---484---,2025,M12,190.449
PCU484---484---,2025,M13,188.691
PCU484---484---,2026,M01,191.864
PCU484---484---,2026,M02,192.918
PCU484---484---,2026,M03,198.245
PCU484---484---,2026,M04,209.405
PCU484---484---,2026,M05,212.612
PCU484---484---,2026,M06,210.075
PCU484---484---,2026,M07,209.232
PCU484---484---,2026,M08,213.299
PCU486---486---,2022,M05,100.0
PCU486---486---,2022,M06,99.972
PCU486---486---,2022,M07,105.552
PCU486---486---,2022,M08,105.552
PCU486---486---,2022,M09,107.033
PCU486---486---,2022,M10,107.093
PCU486---486---,2022,M11,107.119
PCU486---486---,2022,M12,106.514
PCU486---486---,2023,M01,106.867
PCU486---486---,2023,M02,108.195
PCU486---486---,2023,M03,108.195
PCU486---486---,2023,M04,107.067
PCU486---486---,2023,M05,107.297
PCU486---486---,2023,M06,106.041
PCU486---486---,2023,M07,110.12
PCU486---486---,2023,M08,110.209
PCU486---486---,2023,M09,110.031
PCU486---486---,2023,M10,109.816
PCU486---486---,2023,M11,109.635
PCU486---486---,2023,M12,109.638
PCU486---486---,2023,M13,108.593
PCU486---486---,2024,M01,109.732
PCU486---486---,2024,M02,109.011
PCU486---486---,2024,M03,109.011
PCU486---486---,2024,M04,109.411
PCU486---486---,2024,M05,109.493
PCU486---486---,2024,M06,109.493
PCU486---486---,2024,M07,110.434
PCU486---486---,2024,M08,110.315
PCU486---486---,2024,M09,110.368
PCU486---486---,2024,M10,110.882
PCU486---486---,2024,M11,111.312
PCU486---486---,2024,M12,112.088
PCU486---486---,2024,M13,110.129
PCU486---486---,2025,M01,111.771
PCU486---486---,2025,M02,111.625
PCU486---486---,2025,M03,111.625
PCU486---486---,2025,M04,113.621
PCU486---486---,2025,M05,116.077
PCU486---486---,2025,M06,116.077
PCU486---486---,2025,M07,113.994
PCU486---486---,2025,M08,113.947
PCU486---486---,2025,M09,113.947
PCU486---486---,2025,M10,113.758
PCU486---486---,2025,M11,113.717
PCU486---486---,2025,M12,115.73
PCU486---486---,2025,M13,113.824
PCU486---486---,2026,M01,117.13
PCU486---486---,2026,M02,116.29
PCU486---486---,2026,M03,115.737
PCU486---486---,2026,M04,113.467
PCU486---486---,2026,M05,113.465
PCU486---486---,2026,M06,113.465
PCU486---486---,2026,M07,113.99
PCU486---486---,2026,M08,114.076
PCU493---493---,1998,M01,85.6
PCU493---493---,1998,M02,85.9
PCU493---493---,1998,M03,85.9
PCU493---493---,1998,M04,86.2
PCU493---493---,1998,M05,86.3
PCU493---493---,1998,M06,86.2
PCU493---493---,1998,M07,86.2
PCU493---493---,1998,M08,86.7
PCU493---493---,1998,M09,87.3
PCU493---493---,1998,M10,87.4
PCU493---493---,1998,M11,87.4
PCU493---493---,1998,M12,87.3
PCU493---493---,1998,M13,86.5
PCU493---493---,1999,M01,88.2
PCU493---493---,1999,M02,88.5
PCU493---493---,1999,M03,88.7
PCU493---493---,1999,M04,88.6
PCU493---493---,1999,M05,88.6
PCU493---493---,1999,M06,88.9
PCU493---493---,1999,M07,88.8
PCU493---493---,1999,M08,89.3
PCU493---493---,1999,M09,89.4
PCU493---493---,1999,M10,89.8
PCU493---493---,1999,M11,90.0
PCU493---493---,1999,M12,89.4
PCU493---493---,1999,M13,89.0
PCU493---493---,2000,M01,89.7
PCU493---493---,2000,M02,89.8
PCU493---493---,2000,M03,89.9
PCU493---493---,2000,M04,90.1
PCU493---493---,2000,M05,90.2
PCU493---493---,2000,M06,90.5
PCU493---493---,2000,M07,91.1
PCU493---493---,2000,M08,91.4
PCU493---493---,2000,M09,91.4
PCU493---493---,2000,M10,91.7
PCU493---493---,2000,M11,91.7
PCU493---493---,2000,M12,91.7
PCU493---493---,2000,M13,90.8
PCU493---493---,2001,M01,92.0
PCU493---493---,2001,M02,92.0
PCU493---493---,2001,M03,92.2
PCU493---493---,2001,M04,93.1
PCU493---493---,2001,M05,93.1
PCU493---493---,2001,M06,93.2
PCU493---493---,2001,M07,93.5
PCU493---493---,2001,M08,93.5
PCU493---493---,2001,M09,94.3
PCU493---493---,2001,M10,94.1
PCU493---493---,2001,M11,93.9
PCU493---493---,2001,M12,94.0
PCU493---493---,2001,M13,93.2
PCU493---493---,2002,M01,93.6
PCU493---493---,2002,M02,93.4
PCU493---493---,2002,M03,94.1
PCU493---493---,2002,M04,94.3
PCU493---493---,2002,M05,94.3
PCU493---493---,2002,M06,94.3
PCU493---493---,2002,M07,94.3
PCU493---493---,2002,M08,95.1
PCU493---493---,2002,M09,95.1
PCU493---493---,2002,M10,95.1
PCU493---493---,2002,M11,95.1
PCU493---493---,2002,M12,95.4
PCU493---493---,2002,M13,94.5
PCU493---493---,2003,M01,95.4
PCU493---493---,2003,M02,95.5
PCU493---493---,2003,M03,95.2
PCU493---493---,2003,M04,95.4
PCU493---493---,2003,M05,95.4
PCU493---493---,2003,M06,95.5
PCU493---493---,2003,M07,95.6
PCU493---493---,2003,M08,96.1
PCU493---493---,2003,M09,96.2
PCU493---493---,2003,M10,96.3
PCU493---493---,2003,M11,96.4
PCU493---493---,2003,M12,96.3
PCU493---493---,2003,M13,95.8
PCU493---493---,2006,M12,100.0
PCU493---493---,2007,M01,101.8
PCU493---493---,2007,M02,101.7
PCU493---493---,2007,M03,101.8
PCU493---493---,2007,M04,101.8
PCU493---493---,2007,M05,101.7
PCU493---493---,2007,M06,101.8
PCU493---493---,2007,M07,101.8
PCU493---493---,2007,M08,101.9
PCU493---493---,2007,M09,103.7
PCU493---493---,2007,M10,103.7
PCU493---493---,2007,M11,103.7
PCU493---493---,2007,M12,104.0
PCU493---493---,2007,M13,102.5
PCU493---493---,2008,M01,106.0
PCU493---493---,2008,M02,106.2
PCU493---493---,2008,M03,105.5
PCU493---493---,2008,M04,105.5
PCU493---493---,2008,M05,105.6
PCU493---493---,2008,M06,105.9
PCU493---493---,2008,M07,107.3
PCU493---493---,2008,M08,107.3
PCU493---493---,2008,M09,106.9
PCU493---493---,2008,M10,106.9
PCU493---493---,2008,M11,107.2
PCU493---493---,2008,M12,107.1
PCU493---493---,2008,M13,106.5
PCU493---493---,2009,M01,107.2
PCU493---493---,2009,M02,107.2
PCU493---493---,2009,M03,107.2
PCU493---493---,2009,M04,107.1
PCU493---493---,2009,M05,107.1
PCU493---493---,2009,M06,107.1
PCU493---493---,2009,M07,107.2
PCU493---493---,2009,M08,107.3
PCU493---493---,2009,M09,107.2
PCU493---493---,2009,M10,107.2
PCU493---493---,2009,M11,107.3
PCU493---493---,2009,M12,107.2
PCU493---493---,2009,M13,107.2
PCU493---493---,2010,M01,107.3
PCU493---493---,2010,M02,107.5
PCU493---493---,2010,M03,106.7
PCU493---493---,2010,M04,106.5
PCU493---493---,2010,M05,107.6
PCU493---493---,2010,M06,106.1
PCU493---493---,2010,M07,105.9
PCU493---493---,2010,M08,104.0
PCU493---493---,2010,M09,103.9
PCU493---493---,2010,M10,103.0
PCU493---493---,2010,M11,104.7
PCU493---493---,2010,M12,103.4
PCU493---493---,2010,M13,105.5
PCU493---493---,2011,M01,102.9
PCU493---493---,2011,M02,104.4
PCU493---493---,2011,M03,103.1
PCU493---493---,2011,M04,103.2
PCU493---493---,2011,M05,103.1
PCU493---493---,2011,M06,103.4
PCU493---493---,2011,M07,103.2
PCU493---493---,2011,M08,103.1
PCU493---493---,2011,M09,104.6
PCU493---493---,2011,M10,103.6
PCU493---493---,2011,M11,103.7
PCU493---493---,2011,M12,103.7
PCU493---493---,2011,M13,103.5
PCU493---493---,2012,M01,102.3
PCU493---493---,2012,M02,102.2
PCU493---493---,2012,M03,101.5
PCU493---493---,2012,M04,101.8
PCU493---493---,2012,M05,101.0
PCU493---493---,2012,M06,100.4
PCU493---493---,2012,M07,99.8
PCU493---493---,2012,M08,101.4
PCU493---493---,2012,M09,101.9
PCU493---493---,2012,M10,101.1
PCU493---493---,2012,M11,100.7
PCU493---493---,2012,M12,100.8
PCU493---493---,2012,M13,101.2
PCU493---493---,2013,M01,100.3
PCU493---493---,2013,M02,100.6
PCU493---493---,2013,M03,100.7
PCU493---493---,2013,M04,99.9
PCU493---493---,2013,M05,100.2
PCU493---493---,2013,M06,99.7
PCU493---493---,2013,M07,100.4
PCU493---493---,2013,M08,99.7
PCU493---493---,2013,M09,99.9
PCU493---493---,2013,M10,99.6
PCU493---493---,2013,M11,98.9
PCU493---493---,2013,M12,99.4
PCU493---493---,2013,M13,99.9
PCU493---493---,2014,M01,99.2
PCU493---493---,2014,M02,99.8
PCU493---493---,2014,M03,99.8
PCU493---493---,2014,M04,99.8
PCU493---493---,2014,M05,99.8
PCU493---493---,2014,M06,99.9
PCU493---493---,2014,M07,100.4
PCU493---493---,2014,M08,100.0
PCU493---493---,2014,M09,100.4
PCU493---493---,2014,M10,100.4
PCU493---493---,2014,M11,100.6
PCU493---493---,2014,M12,100.9
PCU493---493---,2014,M13,100.1
PCU493---493---,2015,M01,100.9
PCU493---493---,2015,M02,100.8
PCU493---493---,2015,M03,101.6
PCU493---493---,2015,M04,101.8
PCU493---493---,2015,M05,101.9
PCU493---493---,2015,M06,101.9
PCU493---493---,2015,M07,101.9
PCU493---493---,2015,M08,101.9
PCU493---493---,2015,M09,101.5
PCU493---493---,2015,M10,101.4
PCU493---493---,2015,M11,101.4
PCU493---493---,2015,M12,101.2
PCU493---493---,2015,M13,101.5
PCU493---493---,2016,M01,101.0
PCU493---493---,2016,M02,101.0
PCU493---493---,2016,M03,102.2
PCU493---493---,2016,M04,102.9
PCU493---493---,2016,M05,102.8
PCU493---493---,2016,M06,101.5
PCU493---493---,2016,M07,102.5
PCU493---493---,2016,M08,102.5
PCU493---493---,2016,M09,103.1
PCU493---493---,2016,M10,102.3
PCU493---493---,2016,M11,102.3
PCU493---493---,2016,M12,102.3
PCU493---493---,2016,M13,102.2
PCU493---493---,2017,M01,104.0
PCU493---493---,2017,M02,102.4
PCU493---493---,2017,M03,102.8
PCU493---493---,2017,M04,102.5
PCU493---493---,2017,M05,101.9
PCU493---493---,2017,M06,103.0
PCU493---493---,2017,M07,105.7
PCU493---493---,2017,M08,106.3
PCU493---493---,2017,M09,105.7
PCU493---493---,2017,M10,108.0
PCU493---493---,2017,M11,109.2
PCU493---493---,2017,M12,108.3
PCU493---493---,2017,M13,105.0
PCU493---493---,2018,M01,108.6
PCU493---493---,2018,M02,108.4
PCU493---493---,2018,M03,108.6
PCU493---493---,2018,M04,108.7
PCU493---493---,2018,M05,108.4
PCU493---493---,2018,M06,109.1
PCU493---493---,2018,M07,109.3
PCU493---493---,2018,M08,108.6
PCU493---493---,2018,M09,109.0
PCU493---493---,2018,M10,109.8
PCU493---493---,2018,M11,109.5
PCU493---493---,2018,M12,109.0
PCU493---493---,2018,M13,108.9
PCU493---493---,2019,M01,109.4
PCU493---493---,2019,M02,108.6
PCU493---493---,2019,M03,107.9
PCU493---493---,2019,M04,108.7
PCU493---493---,2019,M05,108.7
PCU493---493---,2019,M06,108.7
PCU493---493---,2019,M07,108.7
PCU493---493---,2019,M08,108.7
PCU493---493---,2019,M09,109.4
PCU493---493---,2019,M10,108.5
PCU493---493---,2019,M11,109.0
PCU493---493---,2019,M12,109.1
PCU493---493---,2019,M13,108.8
PCU493---493---,2020,M01,108.5
PCU493---493---,2020,M02,108.3
PCU493---493---,2020,M03,108.4
PCU493---493---,2020,M04,108.7
PCU493---493---,2020,M05,108.5
PCU493---493---,2020,M06,106.0
PCU493---493---,2020,M07,106.4
PCU493---493---,2020,M08,107.9
PCU493---493---,2020,M09,110.2
PCU493---493---,2020,M10,110.3
PCU493---493---,2020,M11,110.7
PCU493---493---,2020,M12,110.0
PCU493---493---,2020,M13,108.7
PCU493---493---,2021,M01,110.7
PCU493---493---,2021,M02,110.8
PCU493---493---,2021,M03,111.7
PCU493---493---,2021,M04,114.4
PCU493---493---,2021,M05,113.4
PCU493---493---,2021,M06,113.3
PCU493---493---,2021,M07,113.659
PCU493---493---,2021,M08,117.021
PCU493---493---,2021,M09,118.177
PCU493---493---,2021,M10,121.009
PCU493---493---,2021,M11,119.271
PCU493---493---,2021,M12,122.188
PCU493---493---,2021,M13,115.463
PCU493---493---,2022,M01,130.779
PCU493---493---,2022,M02,126.565
PCU493---493---,2022,M03,125.51
PCU493---493---,2022,M04,133.967
PCU493---493---,2022,M05,124.471
PCU493---493---,2022,M06,129.603
PCU493---493---,2022,M07,134.692
PCU493---493---,2022,M08,128.329
PCU493---493---,2022,M09,136.744
PCU493---493---,2022,M10,136.75
PCU493---493---,2022,M11,136.197
PCU493---493---,2022,M12,137.707
PCU493---493---,2022,M13,131.776
PCU493---493---,2023,M01,142.968
PCU493---493---,2023,M02,148.353
PCU493---493---,2023,M03,147.739
PCU493---493---,2023,M04,147.841
PCU493---493---,2023,M05,143.538
PCU493---493---,2023,M06,141.118
PCU493---493---,2023,M07,143.846
PCU493---493---,2023,M08,141.801
PCU493---493---,2023,M09,145.463
PCU493---493---,2023,M10,144.959
PCU493---493---,2023,M11,144.214
PCU493---493---,2023,M12,144.112
PCU493---493---,2023,M13,144.663
PCU493---493---,2024,M01,144.981
PCU493---493---,2024,M02,148.907
PCU493---493---,2024,M03,150.892
PCU493---493---,2024,M04,154.15
PCU493---493---,2024,M05,152.775
PCU493---493---,2024,M06,151.519
PCU493---493---,2024,M07,152.601
PCU493---493---,2024,M08,150.881
PCU493---493---,2024,M09,150.858
PCU493---493---,2024,M10,151.111
PCU493---493---,2024,M11,153.829
PCU493---493---,2024,M12,154.045
PCU493---493---,2024,M13,151.379
PCU493---493---,2025,M01,158.946
PCU493---493---,2025,M02,161.445
PCU493---493---,2025,M03,161.442
PCU493---493---,2025,M04,161.474
PCU493---493---,2025,M05,155.438
PCU493---493---,2025,M06,153.145
PCU493---493---,2025,M07,153.982
PCU493---493---,2025,M08,154.529
PCU493---493---,2025,M09,153.088
PCU493---493---,2025,M10,154.41
PCU493---493---,2025,M11,155.024
PCU493---493---,2025,M12,157.092
PCU493---493---,2025,M13,156.668
PCU493---493---,2026,M01,161.829
PCU493---493---,2026,M02,163.403
PCU493---493---,2026,M03,165.514
PCU493---493---,2026,M04,167.664
PCU493---493---,2026,M05,160.16
PCU493---493---,2026,M06,158.724
PCU493---493---,2026,M07,158.436
PCU493---493---,2026,M08,159.681
PCU523---523---,2003,M12,100.0
PCU523---523---,2004,M01,101.8
PCU523---523---,2004,M02,102.0
PCU523---523---,2004,M03,101.7
PCU523---523---,2004,M04,102.3
PCU523---523---,2004,M05,102.4
PCU523---523---,2004,M06,102.7
PCU523---523---,2004,M07,103.2
PCU523---523---,2004,M08,104.1
PCU523---523---,2004,M09,104.5
PCU523---523---,2004,M10,104.3
PCU523---523---,2004,M11,105.8
PCU523---523---,2004,M12,106.0
PCU523---523---,2004,M13,103.4
PCU523---523---,2005,M01,108.0
PCU523---523---,2005,M02,109.8
PCU523---523---,2005,M03,108.5
PCU523---523---,2005,M04,109.8
PCU523---523---,2005,M05,108.6
PCU523---523---,2005,M06,109.1
PCU523---523---,2005,M07,109.9
PCU523---523---,2005,M08,109.7
PCU523---523---,2005,M09,109.3
PCU523---523---,2005,M10,110.3
PCU523---523---,2005,M11,109.9
PCU523---523---,2005,M12,110.4
PCU523---523---,2005,M13,109.4
PCU523---523---,2006,M01,111.2
PCU523---523---,2006,M02,111.4
PCU523---523---,2006,M03,111.4
PCU523---523---,2006,M04,111.9
PCU523---523---,2006,M05,113.5
PCU523---523---,2006,M06,114.2
PCU523---523---,2006,M07,114.5
PCU523---523---,2006,M08,114.7
PCU523---523---,2006,M09,114.6
PCU523---523---,2006,M10,115.8
PCU523---523---,2006,M11,115.9
PCU523---523---,2006,M12,116.1
PCU523---523---,2006,M13,113.8
PCU523---523---,2007,M01,117.8
PCU523---523---,2007,M02,117.3
PCU523---523---,2007,M03,117.3
PCU523---523---,2007,M04,118.1
PCU523---523---,2007,M05,118.7
PCU523---523---,2007,M06,118.6
PCU523---523---,2007,M07,120.5
PCU523---523---,2007,M08,120.4
PCU523---523---,2007,M09,121.1
PCU523---523---,2007,M10,121.4
PCU523---523---,2007,M11,124.2
PCU523---523---,2007,M12,123.0
PCU523---523---,2007,M13,119.9
PCU523---523---,2008,M01,122.5
PCU523---523---,2008,M02,122.9
PCU523---523---,2008,M03,121.0
PCU523---523---,2008,M04,119.6
PCU523---523---,2008,M05,119.6
PCU523---523---,2008,M06,120.2
PCU523---523---,2008,M07,119.1
PCU523---523---,2008,M08,120.2
PCU523---523---,2008,M09,120.5
PCU523---523---,2008,M10,117.7
PCU523---523---,2008,M11,115.8
PCU523---523---,2008,M12,115.2
PCU523---523---,2008,M13,119.5
PCU523---523---,2009,M01,113.5
PCU523---523---,2009,M02,111.7
PCU523---523---,2009,M03,109.2
PCU523---523---,2009,M04,109.1
PCU523---523---,2009,M05,109.2
PCU523---523---,2009,M06,108.8
PCU523---523---,2009,M07,111.3
PCU523---523---,2009,M08,112.0
PCU523---523---,2009,M09,112.6
PCU523---523---,2009,M10,116.4
PCU523---523---,2009,M11,116.0
PCU523---523---,2009,M12,116.5
PCU523---523---,2009,M13,112.2
PCU523---523---,2010,M01,117.2
PCU523---523---,2010,M02,115.7
PCU523---523---,2010,M03,116.1
PCU523---523---,2010,M04,117.6
PCU523---523---,2010,M05,121.2
PCU523---523---,2010,M06,119.7
PCU523---523---,2010,M07,118.5
PCU523---523---,2010,M08,119.5
PCU523---523---,2010,M09,120.2
PCU523---523---,2010,M10,122.6
PCU523---523---,2010,M11,123.0
PCU523---523---,2010,M12,123.0
PCU523---523---,2010,M13,119.5
PCU523---523---,2011,M01,125.1
PCU523---523---,2011,M02,125.7
PCU523---523---,2011,M03,126.9
PCU523---523---,2011,M04,127.5
PCU523---523---,2011,M05,127.5
PCU523---523---,2011,M06,127.7
PCU523---523---,2011,M07,128.0
PCU523---523---,2011,M08,128.0
PCU523---523---,2011,M09,125.0
PCU523---523---,2011,M10,122.2
PCU523---523---,2011,M11,123.7
PCU523---523---,2011,M12,123.3
PCU523---523---,2011,M13,125.9
PCU523---523---,2012,M01,124.8
PCU523---523---,2012,M02,126.6
PCU523---523---,2012,M03,126.8
PCU523---523---,2012,M04,130.5
PCU523---523---,2012,M05,129.1
PCU523---523---,2012,M06,127.8
PCU523---523---,2012,M07,128.4
PCU523---523---,2012,M08,129.4
PCU523---523---,2012,M09,129.1
PCU523---523---,2012,M10,131.5
PCU523---523---,2012,M11,132.1
PCU523---523---,2012,M12,131.4
PCU523---523---,2012,M13,128.9
PCU523---523---,2013,M01,133.1
PCU523---523---,2013,M02,133.9
PCU523---523---,2013,M03,133.8
PCU523---523---,2013,M04,136.7
PCU523---523---,2013,M05,138.6
PCU523---523---,2013,M06,137.7
PCU523---523---,2013,M07,139.0
PCU523---523---,2013,M08,140.4
PCU523---523---,2013,M09,138.6
PCU523---523---,2013,M10,142.1
PCU523---523---,2013,M11,143.0
PCU523---523---,2013,M12,142.9
PCU523---523---,2013,M13,138.3
PCU523---523---,2014,M01,143.9
PCU523---523---,2014,M02,143.8
PCU523---523---,2014,M03,146.8
PCU523---523---,2014,M04,146.3
PCU523---523---,2014,M05,144.0
PCU523---523---,2014,M06,145.1
PCU523---523---,2014,M07,147.9
PCU523---523---,2014,M08,147.7
PCU523---523---,2014,M09,148.5
PCU523---523---,2014,M10,148.1
PCU523---523---,2014,M11,148.4
PCU523---523---,2014,M12,151.8
PCU523---523---,2014,M13,146.9
PCU523---523---,2015,M01,149.6
PCU523---523---,2015,M02,150.5
PCU523---523---,2015,M03,151.7
PCU523---523---,2015,M04,155.0
PCU523---523---,2015,M05,153.4
PCU523---523---,2015,M06,153.8
PCU523---523---,2015,M07,155.0
PCU523---523---,2015,M08,157.8
PCU523---523---,2015,M09,153.6
PCU523---523---,2015,M10,149.2
PCU523---523---,2015,M11,149.3
PCU523---523---,2015,M12,154.6
PCU523---523---,2015,M13,152.8
PCU523---523---,2016,M01,162.0
PCU523---523---,2016,M02,162.7
PCU523---523---,2016,M03,163.1
PCU523---523---,2016,M04,163.8
PCU523---523---,2016,M05,163.9
PCU523---523---,2016,M06,165.1
PCU523---523---,2016,M07,169.0
PCU523---523---,2016,M08,168.3
PCU523---523---,2016,M09,168.6
PCU523---523---,2016,M10,169.6
PCU523---523---,2016,M11,171.5
PCU523---523---,2016,M12,171.4
PCU523---523---,2016,M13,166.6
PCU523---523---,2017,M01,172.4
PCU523---523---,2017,M02,173.0
PCU523---523---,2017,M03,171.2
PCU523---523---,2017,M04,174.6
PCU523---523---,2017,M05,176.2
PCU523---523---,2017,M06,178.3
PCU523---523---,2017,M07,177.5
PCU523---523---,2017,M08,178.1
PCU523---523---,2017,M09,178.7
PCU523---523---,2017,M10,181.1
PCU523---523---,2017,M11,182.8
PCU523---523---,2017,M12,184.4
PCU523---523---,2017,M13,177.4
PCU523---523---,2018,M01,187.0
PCU523---523---,2018,M02,188.7
PCU523---523---,2018,M03,189.4
PCU523---523---,2018,M04,190.7
PCU523---523---,2018,M05,190.3
PCU523---523---,2018,M06,191.5
PCU523---523---,2018,M07,193.3
PCU523---523---,2018,M08,193.2
PCU523---523---,2018,M09,194.8
PCU523---523---,2018,M10,197.4
PCU523---523---,2018,M11,194.8
PCU523---523---,2018,M12,194.5
PCU523---523---,2018,M13,192.1
PCU523---523---,2019,M01,190.5
PCU523---523---,2019,M02,192.1
PCU523---523---,2019,M03,194.0
PCU523---523---,2019,M04,199.4
PCU523---523---,2019,M05,201.0
PCU523---523---,2019,M06,200.4
PCU523---523---,2019,M07,202.2
PCU523---523---,2019,M08,201.8
PCU523---523---,2019,M09,202.0
PCU523---523---,2019,M10,194.8
PCU523---523---,2019,M11,192.7
PCU523---523---,2019,M12,195.5
PCU523---523---,2019,M13,197.2
PCU523---523---,2020,M01,198.9
PCU523---523---,2020,M02,200.1
PCU523---523---,2020,M03,203.0
PCU523---523---,2020,M04,181.5
PCU523---523---,2020,M05,179.3
PCU523---523---,2020,M06,180.6
PCU523---523---,2020,M07,191.8
PCU523---523---,2020,M08,194.5
PCU523---523---,2020,M09,200.1
PCU523---523---,2020,M10,203.4
PCU523---523---,2020,M11,201.6
PCU523---523---,2020,M12,204.9
PCU523---523---,2020,M13,195.0
PCU523---523---,2021,M01,216.7
PCU523---523---,2021,M02,219.8
PCU523---523---,2021,M03,224.4
PCU523---523---,2021,M04,224.9
PCU523---523---,2021,M05,228.0
PCU523---523---,2021,M06,228.3
PCU523---523---,2021,M07,230.933
PCU523---523---,2021,M08,229.934
PCU523---523---,2021,M09,231.987
PCU523---523---,2021,M10,225.933
PCU523---523---,2021,M11,234.236
PCU523---523---,2021,M12,233.575
PCU523---523---,2021,M13,227.389
PCU523---523---,2022,M01,236.094
PCU523---523---,2022,M02,232.262
PCU523---523---,2022,M03,225.864
PCU523---523---,2022,M04,223.46
PCU523---523---,2022,M05,226.532
PCU523---523---,2022,M06,218.084
PCU523---523---,2022,M07,211.352
PCU523---523---,2022,M08,220.71
PCU523---523---,2022,M09,223.115
PCU523---523---,2022,M10,226.237
PCU523---523---,2022,M11,238.819
PCU523---523---,2022,M12,237.307
PCU523---523---,2022,M13,226.653
PCU523---523---,2023,M01,243.651
PCU523---523---,2023,M02,249.736
PCU523---523---,2023,M03,245.108
PCU523---523---,2023,M04,250.125
PCU523---523---,2023,M05,251.211
PCU523---523---,2023,M06,256.313
PCU523---523---,2023,M07,261.03
PCU523---523---,2023,M08,265.734
PCU523---523---,2023,M09,265.632
PCU523---523---,2023,M10,260.032
PCU523---523---,2023,M11,258.132
PCU523---523---,2023,M12,262.623
PCU523---523---,2023,M13,255.777
PCU523---523---,2024,M01,271.484
PCU523---523---,2024,M02,272.08
PCU523---523---,2024,M03,276.816
PCU523---523---,2024,M04,281.826
PCU523---523---,2024,M05,280.185
PCU523---523---,2024,M06,283.608
PCU523---523---,2024,M07,289.221
PCU523---523---,2024,M08,290.169
PCU523---523---,2024,M09,288.835
PCU523---523---,2024,M10,287.812
PCU523---523---,2024,M11,287.022
PCU523---523---,2024,M12,291.044
PCU523---523---,2024,M13,283.342
PCU523---523---,2025,M01,289.512
PCU523---523---,2025,M02,300.744
PCU523---523---,2025,M03,301.111
PCU523---523---,2025,M04,292.605
PCU523---523---,2025,M05,288.61
PCU523---523---,2025,M06,291.038
PCU523---523---,2025,M07,303.355
PCU523---523---,2025,M08,305.57
PCU523---523---,2025,M09,304.689
PCU523---523---,2025,M10,311.083
PCU523---523---,2025,M11,312.641
PCU523---523---,2025,M12,314.782
PCU523---523---,2025,M13,301.312
PCU523---523---,2026,M01,317.455
PCU523---523---,2026,M02,323.823
PCU523---523---,2026,M03,323.408
PCU523---523---,2026,M04,321.692
PCU523---523---,2026,M05,335.125
PCU523---523---,2026,M06,339.495
PCU523---523---,2026,M07,349.793
PCU523---523---,2026,M08,347.245
PCU524---524---,2003,M12,100.0
PCU524---524---,2004,M01,100.7
PCU524---524---,2004,M02,100.8
PCU524---524---,2004,M03,101.1
PCU524---524---,2004,M04,101.6
PCU524---524---,2004,M05,101.8
PCU524---524---,2004,M06,101.9
PCU524---524---,2004,M07,102.2
PCU524---524---,2004,M08,102.3
PCU524---524---,2004,M09,102.5
PCU524---524---,2004,M10,102.6
PCU524---524---,2004,M11,102.7
PCU524---524---,2004,M12,102.9
PCU524---524---,2004,M13,101.9
PCU524---524---,2005,M01,103.5
PCU524---524---,2005,M02,103.7
PCU524---524---,2005,M03,103.9
PCU524---524---,2005,M04,104.0
PCU524---524---,2005,M05,104.2
PCU524---524---,2005,M06,104.5
PCU524---524---,2005,M07,104.7
PCU524---524---,2005,M08,104.7
PCU524---524---,2005,M09,104.9
PCU524---524---,2005,M10,105.1
PCU524---524---,2005,M11,105.1
PCU524---524---,2005,M12,105.2
PCU524---524---,2005,M13,104.5
PCU524---524---,2006,M01,105.6
PCU524---524---,2006,M02,105.8
PCU524---524---,2006,M03,105.9
PCU524---524---,2006,M04,106.0
PCU524---524---,2006,M05,106.3
PCU524---524---,2006,M06,106.3
PCU524---524---,2006,M07,106.4
PCU524---524---,2006,M08,106.5
PCU524---524---,2006,M09,106.6
PCU524---524---,2006,M10,106.8
PCU524---524---,2006,M11,106.8
PCU524---524---,2006,M12,106.9
PCU524---524---,2006,M13,106.3
PCU524---524---,2007,M01,107.2
PCU524---524---,2007,M02,107.2
PCU524---524---,2007,M03,107.2
PCU524---524---,2007,M04,107.4
PCU524---524---,2007,M05,107.4
PCU524---524---,2007,M06,107.5
PCU524---524---,2007,M07,107.7
PCU524---524---,2007,M08,107.7
PCU524---524---,2007,M09,108.1
PCU524---524---,2007,M10,108.2
PCU524---524---,2007,M11,108.2
PCU524---524---,2007,M12,108.4
PCU524---524---,2007,M13,107.7
PCU524---524---,2008,M01,109.1
PCU524---524---,2008,M02,109.2
PCU524---524---,2008,M03,109.4
PCU524---524---,2008,M04,109.7
PCU524---524---,2008,M05,109.8
PCU524---524---,2008,M06,109.9
PCU524---524---,2008,M07,110.2
PCU524---524---,2008,M08,110.3
PCU524---524---,2008,M09,110.6
PCU524---524---,2008,M10,110.8
PCU524---524---,2008,M11,111.1
PCU524---524---,2008,M12,111.2
PCU524---524---,2008,M13,110.1
PCU524---524---,2009,M01,112.2
PCU524---524---,2009,M02,112.3
PCU524---524---,2009,M03,112.6
PCU524---524---,2009,M04,112.9
PCU524---524---,2009,M05,112.9
PCU524---524---,2009,M06,113.0
PCU524---524---,2009,M07,113.2
PCU524---524---,2009,M08,113.3
PCU524---524---,2009,M09,113.6
PCU524---524---,2009,M10,114.5
PCU524---524---,2009,M11,114.6
PCU524---524---,2009,M12,114.7
PCU524---524---,2009,M13,113.3
PCU524---524---,2010,M01,116.0
PCU524---524---,2010,M02,116.2
PCU524---524---,2010,M03,116.2
PCU524---524---,2010,M04,116.1
PCU524---524---,2010,M05,116.2
PCU524---524---,2010,M06,116.3
PCU524---524---,2010,M07,116.6
PCU524---524---,2010,M08,116.6
PCU524---524---,2010,M09,116.8
PCU524---524---,2010,M10,117.1
PCU524---524---,2010,M11,117.3
PCU524---524---,2010,M12,117.2
PCU524---524---,2010,M13,116.6
PCU524---524---,2011,M01,118.9
PCU524---524---,2011,M02,119.1
PCU524---524---,2011,M03,119.3
PCU524---524---,2011,M04,119.6
PCU524---524---,2011,M05,119.6
PCU524---524---,2011,M06,119.9
PCU524---524---,2011,M07,120.1
PCU524---524---,2011,M08,120.3
PCU524---524---,2011,M09,120.4
PCU524---524---,2011,M10,120.9
PCU524---524---,2011,M11,121.0
PCU524---524---,2011,M12,121.0
PCU524---524---,2011,M13,120.0
PCU524---524---,2012,M01,121.9
PCU524---524---,2012,M02,122.0
PCU524---524---,2012,M03,122.1
PCU524---524---,2012,M04,122.4
PCU524---524---,2012,M05,122.5
PCU524---524---,2012,M06,122.6
PCU524---524---,2012,M07,122.7
PCU524---524---,2012,M08,122.8
PCU524---524---,2012,M09,123.0
PCU524---524---,2012,M10,123.0
PCU524---524---,2012,M11,123.0
PCU524---524---,2012,M12,123.1
PCU524---524---,2012,M13,122.6
PCU524---524---,2013,M01,123.5
PCU524---524---,2013,M02,123.7
PCU524---524---,2013,M03,123.8
PCU524---524---,2013,M04,123.8
PCU524---524---,2013,M05,123.8
PCU524---524---,2013,M06,123.9
PCU524---524---,2013,M07,124.2
PCU524---524---,2013,M08,124.4
PCU524---524---,2013,M09,124.6
PCU524---524---,2013,M10,124.7
PCU524---524---,2013,M11,124.8
PCU524---524---,2013,M12,124.9
PCU524---524---,2013,M13,124.2
PCU524---524---,2014,M01,125.3
PCU524---524---,2014,M02,125.4
PCU524---524---,2014,M03,125.4
PCU524---524---,2014,M04,125.5
PCU524---524---,2014,M05,125.6
PCU524---524---,2014,M06,125.6
PCU524---524---,2014,M07,125.7
PCU524---524---,2014,M08,125.6
PCU524---524---,2014,M09,125.7
PCU524---524---,2014,M10,125.8
PCU524---524---,2014,M11,126.0
PCU524---524---,2014,M12,126.1
PCU524---524---,2014,M13,125.6
PCU524---524---,2015,M01,126.1
PCU524---524---,2015,M02,126.3
PCU524---524---,2015,M03,126.3
PCU524---524---,2015,M04,126.5
PCU524---524---,2015,M05,126.6
PCU524---524---,2015,M06,126.7
PCU524---524---,2015,M07,126.9
PCU524---524---,2015,M08,126.9
PCU524---524---,2015,M09,127.0
PCU524---524---,2015,M10,127.3
PCU524---524---,2015,M11,127.5
PCU524---524---,2015,M12,127.6
PCU524---524---,2015,M13,126.8
PCU524---524---,2016,M01,128.6
PCU524---524---,2016,M02,128.7
PCU524---524---,2016,M03,128.8
PCU524---524---,2016,M04,129.1
PCU524---524---,2016,M05,129.1
PCU524---524---,2016,M06,129.1
PCU524---524---,2016,M07,129.4
PCU524---524---,2016,M08,129.5
PCU524---524---,2016,M09,129.5
PCU524---524---,2016,M10,129.9
PCU524---524---,2016,M11,129.9
PCU524---524---,2016,M12,130.1
PCU524---524---,2016,M13,129.3
PCU524---524---,2017,M01,131.9
PCU524---524---,2017,M02,132.1
PCU524---524---,2017,M03,132.3
PCU524---524---,2017,M04,133.0
PCU524---524---,2017,M05,133.1
PCU524---524---,2017,M06,133.4
PCU524---524---,2017,M07,133.5
PCU524---524---,2017,M08,133.5
PCU524---524---,2017,M09,133.6
PCU524---524---,2017,M10,133.8
PCU524---524---,2017,M11,133.8
PCU524---524---,2017,M12,134.2
PCU524---524---,2017,M13,133.2
PCU524---524---,2018,M01,136.5
PCU524---524---,2018,M02,136.7
PCU524---524---,2018,M03,137.0
PCU524---524---,2018,M04,137.2
PCU524---524---,2018,M05,137.4
PCU524---524---,2018,M06,137.4
PCU524---524---,2018,M07,138.4
PCU524---524---,2018,M08,138.6
PCU524---524---,2018,M09,138.8
PCU524---524---,2018,M10,138.9
PCU524---524---,2018,M11,138.9
PCU524---524---,2018,M12,139.0
PCU524---524---,2018,M13,137.9
PCU524---524---,2019,M01,139.6
PCU524---524---,2019,M02,139.7
PCU524---524---,2019,M03,139.9
PCU524---524---,2019,M04,139.9
PCU524---524---,2019,M05,140.2
PCU524---524---,2019,M06,140.4
PCU524---524---,2019,M07,140.8
PCU524---524---,2019,M08,141.0
PCU524---524---,2019,M09,141.0
PCU524---524---,2019,M10,141.2
PCU524---524---,2019,M11,141.2
PCU524---524---,2019,M12,141.3
PCU524---524---,2019,M13,140.5
PCU524---524---,2020,M01,142.7
PCU524---524---,2020,M02,143.0
PCU524---524---,2020,M03,143.2
PCU524---524---,2020,M04,143.1
PCU524---524---,2020,M05,143.2
PCU524---524---,2020,M06,143.4
PCU524---524---,2020,M07,143.4
PCU524---524---,2020,M08,143.3
PCU524---524---,2020,M09,143.3
PCU524---524---,2020,M10,143.2
PCU524---524---,2020,M11,143.2
PCU524---524---,2020,M12,143.3
PCU524---524---,2020,M13,143.2
PCU524---524---,2021,M01,143.1
PCU524---524---,2021,M02,143.2
PCU524---524---,2021,M03,143.1
PCU524---524---,2021,M04,143.1
PCU524---524---,2021,M05,143.3
PCU524---524---,2021,M06,143.4
PCU524---524---,2021,M07,143.75
PCU524---524---,2021,M08,143.724
PCU524---524---,2021,M09,143.72
PCU524---524---,2021,M10,143.612
PCU524---524---,2021,M11,143.61
PCU524---524---,2021,M12,143.873
PCU524---524---,2021,M13,143.448
PCU524---524---,2022,M01,145.614
PCU524---524---,2022,M02,145.581
PCU524---524---,2022,M03,145.626
PCU524---524---,2022,M04,145.697
PCU524---524---,2022,M05,145.797
PCU524---524---,2022,M06,145.996
PCU524---524---,2022,M07,146.449
PCU524---524---,2022,M08,146.598
PCU524---524---,2022,M09,146.888
PCU524---524---,2022,M10,147.032
PCU524---524---,2022,M11,146.961
PCU524---524---,2022,M12,147.586
PCU524---524---,2022,M13,146.319
PCU524---524---,2023,M01,149.896
PCU524---524---,2023,M02,149.95
PCU524---524---,2023,M03,150.103
PCU524---524---,2023,M04,150.399
PCU524---524---,2023,M05,150.411
PCU524---524---,2023,M06,151.443
PCU524---524---,2023,M07,151.403
PCU524---524---,2023,M08,151.763
PCU524---524---,2023,M09,152.125
PCU524---524---,2023,M10,152.189
PCU524---524---,2023,M11,152.332
PCU524---524---,2023,M12,152.885
PCU524---524---,2023,M13,151.242
PCU524---524---,2024,M01,155.755
PCU524---524---,2024,M02,156.057
PCU524---524---,2024,M03,156.226
PCU524---524---,2024,M04,156.617
PCU524---524---,2024,M05,157.249
PCU524---524---,2024,M06,157.783
PCU524---524---,2024,M07,158.195
PCU524---524---,2024,M08,158.826
PCU524---524---,2024,M09,159.648
PCU524---524---,2024,M10,159.741
PCU524---524---,2024,M11,159.813
PCU524---524---,2024,M12,160.09
PCU524---524---,2024,M13,158.0
PCU524---524---,2025,M01,163.027
PCU524---524---,2025,M02,163.304
PCU524---524---,2025,M03,163.949
PCU524---524---,2025,M04,163.965
PCU524---524---,2025,M05,164.074
PCU524---524---,2025,M06,164.315
PCU524---524---,2025,M07,164.693
PCU524---524---,2025,M08,164.989
PCU524---524---,2025,M09,165.749
PCU524---524---,2025,M10,165.813
PCU524---524---,2025,M11,165.941
PCU524---524---,2025,M12,166.118
PCU524---524---,2025,M13,164.661
PCU524---524---,2026,M01,171.067
PCU524---524---,2026,M02,171.086
PCU524---524---,2026,M03,171.263
PCU524---524---,2026,M04,171.27
PCU524---524---,2026,M05,171.407
PCU524---524---,2026,M06,171.426
PCU524---524---,2026,M07,171.517
PCU524---524---,2026,M08,171.521
PCU5411--5411--,1998,M01,105.1
PCU5411--5411--,1998,M02,105.6
PCU5411--5411--,1998,M03,105.9
PCU5411--5411--,1998,M04,106.0
PCU5411--5411--,1998,M05,106.1
PCU5411--5411--,1998,M06,106.1
PCU5411--5411--,1998,M07,106.2
PCU5411--5411--,1998,M08,106.4
PCU5411--5411--,1998,M09,106.5
PCU5411--5411--,1998,M10,106.5
PCU5411--5411--,1998,M11,106.5
PCU5411--5411--,1998,M12,106.7
PCU5411--5411--,1998,M13,106.1
PCU5411--5411--,1999,M01,107.4
PCU5411--5411--,1999,M02,107.9
PCU5411--5411--,1999,M03,108.2
PCU5411--5411--,1999,M04,108.3
PCU5411--5411--,1999,M05,108.4
PCU5411--5411--,1999,M06,108.7
PCU5411--5411--,1999,M07,108.8
PCU5411--5411--,1999,M08,108.9
PCU5411--5411--,1999,M09,109.2
PCU5411--5411--,1999,M10,109.3
PCU5411--5411--,1999,M11,109.5
PCU5411--5411--,1999,M12,109.8
PCU5411--5411--,1999,M13,108.7
PCU5411--5411--,2000,M01,111.0
PCU5411--5411--,2000,M02,111.4
PCU5411--5411--,2000,M03,111.5
PCU5411--5411--,2000,M04,111.7
PCU5411--5411--,2000,M05,111.8
PCU5411--5411--,2000,M06,112.0
PCU5411--5411--,2000,M07,112.3
PCU5411--5411--,2000,M08,112.5
PCU5411--5411--,2000,M09,113.8
PCU5411--5411--,2000,M10,114.0
PCU5411--5411--,2000,M11,114.0
PCU5411--5411--,2000,M12,114.1
PCU5411--5411--,2000,M13,112.5
PCU5411--5411--,2001,M01,116.6
PCU5411--5411--,2001,M02,117.2
PCU5411--5411--,2001,M03,117.2
PCU5411--5411--,2001,M04,117.2
PCU5411--5411--,2001,M05,117.6
PCU5411--5411--,2001,M06,117.8
PCU5411--5411--,2001,M07,118.3
PCU5411--5411--,2001,M08,118.5
PCU5411--5411--,2001,M09,118.5
PCU5411--5411--,2001,M10,118.6
PCU5411--5411--,2001,M11,118.7
PCU5411--5411--,2001,M12,118.9
PCU5411--5411--,2001,M13,117.9
PCU5411--5411--,2002,M01,120.4
PCU5411--5411--,2002,M02,120.7
PCU5411--5411--,2002,M03,120.8
PCU5411--5411--,2002,M04,120.9
PCU5411--5411--,2002,M05,121.0
PCU5411--5411--,2002,M06,121.5
PCU5411--5411--,2002,M07,121.4
PCU5411--5411--,2002,M08,122.5
PCU5411--5411--,2002,M09,122.5
PCU5411--5411--,2002,M10,122.9
PCU5411--5411--,2002,M11,123.0
PCU5411--5411--,2002,M12,123.0
PCU5411--5411--,2002,M13,121.7
PCU5411--5411--,2003,M01,125.0
PCU5411--5411--,2003,M02,125.1
PCU5411--5411--,2003,M03,125.1
PCU5411--5411--,2003,M04,125.2
PCU5411--5411--,2003,M05,125.2
PCU5411--5411--,2003,M06,125.3
PCU5411--5411--,2003,M07,125.4
PCU5411--5411--,2003,M08,125.4
PCU5411--5411--,2003,M09,126.0
PCU5411--5411--,2003,M10,126.3
PCU5411--5411--,2003,M11,126.4
PCU5411--5411--,2003,M12,126.5
PCU5411--5411--,2003,M13,125.6
PCU5411--5411--,2004,M01,131.4
PCU5411--5411--,2004,M02,131.7
PCU5411--5411--,2004,M03,131.7
PCU5411--5411--,2004,M04,131.8
PCU5411--5411--,2004,M05,131.8
PCU5411--5411--,2004,M06,131.8
PCU5411--5411--,2004,M07,131.6
PCU5411--5411--,2004,M08,131.5
PCU5411--5411--,2004,M09,131.8
PCU5411--5411--,2004,M10,132.0
PCU5411--5411--,2004,M11,132.0
PCU5411--5411--,2004,M12,132.0
PCU5411--5411--,2004,M13,131.8
PCU5411--5411--,2005,M01,136.8
PCU5411--5411--,2005,M02,137.1
PCU5411--5411--,2005,M03,137.2
PCU5411--5411--,2005,M04,137.6
PCU5411--5411--,2005,M05,138.3
PCU5411--5411--,2005,M06,138.3
PCU5411--5411--,2005,M07,138.8
PCU5411--5411--,2005,M08,138.8
PCU5411--5411--,2005,M09,139.2
PCU5411--5411--,2005,M10,139.6
PCU5411--5411--,2005,M11,139.9
PCU5411--5411--,2005,M12,140.0
PCU5411--5411--,2005,M13,138.5
PCU5411--5411--,2006,M01,143.6
PCU5411--5411--,2006,M02,144.1
PCU5411--5411--,2006,M03,144.3
PCU5411--5411--,2006,M04,144.7
PCU5411--5411--,2006,M05,144.9
PCU5411--5411--,2006,M06,144.8
PCU5411--5411--,2006,M07,144.9
PCU5411--5411--,2006,M08,145.4
PCU5411--5411--,2006,M09,146.3
PCU5411--5411--,2006,M10,146.3
PCU5411--5411--,2006,M11,146.7
PCU5411--5411--,2006,M12,146.9
PCU5411--5411--,2006,M13,145.2
PCU5411--5411--,2007,M01,151.7
PCU5411--5411--,2007,M02,152.5
PCU5411--5411--,2007,M03,152.8
PCU5411--5411--,2007,M04,153.0
PCU5411--5411--,2007,M05,153.3
PCU5411--5411--,2007,M06,153.4
PCU5411--5411--,2007,M07,153.7
PCU5411--5411--,2007,M08,153.8
PCU5411--5411--,2007,M09,154.3
PCU5411--5411--,2007,M10,154.8
PCU5411--5411--,2007,M11,155.1
PCU5411--5411--,2007,M12,155.1
PCU5411--5411--,2007,M13,153.6
PCU5411--5411--,2008,M01,159.9
PCU5411--5411--,2008,M02,160.3
PCU5411--5411--,2008,M03,160.7
PCU5411--5411--,2008,M04,161.1
PCU5411--5411--,2008,M05,160.9
PCU5411--5411--,2008,M06,161.1
PCU5411--5411--,2008,M07,161.5
PCU5411--5411--,2008,M08,161.5
PCU5411--5411--,2008,M09,162.6
PCU5411--5411--,2008,M10,163.2
PCU5411--5411--,2008,M11,163.2
PCU5411--5411--,2008,M12,163.2
PCU5411--5411--,2008,M13,161.6
PCU5411--5411--,2009,M01,164.8
PCU5411--5411--,2009,M02,165.5
PCU5411--5411--,2009,M03,166.0
PCU5411--5411--,2009,M04,166.2
PCU5411--5411--,2009,M05,166.3
PCU5411--5411--,2009,M06,166.3
PCU5411--5411--,2009,M07,166.4
PCU5411--5411--,2009,M08,166.5
PCU5411--5411--,2009,M09,166.6
PCU5411--5411--,2009,M10,166.6
PCU5411--5411--,2009,M11,166.6
PCU5411--5411--,2009,M12,166.8
PCU5411--5411--,2009,M13,166.2
PCU5411--5411--,2010,M01,169.6
PCU5411--5411--,2010,M02,170.0
PCU5411--5411--,2010,M03,170.0
PCU5411--5411--,2010,M04,171.5
PCU5411--5411--,2010,M05,171.5
PCU5411--5411--,2010,M06,171.5
PCU5411--5411--,2010,M07,171.9
PCU5411--5411--,2010,M08,173.1
PCU5411--5411--,2010,M09,173.3
PCU5411--5411--,2010,M10,173.3
PCU5411--5411--,2010,M11,173.3
PCU5411--5411--,2010,M12,173.4
PCU5411--5411--,2010,M13,171.9
PCU5411--5411--,2011,M01,176.6
PCU5411--5411--,2011,M02,177.1
PCU5411--5411--,2011,M03,177.3
PCU5411--5411--,2011,M04,177.8
PCU5411--5411--,2011,M05,177.8
PCU5411--5411--,2011,M06,178.0
PCU5411--5411--,2011,M07,178.2
PCU5411--5411--,2011,M08,178.2
PCU5411--5411--,2011,M09,178.4
PCU5411--5411--,2011,M10,178.4
PCU5411--5411--,2011,M11,178.6
PCU5411--5411--,2011,M12,178.7
PCU5411--5411--,2011,M13,177.9
PCU5411--5411--,2012,M01,182.0
PCU5411--5411--,2012,M02,182.1
PCU5411--5411--,2012,M03,182.3
PCU5411--5411--,2012,M04,182.7
PCU5411--5411--,2012,M05,182.8
PCU5411--5411--,2012,M06,182.9
PCU5411--5411--,2012,M07,182.9
PCU5411--5411--,2012,M08,183.0
PCU5411--5411--,2012,M09,183.0
PCU5411--5411--,2012,M10,183.0
PCU5411--5411--,2012,M11,183.2
PCU5411--5411--,2012,M12,183.2
PCU5411--5411--,2012,M13,182.8
PCU5411--5411--,2013,M01,185.8
PCU5411--5411--,2013,M02,186.5
PCU5411--5411--,2013,M03,186.9
PCU5411--5411--,2013,M04,188.1
PCU5411--5411--,2013,M05,188.0
PCU5411--5411--,2013,M06,188.0
PCU5411--5411--,2013,M07,188.0
PCU5411--5411--,2013,M08,188.0
PCU5411--5411--,2013,M09,188.7
PCU5411--5411--,2013,M10,188.6
PCU5411--5411--,2013,M11,188.6
PCU5411--5411--,2013,M12,189.0
PCU5411--5411--,2013,M13,187.9
PCU5411--5411--,2014,M01,192.7
PCU5411--5411--,2014,M02,193.1
PCU5411--5411--,2014,M03,193.2
PCU5411--5411--,2014,M04,193.4
PCU5411--5411--,2014,M05,194.3
PCU5411--5411--,2014,M06,194.4
PCU5411--5411--,2014,M07,194.5
PCU5411--5411--,2014,M08,194.4
PCU5411--5411--,2014,M09,194.4
PCU5411--5411--,2014,M10,194.4
PCU5411--5411--,2014,M11,194.4
PCU5411--5411--,2014,M12,194.4
PCU5411--5411--,2014,M13,194.0
PCU5411--5411--,2015,M01,196.8
PCU5411--5411--,2015,M02,198.3
PCU5411--5411--,2015,M03,199.0
PCU5411--5411--,2015,M04,200.1
PCU5411--5411--,2015,M05,199.8
PCU5411--5411--,2015,M06,200.3
PCU5411--5411--,2015,M07,199.9
PCU5411--5411--,2015,M08,199.9
PCU5411--5411--,2015,M09,200.0
PCU5411--5411--,2015,M10,200.5
PCU5411--5411--,2015,M11,199.6
PCU5411--5411--,2015,M12,199.4
PCU5411--5411--,2015,M13,199.5
PCU5411--5411--,2016,M01,201.8
PCU5411--5411--,2016,M02,202.8
PCU5411--5411--,2016,M03,202.2
PCU5411--5411--,2016,M04,202.9
PCU5411--5411--,2016,M05,203.5
PCU5411--5411--,2016,M06,203.5
PCU5411--5411--,2016,M07,203.4
PCU5411--5411--,2016,M08,204.6
PCU5411--5411--,2016,M09,204.5
PCU5411--5411--,2016,M10,204.5
PCU5411--5411--,2016,M11,204.1
PCU5411--5411--,2016,M12,203.8
PCU5411--5411--,2016,M13,203.5
PCU5411--5411--,2017,M01,207.7
PCU5411--5411--,2017,M02,210.8
PCU5411--5411--,2017,M03,210.0
PCU5411--5411--,2017,M04,210.7
PCU5411--5411--,2017,M05,211.0
PCU5411--5411--,2017,M06,211.0
PCU5411--5411--,2017,M07,212.0
PCU5411--5411--,2017,M08,212.0
PCU5411--5411--,2017,M09,211.4
PCU5411--5411--,2017,M10,211.7
PCU5411--5411--,2017,M11,212.3
PCU5411--5411--,2017,M12,210.9
PCU5411--5411--,2017,M13,211.0
PCU5411--5411--,2018,M01,214.6
PCU5411--5411--,2018,M02,216.7
PCU5411--5411--,2018,M03,217.3
PCU5411--5411--,2018,M04,217.8
PCU5411--5411--,2018,M05,216.6
PCU5411--5411--,2018,M06,216.7
PCU5411--5411--,2018,M07,216.2
PCU5411--5411--,2018,M08,216.0
PCU5411--5411--,2018,M09,215.8
PCU5411--5411--,2018,M10,215.8
PCU5411--5411--,2018,M11,215.9
PCU5411--5411--,2018,M12,215.6
PCU5411--5411--,2018,M13,216.2
PCU5411--5411--,2019,M01,220.4
PCU5411--5411--,2019,M02,222.9
PCU5411--5411--,2019,M03,223.1
PCU5411--5411--,2019,M04,223.2
PCU5411--5411--,2019,M05,223.5
PCU5411--5411--,2019,M06,223.9
PCU5411--5411--,2019,M07,224.2
PCU5411--5411--,2019,M08,225.2
PCU5411--5411--,2019,M09,225.0
PCU5411--5411--,2019,M10,225.8
PCU5411--5411--,2019,M11,225.5
PCU5411--5411--,2019,M12,225.7
PCU5411--5411--,2019,M13,224.0
PCU5411--5411--,2020,M01,229.8
PCU5411--5411--,2020,M02,232.2
PCU5411--5411--,2020,M03,231.8
PCU5411--5411--,2020,M04,233.0
PCU5411--5411--,2020,M05,235.4
PCU5411--5411--,2020,M06,235.3
PCU5411--5411--,2020,M07,236.5
PCU5411--5411--,2020,M08,236.5
PCU5411--5411--,2020,M09,236.6
PCU5411--5411--,2020,M10,234.9
PCU5411--5411--,2020,M11,234.9
PCU5411--5411--,2020,M12,235.3
PCU5411--5411--,2020,M13,234.3
PCU5411--5411--,2021,M01,238.0
PCU5411--5411--,2021,M02,240.1
PCU5411--5411--,2021,M03,240.9
PCU5411--5411--,2021,M04,243.5
PCU5411--5411--,2021,M05,243.9
PCU5411--5411--,2021,M06,244.2
PCU5411--5411--,2021,M07,244.414
PCU5411--5411--,2021,M08,243.974
PCU5411--5411--,2021,M09,244.109
PCU5411--5411--,2021,M10,245.326
PCU5411--5411--,2021,M11,245.086
PCU5411--5411--,2021,M12,245.283
PCU5411--5411--,2021,M13,243.228
PCU5411--5411--,2022,M01,251.189
PCU5411--5411--,2022,M02,253.889
PCU5411--5411--,2022,M03,253.832
PCU5411--5411--,2022,M04,253.802
PCU5411--5411--,2022,M05,255.237
PCU5411--5411--,2022,M06,255.083
PCU5411--5411--,2022,M07,255.556
PCU5411--5411--,2022,M08,255.959
PCU5411--5411--,2022,M09,257.205
PCU5411--5411--,2022,M10,257.752
PCU5411--5411--,2022,M11,257.63
PCU5411--5411--,2022,M12,257.309
PCU5411--5411--,2022,M13,255.37
PCU5411--5411--,2023,M01,265.508
PCU5411--5411--,2023,M02,270.334
PCU5411--5411--,2023,M03,270.159
PCU5411--5411--,2023,M04,270.823
PCU5411--5411--,2023,M05,270.408
PCU5411--5411--,2023,M06,270.421
PCU5411--5411--,2023,M07,271.917
PCU5411--5411--,2023,M08,271.576
PCU5411--5411--,2023,M09,271.549
PCU5411--5411--,2023,M10,273.602
PCU5411--5411--,2023,M11,273.104
PCU5411--5411--,2023,M12,273.508
PCU5411--5411--,2023,M13,271.076
PCU5411--5411--,2024,M01,284.352
PCU5411--5411--,2024,M02,288.468
PCU5411--5411--,2024,M03,287.857
PCU5411--5411--,2024,M04,292.263
PCU5411--5411--,2024,M05,292.862
PCU5411--5411--,2024,M06,292.104
PCU5411--5411--,2024,M07,293.209
PCU5411--5411--,2024,M08,293.545
PCU5411--5411--,2024,M09,291.856
PCU5411--5411--,2024,M10,295.582
PCU5411--5411--,2024,M11,294.924
PCU5411--5411--,2024,M12,296.175
PCU5411--5411--,2024,M13,291.933
PCU5411--5411--,2025,M01,307.85
PCU5411--5411--,2025,M02,311.233
PCU5411--5411--,2025,M03,312.972
PCU5411--5411--,2025,M04,314.337
PCU5411--5411--,2025,M05,313.944
PCU5411--5411--,2025,M06,314.111
PCU5411--5411--,2025,M07,315.585
PCU5411--5411--,2025,M08,314.841
PCU5411--5411--,2025,M09,314.823
PCU5411--5411--,2025,M10,318.794
PCU5411--5411--,2025,M11,318.005
PCU5411--5411--,2025,M12,316.057
PCU5411--5411--,2025,M13,314.379
PCU5411--5411--,2026,M01,330.892
PCU5411--5411--,2026,M02,336.51
PCU5411--5411--,2026,M03,334.538
PCU5411--5411--,2026,M04,337.631
PCU5411--5411--,2026,M05,339.471
PCU5411--5411--,2026,M06,338.788
PCU5411--5411--,2026,M07,336.198
PCU5411--5411--,2026,M08,339.513
PCU721---721---,1998,M01,105.3
PCU721---721---,1998,M02,106.2
PCU721---721---,1998,M03,107.9
PCU721---721---,1998,M04,108.8
PCU721---721---,1998,M05,108.1
PCU721---721---,1998,M06,107.8
PCU721---721---,1998,M07,108.5
PCU721---721---,1998,M08,108.8
PCU721---721---,1998,M09,108.4
PCU721---721---,1998,M10,109.8
PCU721---721---,1998,M11,108.9
PCU721---721---,1998,M12,108.5
PCU721---721---,1998,M13,108.1
PCU721---721---,1999,M01,110.8
PCU721---721---,1999,M02,110.9
PCU721---721---,1999,M03,112.8
PCU721---721---,1999,M04,113.9
PCU721---721---,1999,M05,113.2
PCU721---721---,1999,M06,113.1
PCU721---721---,1999,M07,112.8
PCU721---721---,1999,M08,113.2
PCU721---721---,1999,M09,112.6
PCU721---721---,1999,M10,113.9
PCU721---721---,1999,M11,113.0
PCU721---721---,1999,M12,111.7
PCU721---721---,1999,M13,112.7
PCU721---721---,2000,M01,113.6
PCU721---721---,2000,M02,114.0
PCU721---721---,2000,M03,114.6
PCU721---721---,2000,M04,116.9
PCU721---721---,2000,M05,116.1
PCU721---721---,2000,M06,115.8
PCU721---721---,2000,M07,115.5
PCU721---721---,2000,M08,116.4
PCU721---721---,2000,M09,117.1
PCU721---721---,2000,M10,118.2
PCU721---721---,2000,M11,117.8
PCU721---721---,2000,M12,117.9
PCU721---721---,2000,M13,116.2
PCU721---721---,2001,M01,120.2
PCU721---721---,2001,M02,121.2
PCU721---721---,2001,M03,122.7
PCU721---721---,2001,M04,122.6
PCU721---721---,2001,M05,121.5
PCU721---721---,2001,M06,122.0
PCU721---721---,2001,M07,122.7
PCU721---721---,2001,M08,121.9
PCU721---721---,2001,M09,120.5
PCU721---721---,2001,M10,121.8
PCU721---721---,2001,M11,120.1
PCU721---721---,2001,M12,119.0
PCU721---721---,2001,M13,121.3
PCU721---721---,2002,M01,118.3
PCU721---721---,2002,M02,119.1
PCU721---721---,2002,M03,120.7
PCU721---721---,2002,M04,122.3
PCU721---721---,2002,M05,120.7
PCU721---721---,2002,M06,121.0
PCU721---721---,2002,M07,122.7
PCU721---721---,2002,M08,122.7
PCU721---721---,2002,M09,122.5
PCU721---721---,2002,M10,122.8
PCU721---721---,2002,M11,121.6
PCU721---721---,2002,M12,120.7
PCU721---721---,2002,M13,121.3
PCU721---721---,2003,M01,121.6
PCU721---721---,2003,M02,122.2
PCU721---721---,2003,M03,122.6
PCU721---721---,2003,M04,122.2
PCU721---721---,2003,M05,122.3
PCU721---721---,2003,M06,122.5
PCU721---721---,2003,M07,123.3
PCU721---721---,2003,M08,122.7
PCU721---721---,2003,M09,120.4
PCU721---721---,2003,M10,122.6
PCU721---721---,2003,M11,121.2
PCU721---721---,2003,M12,120.5
PCU721---721---,2003,M13,122.0
PCU721---721---,2004,M01,122.2
PCU721---721---,2004,M02,123.6
PCU721---721---,2004,M03,124.9
PCU721---721---,2004,M04,124.8
PCU721---721---,2004,M05,124.4
PCU721---721---,2004,M06,125.6
PCU721---721---,2004,M07,126.6
PCU721---721---,2004,M08,127.0
PCU721---721---,2004,M09,127.2
PCU721---721---,2004,M10,127.0
PCU721---721---,2004,M11,125.1
PCU721---721---,2004,M12,123.8
PCU721---721---,2004,M13,125.2
PCU721---721---,2005,M01,125.7
PCU721---721---,2005,M02,129.1
PCU721---721---,2005,M03,130.7
PCU721---721---,2005,M04,130.7
PCU721---721---,2005,M05,131.5
PCU721---721---,2005,M06,132.9
PCU721---721---,2005,M07,134.4
PCU721---721---,2005,M08,135.1
PCU721---721---,2005,M09,134.9
PCU721---721---,2005,M10,133.1
PCU721---721---,2005,M11,133.1
PCU721---721---,2005,M12,131.7
PCU721---721---,2005,M13,131.9
PCU721---721---,2006,M01,133.8
PCU721---721---,2006,M02,133.5
PCU721---721---,2006,M03,134.9
PCU721---721---,2006,M04,135.7
PCU721---721---,2006,M05,136.3
PCU721---721---,2006,M06,137.3
PCU721---721---,2006,M07,138.1
PCU721---721---,2006,M08,139.1
PCU721---721---,2006,M09,138.1
PCU721---721---,2006,M10,138.7
PCU721---721---,2006,M11,138.3
PCU721---721---,2006,M12,136.1
PCU721---721---,2006,M13,136.7
PCU721---721---,2007,M01,138.7
PCU721---721---,2007,M02,138.4
PCU721---721---,2007,M03,139.1
PCU721---721---,2007,M04,140.7
PCU721---721---,2007,M05,141.1
PCU721---721---,2007,M06,143.1
PCU721---721---,2007,M07,147.1
PCU721---721---,2007,M08,147.2
PCU721---721---,2007,M09,145.0
PCU721---721---,2007,M10,145.8
PCU721---721---,2007,M11,144.7
PCU721---721---,2007,M12,143.7
PCU721---721---,2007,M13,142.9
PCU721---721---,2008,M01,145.4
PCU721---721---,2008,M02,145.2
PCU721---721---,2008,M03,145.3
PCU721---721---,2008,M04,145.6
PCU721---721---,2008,M05,144.9
PCU721---721---,2008,M06,147.0
PCU721---721---,2008,M07,149.9
PCU721---721---,2008,M08,150.9
PCU721---721---,2008,M09,146.9
PCU721---721---,2008,M10,145.6
PCU721---721---,2008,M11,144.3
PCU721---721---,2008,M12,141.6
PCU721---721---,2008,M13,146.0
PCU721---721---,2009,M01,140.6
PCU721---721---,2009,M02,139.9
PCU721---721---,2009,M03,141.3
PCU721---721---,2009,M04,141.5
PCU721---721---,2009,M05,141.0
PCU721---721---,2009,M06,143.7
PCU721---721---,2009,M07,146.0
PCU721---721---,2009,M08,144.9
PCU721---721---,2009,M09,140.9
PCU721---721---,2009,M10,141.8
PCU721---721---,2009,M11,139.8
PCU721---721---,2009,M12,137.2
PCU721---721---,2009,M13,141.5
PCU721---721---,2010,M01,139.3
PCU721---721---,2010,M02,140.6
PCU721---721---,2010,M03,140.3
PCU721---721---,2010,M04,140.5
PCU721---721---,2010,M05,140.8
PCU721---721---,2010,M06,141.2
PCU721---721---,2010,M07,141.8
PCU721---721---,2010,M08,141.2
PCU721---721---,2010,M09,140.5
PCU721---721---,2010,M10,141.3
PCU721---721---,2010,M11,141.0
PCU721---721---,2010,M12,138.3
PCU721---721---,2010,M13,140.6
PCU721---721---,2011,M01,140.0
PCU721---721---,2011,M02,140.9
PCU721---721---,2011,M03,143.6
PCU721---721---,2011,M04,142.5
PCU721---721---,2011,M05,142.6
PCU721---721---,2011,M06,141.9
PCU721---721---,2011,M07,143.4
PCU721---721---,2011,M08,143.5
PCU721---721---,2011,M09,143.6
PCU721---721---,2011,M10,145.2
PCU721---721---,2011,M11,144.1
PCU721---721---,2011,M12,142.9
PCU721---721---,2011,M13,142.8
PCU721---721---,2012,M01,142.4
PCU721---721---,2012,M02,143.9
PCU721---721---,2012,M03,149.0
PCU721---721---,2012,M04,147.6
PCU721---721---,2012,M05,146.0
PCU721---721---,2012,M06,147.2
PCU721---721---,2012,M07,148.0
PCU721---721---,2012,M08,148.7
PCU721---721---,2012,M09,148.4
PCU721---721---,2012,M10,148.2
PCU721---721---,2012,M11,144.2
PCU721---721---,2012,M12,142.1
PCU721---721---,2012,M13,146.3
PCU721---721---,2013,M01,142.2
PCU721---721---,2013,M02,145.6
PCU721---721---,2013,M03,150.7
PCU721---721---,2013,M04,149.8
PCU721---721---,2013,M05,149.2
PCU721---721---,2013,M06,150.9
PCU721---721---,2013,M07,154.5
PCU721---721---,2013,M08,151.5
PCU721---721---,2013,M09,151.4
PCU721---721---,2013,M10,150.9
PCU721---721---,2013,M11,147.9
PCU721---721---,2013,M12,144.7
PCU721---721---,2013,M13,149.1
PCU721---721---,2014,M01,147.1
PCU721---721---,2014,M02,150.4
PCU721---721---,2014,M03,152.3
PCU721---721---,2014,M04,152.8
PCU721---721---,2014,M05,154.6
PCU721---721---,2014,M06,155.8
PCU721---721---,2014,M07,156.8
PCU721---721---,2014,M08,158.7
PCU721---721---,2014,M09,156.0
PCU721---721---,2014,M10,159.0
PCU721---721---,2014,M11,152.2
PCU721---721---,2014,M12,149.8
PCU721---721---,2014,M13,153.8
PCU721---721---,2015,M01,151.1
PCU721---721---,2015,M02,154.8
PCU721---721---,2015,M03,158.5
PCU721---721---,2015,M04,155.9
PCU721---721---,2015,M05,156.7
PCU721---721---,2015,M06,159.6
PCU721---721---,2015,M07,164.1
PCU721---721---,2015,M08,161.1
PCU721---721---,2015,M09,157.8
PCU721---721---,2015,M10,160.0
PCU721---721---,2015,M11,152.8
PCU721---721---,2015,M12,151.2
PCU721---721---,2015,M13,157.0
PCU721---721---,2016,M01,153.9
PCU721---721---,2016,M02,156.3
PCU721---721---,2016,M03,161.4
PCU721---721---,2016,M04,159.0
PCU721---721---,2016,M05,159.3
PCU721---721---,2016,M06,165.1
PCU721---721---,2016,M07,167.4
PCU721---721---,2016,M08,165.6
PCU721---721---,2016,M09,162.1
PCU721---721---,2016,M10,162.9
PCU721---721---,2016,M11,155.5
PCU721---721---,2016,M12,154.6
PCU721---721---,2016,M13,160.3
PCU721---721---,2017,M01,155.0
PCU721---721---,2017,M02,158.2
PCU721---721---,2017,M03,163.0
PCU721---721---,2017,M04,163.8
PCU721---721---,2017,M05,162.7
PCU721---721---,2017,M06,166.2
PCU721---721---,2017,M07,172.8
PCU721---721---,2017,M08,166.2
PCU721---721---,2017,M09,163.8
PCU721---721---,2017,M10,165.0
PCU721---721---,2017,M11,159.8
PCU721---721---,2017,M12,157.2
PCU721---721---,2017,M13,162.8
PCU721---721---,2018,M01,160.2
PCU721---721---,2018,M02,166.9
PCU721---721---,2018,M03,172.8
PCU721---721---,2018,M04,164.5
PCU721---721---,2018,M05,165.9
PCU721---721---,2018,M06,169.2
PCU721---721---,2018,M07,175.3
PCU721---721---,2018,M08,173.0
PCU721---721---,2018,M09,168.3
PCU721---721---,2018,M10,170.4
PCU721---721---,2018,M11,164.6
PCU721---721---,2018,M12,163.4
PCU721---721---,2018,M13,167.9
PCU721---721---,2019,M01,163.7
PCU721---721---,2019,M02,170.6
PCU721---721---,2019,M03,173.4
PCU721---721---,2019,M04,170.3
PCU721---721---,2019,M05,173.3
PCU721---721---,2019,M06,175.2
PCU721---721---,2019,M07,177.5
PCU721---721---,2019,M08,177.5
PCU721---721---,2019,M09,171.9
PCU721---721---,2019,M10,173.0
PCU721---721---,2019,M11,168.6
PCU721---721---,2019,M12,165.8
PCU721---721---,2019,M13,171.7
PCU721---721---,2020,M01,167.6
PCU721---721---,2020,M02,164.3
PCU721---721---,2020,M03,164.9
PCU721---721---,2020,M04,150.3
PCU721---721---,2020,M05,154.0
PCU721---721---,2020,M06,154.1
PCU721---721---,2020,M07,154.1
PCU721---721---,2020,M08,153.7
PCU721---721---,2020,M09,153.3
PCU721---721---,2020,M10,152.1
PCU721---721---,2020,M11,148.7
PCU721---721---,2020,M12,150.4
PCU721---721---,2020,M13,155.6
PCU721---721---,2021,M01,154.5
PCU721---721---,2021,M02,156.1
PCU721---721---,2021,M03,157.9
PCU721---721---,2021,M04,157.8
PCU721---721---,2021,M05,159.1
PCU721---721---,2021,M06,166.0
PCU721---721---,2021,M07,177.156
PCU721---721---,2021,M08,175.581
PCU721---721---,2021,M09,171.02
PCU721---721---,2021,M10,171.55
PCU721---721---,2021,M11,172.836
PCU721---721---,2021,M12,176.641
PCU721---721---,2021,M13,166.35
PCU721---721---,2022,M01,175.063
PCU721---721---,2022,M02,177.291
PCU721---721---,2022,M03,193.656
PCU721---721---,2022,M04,186.435
PCU721---721---,2022,M05,185.318
PCU721---721---,2022,M06,195.365
PCU721---721---,2022,M07,198.04
PCU721---721---,2022,M08,190.173
PCU721---721---,2022,M09,187.105
PCU721---721---,2022,M10,193.019
PCU721---721---,2022,M11,189.629
PCU721---721---,2022,M12,189.735
PCU721---721---,2022,M13,188.402
PCU721---721---,2023,M01,183.975
PCU721---721---,2023,M02,186.536
PCU721---721---,2023,M03,197.262
PCU721---721---,2023,M04,195.716
PCU721---721---,2023,M05,192.074
PCU721---721---,2023,M06,201.789
PCU721---721---,2023,M07,201.875
PCU721---721---,2023,M08,197.144
PCU721---721---,2023,M09,195.514
PCU721---721---,2023,M10,194.346
PCU721---721---,2023,M11,191.09
PCU721---721---,2023,M12,188.88
PCU721---721---,2023,M13,193.85
PCU721---721---,2024,M01,188.685
PCU721---721---,2024,M02,190.846
PCU721---721---,2024,M03,194.41
PCU721---721---,2024,M04,195.786
PCU721---721---,2024,M05,198.361
PCU721---721---,2024,M06,206.073
PCU721---721---,2024,M07,201.115
PCU721---721---,2024,M08,201.019
PCU721---721---,2024,M09,199.059
PCU721---721---,2024,M10,202.354
PCU721---721---,2024,M11,194.3
PCU721---721---,2024,M12,192.01
PCU721---721---,2024,M13,197.001
PCU721---721---,2025,M01,198.821
PCU721---721---,2025,M02,197.799
PCU721---721---,2025,M03,203.707
PCU721---721---,2025,M04,197.247
PCU721---721---,2025,M05,197.607
PCU721---721---,2025,M06,200.991
PCU721---721---,2025,M07,202.935
PCU721---721---,2025,M08,199.611
PCU721---721---,2025,M09,200.4
PCU721---721---,2025,M10,206.981
PCU721---721---,2025,M11,198.378
PCU721---721---,2025,M12,200.44
PCU721---721---,2025,M13,200.41
PCU721---721---,2026,M01,199.884
PCU721---721---,2026,M02,204.857
PCU721---721---,2026,M03,208.525
PCU721---721---,2026,M04,203.886
PCU721---721---,2026,M05,206.039
PCU721---721---,2026,M06,211.483
PCU721---721---,2026,M07,210.435
PCU721---721---,2026,M08,205.107
